# Blender 4.5.3 LTS
# www.blender.org
mtllib ringT.mtl
g Ring_Mesh
v -228.722443 14.042696 37.533600
v -226.964813 7.735387 37.533600
v -217.444336 23.206148 37.533600
v -207.923874 21.778082 37.533600
v -207.923874 23.206148 37.533600
v -203.163635 24.065638 37.533600
v -217.444336 15.470776 37.533600
v -238.242920 6.307315 37.533600
v -209.681488 23.206148 37.533600
v -243.301315 2.197362 37.533600
v -230.296967 2.197362 37.533600
v -203.163635 2.197362 37.533600
v -243.301315 0.000003 37.533600
v -209.681488 29.513466 37.533596
v -219.201965 21.778082 37.533600
v -226.964813 15.470776 37.533600
v -236.485291 7.735387 38.009621
v -228.722443 14.042696 38.009621
v -226.964813 15.470776 38.009621
v -219.201965 21.778084 38.009621
v -239.817444 6.307315 37.533600
v -226.964813 6.307315 37.533600
v -226.964813 6.307313 13.732420
v -217.444336 14.042696 37.533600
v -217.444336 14.042694 13.732419
v -220.776505 21.778082 37.533600
v -220.776505 21.778082 13.732418
v -219.201965 21.778082 13.732418
v -207.923874 21.778082 13.732418
v -209.681488 29.513466 13.732418
v -203.163635 29.513464 12.304348
v -203.163635 29.513466 13.256395
v -203.163635 29.513468 38.009617
v -198.403397 29.513468 38.009617
v -203.163635 29.513466 37.533596
v -203.163635 24.065639 38.009621
v -203.163635 2.197362 38.009621
v -243.301315 2.197362 38.961670
v -198.403397 2.197362 38.961670
v -243.301315 0.000003 38.961670
v -243.301315 2.197362 38.009621
v -230.296967 2.197362 38.009621
v -226.964813 7.735387 38.009621
v -217.444336 23.206150 38.009621
v -209.681488 29.513468 38.009617
v -238.242920 6.307315 38.009621
v -207.923874 21.778084 38.009621
v -217.444336 15.470776 38.009621
v -226.964813 6.307315 38.009621
v -217.444336 14.042696 38.009621
v -207.923874 23.206150 38.009621
v -220.776505 23.206148 37.533600
v -230.296967 15.470776 37.533600
v -236.485291 7.735387 37.533600
v -239.817444 7.735385 13.732419
v -239.817444 6.307313 13.732420
v -239.817444 7.735387 37.533600
v -230.296967 14.042696 37.533600
v -230.296967 15.470774 13.732419
v -230.296967 14.042694 13.732419
v -226.964813 15.470774 13.732419
v -220.776505 23.206148 13.732418
v -217.444336 23.206148 13.732418
v -198.403397 30.941538 38.961666
v -198.403397 2.197362 37.533600
v -198.403397 29.513468 38.961666
v -198.403397 2.197362 38.009621
v -198.403397 0.000001 12.304350
v -198.403397 2.197360 13.256397
v -198.403397 29.513464 12.304348
v -211.256027 29.513468 38.961666
v -211.256027 30.941534 12.304348
v -211.256027 29.513464 12.304348
v -198.403397 30.941534 12.304348
v -228.722443 14.042694 13.256396
v -219.201965 21.778082 13.256395
v -217.444336 15.470774 13.256396
v -209.681488 29.513466 13.256395
v -207.923874 23.206148 13.256395
v -217.444336 23.206148 13.256395
v -232.828796 2.197360 13.256397
v -217.444336 14.042694 13.256396
v -207.923874 21.778082 13.256395
v -203.163635 24.065638 13.256395
v -226.964813 6.307313 13.256397
v -198.403397 29.513466 13.256395
v -226.964813 7.735385 13.256396
v -236.485291 7.735385 13.256396
v -232.828796 2.197360 13.732420
v -230.296967 2.197360 13.732420
v -203.163635 29.513466 13.732418
v -203.163635 24.065638 13.732418
v -243.301315 2.197360 13.732420
v -230.296967 2.197360 13.256397
v -203.163635 2.197360 13.256397
v -203.163635 0.000001 13.732420
v -203.163635 2.197360 13.732420
v -203.163635 0.000003 37.533600
v -198.403397 0.000003 38.961670
v -238.242920 6.307313 13.256397
v -238.242920 6.307313 13.732420
v -236.485291 7.735385 13.732419
v -228.722443 14.042694 13.732419
v -226.964813 15.470774 13.256396
v -209.325775 30.941536 37.031422
v -200.333649 30.941536 37.031422
v -211.256027 30.941538 38.961666
v -209.325775 30.941536 14.234601
v -200.333649 30.941536 14.234601
v -198.403397 2.197360 12.304350
v -243.301315 2.197360 12.304350
v -243.301315 2.197360 13.256397
v -243.301315 0.000001 13.732420
v -243.301315 0.000001 12.304350
v -198.403397 0.000003 37.533600
v -10.353649 30.941549 196.129669
v -198.403336 30.835583 8.079991
v -10.353649 30.835598 196.129669
v -10.353649 30.835583 10.439701
v -7.993940 30.835598 198.489487
v -196.043655 30.835583 10.439701
v -7.993940 30.835583 8.079991
v -198.403336 30.941534 8.079991
v -10.353649 30.941534 10.439701
v -198.403336 30.835598 198.489487
v -198.403336 -0.105936 198.489487
v -7.993940 0.000015 198.489487
v -198.403336 0.000015 198.489487
v -7.993940 -0.105936 198.489487
v -7.993940 -0.105950 8.079993
v -198.403336 30.941549 198.489487
v -198.403336 -0.105950 8.079993
v -197.415253 0.000000 6.604986
v -197.568939 0.000000 2.573774
v -198.012924 0.000001 7.631122
v -198.242905 0.000000 1.596091
v -199.138855 0.000000 0.816743
v -199.652954 0.000000 0.517324
v -202.189865 0.000001 9.471786
v -203.127411 0.000000 0.212246
v -203.897964 0.000001 8.987848
v -204.412079 0.000001 8.688429
v -205.537994 0.000000 1.874050
v -206.221985 0.000000 6.386992
v -206.459335 0.000000 4.042715
v -206.488708 0.000000 5.229848
v -206.135666 0.000000 2.900185
v -205.869049 0.000000 2.368317
v -203.685898 0.000000 0.417496
v -203.350372 0.000001 9.220474
v -201.955811 0.000000 0.018664
v -201.361038 0.000000 0.033386
v -200.423508 0.000001 9.292926
v -199.865143 0.000001 9.087675
v -198.846954 0.000001 8.476389
v -197.328934 0.000000 3.118180
v -197.091583 0.000000 5.462457
v -204.703949 0.000000 1.028783
v -205.144669 0.000000 1.428024
v -198.666306 0.000000 1.178232
v -197.062210 0.000000 4.275323
v -197.039597 0.000000 4.869815
v -201.003143 0.000001 9.426573
v -201.595123 0.000001 9.486507
v -202.777985 0.000001 9.382639
v -205.144669 79.019920 1.428018
v -204.703949 79.019920 1.028777
v -204.214157 79.019920 0.691108
v -204.214157 0.000000 0.691114
v -203.685898 79.019920 0.417490
v -202.547775 0.000000 0.078599
v -201.955811 79.019920 0.018658
v -200.772934 79.019920 0.122526
v -200.772934 0.000000 0.122532
v -200.200546 0.000000 0.284698
v -200.200546 79.019920 0.284692
v -199.652954 79.019920 0.517318
v -198.242905 79.019920 1.596085
v -197.875092 0.000000 2.063731
v -197.159180 0.000000 3.688360
v -197.062210 79.019920 4.275317
v -197.039597 79.019920 4.869809
v -197.091583 79.019920 5.462451
v -197.217468 0.000000 6.043903
v -197.217468 79.019920 6.043897
v -197.415253 79.019920 6.604980
v -197.681885 0.000001 7.136855
v -198.012924 79.019920 7.631116
v -198.403336 77.433174 8.079988
v -198.403336 74.404678 8.079988
v -198.403336 54.901386 8.079989
v -198.403336 66.960655 8.079988
v -198.403336 76.163788 8.079988
v -198.403336 63.932156 8.079988
v -198.403336 42.842121 8.079990
v -199.336761 0.000001 8.814058
v -201.003143 79.019920 9.426567
v -201.595123 79.019920 9.486502
v -202.189865 79.019920 9.471780
v -202.777985 79.019920 9.382633
v -203.350372 79.019920 9.220469
v -204.884598 79.019920 8.326934
v -204.884598 0.000001 8.326940
v -205.308029 0.000001 7.909079
v -205.308029 79.019920 7.909073
v -205.675827 79.019920 7.441435
v -205.675827 0.000001 7.441441
v -205.982086 0.000001 6.931397
v -205.982086 79.019920 6.931391
v -206.221985 79.019920 6.386986
v -206.391739 0.000000 5.816812
v -206.391739 79.019920 5.816806
v -206.488708 79.019920 5.229842
v -206.511337 79.019920 4.635350
v -206.511337 0.000000 4.635356
v -206.459335 79.019920 4.042709
v -206.333466 0.000000 3.461268
v -205.537994 79.019920 1.874044
v -197.159180 79.019920 3.688354
v -197.328934 79.019920 3.118174
v -198.666306 79.019920 1.178226
v -199.138855 79.019920 0.816737
v -200.423508 79.019920 9.292920
v -201.361038 79.019920 0.033380
v -202.547775 79.019920 0.078593
v -203.127411 79.019920 0.212240
v -204.412079 79.019920 8.688423
v -205.869049 79.019920 2.368311
v -206.135666 79.019920 2.900179
v -206.333466 79.019920 3.461262
v -203.897964 79.019920 8.987843
v -199.865143 79.019920 9.087669
v -199.336761 79.019920 8.814053
v -198.846954 79.019920 8.476383
v -198.403336 79.019920 8.079988
v -197.875092 79.019920 2.063725
v -197.681885 79.019920 7.136849
v -197.568939 79.019920 2.573768
v -198.403336 0.000001 8.079993
v -7.993940 30.941534 8.079991
v 0.010770 0.000000 5.424440
v -0.226610 0.000000 3.080162
v -2.036494 0.000000 0.778726
v -3.098132 0.000000 0.246681
v -3.321115 0.000001 9.254910
v -4.853471 -0.000000 -0.019352
v -5.087467 0.000001 9.433769
v -6.025083 0.000000 0.174229
v -6.583477 0.000000 0.379480
v -7.309703 0.000001 8.650413
v -7.601552 0.000000 0.990766
v -7.782206 0.000001 8.288923
v -8.879680 0.000001 6.893380
v -9.409004 0.000000 4.597340
v -9.386353 0.000000 5.191830
v -9.356967 0.000000 4.004698
v -9.289371 0.000000 5.778795
v -8.042294 0.000000 1.390006
v -6.795622 0.000001 8.949831
v -6.248065 0.000001 9.182458
v -3.900831 0.000001 9.388556
v -1.563993 0.000000 1.140216
v -1.301021 0.000001 8.041976
v -1.140523 0.000000 1.558074
v -7.111744 0.000000 0.653097
v -0.579469 0.000001 7.098837
v -0.910576 0.000001 7.593105
v -2.234453 0.000001 8.776042
v -2.762721 0.000001 9.049659
v -8.573433 0.000001 7.403424
v -9.119587 0.000000 6.348975
v -9.231064 0.000000 3.423250
v -9.033278 0.000000 2.862169
v -8.766729 0.000000 2.330300
v -8.435620 0.000000 1.836033
v -7.601552 79.019920 0.990760
v -8.042294 79.019920 1.390000
v -7.111744 79.019920 0.653091
v -5.445367 0.000000 0.040583
v -5.445367 79.019920 0.040577
v -4.258731 -0.000000 -0.004631
v -3.670525 0.000000 0.084516
v -3.098132 79.019920 0.246675
v -2.550576 0.000000 0.479307
v -2.036494 79.019920 0.778720
v -0.772765 79.019920 2.025707
v -0.772765 0.000000 2.025713
v -0.466518 0.000000 2.535758
v -0.226610 79.019920 3.080156
v -0.056827 0.000000 3.650343
v 0.040155 79.019920 4.237301
v 0.040155 0.000000 4.237307
v 0.062807 79.019920 4.831793
v 0.062807 0.000000 4.831799
v 0.010770 79.019920 5.424434
v -0.115134 0.000000 6.005887
v -0.312920 0.000000 6.566968
v -0.312920 79.019920 6.566962
v -1.744645 0.000001 8.438372
v -2.234453 79.019920 8.776036
v -2.762721 79.019920 9.049653
v -4.492727 0.000001 9.448491
v -5.087467 79.019920 9.433764
v -5.675672 0.000001 9.344623
v -7.782206 79.019920 8.288918
v -7.993940 0.000001 8.079993
v -7.993940 42.842121 8.079990
v -7.993940 76.163788 8.079988
v -8.205674 0.000001 7.871062
v -8.205674 79.019920 7.871056
v -7.993940 79.019920 8.079988
v -8.573433 53.869686 7.403419
v -8.573433 65.928947 7.403419
v -8.573433 64.361275 7.403419
v -9.386353 79.019920 5.191824
v -9.409004 79.019920 4.597334
v -9.033278 79.019920 2.862163
v -8.766729 79.019920 2.330294
v -0.056827 79.019920 3.650337
v -0.579469 79.019920 7.098831
v -3.670525 79.019920 0.084510
v -4.853471 79.019920 -0.019358
v -5.675672 79.019920 9.344617
v -6.025083 79.019920 0.174223
v -7.309703 79.019920 8.650407
v -8.435620 79.019920 1.836027
v -8.573433 79.019920 7.403418
v -9.231064 79.019920 3.423244
v -9.289371 79.019920 5.778789
v -9.356967 79.019920 4.004692
v -9.119587 79.019920 6.348969
v -8.879680 79.019920 6.893374
v -6.795622 79.019920 8.949825
v -6.583477 79.019920 0.379474
v -6.248065 79.019920 9.182452
v -4.492727 79.019920 9.448485
v -4.258731 79.019920 -0.004637
v -3.900831 79.019920 9.388550
v -3.321115 79.019920 9.254905
v -2.550576 79.019920 0.479301
v -1.744645 79.019920 8.438366
v -1.563993 79.019920 1.140210
v -1.301021 79.019920 8.041970
v -1.140523 79.019920 1.558068
v -0.910576 79.019920 7.593099
v -0.466518 79.019920 2.535752
v -0.115134 79.019920 6.005881
v -0.661793 0.000015 204.316620
v -2.118818 0.000015 197.996536
v -3.403439 0.000016 206.472687
v -6.665801 0.000015 197.597290
v -6.877946 0.000016 206.167633
v -7.864530 0.000016 205.506729
v -8.076264 0.000015 205.297791
v -8.287998 0.000015 205.088867
v -8.962004 0.000015 204.111176
v -7.392028 0.000016 205.868240
v -2.845045 0.000016 206.267487
v -1.646317 0.000015 198.358047
v -1.222847 0.000015 198.775909
v -0.139151 0.000015 200.868149
v -7.683877 0.000015 198.208603
v -5.527691 0.000015 197.258377
v -4.935795 0.000015 197.198395
v -4.341055 0.000015 197.213150
v -3.752850 0.000015 197.302368
v -3.180456 0.000015 197.464523
v -0.548842 0.000015 199.753601
v -0.019517 0.000015 202.049561
v -1.383346 0.000015 205.259827
v -1.826969 0.000016 205.656174
v -4.575051 0.000016 206.666260
v -9.439291 0.000015 201.222519
v -9.115602 0.000015 200.079926
v -8.517944 0.000015 199.053894
v -7.993940 66.624245 198.489487
v -7.993940 41.433151 198.489487
v -7.993940 30.941549 198.489487
v -7.993940 79.019936 198.489487
v -7.194068 0.000015 197.870895
v -7.194068 79.019936 197.870895
v -6.107408 0.000015 197.392090
v -6.107408 79.019936 197.392090
v -3.180456 79.019936 197.464523
v -2.632900 0.000015 197.697159
v -2.632900 79.019936 197.697159
v -2.118818 79.019936 197.996536
v -0.855089 79.019936 199.243469
v -0.855089 0.000015 199.243469
v -0.308934 0.000015 200.297928
v -0.308934 79.019936 200.297928
v -0.139151 79.019936 200.868149
v -0.042169 79.019936 201.455154
v -0.042169 0.000015 201.455154
v -0.019517 79.019936 202.049561
v -0.071554 79.019936 202.642258
v -0.071554 0.000015 202.642258
v -0.197458 0.000015 203.223709
v -0.395244 79.019936 203.784744
v -0.395244 0.000015 203.784744
v -0.661793 79.019936 204.316620
v -0.992900 0.000015 204.810898
v -1.383346 79.019936 205.259827
v -1.826969 79.019936 205.656174
v -2.316778 0.000016 205.993866
v -2.316778 79.019936 205.993866
v -3.983155 79.019936 206.606415
v -3.983155 0.000016 206.606415
v -4.575051 79.019936 206.666260
v -5.169791 0.000016 206.651627
v -5.757995 79.019936 206.562393
v -5.757995 0.000016 206.562393
v -6.330389 0.000016 206.400253
v -6.877946 79.019936 206.167633
v -8.076264 79.019936 205.297791
v -8.287998 79.019936 205.088867
v -8.655756 79.019936 204.621185
v -8.655756 0.000015 204.621185
v -8.962004 79.019936 204.111176
v -9.201911 0.000015 203.566727
v -9.371696 0.000015 202.996628
v -9.468677 0.000015 202.409607
v -9.491328 0.000015 201.815094
v -9.491328 79.019936 201.815094
v -9.439291 79.019936 201.222519
v -9.313388 0.000015 200.641068
v -8.849053 79.019936 199.548172
v -8.849053 0.000015 199.548172
v -8.517944 79.019936 199.053894
v -8.124618 0.000015 198.607849
v -7.993940 74.596130 198.489487
v -7.993940 44.568481 198.489487
v -7.993940 42.842136 198.489487
v -2.845045 79.019936 206.267487
v -4.341055 79.019936 197.213150
v -5.169791 79.019936 206.651627
v -6.665801 79.019936 197.597290
v -7.392028 79.019936 205.868240
v -7.683877 79.019936 198.208603
v -8.124618 79.019936 198.607849
v -9.115602 79.019936 200.079926
v -9.201911 79.019936 203.566727
v -9.468677 79.019936 202.409607
v -9.371696 79.019936 202.996628
v -9.313388 79.019936 200.641068
v -7.864530 79.019936 205.506729
v -6.330389 79.019936 206.400253
v -5.527691 79.019936 197.258377
v -4.935795 79.019936 197.198395
v -3.752850 79.019936 197.302368
v -3.403439 79.019936 206.472687
v -1.646317 79.019936 198.358047
v -1.222847 79.019936 198.775909
v -0.992900 79.019936 204.810898
v -0.548842 79.019936 199.753601
v -0.197458 79.019936 203.223709
v -199.194580 0.000015 197.603928
v -203.655670 0.000015 196.637970
v -204.214157 0.000015 196.843170
v -205.672928 0.000015 197.853729
v -207.039566 0.000015 201.061111
v -206.397308 0.000015 198.794052
v -203.878616 0.000016 205.646149
v -202.484039 0.000015 196.444397
v -200.728806 0.000015 196.710403
v -200.181198 0.000015 196.943054
v -199.865021 0.000015 205.239761
v -199.667084 0.000015 197.242416
v -199.375214 0.000015 204.902054
v -197.745712 0.000015 202.469589
v -197.687424 0.000015 200.114029
v -197.619843 0.000015 201.888138
v -197.590454 0.000015 200.701050
v -197.567856 0.000015 201.295563
v -204.742401 0.000015 197.116791
v -197.943527 0.000015 203.030731
v -198.210129 0.000015 203.562622
v -198.541168 0.000015 204.056778
v -200.393402 0.000016 205.513367
v -205.624557 0.000015 204.543686
v -206.204086 0.000015 203.867188
v -205.232208 0.000015 197.454514
v -204.742401 79.019936 197.116791
v -204.214157 79.019936 196.843170
v -203.655670 79.019936 196.637970
v -203.076035 0.000015 196.504257
v -203.076035 79.019936 196.504257
v -201.889297 0.000015 196.459167
v -201.889297 79.019936 196.459167
v -201.301178 0.000015 196.548279
v -200.728806 79.019936 196.710403
v -200.181198 79.019936 196.943054
v -199.194580 79.019936 197.603928
v -198.771149 0.000015 198.021790
v -198.771149 79.019936 198.021790
v -198.403336 76.163803 198.489487
v -198.403336 42.842136 198.489487
v -198.097198 0.000015 198.999481
v -197.857193 0.000015 199.543945
v -197.857193 79.019936 199.543945
v -197.687424 79.019936 200.114029
v -198.541168 79.019936 204.056778
v -205.672928 79.019936 197.853729
v -205.542236 79.019936 197.735367
v -205.542236 0.000015 197.735367
v -8.539057 44.358459 199.034531
v -23.883852 41.864403 181.057770
v -25.707853 43.376778 182.881699
v -25.199884 44.353065 182.373749
v -24.936941 44.513695 182.110764
v -23.883852 44.097561 181.057770
v -25.598936 42.197399 182.772751
v -25.425674 41.864403 182.599487
v -25.199884 41.608891 182.373749
v -24.109652 44.353065 181.283493
v -8.276113 44.515064 198.771561
v -8.764853 44.109325 199.260391
v -25.743183 42.980980 182.916992
v -9.047025 43.406559 199.542480
v -24.936941 41.448265 182.110764
v -24.936941 41.446896 182.110764
v -25.598936 42.177319 182.772751
v -25.707853 42.585182 182.881699
v -25.707853 42.555401 182.881699
v -23.710590 42.177319 180.884491
v -23.883852 41.852634 181.057770
v -24.372595 41.448265 181.546478
v -24.372595 41.446896 181.546478
v -24.109652 41.603500 181.283493
v -23.601685 42.555401 180.775574
v -23.601685 42.585182 180.775574
v -23.564529 42.961151 180.738449
v -25.425674 41.852634 182.599487
v -25.744995 42.961151 182.918808
v -25.199884 41.603500 182.373749
v -8.938110 42.216988 199.433670
v -8.764853 41.892307 199.260391
v -8.539057 41.643169 199.034531
v -24.654762 41.393482 181.828568
v -8.276113 41.486568 198.771561
v -24.109652 41.608891 181.283493
v -7.711767 41.486568 198.207275
v -7.448822 41.643169 197.944290
v -23.710590 42.197399 180.884491
v -7.223027 41.892307 197.718552
v -6.940855 42.595074 197.436371
v -23.700590 42.234394 180.874100
v -6.903705 43.000813 197.399231
v -6.940855 43.406559 197.436371
v -23.601685 43.376778 180.775574
v -23.566343 42.980980 180.740250
v -23.710590 43.764561 180.884491
v -7.049769 43.784645 197.545303
v -7.223027 44.109325 197.718552
v -7.448822 44.358459 197.944290
v -24.372595 44.513695 181.546478
v -7.711767 44.515064 198.207275
v -24.654762 44.568481 181.828568
v -25.425674 44.097561 182.599487
v -8.938110 43.784645 199.433670
v -25.598936 43.764561 182.772751
v -25.744995 43.000813 182.918808
v -7.049769 42.216988 197.545303
v -9.084175 43.000813 199.579712
v -9.047025 42.595074 199.542480
v -196.043655 30.941549 196.129669
v -196.043655 30.941534 10.439701
v -189.506165 30.941549 189.592178
v -16.891136 30.941549 189.592178
v -189.506165 30.941536 16.977188
v -16.891136 30.941536 16.977188
v -173.739395 43.386826 25.686436
v -180.646744 77.824738 32.388836
v -180.646744 77.824738 25.686434
v -173.739395 41.061764 32.388840
v -180.789413 43.171486 25.654215
v -25.763786 42.932449 25.686436
v -25.763048 43.171379 25.654215
v -25.766397 42.080498 24.496078
v -25.760872 43.880508 24.740812
v -25.766445 42.065651 24.985558
v -25.765757 42.290756 25.409470
v -25.764511 42.695461 25.654215
v -25.762362 43.395981 25.559746
v -25.761295 43.742989 25.213617
v -25.761635 43.631519 24.072166
v -25.763786 77.791313 25.686434
v -32.671135 41.028347 25.686436
v -25.763786 41.028347 25.686436
v -180.790024 43.002319 23.921888
v -180.790756 42.766777 25.409470
v -180.791458 42.517773 24.740812
v -25.765177 42.476593 25.559746
v -180.790131 42.952629 25.559746
v -180.787125 43.921692 23.921888
v -180.787842 43.702824 23.827421
v -25.762203 43.445671 23.921888
v -25.762880 43.226803 23.827421
v -180.786621 44.107544 24.072166
v -180.786148 44.247704 24.268003
v -180.785782 44.356533 24.740812
v -25.760994 43.841763 24.985558
v -180.786758 44.066971 25.409470
v -180.791107 42.626602 25.213617
v -180.791351 42.541672 24.985558
v -180.666565 42.517395 24.740812
v -25.765625 42.331314 24.072166
v -180.788559 43.465851 23.795198
v -25.763786 77.791313 32.388836
v -32.671135 42.953655 25.686436
v -32.671135 41.028347 32.388840
v -25.789503 77.824753 180.908203
v -32.696854 77.824753 174.205795
v -25.789503 77.824753 174.205795
v -25.789503 41.061775 180.908203
v -25.789503 76.410202 180.908554
v -25.789503 43.386833 174.205795
v -32.696854 43.408043 174.205795
v -32.696854 77.824753 180.908203
v -32.696854 75.917389 180.908554
v -32.696854 41.061771 174.205795
v -25.789503 42.965866 174.205795
v -32.696854 42.987072 174.205795
v -32.696854 76.410202 180.908554
v -25.789503 75.917389 180.908554
v -32.696854 41.061775 180.908203
v -25.789503 41.061771 174.205795
v -173.739395 43.386833 174.205795
v -173.739395 41.061771 174.205795
v -173.739395 42.965866 174.205795
v -180.646744 42.987072 174.205795
v -180.646744 43.408043 174.205795
v -180.646744 77.824753 174.205795
v -173.739395 77.824753 174.205795
v -180.646744 77.824753 180.908203
v -173.739395 77.824753 180.908203
v -173.739395 75.917389 180.908554
v -173.739395 41.061775 180.908203
v -173.739395 76.410202 180.908554
v -180.646744 41.061771 174.205795
v -180.646744 41.061775 180.908203
v -197.567856 79.019936 201.295563
v -199.667084 79.019936 197.242416
v -204.940338 79.019936 205.114151
v -205.232208 79.019936 197.454514
v -206.663910 79.019936 199.325928
v -206.861725 79.019936 199.886948
v -206.987579 79.019936 200.468399
v -207.016968 79.019936 201.655518
v -206.919998 79.019936 202.242538
v -205.624557 79.019936 204.543686
v -202.123383 79.019936 205.912262
v -201.531387 79.019936 205.852295
v -201.301178 79.019936 196.548279
v -200.951752 79.019936 205.718704
v -198.210129 79.019936 203.562622
v -197.943527 79.019936 203.030731
v -197.745712 79.019936 202.469589
v -197.619843 79.019936 201.888138
v -197.590454 79.019936 200.701050
v -206.066254 79.019936 198.299774
v -206.397308 79.019936 198.794052
v -203.306244 79.019936 205.808395
v -202.718140 79.019936 205.897507
v -198.097198 79.019936 198.999481
v -198.403336 79.019936 198.489487
v -202.484039 79.019936 196.444397
v -206.066254 0.000015 198.299774
v -206.663910 0.000015 199.325928
v -206.861725 0.000015 199.886948
v -206.987579 0.000015 200.468399
v -207.039566 79.019936 201.061111
v -207.016968 0.000015 201.655518
v -206.919998 0.000015 202.242538
v -206.750229 79.019936 202.812729
v -206.750229 0.000015 202.812729
v -206.510345 79.019936 203.357056
v -206.510345 0.000015 203.357056
v -206.204086 79.019936 203.867188
v -205.836288 79.019936 204.334747
v -205.836288 0.000015 204.334747
v -205.412872 79.019936 204.752625
v -205.412872 0.000015 204.752625
v -204.940338 0.000015 205.114151
v -204.426254 79.019936 205.413513
v -204.426254 0.000016 205.413513
v -203.878616 79.019936 205.646149
v -203.306244 0.000016 205.808395
v -202.718140 0.000016 205.897507
v -202.123383 0.000016 205.912262
v -201.531387 0.000016 205.852295
v -200.951752 0.000016 205.718704
v -200.393402 79.019936 205.513367
v -199.865021 79.019936 205.239761
v -199.375214 79.019936 204.902054
v -198.931595 79.019936 204.505722
v -198.931595 0.000015 204.505722
v -7.711767 77.678040 198.207275
v -7.993940 77.731461 198.489487
v -7.049769 76.947632 197.545303
v -7.993940 76.163803 198.489487
v -7.448822 74.806152 197.944290
v -8.539057 77.521431 199.034531
v -8.764853 77.272301 199.260391
v -9.047025 75.758049 199.542480
v -9.047025 76.569534 199.542480
v -8.764853 75.055283 199.260391
v -8.539057 74.806152 199.034531
v -8.938110 75.379967 199.433670
v -9.084175 76.163803 199.579712
v -23.601685 76.569534 180.775574
v -6.940855 76.569534 197.436371
v -7.223027 77.272301 197.718552
v -23.883852 77.272301 181.057770
v -23.883852 75.055283 181.057770
v -23.710590 76.947632 180.884491
v -24.372595 77.678040 181.546478
v -24.654762 77.731461 181.828568
v -25.199884 77.521431 182.373749
v -25.744995 76.163803 182.918808
v -25.707853 75.758049 182.881699
v -25.425674 75.055283 182.599487
v -24.109652 74.806152 181.283493
v -25.707853 76.569534 182.881699
v -25.199884 74.806152 182.373749
v -23.564529 76.163803 180.738449
v -6.903705 76.163803 197.399231
v -24.109652 77.521431 181.283493
v -7.448822 77.521431 197.944290
v -24.936941 77.678040 182.110764
v -8.276113 77.678040 198.771561
v -25.425674 77.272301 182.599487
v -25.598936 76.947632 182.772751
v -8.938110 76.947632 199.433670
v -25.598936 75.379967 182.772751
v -24.936941 74.649544 182.110764
v -8.276113 74.649544 198.771561
v -24.654762 74.596130 181.828568
v -24.372595 74.649544 181.546478
v -7.711767 74.649544 198.207275
v -7.223027 75.055283 197.718552
v -23.710590 75.379967 180.884491
v -7.049769 75.379967 197.545303
v -23.601685 75.758049 180.775574
v -6.940855 75.758049 197.436371
v -7.223027 63.948067 197.718552
v -23.883852 63.948067 181.057770
v -7.448822 63.698933 197.944290
v -7.049769 64.272743 197.545303
v -24.109652 63.698933 181.283493
v -24.654762 65.446426 181.828568
v -23.883852 66.165085 181.057770
v -24.109652 66.414215 181.283493
v -24.372595 66.570824 181.546478
v -24.654762 66.363113 181.828568
v -23.710590 64.272743 180.884491
v -24.654762 64.067383 181.828568
v -23.601685 64.650833 180.775574
v -23.580370 64.881660 180.754410
v -23.601685 65.462318 180.775574
v -24.372595 63.542328 181.546478
v -24.090416 63.542328 181.828568
v -7.711767 63.542328 198.207275
v -6.940855 64.650833 197.436371
v -24.654762 66.624245 181.828568
v -7.711767 66.570824 198.207275
v -24.654762 63.488914 181.828568
v -25.598936 64.272743 182.772751
v -25.425674 66.165085 182.599487
v -25.199884 63.698933 182.373749
v -24.936941 63.542328 182.110764
v -25.744995 65.056572 182.918808
v -7.993940 63.488914 198.489487
v -6.903705 65.056572 197.399231
v -23.564529 65.056572 180.738449
v -6.940855 65.462318 197.436371
v -23.710590 65.840408 180.884491
v -7.049769 65.840408 197.545303
v -7.223027 66.165085 197.718552
v -7.448822 66.414215 197.944290
v -24.936941 66.570824 182.110764
v -8.276113 66.570824 198.771561
v -8.276113 63.542328 198.771561
v -8.539057 66.414215 199.034531
v -25.199884 66.414215 182.373749
v -8.764853 66.165085 199.260391
v -25.598936 65.840408 182.772751
v -8.938110 65.840408 199.433670
v -25.707853 65.462318 182.881699
v -9.047025 65.462318 199.542480
v -9.084175 65.056572 199.579712
v -9.047025 64.650833 199.542480
v -25.707853 64.650833 182.881699
v -8.938110 64.272743 199.433670
v -25.425674 63.948067 182.599487
v -8.764853 63.948067 199.260391
v -8.539057 63.698933 199.034531
v -23.601685 53.403046 180.775574
v -7.049769 53.781143 197.545303
v -23.710590 53.781143 180.884491
v -6.940855 53.403046 197.436371
v -7.223027 54.105824 197.718552
v -23.883852 54.105824 181.057770
v -24.372595 54.511562 181.546478
v -24.654762 53.986500 181.828568
v -24.654762 51.690769 181.828568
v -24.372595 51.483059 181.546478
v -24.109652 51.639671 181.283493
v -24.654762 53.387161 181.828568
v -23.883852 51.888805 181.057770
v -23.564529 52.997311 180.738449
v -6.903705 52.997311 197.399231
v -24.109652 54.354946 181.283493
v -7.448822 54.354946 197.944290
v -7.711767 54.511562 198.207275
v -7.993940 54.564980 198.489487
v -24.936941 51.483059 182.110764
v -25.744995 52.997311 182.918808
v -24.654762 54.564980 181.828568
v -25.199884 54.354946 182.373749
v -25.598936 53.781143 182.772751
v -25.707853 53.403046 182.881699
v -25.707853 52.591572 182.881699
v -7.993940 51.429638 198.489487
v -7.711767 51.483059 198.207275
v -24.090416 51.483059 181.828568
v -24.654762 51.429638 181.828568
v -7.448822 51.639671 197.944290
v -7.223027 51.888805 197.718552
v -23.710590 52.213474 180.884491
v -7.049769 52.213474 197.545303
v -23.601685 52.591572 180.775574
v -6.940855 52.591572 197.436371
v -24.936941 54.511562 182.110764
v -8.276113 54.511562 198.771561
v -8.276113 51.483059 198.771561
v -8.539057 54.354946 199.034531
v -25.425674 54.105824 182.599487
v -8.764853 54.105824 199.260391
v -8.938110 53.781143 199.433670
v -9.047025 53.403046 199.542480
v -9.084175 52.997311 199.579712
v -9.047025 52.591572 199.542480
v -25.598936 52.213474 182.772751
v -8.938110 52.213474 199.433670
v -25.425674 51.888805 182.599487
v -8.764853 51.888805 199.260391
v -25.199884 51.639671 182.373749
v -8.539057 51.639671 199.034531
v -197.696136 42.216972 7.499768
v -181.208603 41.892292 24.333853
v -197.869415 41.892292 7.673027
v -181.035339 42.216972 24.160587
v -180.889282 43.000797 24.014528
v -183.032532 43.406548 26.157852
v -182.923599 43.784634 26.048937
v -182.524597 44.358448 25.649885
v -181.697327 44.515049 24.822596
v -181.035339 43.784630 24.160587
v -180.926407 43.406544 24.051685
v -182.923599 42.216976 26.048937
v -181.434357 41.643154 24.559652
v -181.697327 41.486553 24.822596
v -182.524597 41.643158 25.649885
v -181.979401 44.568466 25.104763
v -181.208603 44.109310 24.333853
v -180.926407 42.595058 24.051685
v -197.587189 42.595058 7.390852
v -198.095139 41.643154 7.898822
v -198.358109 41.486553 8.161766
v -198.640320 41.433136 8.443940
v -181.979401 41.433136 25.104763
v -182.261627 41.486557 25.386942
v -198.922424 41.486553 8.726113
v -199.185379 41.643154 8.989058
v -182.750320 41.892296 25.875671
v -199.411240 41.892292 9.214852
v -199.584503 42.216972 9.388112
v -183.032532 42.595062 26.157852
v -199.693329 42.595058 9.497026
v -199.730560 43.000797 9.534175
v -183.069641 43.000801 26.194996
v -199.693329 43.406544 9.497026
v -199.584503 43.784630 9.388112
v -182.750320 44.109314 25.875671
v -199.411240 44.109310 9.214852
v -199.185379 44.358444 8.989058
v -198.922424 44.515049 8.726112
v -182.261627 44.515053 25.386942
v -198.640320 44.568466 8.443939
v -198.358109 44.515049 8.161765
v -181.434357 44.358444 24.559652
v -198.095139 44.358444 7.898822
v -197.869415 44.109310 7.673027
v -197.696136 43.784630 7.499768
v -197.587189 43.406544 7.390852
v -197.550079 43.000797 7.353704
v -182.306976 54.901390 25.305159
v -182.024750 54.954811 25.022991
v -198.967743 54.901386 8.644338
v -198.685532 54.954811 8.362164
v -183.114990 53.387150 26.113224
v -182.795670 54.495647 25.793901
v -182.306976 51.872894 25.305159
v -182.024750 51.819473 25.022991
v -182.569824 52.029499 25.568102
v -182.968933 52.603313 25.967165
v -182.569824 54.744785 25.568102
v -199.230728 54.744781 8.907280
v -181.742554 54.901386 24.740812
v -180.971619 52.981396 23.969902
v -181.742554 53.387146 24.740812
v -181.742554 54.462505 24.740812
v -181.080566 52.603310 24.078817
v -180.971619 53.792885 23.969902
v -180.934494 53.387146 23.932758
v -181.479568 54.744781 24.477869
v -181.080566 54.170967 24.078817
v -181.742554 51.872890 24.740812
v -198.403336 51.872890 8.079989
v -198.685532 51.819473 8.362164
v -198.967743 51.872890 8.644338
v -199.230728 52.029495 8.907280
v -182.795670 52.278637 25.793901
v -199.456467 52.278633 9.133076
v -199.629745 52.603310 9.306334
v -183.077881 52.981400 26.076080
v -199.738663 52.981396 9.415249
v -199.775787 53.387146 9.452397
v -184.487320 53.387146 24.740812
v -183.077881 53.792889 26.076080
v -199.738663 53.792885 9.415249
v -182.968933 54.170971 25.967165
v -199.629745 54.170967 9.306334
v -199.456467 54.495644 9.133076
v -198.140488 54.744781 7.817045
v -198.140488 52.029495 7.817045
v -181.479568 52.029495 24.477869
v -181.253815 54.495644 24.252081
v -197.914627 54.495644 7.591250
v -197.741348 54.170967 7.417990
v -197.632401 53.792885 7.309076
v -197.595306 53.387146 7.271926
v -197.632401 52.981396 7.309076
v -197.741348 52.603310 7.417990
v -197.914627 52.278633 7.591250
v -181.253815 52.278633 24.252081
v -182.795670 64.337891 25.793900
v -182.569824 64.088768 25.568100
v -199.456467 64.337891 9.133075
v -199.230728 64.088768 8.907279
v -183.114990 65.446411 26.113222
v -181.742554 66.960655 24.740810
v -182.569824 66.804047 25.568100
v -181.742554 66.363098 24.740810
v -182.968933 66.230240 25.967163
v -183.077881 65.852142 26.076078
v -183.077881 65.040657 26.076078
v -182.968933 64.662575 25.967163
v -182.306976 63.932159 25.305157
v -198.967743 63.932156 8.644337
v -199.629745 64.662575 9.306333
v -198.685532 67.014076 8.362163
v -182.024750 67.014076 25.022989
v -180.971619 65.852142 23.969900
v -181.253815 66.554909 24.252079
v -181.742554 63.932156 24.740810
v -181.742554 65.446411 24.740810
v -181.080566 66.230240 24.078815
v -181.479568 64.088768 24.477867
v -181.479568 66.804047 24.477867
v -180.934494 65.446411 23.932756
v -198.685532 63.878735 8.362163
v -182.024750 63.878735 25.022989
v -199.738663 65.040657 9.415248
v -184.487320 65.446411 24.740810
v -199.775787 65.446411 9.452396
v -199.738663 65.852142 9.415248
v -199.629745 66.230240 9.306333
v -199.456467 66.554909 9.133075
v -182.795670 66.554909 25.793900
v -199.230728 66.804047 8.907279
v -198.967743 66.960655 8.644337
v -182.306976 66.960655 25.305157
v -198.140488 66.804047 7.817044
v -198.140488 64.088768 7.817044
v -197.914627 66.554909 7.591249
v -197.741348 66.230240 7.417989
v -197.632401 65.852142 7.309075
v -197.595306 65.446411 7.271925
v -197.632401 65.040657 7.309075
v -180.971619 65.040657 23.969900
v -181.080566 64.662575 24.078815
v -197.741348 64.662575 7.417989
v -181.253815 64.337891 24.252079
v -197.914627 64.337891 7.591249
v -182.795670 74.810410 25.793900
v -199.456467 74.810410 9.133074
v -199.230728 74.561279 8.907278
v -182.306976 74.404678 25.305157
v -183.077881 75.513176 26.076078
v -180.934494 75.918930 23.932756
v -181.253815 77.027428 24.252079
v -182.795670 77.027428 25.793900
v -182.968933 76.702751 25.967163
v -180.971619 76.324661 23.969900
v -182.569824 74.561279 25.568100
v -183.114990 75.918930 26.113222
v -182.306976 77.433174 25.305157
v -181.080566 75.135094 24.078815
v -198.967743 74.404678 8.644336
v -182.968933 75.135094 25.967163
v -199.629745 75.135094 9.306332
v -181.742554 74.404678 24.740810
v -181.479568 74.561279 24.477867
v -198.140488 74.561279 7.817043
v -182.024750 74.351257 25.022989
v -198.685532 74.351257 8.362162
v -199.738663 75.513176 9.415247
v -199.775787 75.918930 9.452395
v -183.077881 76.324661 26.076078
v -199.738663 76.324661 9.415247
v -199.629745 76.702751 9.306332
v -199.456467 77.027428 9.133074
v -199.230728 77.276566 8.907278
v -182.569824 77.276566 25.568100
v -198.967743 77.433174 8.644336
v -182.024750 77.486588 25.022989
v -198.685532 77.486588 8.362162
v -181.742554 77.433174 24.740810
v -198.140488 77.276566 7.817043
v -181.479568 77.276566 24.477867
v -197.914627 77.027428 7.591249
v -197.741348 76.702751 7.417988
v -181.080566 76.702751 24.078815
v -197.632401 76.324661 7.309074
v -197.595306 75.918930 7.271924
v -180.971619 75.513176 23.969900
v -197.632401 75.513176 7.309074
v -197.741348 75.135094 7.417988
v -197.914627 74.810410 7.591249
v -181.253815 74.810410 24.252079
v -6.940125 41.590996 9.163776
v -23.427696 41.915680 25.997864
v -6.766866 41.915676 9.337034
v -23.600946 41.591000 25.824600
v -6.657951 42.293774 9.445951
v -23.318779 42.293777 26.106781
v -7.165920 41.341873 8.937982
v -23.826748 41.341877 25.598801
v -23.281626 42.699516 26.143923
v -6.620803 42.699512 9.483099
v -24.089689 41.185265 25.335857
v -7.428864 41.185261 8.675037
v -23.318779 43.105251 26.106781
v -6.657951 43.105247 9.445951
v -24.371857 41.131840 25.053690
v -7.711038 41.131840 8.392864
v -6.766866 43.483345 9.337034
v -23.427696 43.483349 25.997864
v -24.654039 41.185261 24.771509
v -7.993211 41.185261 8.110691
v -23.600946 43.808018 25.824600
v -6.940125 43.808014 9.163776
v -8.256155 41.341873 7.847746
v -24.916981 41.341873 24.508568
v -23.826748 44.057152 25.598801
v -7.165920 44.057148 8.937982
v -8.481950 41.590996 7.621951
v -25.142780 41.590996 24.282780
v -24.089689 44.213764 25.335857
v -7.428864 44.213760 8.675036
v -8.655209 41.915676 7.448692
v -25.316031 41.915676 24.109516
v -24.371857 44.267181 25.053690
v -7.711038 44.267181 8.392863
v -8.764124 42.293774 7.339777
v -25.424948 42.293774 24.000601
v -7.993211 44.213760 8.110690
v -24.654039 44.213760 24.771509
v -8.801272 42.699512 7.302627
v -25.462105 42.699512 23.963457
v -24.916981 44.057148 24.508568
v -8.256155 44.057148 7.847746
v -25.424948 43.105247 24.000601
v -8.764124 43.105247 7.339777
v -8.481950 43.808014 7.621951
v -25.142780 43.808014 24.282780
v -8.655209 43.483345 7.448692
v -25.316031 43.483345 24.109516
v -24.290087 54.653522 25.008421
v -7.629261 54.653522 8.347592
v -24.572266 54.600101 24.726242
v -7.911436 54.600101 8.065418
v -8.174378 54.443489 7.802473
v -24.835209 54.443489 24.463299
v -24.007919 54.600105 25.290590
v -7.347088 54.600101 8.629766
v -25.060995 54.194363 24.237513
v -8.400173 54.194363 7.576679
v -23.744963 54.443493 25.553532
v -7.084144 54.443489 8.892709
v -25.234261 53.869686 24.064247
v -23.519176 54.194366 25.779331
v -6.858349 54.194363 9.118505
v -25.343178 53.491589 23.955330
v -8.682347 53.491589 7.294505
v -23.345911 53.869690 25.952581
v -6.685090 53.869686 9.291762
v -25.380320 53.085850 23.918188
v -8.719496 53.085850 7.257356
v -6.576176 53.491589 9.400679
v -23.236996 53.491592 26.061499
v -25.343178 52.680115 23.955330
v -8.682347 52.680115 7.294505
v -6.539027 53.085850 9.437827
v -23.199852 53.085854 26.098656
v -25.234261 52.302010 24.064247
v -8.573433 52.302010 7.403420
v -6.576176 52.680115 9.400679
v -23.236996 52.680119 26.061499
v -25.060995 51.977348 24.237513
v -8.400173 51.977348 7.576679
v -6.685090 52.302010 9.291762
v -23.345911 52.302013 25.952581
v -24.835209 51.728210 24.463299
v -8.174378 51.728210 7.802473
v -23.519176 51.977352 25.779331
v -6.858349 51.977348 9.118505
v -24.572266 51.571594 24.726242
v -7.911436 51.571594 8.065418
v -7.084144 51.728210 8.892709
v -23.744963 51.728214 25.553532
v -24.290087 51.518181 25.008421
v -7.629261 51.518181 8.347592
v -24.007919 51.571598 25.290590
v -7.347088 51.571594 8.629766
v -8.174378 74.259995 7.802471
v -25.060995 74.509125 24.237511
v -8.400173 74.509125 7.576677
v -24.835209 74.259995 24.463297
v -7.911436 74.103378 8.065416
v -24.572266 74.103378 24.726240
v -25.234261 74.833794 24.064245
v -8.573433 74.833794 7.403418
v -24.290087 74.049965 25.008419
v -7.629261 74.049965 8.347590
v -25.343178 75.211891 23.955328
v -8.682347 75.211891 7.294503
v -24.007919 74.103378 25.290588
v -7.347088 74.103378 8.629764
v -8.719496 75.617630 7.257354
v -25.380320 75.617630 23.918186
v -23.744963 74.259995 25.553530
v -7.084144 74.259995 8.892707
v -25.343178 76.023376 23.955328
v -8.682347 76.023376 7.294503
v -23.519176 74.509125 25.779329
v -6.858349 74.509125 9.118503
v -8.573433 76.401466 7.403418
v -25.234261 76.401466 24.064245
v -23.345911 74.833794 25.952579
v -6.685090 74.833794 9.291760
v -25.060995 76.726143 24.237511
v -8.400173 76.726143 7.576677
v -23.236996 75.211891 26.061497
v -6.576176 75.211891 9.400677
v -8.174378 76.975266 7.802471
v -24.835209 76.975266 24.463297
v -6.539027 75.617630 9.437825
v -23.199852 75.617630 26.098654
v -24.572266 77.131882 24.726240
v -7.911436 77.131882 8.065416
v -23.236996 76.023376 26.061497
v -6.576176 76.023376 9.400677
v -24.290087 77.185303 25.008419
v -7.629261 77.185303 8.347590
v -23.345911 76.401466 25.952579
v -6.685090 76.401466 9.291760
v -7.347088 77.131882 8.629764
v -24.062681 77.142441 25.235790
v -24.007919 77.131882 25.290588
v -23.519176 76.726143 25.779329
v -6.858349 76.726143 9.118503
v -23.744963 76.975266 25.553530
v -7.084144 76.975266 8.892707
v -25.060995 64.036606 24.237511
v -8.400173 64.036606 7.576678
v -24.835209 63.787468 24.463297
v -8.174378 63.787468 7.802472
v -24.572266 63.630856 24.726240
v -7.911436 63.630856 8.065417
v -25.234261 64.361275 24.064245
v -24.290087 63.577450 25.008419
v -7.629261 63.577450 8.347591
v -25.343178 64.739372 23.955328
v -8.682347 64.739372 7.294504
v -7.347088 63.630856 8.629765
v -24.007919 63.630859 25.290588
v -25.380320 65.145111 23.918186
v -8.719496 65.145111 7.257355
v -23.744963 63.787472 25.553530
v -7.084144 63.787468 8.892708
v -8.682347 65.550858 7.294504
v -25.343178 65.550858 23.955328
v -23.519176 64.036606 25.779329
v -6.858349 64.036606 9.118504
v -25.234261 65.928947 24.064245
v -6.685090 64.361275 9.291761
v -23.345911 64.361275 25.952579
v -25.060995 66.253624 24.237511
v -8.400173 66.253624 7.576678
v -23.236996 64.739372 26.061497
v -6.576176 64.739372 9.400678
v -8.174378 66.502762 7.802472
v -24.835209 66.502762 24.463297
v -6.539027 65.145111 9.437826
v -23.199852 65.145111 26.098654
v -24.572266 66.659363 24.726240
v -7.911436 66.659363 8.065417
v -23.236996 65.550858 26.061497
v -6.576176 65.550858 9.400678
v -24.290087 66.712776 25.008419
v -7.629261 66.712776 8.347591
v -23.345911 65.928947 25.952579
v -6.685090 65.928947 9.291761
v -7.347088 66.659363 8.629765
v -24.007919 66.659363 25.290588
v -23.519176 66.253624 25.779329
v -6.858349 66.253624 9.118504
v -23.744963 66.502762 25.553530
v -7.084144 66.502762 8.892708
v -198.733673 54.600117 198.411606
v -198.451462 54.653538 198.693832
v -182.072861 54.600117 181.750824
v -181.790680 54.653538 182.032898
v -198.996643 54.443504 198.148636
v -182.335739 54.443504 181.487839
v -198.169250 54.600117 198.975906
v -181.508453 54.600117 182.315109
v -199.222382 54.194378 197.922897
v -182.561584 54.194378 181.262100
v -197.906403 54.443504 199.238876
v -181.245483 54.443504 182.578094
v -199.395660 53.869701 197.749619
v -182.734848 53.869701 181.088837
v -197.680542 54.194378 199.464737
v -181.019760 54.194378 182.803833
v -182.843674 53.491604 180.979889
v -199.504578 53.491604 197.640701
v -197.507278 53.869701 199.638000
v -180.846481 53.869701 182.977081
v -199.541702 53.085865 197.603561
v -182.880905 53.085865 180.942780
v -197.398346 53.491604 199.746826
v -180.737549 53.491604 183.086029
v -199.504578 52.680130 197.640701
v -182.843674 52.680130 180.979889
v -180.700409 53.085865 183.123138
v -197.361221 53.085865 199.784058
v -182.734848 52.302025 181.088837
v -199.395660 52.302025 197.749619
v -180.737549 52.680130 183.086029
v -197.398346 52.680130 199.746826
v -199.222382 51.977364 197.922897
v -182.561584 51.977364 181.262100
v -180.846481 52.302025 182.977081
v -197.507278 52.302025 199.638000
v -198.996643 51.728226 198.148636
v -182.335739 51.728226 181.487839
v -197.680542 51.977364 199.464737
v -181.019760 51.977364 182.803833
v -182.072861 51.571609 181.750824
v -198.733673 51.571609 198.411606
v -197.906403 51.728226 199.238876
v -181.245483 51.728226 182.578094
v -181.790680 51.518196 182.032898
v -198.451462 51.518196 198.693832
v -198.169250 51.571609 198.975906
v -181.508453 51.571609 182.315109
v -199.222382 74.509140 197.922897
v -182.335739 74.260010 181.487839
v -198.996643 74.260010 198.148636
v -182.561584 74.509140 181.262100
v -198.733673 74.103394 198.411606
v -182.072861 74.103394 181.750824
v -199.395660 74.833809 197.749619
v -182.734848 74.833809 181.088837
v -198.451462 74.049980 198.693832
v -181.790680 74.049980 182.032898
v -199.504578 75.211906 197.640701
v -182.843674 75.211906 180.979889
v -181.508453 74.103394 182.315109
v -198.169250 74.103394 198.975906
v -199.541702 75.617645 197.603561
v -182.880905 75.617645 180.942780
v -197.906403 74.260010 199.238876
v -181.245483 74.260010 182.578094
v -199.504578 76.023392 197.640701
v -182.843674 76.023392 180.979889
v -197.680542 74.509140 199.464737
v -181.019760 74.509140 182.803833
v -182.734848 76.401482 181.088837
v -199.395660 76.401482 197.749619
v -197.507278 74.833809 199.638000
v -180.846481 74.833809 182.977081
v -182.561584 76.726158 181.262100
v -199.222382 76.726158 197.922897
v -180.737549 75.211906 183.086029
v -197.398346 75.211906 199.746826
v -198.996643 76.975281 198.148636
v -182.335739 76.975281 181.487839
v -197.361221 75.617645 199.784058
v -180.700409 75.617645 183.123138
v -182.072861 77.131897 181.750824
v -198.733673 77.131897 198.411606
v -180.737549 76.023392 183.086029
v -197.398346 76.023392 199.746826
v -198.451462 77.185318 198.693832
v -181.790680 77.185318 182.032898
v -180.846481 76.401482 182.977081
v -197.507278 76.401482 199.638000
v -181.508453 77.131897 182.315109
v -198.169250 77.131897 198.975906
v -181.019760 76.726158 182.803833
v -197.680542 76.726158 199.464737
v -181.245483 76.975281 182.578094
v -197.906403 76.975281 199.238876
v -182.335739 63.787483 181.487839
v -199.222382 64.036621 197.922897
v -182.561584 64.036621 181.262100
v -198.996643 63.787483 198.148636
v -182.072861 63.630871 181.750824
v -198.733673 63.630871 198.411606
v -199.395660 64.361290 197.749619
v -182.734848 64.361290 181.088837
v -181.790680 63.577465 182.032898
v -198.451462 63.577465 198.693832
v -199.504578 64.739388 197.640701
v -182.843674 64.739388 180.979889
v -198.169250 63.630871 198.975906
v -181.508453 63.630871 182.315109
v -199.541702 65.145126 197.603561
v -182.880905 65.145126 180.942780
v -197.906403 63.787483 199.238876
v -181.245483 63.787483 182.578094
v -199.504578 65.550873 197.640701
v -182.843674 65.550873 180.979889
v -197.680542 64.036621 199.464737
v -181.019760 64.036621 182.803833
v -182.734848 65.928963 181.088837
v -199.395660 65.928963 197.749619
v -180.846481 64.361290 182.977081
v -197.507278 64.361290 199.638000
v -199.222382 66.253639 197.922897
v -182.561584 66.253639 181.262100
v -180.737549 64.739388 183.086029
v -197.398346 64.739388 199.746826
v -182.335739 66.502777 181.487839
v -198.996643 66.502777 198.148636
v -197.361221 65.145126 199.784058
v -180.700409 65.145126 183.123138
v -182.072861 66.659378 181.750824
v -198.733673 66.659378 198.411606
v -197.398346 65.550873 199.746826
v -180.737549 65.550873 183.086029
v -198.451462 66.712791 198.693832
v -181.790680 66.712791 182.032898
v -197.507278 65.928963 199.638000
v -180.846481 65.928963 182.977081
v -181.508453 66.659378 182.315109
v -198.169250 66.659378 198.975906
v -197.680542 66.253639 199.464737
v -181.019760 66.253639 182.803833
v -197.906403 66.502777 199.238876
v -181.245483 66.502777 182.578094
v -182.696396 76.771446 181.828568
v -180.923767 76.952011 181.828568
v -182.067673 75.061035 181.828568
v -182.334641 75.184959 181.828568
v -182.510681 77.004074 181.828568
v -180.649399 76.426270 181.828568
v -180.624008 76.163803 181.828568
v -181.742554 75.015923 181.828568
v -181.742554 76.163803 181.828568
v -181.998276 77.285599 181.828568
v -182.835693 75.901329 181.828568
v -181.486816 75.041985 181.828568
v -181.778442 75.012276 181.828568
v -181.742554 75.015907 24.740810
v -181.778442 75.012260 24.740810
v -180.624008 76.163788 24.740810
v -180.620514 76.126968 181.828568
v -180.752899 76.707664 181.828568
v -181.150452 77.142624 181.828568
v -181.150452 77.142609 24.740810
v -181.417542 77.266541 181.828568
v -181.706650 77.315308 181.828568
v -181.998276 77.285583 24.740810
v -182.272491 77.179443 181.828568
v -182.817078 76.497391 181.828568
v -182.864578 76.200615 181.828568
v -182.864578 76.200600 24.740810
v -182.732315 75.619904 24.740810
v -182.732315 75.619919 181.828568
v -182.561356 75.375587 181.828568
v -182.561356 75.375572 24.740810
v -182.067673 75.061020 24.740810
v -180.649399 76.426254 24.740810
v -182.817078 76.497375 24.740810
v -180.752899 76.707649 24.740810
v -182.510681 77.004059 24.740810
v -181.706650 77.315292 24.740810
v -181.417542 77.266525 24.740810
v -182.272491 77.179428 24.740810
v -180.923767 76.951996 24.740810
v -182.696396 76.771431 24.740810
v -182.835693 75.901314 24.740810
v -182.334641 75.184944 24.740810
v -181.742554 76.163788 24.740810
v -181.486816 75.041969 24.740810
v -180.620514 76.126953 24.740810
v -180.668015 75.830177 24.740810
v -180.788696 75.556137 24.740810
v -181.212601 75.148125 24.740810
v -181.212601 75.148140 181.828568
v -180.668015 75.830193 181.828568
v -180.788696 75.556152 181.828568
v -180.974533 75.323509 181.828568
v -180.974533 75.323494 24.740810
v -23.665066 76.707649 24.740810
v -23.665066 76.707664 181.828568
v -23.835960 76.952011 181.828568
v -23.835960 76.951996 24.740810
v -23.561628 76.426254 24.740810
v -23.561628 76.426270 181.828568
v -24.062654 77.142624 181.828568
v -24.062654 77.142609 24.740810
v -23.536238 76.163788 24.740810
v -23.536238 76.163803 181.828568
v -23.532682 76.126968 181.828568
v -23.532682 76.126953 24.740810
v -24.329697 77.266541 181.828568
v -24.329697 77.266525 24.740810
v -23.580200 75.830177 24.740810
v -23.580200 75.830193 181.828568
v -24.618889 77.315292 24.740810
v -24.618889 77.315308 181.828568
v -23.700953 75.556152 181.828568
v -23.700953 75.556137 24.740810
v -24.910524 77.285599 181.828568
v -24.910524 77.285583 24.740810
v -23.886694 75.323509 181.828568
v -23.886694 75.323494 24.740810
v -25.184736 77.179428 24.740810
v -25.184736 77.179443 181.828568
v -24.124790 75.148125 24.740810
v -24.124790 75.148140 181.828568
v -25.422832 77.004059 24.740810
v -25.422832 77.004074 181.828568
v -24.399002 75.041985 181.828568
v -24.399002 75.041969 24.740810
v -25.608585 76.771431 24.740810
v -25.608585 76.771446 181.828568
v -24.654762 75.015923 181.828568
v -24.690638 75.012260 24.740810
v -24.690638 75.012276 181.828568
v -24.654762 75.015907 24.740810
v -25.729340 76.497391 181.828568
v -25.729340 76.497375 24.740810
v -24.979841 75.061020 24.740810
v -24.979841 75.061035 181.828568
v -25.776855 76.200615 181.828568
v -25.776855 76.200600 24.740810
v -25.220877 75.172890 181.828568
v -25.246883 75.184944 24.740810
v -25.246883 75.184959 181.828568
v -25.773291 76.163788 24.740810
v -25.773291 76.163803 181.828568
v -25.747911 75.901329 181.828568
v -25.747911 75.901314 24.740810
v -25.473566 75.375587 181.828568
v -25.473566 75.375572 24.740810
v -25.644461 75.619919 181.828568
v -25.644461 75.619904 24.740810
v -25.606808 75.566093 181.828568
v -25.606808 75.566078 24.740810
v -23.835960 66.003464 181.828568
v -23.835960 66.003448 24.740810
v -23.665066 65.759132 181.828568
v -23.665066 65.759117 24.740810
v -23.561628 65.477722 181.828568
v -23.561628 65.477707 24.740810
v -24.062654 66.194077 24.740810
v -24.062654 66.194092 181.828568
v -24.062681 66.193893 25.235790
v -23.532682 65.178436 181.828568
v -23.536238 65.215240 24.740810
v -23.536238 65.215256 181.828568
v -23.532682 65.178421 24.740810
v -24.329697 66.317986 24.740810
v -24.329697 66.318001 181.828568
v -23.580200 64.881638 24.740810
v -23.580200 64.881653 181.828568
v -24.618889 66.366776 181.828568
v -24.618889 66.366760 24.740810
v -23.700953 64.607590 24.740810
v -23.700953 64.607605 181.828568
v -24.910524 66.337051 24.740810
v -24.740187 66.354401 24.740810
v -24.910524 66.337067 181.828568
v -23.886694 64.374962 181.828568
v -23.886694 64.374947 24.740810
v -25.184736 66.230911 181.828568
v -25.184736 66.230896 24.740810
v -24.124790 64.199585 24.740810
v -24.124790 64.199600 181.828568
v -25.422832 66.055511 24.740810
v -25.422832 66.055527 181.828568
v -24.399002 64.093437 181.828568
v -24.268709 64.143883 181.828568
v -24.399002 64.093422 24.740810
v -25.608585 65.822884 24.740810
v -25.608585 65.822899 181.828568
v -24.690638 64.063713 24.740810
v -24.690638 64.063728 181.828568
v -24.654762 64.067368 24.740810
v -25.729340 65.548843 181.828568
v -25.729340 65.548828 24.740810
v -24.979841 64.112495 181.828568
v -24.979841 64.112480 24.740810
v -25.745733 65.446426 181.828568
v -25.776855 65.252068 181.828568
v -25.745733 65.446411 24.740810
v -25.776855 65.252052 24.740810
v -25.246883 64.236412 181.828568
v -25.220877 64.224350 181.828568
v -25.246883 64.236397 24.740810
v -25.773291 65.215240 24.740810
v -25.747911 64.952766 24.740810
v -25.773291 65.215256 181.828568
v -25.747911 64.952782 181.828568
v -25.747572 64.952782 181.029831
v -25.473566 64.427025 24.740810
v -25.473566 64.427040 181.828568
v -25.644461 64.671379 181.828568
v -25.644461 64.671364 24.740810
v -25.606808 64.617546 181.828568
v -25.606808 64.617531 24.740810
v -25.729340 53.172230 181.828568
v -25.745733 53.069809 181.828568
v -25.776855 52.875458 181.828568
v -25.729340 53.172215 24.740812
v -25.745733 53.069794 24.740812
v -25.776855 52.875443 24.740812
v -25.608585 53.446270 24.740812
v -25.608585 53.446285 181.828568
v -25.747911 52.576153 24.740812
v -25.773291 52.838627 24.740812
v -25.773291 52.838642 181.828568
v -25.747911 52.576168 181.828568
v -25.422832 53.678913 181.828568
v -25.422832 53.678898 24.740812
v -25.644461 52.294762 181.828568
v -25.644461 52.294746 24.740812
v -25.184736 53.854279 24.740812
v -25.184736 53.854294 181.828568
v -25.606808 52.240932 181.828568
v -25.473566 52.050426 181.828568
v -25.606808 52.240917 24.740812
v -25.473566 52.050411 24.740812
v -24.910524 53.960426 24.740812
v -24.910524 53.960442 181.828568
v -25.364952 51.959080 181.828568
v -25.246883 51.859783 24.740812
v -25.364952 51.959064 24.740812
v -25.246883 51.859798 181.828568
v -24.618889 53.990150 181.828568
v -24.618889 53.990135 24.740812
v -24.654762 53.986485 24.740812
v -24.740187 53.977791 24.740812
v -24.979841 51.735863 24.740812
v -25.220877 51.847733 181.828568
v -24.979841 51.735878 181.828568
v -24.329697 53.941383 181.828568
v -24.329697 53.941368 24.740812
v -24.690638 51.687103 24.740812
v -24.690638 51.687119 181.828568
v -24.062681 53.817284 25.235792
v -24.062654 53.817467 181.828568
v -24.062654 53.817451 24.740812
v -24.654762 51.690754 24.740812
v -24.399002 51.716808 24.740812
v -24.399002 51.716824 181.828568
v -23.835960 53.626835 24.740812
v -23.835960 53.626850 181.828568
v -24.184338 51.799927 181.828568
v -24.124790 51.822968 24.740812
v -24.124790 51.822983 181.828568
v -23.665066 53.382507 181.828568
v -23.665066 53.382492 24.740812
v -23.886694 51.998348 181.828568
v -23.886694 51.998333 24.740812
v -23.561628 53.101097 24.740812
v -23.561628 53.101112 181.828568
v -23.700953 52.230995 181.828568
v -23.700953 52.230980 24.740812
v -23.536238 52.838627 24.740812
v -23.532682 52.801807 24.740812
v -23.532682 52.801823 181.828568
v -23.536238 52.838642 181.828568
v -23.580200 52.505020 24.740812
v -23.580200 52.505035 181.828568
v -24.062681 43.820778 25.235792
v -24.062654 43.820965 24.740812
v -24.062654 43.820980 181.828568
v -23.835960 43.630352 181.828568
v -23.835960 43.630337 24.740812
v -23.665066 43.386017 181.828568
v -23.665066 43.386002 24.740812
v -24.329697 43.944885 24.740812
v -24.329697 43.944901 181.828568
v -23.561628 43.104610 181.828568
v -23.561628 43.104595 24.740812
v -24.618889 43.993645 24.740812
v -24.618889 43.993660 181.828568
v -23.536238 42.842121 24.740812
v -23.536238 42.842136 181.828568
v -23.532682 42.805305 24.740812
v -23.532682 42.805321 181.828568
v -24.910524 43.963940 24.740812
v -24.740187 43.981289 24.740812
v -24.910524 43.963955 181.828568
v -24.654762 43.990009 181.828568
v -24.654762 43.989994 24.740812
v -23.580200 42.508518 24.740812
v -23.580200 42.508533 181.828568
v -25.184736 43.857796 181.828568
v -25.184736 43.857780 24.740812
v -23.700953 42.234478 24.740812
v -23.700953 42.234493 181.828568
v -25.422832 43.682430 181.828568
v -25.422832 43.682415 24.740812
v -23.886694 42.001865 181.828568
v -23.886694 42.001850 24.740812
v -25.608585 43.449787 181.828568
v -25.608585 43.449772 24.740812
v -24.124790 41.826469 24.740812
v -24.124790 41.826485 181.828568
v -25.729340 43.175728 24.740812
v -25.729340 43.175743 181.828568
v -24.399002 41.720325 181.828568
v -24.399002 41.720310 24.740812
v -25.776855 42.878956 181.828568
v -25.763689 42.961136 24.740812
v -25.745733 43.073307 181.828568
v -25.745733 43.073292 24.740812
v -25.776855 42.878941 24.740812
v -25.763689 42.961151 181.828568
v -24.654762 41.694279 181.828568
v -24.690638 41.690601 24.740812
v -24.690638 41.690617 181.828568
v -24.654762 41.694263 24.740812
v -25.773291 42.842121 24.740812
v -25.773291 42.842136 181.828568
v -25.747911 42.579651 24.740812
v -25.747911 42.579666 181.828568
v -24.979841 41.739380 24.740812
v -24.979841 41.739395 181.828568
v -25.644461 42.298264 181.828568
v -25.644461 42.298248 24.740812
v -25.246883 41.863300 181.828568
v -25.220877 41.851234 181.828568
v -25.246883 41.863285 24.740812
v -25.606808 42.244415 24.740812
v -25.606808 42.244431 181.828568
v -25.473566 42.053913 24.740812
v -25.473566 42.053928 181.828568
v -25.364952 41.962574 24.740812
v -25.364952 41.962589 181.828568
v -182.696396 65.822899 181.828568
v -182.696396 65.822884 24.740810
v -182.510681 66.055527 181.828568
v -182.510681 66.055511 24.740810
v -182.616852 65.922432 24.740810
v -182.272491 66.230911 181.828568
v -182.272491 66.230896 24.740810
v -182.817078 65.548843 181.828568
v -182.817078 65.548828 24.740810
v -181.998276 66.337067 181.828568
v -181.998276 66.337051 24.740810
v -182.864578 65.252068 181.828568
v -182.864578 65.252052 24.740810
v -181.706650 66.366760 24.740810
v -181.742554 66.363113 181.828568
v -181.706650 66.366776 181.828568
v -182.835693 64.952782 181.828568
v -182.835693 64.952766 24.740810
v -181.417542 66.318001 181.828568
v -181.417542 66.317986 24.740810
v -182.732315 64.671364 24.740810
v -182.732315 64.671379 181.828568
v -181.150452 66.194092 181.828568
v -181.150452 66.194077 24.740810
v -182.561356 64.427040 181.828568
v -182.561356 64.427025 24.740810
v -180.923767 66.003464 181.828568
v -180.923767 66.003448 24.740810
v -182.334641 64.236397 24.740810
v -182.334641 64.236412 181.828568
v -180.867035 65.922447 181.828568
v -180.752899 65.759117 24.740810
v -180.752899 65.759132 181.828568
v -180.867035 65.922432 24.740810
v -182.067673 64.112495 181.828568
v -182.067673 64.112480 24.740810
v -180.649399 65.477722 181.828568
v -180.649399 65.477707 24.740810
v -181.778442 64.063713 24.740810
v -181.778442 64.063728 181.828568
v -180.620514 65.178421 24.740810
v -180.620514 65.178436 181.828568
v -180.624008 65.215256 181.828568
v -180.624008 65.215240 24.740810
v -181.742554 64.067383 181.828568
v -181.486816 64.093437 181.828568
v -181.742554 64.067368 24.740810
v -181.486816 64.093422 24.740810
v -180.668015 64.881653 181.828568
v -180.668015 64.881638 24.740810
v -181.212601 64.199585 24.740810
v -181.212601 64.199600 181.828568
v -180.788696 64.607590 24.740810
v -180.788696 64.607605 181.828568
v -180.974533 64.374962 181.828568
v -180.974533 64.374947 24.740810
v -182.696396 53.922310 181.828568
v -182.510681 54.154938 181.828568
v -182.616852 54.021835 24.740812
v -182.510681 54.154922 24.740812
v -182.696396 53.922295 24.740812
v -182.272491 54.330318 181.828568
v -182.272491 54.330303 24.740812
v -182.817078 53.648266 181.828568
v -182.817078 53.648251 24.740812
v -181.998276 54.436462 24.740812
v -181.998276 54.436478 181.828568
v -182.858902 53.387146 24.740812
v -182.864578 53.351463 24.740812
v -182.864578 53.351479 181.828568
v -181.706650 54.466183 181.828568
v -181.742554 54.462521 181.828568
v -181.706650 54.466167 24.740812
v -182.835693 53.052189 181.828568
v -182.835693 53.052174 24.740812
v -181.417542 54.417397 24.740812
v -181.417542 54.417412 181.828568
v -182.732315 52.770771 24.740812
v -182.732315 52.770786 181.828568
v -181.150452 54.293503 181.828568
v -181.150452 54.293488 24.740812
v -182.561356 52.526436 24.740812
v -182.561356 52.526451 181.828568
v -180.923767 54.102871 181.828568
v -180.923767 54.102856 24.740812
v -182.334641 52.335823 181.828568
v -182.334641 52.335808 24.740812
v -180.867035 54.021835 24.740812
v -180.752899 53.858524 24.740812
v -180.752899 53.858540 181.828568
v -180.867035 54.021851 181.828568
v -182.067673 52.211903 181.828568
v -182.067673 52.211887 24.740812
v -180.649399 53.577133 181.828568
v -180.649399 53.577118 24.740812
v -181.778442 52.163124 24.740812
v -181.778442 52.163139 181.828568
v -180.620514 53.277843 181.828568
v -180.630051 53.376991 181.828568
v -180.624008 53.314663 181.828568
v -180.620514 53.277828 24.740812
v -180.630051 53.376976 24.740812
v -180.624008 53.314648 24.740812
v -181.742554 52.166794 181.828568
v -181.486816 52.192833 24.740812
v -181.486816 52.192848 181.828568
v -181.742554 52.166779 24.740812
v -180.668015 52.981060 181.828568
v -180.668015 52.981045 24.740812
v -181.212601 52.298988 24.740812
v -181.212601 52.299004 181.828568
v -180.788696 52.707005 24.740812
v -180.788696 52.707020 181.828568
v -180.974533 52.474358 24.740812
v -180.974533 52.474373 181.828568
v -180.624008 76.988297 181.352539
v -25.773291 77.083405 181.582153
v -180.624008 77.083405 181.582153
v -180.624008 77.115845 181.828568
v -25.773291 77.115845 181.828568
v -25.773291 76.988297 181.352539
v -25.773291 75.211739 181.828568
v -25.773291 75.490593 182.501785
v -25.773291 76.163803 182.780609
v -25.773291 75.917389 182.748215
v -25.773291 75.687775 182.653168
v -25.773291 75.339302 182.304581
v -25.773291 77.083405 182.074982
v -25.773291 76.639824 182.653168
v -25.773291 75.244179 182.074982
v -25.773291 75.917389 180.909042
v -25.773291 76.639824 181.004074
v -180.624008 76.836990 181.155457
v -25.773291 76.836990 181.155457
v -180.624008 77.083405 182.074982
v -180.624008 76.988297 182.304581
v -25.773291 76.988297 182.304581
v -25.773291 76.836990 182.501785
v -180.624008 76.836990 182.501785
v -180.624008 76.639824 182.653168
v -180.624008 76.410202 182.748215
v -25.773291 76.410202 182.748215
v -180.624008 76.163803 182.780609
v -180.624008 75.917389 182.748215
v -180.624008 75.687775 182.653168
v -180.624008 75.490593 182.501785
v -180.624008 75.339302 182.304581
v -180.624008 75.244179 182.074982
v -180.624008 75.211739 181.828568
v -25.773291 75.244179 181.582153
v -180.624008 75.244179 181.582153
v -25.773291 75.339302 181.352539
v -180.624008 75.339302 181.352539
v -25.773291 75.490593 181.155457
v -180.624008 75.490593 181.155457
v -25.773291 75.687775 181.004074
v -180.624008 75.687775 181.004074
v -180.624008 75.917389 180.909042
v -25.773291 76.163803 180.876526
v -180.624008 76.163803 180.876526
v -25.773291 76.410202 180.909042
v -180.624008 76.410202 180.909042
v -180.624008 76.639824 181.004074
v -25.745142 65.638916 180.930084
v -25.747318 64.928459 181.040588
v -25.742844 66.389748 181.804611
v -25.746326 65.253922 182.727158
v -25.745565 65.499886 182.752441
v -25.744150 65.964386 182.616653
v -25.743147 66.290092 182.269760
v -25.748623 64.503090 181.852631
v -25.745905 65.392952 180.904800
v -25.747040 65.021057 182.640610
v -25.744429 65.871773 181.016541
v -25.743799 66.075638 181.158478
v -25.743303 66.236626 181.345886
v -25.742977 66.343765 181.566315
v -25.743570 66.151260 182.464905
v -25.747669 64.817192 182.498764
v -25.748165 64.656212 182.311356
v -25.748491 64.549080 182.090942
v -180.869949 64.997421 181.612747
v -25.748575 64.521400 181.612747
v -180.869705 65.078758 181.387482
v -25.748322 64.602737 181.387482
v -180.869202 65.217598 181.192337
v -25.747900 64.741577 181.192337
v -25.746643 65.150612 180.942535
v -180.868011 65.626648 180.942535
v -180.867264 65.868980 180.904800
v -180.866547 66.114944 180.930084
v -180.865829 66.347809 181.016541
v -180.864609 66.712654 181.345886
v -180.864380 66.819786 181.566315
v -180.864136 66.865776 181.804611
v -25.742893 66.371445 182.044510
v -180.864258 66.847466 182.044510
v -180.864975 66.627289 182.464905
v -180.865463 66.440407 182.616653
v -25.744827 65.742210 182.714706
v -180.866180 66.218239 182.714706
v -180.865097 66.551674 181.158478
v -180.869446 65.132233 182.311356
v -180.868973 65.293213 182.498764
v -180.866913 65.975914 182.752441
v -180.867645 65.729942 182.727158
v -180.868362 65.497078 182.640610
v -180.864502 66.766121 182.269760
v -180.869812 65.025101 182.090942
v -180.869949 64.979111 181.852631
v -180.868729 65.404480 181.040588
v -25.365582 51.889774 180.939163
v -25.356342 52.900909 181.722046
v -25.364311 52.028385 182.718109
v -25.366560 51.782261 182.715424
v -25.360104 52.490021 182.545670
v -25.356478 52.886749 181.955887
v -25.373550 51.017265 181.935211
v -25.358423 52.674057 182.382217
v -25.373091 51.067284 182.161804
v -25.372715 51.108791 181.476242
v -25.363333 52.135899 180.941818
v -25.361193 52.369980 181.004929
v -180.625214 53.907917 182.545670
v -25.362110 52.269783 182.660172
v -180.631622 53.200172 182.715424
v -180.633789 52.966103 182.652328
v -25.368700 51.548195 182.652328
v -25.370586 51.342121 182.533005
v -25.372086 51.178097 182.365753
v -180.638641 52.435177 181.935211
v -25.373415 51.031410 181.701355
v -25.371481 51.244102 181.275024
v -180.636581 52.662018 181.275024
v -25.369802 51.428154 181.111572
v -25.367783 51.648376 180.996948
v -180.632965 53.066288 180.996948
v -180.626328 53.787891 181.004929
v -180.624359 53.993958 181.124268
v -25.359318 52.576046 181.124268
v -25.357819 52.740074 181.291489
v -180.622925 54.157986 181.291489
v -25.356802 52.850880 181.495468
v -180.621490 54.318817 181.722046
v -25.357178 52.809380 182.181030
v -180.628479 53.553810 180.941818
v -180.637802 52.526703 181.476242
v -180.621948 54.268787 181.495468
v -180.638519 52.449322 181.701355
v -180.621597 54.304665 181.955887
v -180.638153 52.485195 182.161804
v -180.637192 52.596008 182.365753
v -180.629456 53.446297 182.718109
v -180.627274 53.687691 182.660172
v -180.635727 52.760036 182.533005
v -180.623520 54.091969 182.382217
v -180.622314 54.227291 182.181030
v -180.634888 52.846062 181.111572
v -180.630661 53.307686 180.939163
v -181.585449 42.948032 181.329269
v -181.985321 42.199528 181.330704
v -182.385040 42.089268 181.334106
v -183.077545 43.408447 181.344620
v -183.157318 43.199478 181.344727
v -183.157349 42.748158 181.343353
v -182.384979 43.833023 181.339462
v -182.178101 43.799915 181.337433
v -181.985291 43.709656 181.335342
v -181.692566 43.385727 181.331604
v -181.612793 42.722824 181.328827
v -183.184662 42.974258 181.344284
v -182.784851 42.212635 181.338226
v -181.819672 42.335354 181.329590
v -181.612793 43.174133 181.330231
v -182.784821 43.722775 181.342850
v -182.950470 43.586933 181.343994
v -184.605194 43.675491 26.326504
v -184.605225 43.224167 26.325176
v -183.077576 42.536564 181.341949
v -184.525452 43.012577 26.323818
v -184.398376 42.829926 26.322018
v -182.950500 42.353916 181.340195
v -182.592041 42.122375 181.336136
v -184.039886 42.598385 26.317959
v -183.832916 42.565277 26.315899
v -183.831665 42.564880 26.448284
v -183.626038 42.591602 26.314083
v -182.178162 42.115582 181.332245
v -183.433197 42.675537 26.312527
v -181.692596 42.513844 181.328934
v -183.140472 42.989868 26.310757
v -183.060669 43.198837 26.310619
v -183.033325 43.424042 26.311077
v -183.140442 43.861736 26.313412
v -181.819641 43.568382 181.333374
v -183.267517 44.044395 26.315212
v -183.433167 44.185665 26.317120
v -183.625977 44.275925 26.319286
v -182.591980 43.806709 181.341309
v -184.232697 44.198788 26.324703
v -184.398346 44.062946 26.325771
v -184.525421 43.884457 26.326473
v -183.060638 43.650146 26.312069
v -183.267548 42.811378 26.311352
v -184.039856 44.282722 26.323162
v -184.232727 42.688644 26.320004
v -184.632538 43.450268 26.326138
v -183.832855 44.309032 26.321316
v -25.747486 64.876129 24.142921
v -25.742855 66.382576 24.742828
v -25.748045 64.694656 25.083673
v -25.747513 64.867859 25.226734
v -25.747572 64.952766 25.270626
v -25.743980 66.016678 25.338697
v -25.743448 66.191803 25.229588
v -25.748611 64.510231 24.738791
v -25.748020 64.700996 24.252029
v -25.745371 65.564400 25.430033
v -25.748407 64.576660 24.394461
v -25.746822 65.090134 24.074558
v -25.743956 66.024933 24.254896
v -25.743425 66.198151 24.397957
v -25.743050 66.320137 24.564379
v -25.742870 66.381210 24.921146
v -180.866684 66.040421 25.430033
v -180.865936 66.278702 25.407070
v -25.744646 65.802681 25.407070
v -25.746132 65.318085 25.406019
v -180.867523 65.794106 25.406019
v -25.746859 65.080505 25.336679
v -180.868240 65.556534 25.336679
v -180.869446 65.170685 25.083673
v -180.869812 65.048691 24.917242
v -25.748419 64.572670 24.917242
v -25.748600 64.511589 24.560484
v -180.869354 65.177017 24.252029
v -180.868134 65.566154 24.074558
v -180.867401 65.804436 24.051598
v -25.746096 65.328407 24.051598
v -25.745335 65.574730 24.075609
v -25.744610 65.812309 24.144939
v -180.865936 66.288330 24.144939
v -180.864258 66.858597 24.742828
v -180.864258 66.857231 24.921146
v -25.743061 66.316147 25.087168
v -180.864380 66.792175 25.087168
v -180.864853 66.667839 25.229588
v -180.865356 66.492699 25.338697
v -180.866684 66.050751 24.075609
v -180.865356 66.500954 24.254896
v -180.869812 65.052689 24.394461
v -180.869949 64.987625 24.560484
v -180.868851 65.343887 25.226734
v -180.869949 64.986259 24.738791
v -180.864380 66.796158 24.564379
v -180.864746 66.674171 24.397957
v -180.868851 65.352158 24.142921
v -25.372255 51.158726 24.281643
v -25.356705 52.861744 24.978495
v -25.371252 51.268234 25.390182
v -25.369522 51.458305 25.536121
v -25.363018 52.170906 25.627869
v -25.372559 51.125237 25.199991
v -25.357637 52.759403 25.199991
v -25.356331 52.902561 24.740812
v -25.357334 52.792908 24.281643
v -25.360369 52.459827 23.945501
v -25.366886 51.747227 23.853767
v -25.362425 52.235622 23.853767
v -25.364639 51.992569 23.822477
v -25.365253 51.925564 25.659159
v -25.367479 51.682510 25.627869
v -25.356548 52.879082 24.503126
v -25.359076 52.602528 25.390182
v -25.360903 52.401802 25.536121
v -180.628113 53.588814 25.627869
v -180.626068 53.819714 25.536121
v -180.630417 53.343475 25.659159
v -180.634644 52.876221 25.536121
v -180.638519 52.456959 24.978495
v -25.373356 51.039047 24.978495
v -25.373562 51.015579 24.740812
v -180.638641 52.433491 24.740812
v -25.373188 51.056400 24.503126
v -180.637421 52.576633 24.281643
v -25.370829 51.315605 24.091454
v -180.634155 52.934254 23.945501
v -25.368990 51.516338 23.945501
v -180.627518 53.653530 23.853767
v -25.358641 52.649906 24.091454
v -180.622421 54.210819 24.281643
v -180.621704 54.296989 24.503126
v -25.771900 52.906357 24.740812
v -180.621490 54.320473 24.740812
v -180.621841 54.279652 24.978495
v -180.631989 53.165142 23.853767
v -180.629807 53.410480 23.822477
v -180.635986 52.733517 24.091454
v -180.623779 54.067818 24.091454
v -180.622803 54.177315 25.199991
v -180.636337 52.686150 25.390182
v -180.632599 53.100422 25.627869
v -180.624130 54.020439 25.390182
v -180.637665 52.543144 25.199991
v -180.638275 52.474312 24.503126
v -180.625458 53.877739 23.945501
v -25.773291 76.640770 24.051188
v -25.773291 76.837769 24.177732
v -25.773291 75.244469 24.534718
v -25.773291 77.083679 24.534718
v -25.773291 77.083099 24.946913
v -25.773291 75.686783 25.430445
v -25.773291 75.916290 25.509991
v -25.773291 76.162659 25.537123
v -25.773291 76.638824 25.430445
v -25.773291 76.836189 25.303888
v -25.773291 75.339836 24.342653
v -25.773291 76.411263 23.971640
v -25.773291 76.164894 23.944508
v -25.773291 75.688728 24.051188
v -25.773291 75.918457 23.971640
v -25.773291 76.988838 24.342653
v -25.773291 76.987709 25.138966
v -25.773291 76.409111 25.509991
v -25.773291 75.489799 25.303888
v -25.773291 75.338730 25.138966
v -180.624008 75.918457 23.971640
v -180.624008 76.164894 23.944508
v -180.624008 76.640770 24.051188
v -180.624008 76.837769 24.177732
v -180.624008 76.988838 24.342653
v -180.624008 77.083679 24.534718
v -25.773291 77.115829 24.740810
v -180.624008 77.083099 24.946913
v -180.624008 76.987709 25.138966
v -180.624008 76.836189 25.303888
v -180.624008 76.638824 25.430445
v -180.624008 76.162659 25.537123
v -25.773291 75.243889 24.946913
v -25.773291 75.211739 24.740810
v -180.624008 75.491371 24.177732
v -25.773291 75.491371 24.177732
v -180.624008 76.411263 23.971640
v -180.624008 75.688728 24.051188
v -180.624008 75.244469 24.534718
v -180.624008 75.211739 24.740810
v -180.624008 77.115829 24.740810
v -180.624008 75.243889 24.946913
v -180.624008 75.338730 25.138966
v -180.624008 75.489799 25.303888
v -180.624008 75.686783 25.430445
v -180.624008 75.916290 25.509991
v -180.624008 76.409111 25.509991
v -180.624008 75.339836 24.342653
v -173.739395 42.965858 25.686436
v -173.739395 77.824738 25.686434
v -180.646744 43.408035 25.686436
v -180.646744 42.987064 25.686436
v -180.646744 41.061764 25.686436
v -173.739395 77.824738 32.388836
v -180.646744 41.061764 32.388840
v -173.739395 41.061764 25.686436
v -180.788696 43.408470 25.686436
v -180.787949 43.647400 25.654215
v -25.766094 42.179272 24.268003
v -25.761755 43.590946 25.409470
v -25.766520 42.041752 24.740812
v -25.760946 43.856609 24.496078
v -25.765032 42.526283 23.921888
v -25.761211 43.771683 24.268003
v -180.787369 43.872005 25.559746
v -180.785919 44.317783 24.985558
v -180.786270 44.219009 25.213617
v -180.785919 44.332630 24.496078
v -25.766180 42.150578 25.213617
v -180.791351 42.556522 24.496078
v -180.790985 42.655293 24.268003
v -180.790619 42.807339 24.072166
v -25.764343 42.750885 23.827421
v -180.789291 43.226921 23.827421
v -25.763605 42.989815 23.795198
v -32.671135 77.791313 25.686434
v -32.671135 77.791313 32.388836
v -25.763786 41.028347 32.388840
v -25.764427 42.722824 181.056305
v -25.763739 42.948032 181.028992
v -25.761393 43.709656 181.428848
v -25.762964 43.199478 182.600937
v -25.764996 42.536564 182.521133
v -25.766266 42.122375 182.035568
v -25.766035 42.199528 181.428848
v -25.766289 42.115582 181.621689
v -25.765612 42.335354 181.263184
v -25.762396 43.385727 181.136108
v -25.761017 43.833023 181.828568
v -25.761103 43.806709 182.035568
v -25.761356 43.722775 182.228424
v -25.761766 43.586933 182.394058
v -25.763653 42.974258 182.628250
v -180.787949 43.675503 182.600937
v -180.788559 43.450279 182.628250
v -180.789291 43.224178 182.600937
v -25.764343 42.748158 182.600937
v -25.765562 42.353916 182.394058
v -25.765989 42.212635 182.228424
v -180.791214 42.598396 182.035568
v -180.791351 42.565289 181.828568
v -180.658951 42.564892 181.828568
v -25.766375 42.089268 181.828568
v -180.791214 42.591614 181.621689
v -180.790024 42.989880 181.136108
v -25.765068 42.513844 181.136108
v -180.788696 43.424053 181.028992
v -25.763037 43.174133 181.056305
v -180.787949 43.650158 181.056305
v -180.787369 43.861748 181.136108
v -25.761826 43.568382 181.263184
v -25.761114 43.799915 181.621689
v -180.785919 44.309044 181.828568
v -180.786026 44.282734 182.035568
v -180.786270 44.198799 182.228424
v -180.786758 44.062958 182.394058
v -25.762321 43.408447 182.521133
v -180.789413 43.198849 181.056305
v -180.790619 42.811390 181.263184
v -180.786392 44.185677 181.428848
v -180.787231 43.884468 182.521133
v -180.789886 43.012589 182.521133
v -180.790497 42.829937 182.394058
v -180.790985 42.688656 182.228424
v -180.786026 44.275936 181.621689
v -180.790985 42.675549 181.428848
v -180.786758 44.044407 181.263184
v -181.790680 44.676495 182.032898
v -198.451462 44.676495 198.693832
v -198.733673 44.623074 198.411606
v -182.072861 44.623074 181.750824
v -182.335739 44.466461 181.487839
v -198.996643 44.466461 198.148636
v -198.169250 44.623074 198.975906
v -181.508453 44.623074 182.315109
v -199.222382 44.217335 197.922897
v -182.561584 44.217335 181.262100
v -197.906403 44.466461 199.238876
v -181.245483 44.466461 182.578094
v -199.395660 43.892658 197.749619
v -182.734848 43.892658 181.088837
v -197.680542 44.217335 199.464737
v -181.019760 44.217335 182.803833
v -199.504578 43.514561 197.640701
v -182.843674 43.514561 180.979889
v -180.846481 43.892658 182.977081
v -197.507278 43.892658 199.638000
v -199.541702 43.108822 197.603561
v -182.880905 43.108822 180.942780
v -197.398346 43.514561 199.746826
v -180.737549 43.514561 183.086029
v -199.504578 42.703087 197.640701
v -182.843674 42.703087 180.979889
v -180.700409 43.108822 183.123138
v -197.361221 43.108822 199.784058
v -199.395660 42.324982 197.749619
v -182.734848 42.324982 181.088837
v -180.737549 42.703087 183.086029
v -197.398346 42.703087 199.746826
v -199.222382 42.000320 197.922897
v -182.561584 42.000320 181.262100
v -180.846481 42.324982 182.977081
v -197.507278 42.324982 199.638000
v -198.996643 41.751183 198.148636
v -182.335739 41.751183 181.487839
v -181.019760 42.000320 182.803833
v -197.680542 42.000320 199.464737
v -182.072861 41.594566 181.750824
v -198.733673 41.594566 198.411606
v -197.906403 41.751183 199.238876
v -181.245483 41.751183 182.578094
v -198.451462 41.541153 198.693832
v -181.790680 41.541153 182.032898
v -198.169250 41.594566 198.975906
v -181.508453 41.594566 182.315109
vn -0.2102 -0.0746 -0.9748
vn -0.0000 -0.0000 -1.0000
vn -0.3153 0.3881 0.8660
vn 0.1473 -0.0369 -0.9884
vn -0.9107 -0.3333 0.2440
vn -0.0575 0.0273 -0.9980
vn -0.0000 0.2800 -0.9600
vn 0.0470 -0.8293 -0.5569
vn -0.0000 -0.3276 -0.9448
vn 0.2440 -0.3334 -0.9107
vn 1.0000 0.0001 -0.0000
vn -1.0000 -0.0001 -0.0000
vn -1.0000 -0.0000 -0.0000
vn -0.5700 0.3242 0.7550
vn -0.6249 0.7807 -0.0000
vn 0.0025 0.0020 1.0000
vn -0.0006 -0.0006 1.0000
vn 0.0024 0.0019 1.0000
vn 0.0016 0.0012 1.0000
vn 0.0004 0.0003 1.0000
vn -0.3751 0.2532 0.8917
vn -0.0000 -1.0000 -0.0000
vn -0.0000 -0.9946 0.1041
vn -0.0036 0.0035 1.0000
vn -0.3334 -0.9107 0.2440
vn -0.0000 -0.0000 1.0000
vn -0.0035 0.0034 1.0000
vn 0.1984 -0.3981 0.8956
vn 0.3334 -0.9107 -0.2440
vn -0.6794 0.2252 0.6984
vn 0.3058 -0.1103 -0.9457
vn -0.0000 -0.9633 -0.2683
vn -0.6667 -0.6667 -0.3333
vn 0.1844 -0.0001 0.9829
vn -1.0000 0.0001 -0.0000
vn -0.3698 0.9284 -0.0377
vn -0.1057 -0.3172 0.9424
vn -0.1243 -0.0000 0.9922
vn -0.0000 1.0000 0.0001
vn -0.0000 -1.0000 -0.0001
vn 0.2923 -0.0000 -0.9563
vn -0.6921 0.2053 -0.6920
vn -0.0000 1.0000 -0.0000
vn -0.3334 0.6667 0.6666
vn 0.9784 -0.2068 0.0003
vn -0.0000 0.3125 0.9499
vn 0.6666 -0.6667 -0.3333
vn 1.0000 -0.0000 -0.0000
vn 0.4999 0.7071 0.5001
vn 1.0000 -0.0001 -0.0000
vn -0.5000 -0.7071 0.5000
vn -0.5001 -0.7071 0.4999
vn -1.0000 -0.0080 -0.0000
vn -1.0000 -0.0049 -0.0000
vn -1.0000 -0.0012 -0.0000
vn 0.9633 0.2073 -0.1706
vn 0.3550 -0.0000 -0.9349
vn 0.3597 0.2121 -0.9086
vn -0.0001 -1.0000 -0.0001
vn 0.9107 -0.2440 -0.3334
vn 0.0002 1.0000 0.0002
vn 0.2440 0.9107 -0.3333
vn -0.7199 0.6941 -0.0073
vn 0.0005 0.0004 -1.0000
vn -0.6354 0.7722 -0.0000
vn 0.0149 0.0123 -0.9998
vn -0.0003 -0.0003 -1.0000
vn -0.0000 -0.0001 -1.0000
vn -0.2906 0.6747 -0.6784
vn -0.0000 0.2560 -0.9667
vn -0.6306 0.7761 -0.0000
vn -0.6306 0.7761 -0.0001
vn -0.0332 0.0157 0.9993
vn 0.0001 1.0000 -0.0000
vn -0.0000 0.7071 -0.7071
vn -0.0001 1.0000 -0.0000
vn -0.0001 1.0000 0.0002
vn -0.0001 1.0000 -0.0001
vn -0.6801 0.0059 0.7331
vn 0.0753 -0.4663 -0.8814
vn -0.0449 0.9990 -0.0000
vn 0.0006 0.9990 0.0454
vn -0.6874 -0.6988 0.1976
vn 0.0006 1.0000 -0.0006
vn 0.0003 1.0000 -0.0003
vn -0.7071 0.7071 -0.0000
vn -0.3844 0.5638 -0.7310
vn 0.1387 0.9806 -0.1388
vn 0.0190 -0.9998 0.0030
vn 0.9948 0.0158 -0.1007
vn 0.9996 0.0099 0.0247
vn 0.0187 -0.9998 -0.0044
vn 0.0185 -0.9998 0.0052
vn 0.0181 -0.9998 -0.0066
vn 0.0177 -0.9998 0.0074
vn 0.0170 -0.9998 -0.0088
vn 0.0165 -0.9998 0.0097
vn 0.0158 -0.9998 -0.0109
vn 0.7941 0.0148 0.6076
vn 0.7456 0.0169 -0.6662
vn 0.0104 -0.9999 0.0101
vn 0.0126 -0.9998 -0.0145
vn 0.0118 -0.9998 0.0151
vn 0.0106 -0.9998 -0.0160
vn 0.0098 -0.9998 0.0165
vn 0.0085 -0.9998 -0.0172
vn 0.0077 -0.9998 0.0176
vn 0.0063 -0.9998 -0.0181
vn 0.0055 -0.9998 0.0184
vn 0.0040 -0.9998 -0.0188
vn 0.0032 -0.9998 0.0189
vn 0.0016 -0.9998 -0.0191
vn 0.0007 -0.9998 0.0192
vn -0.0008 -0.9998 -0.0192
vn -0.0017 -0.9998 0.0191
vn -0.0032 -0.9998 -0.0189
vn -0.0041 -0.9998 0.0187
vn -0.0055 -0.9998 -0.0183
vn -0.0063 -0.9998 0.0181
vn -0.0078 -0.9998 -0.0175
vn -0.0086 -0.9998 0.0171
vn -0.7632 -0.6398 -0.0911
vn -0.0106 -0.9998 0.0159
vn -0.0126 -0.9998 -0.0158
vn -0.0125 -0.9998 0.0145
vn -0.0098 -0.9999 -0.0096
vn -0.5896 -0.7844 -0.1925
vn -0.0160 -0.9998 -0.0124
vn -0.5951 -0.7737 -0.2177
vn -0.0166 -0.9998 -0.0096
vn -0.0171 -0.9998 0.0089
vn -0.0177 -0.9998 -0.0075
vn -0.0180 -0.9998 0.0066
vn -0.0185 -0.9998 -0.0051
vn -0.0187 -0.9998 0.0043
vn -0.0190 -0.9998 -0.0028
vn -0.9948 0.0158 0.1007
vn -0.9996 0.0099 -0.0247
vn -0.7065 -0.0151 -0.7075
vn -0.6362 0.1134 -0.7631
vn -0.5059 0.1152 -0.8548
vn -0.0077 0.9998 -0.0176
vn -0.0058 0.9998 -0.0183
vn -0.0031 0.9998 -0.0189
vn -0.0011 0.9998 -0.0192
vn 0.0017 0.9998 -0.0191
vn 0.0043 0.9998 -0.0187
vn 0.0064 0.9998 -0.0181
vn 0.0083 0.9998 -0.0173
vn 0.0107 0.9998 -0.0159
vn 0.0127 0.9998 -0.0145
vn 0.0114 0.9999 -0.0101
vn 0.1839 0.4917 -0.8511
vn 0.8844 -0.0173 -0.4664
vn 0.0181 0.9998 -0.0067
vn 0.0187 0.9998 -0.0043
vn 0.9940 -0.0157 -0.1080
vn 0.9998 -0.0099 0.0174
vn 0.0190 0.9998 0.0029
vn 0.0185 0.9998 0.0052
vn 0.0177 0.9998 0.0075
vn 0.0328 0.9383 0.3442
vn 0.0153 0.9998 0.0117
vn 0.0128 0.9998 0.0143
vn 0.7118 -0.0000 0.7024
vn -0.0000 -1.0000 0.0001
vn -0.0000 1.0000 -0.0001
vn 0.6181 -0.0079 0.7860
vn 0.0102 0.9998 0.0163
vn 0.0077 0.9998 0.0176
vn 0.0054 0.9998 0.0184
vn 0.0029 0.9998 0.0190
vn 0.0004 0.9998 0.0192
vn -0.0017 0.9998 0.0191
vn -0.0041 0.9998 0.0187
vn -0.0064 0.9998 0.0181
vn -0.0086 0.9998 0.0171
vn -0.0107 0.9998 0.0159
vn -0.0127 0.9998 0.0144
vn -0.0114 0.9999 0.0101
vn -0.2145 0.9755 -0.0494
vn -0.0172 0.9998 0.0087
vn -0.0179 0.9998 0.0068
vn -0.0187 0.9998 0.0042
vn -0.9948 -0.0158 0.1007
vn -0.9996 -0.0099 -0.0247
vn -0.0190 0.9998 -0.0029
vn -0.0184 0.9998 -0.0053
vn -0.0177 0.9998 -0.0076
vn -0.0165 0.9998 -0.0097
vn -0.0160 0.9998 -0.0124
vn 0.0190 -0.9998 0.0028
vn 0.9996 0.0099 0.0248
vn 0.0180 -0.9998 -0.0067
vn 0.0177 -0.9998 0.0075
vn 0.0170 -0.9998 -0.0089
vn 0.0166 -0.9998 0.0097
vn 0.0157 -0.9998 -0.0109
vn 0.0153 -0.9998 0.0116
vn 0.8273 -0.5446 0.1379
vn -0.0887 -0.7817 0.6173
vn 0.5047 -0.1412 -0.8517
vn -0.0041 -0.9998 0.0188
vn -0.0056 -0.9998 -0.0184
vn -0.0099 -0.9998 -0.0164
vn -0.0081 -0.9999 -0.0080
vn -0.7024 0.0001 0.7118
vn -0.7457 0.0091 0.6662
vn -0.0161 -0.9998 -0.0123
vn -0.0155 -0.9998 0.0113
vn -0.0170 -0.9998 0.0088
vn -0.0177 -0.9998 -0.0074
vn -0.0185 -0.9998 -0.0052
vn -0.7974 -0.2080 0.5665
vn -0.2963 -0.9217 -0.2504
vn -0.0122 0.9999 -0.0121
vn -0.0125 0.9998 -0.0159
vn -0.0098 0.9998 -0.0165
vn -0.0895 0.9875 -0.1296
vn -0.0054 0.9998 -0.0184
vn -0.0033 0.9998 -0.0189
vn -0.0007 0.9998 -0.0192
vn -0.3389 0.9019 -0.2679
vn 0.0041 0.9998 -0.0187
vn 0.0061 0.9998 -0.0182
vn 0.0086 0.9998 -0.0171
vn 0.1724 0.4828 -0.8586
vn 0.7178 0.2710 -0.6414
vn 0.0158 0.9998 -0.0109
vn 0.0170 0.9998 -0.0088
vn 0.0180 0.9998 -0.0066
vn 0.0166 0.9998 0.0096
vn 0.7983 0.0199 0.6019
vn 0.5130 0.6932 0.5062
vn -0.1272 0.9061 0.4034
vn 0.0098 0.9998 0.0165
vn 0.1619 0.1148 0.9801
vn 0.1269 0.1271 0.9837
vn -0.7372 0.6037 0.3034
vn -0.4464 0.0867 0.8906
vn -0.6562 -0.0132 0.7544
vn -0.7024 -0.0000 0.7118
vn 0.1114 0.9851 0.1307
vn -0.7456 -0.0148 0.6662
vn -0.8233 -0.0000 0.5676
vn -0.0154 0.9998 0.0115
vn -0.0171 0.9998 0.0088
vn 0.0001 -1.0000 -0.0000
vn -0.0180 0.9998 0.0066
vn -0.7170 -0.6932 0.0726
vn -0.7205 -0.6932 -0.0178
vn -0.0178 0.9998 -0.0073
vn -0.0166 0.9998 -0.0097
vn 0.0152 -0.9998 0.0117
vn 0.7455 0.0169 -0.6662
vn 0.0110 -0.9999 0.0108
vn 0.0119 -0.9998 0.0150
vn 0.0107 -0.9998 -0.0159
vn 0.0099 -0.9998 0.0165
vn 0.0032 -0.9998 0.0190
vn 0.0007 -0.9998 0.0191
vn -0.0007 -0.9998 -0.0192
vn -0.0042 -0.9998 0.0187
vn -0.0065 -0.9998 0.0181
vn -0.0100 -0.9998 -0.0164
vn -0.0820 -0.2254 -0.9708
vn -0.9068 -0.0667 0.4163
vn -0.7456 0.0169 0.6662
vn -0.0158 -0.9998 0.0108
vn -0.9948 0.0157 0.1007
vn -0.9996 0.0099 -0.0248
vn -0.6714 -0.0000 -0.7411
vn -0.6208 -0.0073 -0.7839
vn -0.6713 -0.0000 -0.7412
vn -0.6718 -0.0000 -0.7407
vn -0.6710 -0.0000 -0.7415
vn -0.6712 -0.0000 -0.7413
vn -0.0079 0.9998 -0.0175
vn -0.0004 0.9998 -0.0192
vn 0.0104 0.9998 -0.0161
vn 0.0127 0.9998 -0.0144
vn 0.0152 0.9998 0.0116
vn 0.7169 -0.0169 0.6970
vn 0.0118 0.9998 0.0151
vn 0.0031 0.9998 0.0190
vn 0.0007 0.9998 0.0191
vn -0.0126 0.9998 0.0144
vn -0.4100 0.0643 0.9098
vn -0.0115 0.9999 0.0102
vn -0.0158 0.9998 0.0108
vn -0.0180 0.9998 0.0065
vn -0.0184 0.9998 -0.0054
vn -0.0161 0.9998 -0.0122
vn -0.7118 -0.0059 -0.7024
vn -0.6715 -0.0000 -0.7410
vn 0.5500 -0.5650 -0.6151
vn 0.9878 -0.1539 0.0232
vn 0.0166 -0.9998 0.0096
vn 0.3280 -0.9026 0.2789
vn 0.0109 -0.9999 0.0108
vn 0.5514 -0.8280 -0.1018
vn 0.7315 -0.6293 -0.2625
vn 0.0304 -0.9854 -0.1678
vn 0.0476 -0.9324 0.3583
vn 0.0077 -0.9998 0.0175
vn 0.0055 -0.9998 0.0185
vn 0.0031 -0.9998 0.0189
vn -0.0031 -0.9998 -0.0190
vn -0.0064 -0.9998 0.0181
vn -0.0077 -0.9998 -0.0176
vn -0.0107 -0.9998 0.0159
vn -0.0126 -0.9998 -0.0157
vn -0.0126 -0.9998 0.0145
vn -0.2628 -0.1134 -0.9582
vn -0.7040 -0.0000 0.7102
vn -0.0099 -0.9999 -0.0095
vn -0.7455 0.0169 0.6663
vn -0.0158 -0.9998 0.0109
vn -0.0185 -0.9998 -0.0053
vn -0.9238 0.1075 -0.3674
vn -0.0031 0.9998 -0.0190
vn 0.0013 0.9998 -0.0191
vn -0.3611 0.8589 -0.3631
vn 0.0084 0.9998 -0.0172
vn 0.0115 0.9999 -0.0101
vn 0.0146 0.9998 -0.0126
vn 0.8879 -0.0131 -0.4599
vn 0.8233 -0.0000 -0.5676
vn 0.8233 -0.0001 -0.5676
vn 0.8234 -0.0000 -0.5675
vn 0.7170 -0.6932 -0.0726
vn 0.9998 -0.0098 0.0174
vn 0.7205 -0.6933 0.0178
vn 0.7126 -0.6932 0.1079
vn -0.7102 -0.0151 -0.7039
vn -0.6643 -0.3813 0.6428
vn -0.3579 0.8625 0.3577
vn -0.6283 -0.4374 0.6433
vn 0.9561 -0.0248 -0.2920
vn 0.9463 -0.2578 -0.1951
vn -0.7056 -0.0005 -0.7086
vn -0.9706 0.0853 -0.2249
vn -0.7256 0.0105 -0.6880
vn -0.7096 0.0019 -0.7046
vn -0.9976 0.0629 -0.0292
vn -0.7070 -0.0000 -0.7072
vn -0.9617 -0.0553 0.2684
vn -0.7071 -0.0000 -0.7071
vn -0.7071 -0.0000 -0.7072
vn -0.8198 0.0229 0.5721
vn 0.6269 -0.0198 -0.7789
vn -0.2297 0.0252 0.9729
vn -0.7072 -0.0000 -0.7071
vn -0.3404 0.2063 0.9174
vn -0.2920 0.0513 0.9550
vn -0.7073 -0.0000 -0.7069
vn 0.1682 -0.1724 0.9706
vn -0.1858 0.9649 0.1858
vn -0.5042 0.7014 0.5038
vn -0.1465 0.9783 0.1466
vn 0.7071 -0.0000 0.7071
vn 0.7070 -0.0000 0.7072
vn 0.7073 -0.0000 0.7069
vn 0.7074 -0.0000 0.7068
vn 0.7071 -0.0000 0.7072
vn 0.7068 -0.0000 0.7074
vn 0.7073 -0.0000 0.7070
vn 0.7072 -0.0000 0.7070
vn 0.7071 -0.0001 0.7071
vn 0.7074 -0.0000 0.7069
vn 0.7069 -0.0000 0.7073
vn 0.7063 -0.0000 0.7079
vn 0.7064 -0.0004 0.7078
vn -0.6847 -0.2493 0.6849
vn -0.6532 -0.3832 0.6531
vn -0.6181 -0.4850 0.6187
vn -0.6146 -0.4938 0.6152
vn -0.5095 -0.6927 0.5105
vn -0.3635 -0.8571 0.3651
vn -0.5034 -0.7013 0.5047
vn -0.1889 -0.9632 0.1910
vn -0.3569 -0.8625 0.3588
vn 0.0012 -1.0000 0.0011
vn -0.1847 -0.9649 0.1869
vn 0.1911 -0.9632 -0.1889
vn 0.0012 -1.0000 0.0012
vn 0.3652 -0.8571 -0.3633
vn 0.1869 -0.9649 -0.1848
vn 0.5106 -0.6927 -0.5093
vn 0.3587 -0.8624 -0.3571
vn 0.6185 -0.4851 -0.6181
vn 0.5046 -0.7013 -0.5036
vn 0.6571 -0.3694 -0.6570
vn 0.6848 -0.2496 -0.6847
vn 0.6839 -0.2549 -0.6836
vn 0.7001 -0.1393 -0.7003
vn 0.6835 0.2551 -0.6840
vn 0.6144 0.4940 -0.6152
vn 0.5037 0.7013 -0.5044
vn 0.3576 0.8625 -0.3581
vn 0.1857 0.9649 -0.1859
vn -0.6151 0.4939 0.6146
vn 0.7111 -0.5250 0.4677
vn 0.6151 -0.4939 -0.6145
vn -0.7071 -0.0000 0.7071
vn -0.6667 0.6666 0.3333
vn 1.0000 -0.0001 0.0001
vn -0.3334 0.9107 -0.2440
vn -0.0001 0.0031 -1.0000
vn 0.4964 0.3080 -0.8116
vn 0.9107 0.2440 0.3334
vn -0.0000 -0.0031 -1.0000
vn -1.0000 0.0001 0.0001
vn -0.9107 0.2440 -0.3334
vn -0.0254 -0.0732 0.9970
vn 0.0271 -0.2679 0.9631
vn -0.0342 -0.2676 0.9629
vn -0.0000 -0.0006 1.0000
vn -0.0000 -0.0005 1.0000
vn 0.0275 -0.0006 0.9996
vn -0.0338 0.2628 0.9642
vn 0.0244 0.2630 0.9645
vn 0.6154 -0.4536 -0.6446
vn 0.9992 -0.0133 -0.0373
vn -0.0207 0.0006 -0.9998
vn 0.6646 -0.2540 -0.7027
vn 0.9992 -0.0222 -0.0328
vn 0.9993 0.0256 -0.0270
vn 0.9992 -0.0295 -0.0264
vn 0.9992 -0.0349 -0.0188
vn 0.9993 0.0312 -0.0182
vn 0.9992 -0.0386 -0.0102
vn 0.9994 0.0340 -0.0086
vn 0.9992 -0.0404 -0.0011
vn 0.9994 0.0342 0.0011
vn 0.9996 0.0273 0.0089
vn -0.0348 -0.9738 0.2249
vn 0.9991 -0.0373 0.0182
vn 0.9994 0.0288 0.0187
vn 0.9994 -0.0259 0.0216
vn -0.0312 0.7055 0.7080
vn 0.9994 -0.0206 0.0291
vn -0.0302 0.5032 0.8636
vn 0.6002 0.6928 -0.3998
vn 0.4935 0.3072 -0.8137
vn 0.0317 -0.2630 -0.9643
vn -0.5996 0.7387 -0.3080
vn 0.0208 0.0004 -0.9998
vn -0.9993 -0.0160 -0.0327
vn -0.9991 0.0238 -0.0344
vn 0.0311 -0.7047 -0.7088
vn -0.9994 0.0259 -0.0214
vn -0.9994 -0.0289 -0.0189
vn -0.9991 0.0373 -0.0183
vn 0.0301 -0.9598 -0.2789
vn -0.9992 0.0401 -0.0084
vn -0.9996 -0.0267 -0.0007
vn 0.0366 0.9989 0.0297
vn 0.0311 -0.9739 0.2248
vn -0.9992 0.0386 0.0102
vn -0.9994 -0.0312 0.0181
vn -0.9992 0.0348 0.0186
vn 0.0330 -0.7272 0.6857
vn -0.9995 0.0240 0.0210
vn -0.9993 -0.0176 0.0344
vn -0.9992 0.0221 0.0327
vn -0.0031 -0.9996 -0.0298
vn -0.9107 -0.2440 0.3334
vn -1.0000 -0.0000 0.0001
vn -0.0001 -0.0000 -1.0000
vn -0.0001 0.0001 1.0000
vn 0.0001 0.0001 1.0000
vn 0.9805 0.1483 -0.1289
vn 0.4965 0.3080 -0.8115
vn -0.0001 -0.0000 1.0000
vn -0.0000 0.0001 1.0000
vn 0.0099 0.9998 0.0164
vn 0.0077 0.9998 0.0175
vn 0.7442 0.5670 0.3532
vn -0.0442 0.9835 0.1752
vn 0.0008 0.9998 0.0192
vn -0.0040 0.9998 0.0188
vn -0.0106 0.9998 0.0160
vn -0.0126 0.9998 0.0145
vn -0.7014 -0.0000 0.7128
vn -0.0114 0.9999 0.0102
vn -0.0161 0.9998 -0.0123
vn -0.0158 0.9998 0.0109
vn -0.0166 0.9998 -0.0096
vn -0.0170 0.9998 0.0088
vn -0.0177 0.9998 -0.0075
vn -0.0185 0.9998 -0.0052
vn -0.9996 -0.0099 -0.0248
vn 0.5472 0.6333 0.5472
vn -0.6003 -0.2367 0.7639
vn -0.5296 -0.4758 0.7022
vn -0.4202 -0.6846 0.5957
vn 0.4909 0.7533 -0.4376
vn -0.1130 -0.9546 0.2757
vn -0.0303 -0.9956 0.0887
vn -0.4840 0.7291 -0.4839
vn 0.3186 -0.4772 0.8190
vn 0.1539 0.6591 -0.7361
vn 0.4834 -0.4407 0.7564
vn 0.5379 -0.4116 0.7357
vn 0.5295 -0.4661 0.7088
vn -0.7919 0.3104 0.5260
vn -0.9116 0.0411 0.4089
vn -0.9538 0.0718 0.2919
vn 0.9907 0.0058 -0.1357
vn -0.9730 0.0202 0.2299
vn 0.9976 -0.0151 0.0677
vn 0.9944 -0.0623 0.0857
vn 0.9855 -0.0157 0.1687
vn -0.9560 -0.0543 0.2884
vn 0.9429 -0.0259 0.3319
vn 0.8996 -0.0000 0.4367
vn -0.2667 0.9355 0.2317
vn -0.2405 0.8783 0.4131
vn 0.4046 -0.6983 -0.5905
vn 0.3157 -0.8802 0.3543
vn -0.6187 0.4839 -0.6189
vn -0.7254 0.4485 -0.5222
vn -0.5294 0.5412 -0.6533
vn -0.6627 0.6059 -0.4401
vn -0.4651 0.7000 -0.5419
vn -0.5340 0.7674 -0.3550
vn 0.3860 -0.8572 0.3409
vn -0.4247 0.8700 -0.2503
vn -0.2730 0.9494 -0.1552
vn -0.1308 0.9862 -0.1020
vn -0.1064 0.9943 -0.0072
vn 0.1242 -0.9880 -0.0916
vn 0.2163 0.9375 0.2725
vn 0.1876 0.8939 0.4071
vn 0.2652 0.8345 0.4830
vn 0.4122 0.8493 0.3298
vn 0.2329 0.8446 0.4820
vn 0.3779 0.8768 0.2973
vn -0.6171 -0.4353 -0.6556
vn -0.6189 -0.4839 -0.6188
vn -0.8565 0.4114 -0.3117
vn 0.5040 -0.7014 -0.5040
vn 0.3578 -0.8625 -0.3578
vn -0.5588 -0.6192 0.5516
vn -0.9255 0.3736 -0.0623
vn 0.6148 -0.4940 -0.6148
vn 0.2589 0.3634 -0.8949
vn 0.6894 0.1131 -0.7154
vn -0.5652 -0.8221 0.0692
vn 0.3811 0.8557 -0.3501
vn 0.4286 0.8871 -0.1713
vn 0.2598 0.9553 0.1407
vn -0.7155 -0.6154 -0.3306
vn -0.6425 -0.5687 -0.5136
vn 0.4350 0.8662 0.2460
vn -0.6658 0.2325 0.7090
vn -0.7091 -0.4651 -0.5299
vn 0.1746 -0.9834 -0.0492
vn 0.2074 -0.9574 -0.2011
vn 0.6837 -0.2550 -0.6837
vn 0.1858 0.9649 -0.1858
vn -0.5646 -0.8252 -0.0190
vn -0.4089 -0.0410 0.9117
vn -0.3245 -0.0440 0.9448
vn -0.2639 -0.1028 0.9591
vn -0.2349 0.0236 0.9717
vn -0.2147 -0.1560 0.9641
vn -0.3249 0.0986 0.9406
vn -0.3393 -0.2091 0.9171
vn -0.2881 0.0544 0.9561
vn -0.3315 0.0261 -0.9431
vn -0.1602 -0.0001 -0.9871
vn 0.1358 -0.9907 -0.0122
vn 0.7071 -0.0000 -0.7071
vn 0.6837 0.2550 -0.6837
vn 0.6148 0.4940 -0.6148
vn 0.5040 0.7014 -0.5040
vn 0.3578 0.8625 -0.3578
vn -0.1858 -0.9649 0.1858
vn -0.3578 0.8625 0.3578
vn -0.5040 0.7014 0.5040
vn -0.6148 0.4939 0.6148
vn -0.6837 0.2549 0.6837
vn -0.6837 -0.2550 0.6837
vn -0.6148 -0.4939 0.6148
vn -0.5040 -0.7014 0.5040
vn -0.3578 -0.8625 0.3578
vn 0.2600 -0.8482 -0.4615
vn -0.3278 0.9446 0.0132
vn 0.6688 0.5487 -0.5016
vn 0.3948 -0.6622 -0.6369
vn 0.6113 0.6217 -0.4897
vn -0.8988 -0.0000 -0.4383
vn -0.9393 -0.1405 -0.3131
vn 0.9823 0.0340 -0.1844
vn -0.9880 -0.1301 0.0828
vn -0.9775 -0.0044 0.2108
vn 0.9399 0.0689 -0.3344
vn -0.8416 -0.1533 0.5180
vn -0.8883 -0.1951 0.4157
vn -0.4402 0.7826 -0.4402
vn -0.4890 -0.7222 -0.4891
vn -0.6236 -0.6681 0.4060
vn -0.7019 0.7069 -0.0875
vn -0.3246 -0.0440 0.9448
vn -0.2873 0.0564 0.9562
vn 0.1858 -0.9649 -0.1858
vn -0.2562 -0.8649 0.4315
vn 0.5934 0.7076 -0.3836
vn -0.3182 0.1776 0.9312
vn 0.8712 -0.4740 -0.1281
vn 0.7256 0.4481 0.5222
vn 0.5314 0.5403 0.6525
vn 0.6625 0.6060 0.4402
vn 0.4651 0.7001 0.5418
vn -0.3862 -0.8571 -0.3410
vn 0.2730 0.9494 0.1552
vn 0.1307 0.9862 0.1020
vn 0.1065 0.9943 0.0071
vn -0.1241 -0.9880 0.0918
vn -0.0876 0.9655 -0.2453
vn -0.2163 0.9376 -0.2724
vn 0.2622 -0.9214 0.2868
vn -0.1875 0.8939 -0.4071
vn -0.3768 0.8557 -0.3546
vn -0.2651 0.8345 -0.4830
vn -0.4123 0.8493 -0.3296
vn -0.2331 0.8446 -0.4821
vn -0.3759 0.8772 -0.2989
vn 0.6175 -0.4345 0.6557
vn 0.6188 -0.4842 0.6186
vn 0.3579 -0.8625 -0.3578
vn 0.0511 -0.9833 -0.1744
vn -0.0787 -0.9907 -0.1112
vn 0.3579 0.8625 -0.3579
vn -0.6146 0.0329 0.7881
vn 0.7528 0.2351 -0.6148
vn -0.3155 -0.8805 -0.3539
vn 0.6189 0.4834 0.6191
vn -0.7351 -0.6777 0.0164
vn 0.5296 0.5591 0.6379
vn 0.4133 0.7772 0.4744
vn 0.3044 -0.8777 -0.3701
vn 0.8426 0.4405 0.3097
vn -0.0929 0.9813 0.1688
vn -0.0951 -0.9468 0.3075
vn 0.5708 -0.7477 0.3393
vn -0.4607 0.8516 -0.2500
vn -0.6782 0.7334 0.0454
vn 0.6700 -0.4767 0.5690
vn 0.2896 0.0261 -0.9568
vn 0.1616 -0.0001 0.9869
vn 0.3129 0.1405 0.9393
vn 0.3146 -0.1247 0.9410
vn 0.2302 0.1911 0.9542
vn 0.0193 -0.0600 0.9980
vn -0.0828 0.1299 0.9881
vn -0.2109 0.0044 0.9775
vn -0.3280 0.0744 0.9417
vn -0.1858 -0.9649 0.1857
vn -0.6148 -0.4940 0.6148
vn -0.5885 -0.2302 0.7751
vn -0.7388 -0.0470 0.6723
vn -0.6148 0.4940 0.6148
vn -0.7570 0.1534 0.6352
vn 0.6837 -0.2549 -0.6837
vn -0.5028 0.4607 0.7314
vn -0.5810 0.6199 0.5274
vn -0.3155 -0.8804 -0.3541
vn -0.7352 -0.6777 0.0166
vn 0.2004 -0.9592 -0.1992
vn 0.6130 -0.6729 0.4141
vn -0.3722 0.8782 -0.3004
vn 0.6990 0.5208 0.4901
vn 0.6697 -0.4771 0.5691
vn 0.6559 -0.4339 0.6176
vn 0.6190 -0.4834 0.6190
vn 0.0192 -0.0600 0.9980
vn -0.4014 0.0103 0.9158
vn -0.6837 0.2550 0.6837
vn -0.4651 0.3748 0.8020
vn 0.5994 -0.7251 -0.3390
vn 0.7256 0.4480 0.5223
vn 0.3548 -0.4735 -0.8062
vn -0.1222 -0.8683 -0.4808
vn -0.3860 -0.8571 -0.3410
vn 0.4248 0.8700 0.2501
vn 0.2729 0.9494 0.1552
vn 0.1065 0.9943 0.0072
vn -0.1242 -0.9880 0.0916
vn -0.0876 0.9655 -0.2452
vn -0.2164 0.9375 -0.2725
vn -0.3770 0.8557 -0.3545
vn -0.2652 0.8345 -0.4830
vn -0.4121 0.8494 -0.3297
vn -0.3757 0.8773 -0.2987
vn 0.6173 -0.4348 0.6557
vn 0.4239 -0.6699 -0.6095
vn 0.5040 -0.7014 0.5040
vn 0.6148 -0.4940 0.6148
vn 0.6837 -0.2550 0.6837
vn 0.3578 -0.8625 0.3578
vn 0.1858 -0.9649 0.1858
vn 0.6837 0.2550 0.6837
vn 0.6148 0.4940 0.6148
vn -0.1858 -0.9649 -0.1858
vn 0.5040 0.7014 0.5040
vn -0.3578 -0.8625 -0.3578
vn 0.3578 0.8625 0.3578
vn -0.5040 -0.7014 -0.5040
vn 0.1858 0.9649 0.1858
vn -0.6148 -0.4940 -0.6148
vn -0.6837 -0.2550 -0.6837
vn -0.1858 0.9649 -0.1858
vn -0.3578 0.8625 -0.3578
vn -0.6837 0.2550 -0.6837
vn -0.5040 0.7014 -0.5040
vn -0.6148 0.4940 -0.6148
vn -0.6837 -0.2549 -0.6837
vn -0.5885 -0.6027 -0.5390
vn -0.5071 -0.5098 -0.6949
vn -0.6112 -0.6217 -0.4897
vn -0.2299 -0.9071 -0.3525
vn -0.2496 -0.9206 -0.3002
vn -0.2964 -0.9493 -0.1043
vn -0.4592 -0.7885 -0.4093
vn -0.4791 -0.8020 -0.3566
vn -0.3930 -0.7117 -0.5822
vn -0.6838 0.2550 -0.6837
vn -0.6837 0.2550 -0.6838
vn 0.6838 -0.2550 0.6837
vn -0.2299 0.9071 -0.3525
vn 0.6400 0.1024 0.7615
vn 0.7921 -0.0345 0.6095
vn -0.2539 0.9650 -0.0655
vn 0.6361 0.1546 0.7559
vn -0.0002 1.0000 -0.0002
vn -0.1934 0.9279 -0.3188
vn 0.6673 0.5467 0.5058
vn 0.1859 0.9649 0.1857
vn 0.0939 0.9912 0.0937
vn 0.5815 0.7112 0.3950
vn 0.3562 0.8012 0.4808
vn 0.4644 0.8423 0.2735
vn -0.1858 -0.9649 -0.1857
vn 0.1858 -0.9649 0.1857
vn -0.2539 0.9650 -0.0654
vn 0.1858 0.9649 0.1857
vn -0.1858 0.9649 -0.1857
vn 0.3579 0.8625 0.3579
vn -0.6148 0.4939 -0.6148
vn 0.5039 0.7015 0.5039
vn -0.6837 0.2549 -0.6837
vn 0.6837 0.2549 0.6837
vn -0.6148 -0.4939 -0.6148
vn -0.6148 -0.4941 -0.6148
vn 0.5996 -0.3508 0.7193
vn 0.6837 -0.2549 0.6837
vn 0.6940 -0.5091 0.5091
vn 0.5246 -0.4701 0.7097
vn 0.5039 -0.7015 0.5039
vn 0.6112 -0.6217 0.4898
vn -0.1857 -0.9649 -0.1857
vn 0.3579 -0.8625 0.3579
vn -0.6837 -0.2549 -0.6838
vn 0.5039 -0.7015 0.5040
vn 0.6838 0.2549 0.6837
vn 0.1359 -0.9906 0.0122
vn 0.1303 -0.9894 0.0638
vn -0.5983 0.3518 -0.7199
vn -0.7753 0.2192 -0.5923
vn 0.3528 -0.9075 0.2280
vn 0.5040 -0.7013 0.5040
vn 0.2445 -0.8665 0.4353
vn -0.6029 0.3904 -0.6958
vn -0.1857 0.9649 -0.1857
vn 0.1857 0.9649 0.1857
vn 0.5040 0.7013 0.5040
vn 0.5039 0.7015 0.5040
vn 0.3579 0.8625 0.3578
vn 0.1857 -0.9649 0.1857
vn 0.9743 0.2224 -0.0349
vn 0.3195 0.0834 0.9439
vn -0.0374 -0.0005 0.9993
vn -0.0360 0.0106 0.9993
vn 0.0335 0.0175 0.9993
vn -0.0325 0.0197 0.9993
vn 0.7374 0.6746 -0.0343
vn -0.0212 0.0221 0.9995
vn 0.0208 0.0327 0.9992
vn -0.0187 0.0341 0.9992
vn 0.0115 0.0374 0.9992
vn -0.2331 0.9719 -0.0328
vn 0.0327 0.9992 -0.0207
vn 0.0309 -0.3046 0.9520
vn -0.0116 -0.0373 0.9992
vn -0.0329 -0.9992 -0.0207
vn -0.5367 -0.8432 -0.0324
vn -0.7374 -0.6749 -0.0268
vn -0.8859 -0.4627 -0.0317
vn -0.9745 -0.2222 -0.0314
vn 0.2332 -0.9719 0.0328
vn 0.2333 -0.9724 -0.0000
vn -0.0007 -0.0000 -1.0000
vn -0.0329 -0.9992 0.0207
vn -0.0000 0.0016 -1.0000
vn 0.0367 0.0082 -0.9993
vn 0.9990 -0.0319 0.0311
vn 0.9995 -0.0313 -0.0005
vn 0.0335 0.0176 -0.9993
vn 0.0228 0.0204 -0.9995
vn 0.0208 0.0327 -0.9992
vn 0.0116 0.0373 -0.9992
vn 0.0345 0.9992 0.0207
vn -0.2314 0.9723 0.0328
vn -0.0186 0.0341 -0.9992
vn -0.6915 0.7216 0.0344
vn -0.0325 0.0196 -0.9993
vn -0.0361 0.0106 -0.9993
vn -0.0320 0.0007 -0.9995
vn -0.9745 -0.2221 0.0314
vn -0.8860 -0.4626 0.0317
vn -0.0282 -0.0259 -0.9993
vn -0.5367 -0.8431 0.0324
vn -0.0115 -0.0374 -0.9992
vn -0.3129 -0.6162 -0.7228
vn 0.0692 -0.6963 -0.7144
vn 0.8550 -0.5177 0.0318
vn 0.9587 -0.2827 0.0314
vn 0.3841 -0.9190 0.0886
vn 0.9592 -0.2828 -0.0000
vn 0.7824 -0.6211 -0.0460
vn 0.6931 -0.7208 -0.0000
vn 0.7378 0.6750 -0.0000
vn 0.8864 0.4629 -0.0000
vn 0.9749 0.2225 -0.0000
vn 0.9749 0.2224 -0.0000
vn 0.5369 0.8437 0.0002
vn 0.5369 0.8436 -0.0000
vn 0.9954 0.0962 -0.0000
vn 0.9995 -0.0313 -0.0000
vn 0.9995 -0.0312 -0.0000
vn 0.9954 0.0963 -0.0001
vn 0.2963 0.9551 0.0001
vn 0.2962 0.9551 -0.0000
vn 0.9591 -0.2830 -0.0000
vn 0.0328 0.9995 -0.0000
vn 0.8554 -0.5179 -0.0000
vn -0.2333 0.9724 -0.0000
vn 0.6932 -0.7207 -0.0000
vn -0.4813 0.8766 -0.0000
vn 0.4813 -0.8766 -0.0000
vn -0.6932 0.7208 -0.0000
vn -0.8554 0.5179 -0.0000
vn 0.1013 -0.9949 -0.0000
vn -0.0329 -0.9995 -0.0000
vn -0.9591 0.2830 -0.0000
vn -0.2962 -0.9551 -0.0000
vn -0.9995 0.0312 -0.0000
vn -0.9995 0.0311 -0.0000
vn -0.4210 -0.9071 -0.0000
vn -0.5370 -0.8436 -0.0000
vn -0.9749 -0.2225 -0.0000
vn -0.9954 -0.0963 -0.0000
vn -0.9954 -0.0961 -0.0000
vn -0.7378 -0.6750 -0.0000
vn -0.8864 -0.4629 -0.0000
vn -0.8864 -0.4630 -0.0000
vn -0.8194 -0.5732 -0.0000
vn -0.8195 -0.5731 -0.0000
vn 0.9749 0.2224 -0.0002
vn 0.9995 -0.0312 -0.0002
vn 0.9954 0.0963 -0.0000
vn 0.9591 -0.2830 -0.0002
vn 0.0327 0.9995 -0.0000
vn 0.8478 -0.5133 0.1335
vn -0.1013 0.9949 -0.0000
vn -0.1014 0.9948 -0.0000
vn 0.7510 -0.6524 -0.1015
vn 0.6369 -0.7617 0.1194
vn -0.6932 0.7207 -0.0000
vn 0.3610 -0.9326 -0.0000
vn 0.3196 -0.9419 -0.1038
vn 0.1624 -0.9791 0.1221
vn -0.0328 -0.9995 -0.0000
vn -0.2963 -0.9551 -0.0000
vn -0.9954 0.0188 0.0935
vn -0.9874 0.1581 -0.0000
vn -0.9995 0.0309 0.0002
vn -0.4208 -0.9071 -0.0000
vn -0.5369 -0.8437 -0.0000
vn -0.9749 -0.2224 -0.0000
vn -0.9953 -0.0967 0.0002
vn -0.9750 -0.2223 0.0003
vn -0.9814 -0.1909 0.0206
vn -0.8865 -0.4628 -0.0002
vn -0.9607 -0.2433 -0.1337
vn -0.8195 -0.5732 -0.0000
vn 0.9954 0.0958 -0.0000
vn -0.9888 0.0927 0.1169
vn -0.9874 0.1582 -0.0000
vn -0.9441 0.3025 -0.1307
vn -0.9749 -0.2225 0.0001
vn -0.9954 -0.0962 -0.0000
vn -0.9095 -0.3989 0.1171
vn -0.9259 -0.3679 -0.0861
vn -0.6857 -0.7185 0.1168
vn 0.8194 0.5732 -0.0000
vn -0.6436 -0.7653 -0.0000
vn -0.5369 -0.8436 -0.0000
vn -0.1012 0.9949 -0.0000
vn -0.4209 -0.9071 -0.0000
vn 0.5370 0.8436 0.0001
vn 0.9749 0.2225 -0.0001
vn 0.4453 0.8909 -0.0897
vn 0.7311 0.6689 0.1343
vn 0.5117 0.8484 0.1354
vn 0.9995 -0.0312 -0.0001
vn 0.9592 -0.2829 0.0002
vn -0.2980 0.9471 -0.1193
vn -0.4976 0.8568 -0.1355
vn 0.8555 -0.5179 -0.0000
vn 0.8554 -0.5179 0.0004
vn 0.6931 -0.7208 0.0001
vn -0.9591 0.2829 -0.0000
vn -0.9874 0.1580 -0.0000
vn -0.9874 0.1581 -0.0001
vn 0.1014 -0.9948 -0.0000
vn 0.1018 -0.9948 -0.0003
vn -0.1672 -0.9853 0.0361
vn 0.0988 -0.9940 0.0478
vn -0.6436 -0.7654 -0.0000
vn -0.1014 0.9949 -0.0000
vn -0.8555 0.5178 -0.0000
vn -0.7815 0.6239 -0.0000
vn -0.8554 0.5180 -0.0000
vn -0.6933 0.7206 -0.0000
vn -0.4812 0.8766 -0.0000
vn -0.9592 0.2828 -0.0000
vn -0.9592 0.2829 -0.0000
vn -0.9995 0.0313 -0.0000
vn -0.9750 -0.2223 -0.0000
vn -0.9750 -0.2222 -0.0000
vn -0.7377 -0.6751 -0.0000
vn 0.7378 0.6750 -0.0002
vn 0.7376 0.6752 -0.0000
vn 0.8864 0.4628 -0.0000
vn 0.8864 0.4630 -0.0000
vn 0.8195 0.5730 -0.0000
vn 0.9749 0.2226 -0.0000
vn 0.9750 0.2224 -0.0000
vn 0.9954 0.0960 -0.0000
vn 0.9995 -0.0318 -0.0000
vn 0.8554 -0.5180 -0.0000
vn -0.8553 0.5181 -0.0000
vn -0.6934 0.7206 -0.0000
vn -0.6931 0.7208 -0.0000
vn -0.9875 0.1576 -0.0000
vn -0.9995 0.0307 -0.0000
vn 0.8864 0.4630 -0.0002
vn 0.8195 0.5731 -0.0000
vn 0.9953 0.0964 -0.0000
vn 0.9995 -0.0313 -0.0006
vn 0.3617 -0.9316 -0.0360
vn 0.1039 -0.9935 -0.0476
vn -0.0000 0.8660 -0.5001
vn 0.9993 0.0370 -0.0099
vn 0.9993 0.0333 -0.0190
vn -0.0000 0.9659 -0.2588
vn 0.9993 0.0384 -0.0000
vn -0.0200 0.2588 -0.9657
vn -0.0270 -0.2599 -0.9653
vn -0.0203 0.0001 -0.9998
vn 0.9993 0.0192 -0.0333
vn 0.9993 -0.0192 -0.0333
vn 0.9995 0.0216 -0.0216
vn -0.0343 -0.7067 -0.7067
vn 0.9993 -0.0333 -0.0192
vn 0.9993 -0.0371 -0.0099
vn 0.9993 -0.0384 -0.0000
vn 0.9993 0.0370 0.0099
vn 0.9993 -0.0370 0.0099
vn 0.9993 0.0332 0.0192
vn 0.9993 -0.0332 0.0191
vn -0.0343 0.7068 0.7066
vn 0.9995 -0.0216 0.0216
vn 0.9993 0.0192 0.0333
vn 0.9993 -0.0192 0.0333
vn 0.9993 0.0099 0.0371
vn -0.0321 -0.2586 0.9655
vn -0.0202 -0.0000 0.9998
vn -0.0000 0.9659 0.2588
vn -0.0000 0.8660 0.5000
vn -0.0000 0.7072 0.7070
vn -0.0000 0.5000 0.8660
vn -0.0000 0.2586 0.9660
vn -0.0000 -0.2586 0.9660
vn -0.0000 -0.5000 0.8660
vn -0.0000 -0.7072 0.7070
vn -0.0000 -0.8660 0.5000
vn -0.0000 -0.9659 0.2589
vn -0.0000 -0.9659 -0.2588
vn -0.0000 -0.8660 -0.5001
vn -0.0000 -0.7071 -0.7071
vn -0.0000 -0.5000 -0.8660
vn -0.0000 -0.2588 -0.9659
vn -0.0000 -0.2584 -0.9660
vn -0.0000 0.2588 -0.9659
vn -0.0000 0.2589 -0.9659
vn -0.0002 0.2584 -0.9660
vn -0.0000 0.5000 -0.8660
vn -0.0304 0.2269 -0.9734
vn 0.9992 -0.0015 -0.0391
vn -0.0199 -0.0259 -0.9995
vn 0.9994 0.0139 -0.0326
vn 0.9997 -0.0229 -0.0013
vn 0.9994 0.0218 -0.0276
vn -0.0339 -0.5279 -0.8486
vn 0.9994 -0.0260 -0.0216
vn 0.9994 0.0285 -0.0206
vn 0.9991 -0.0383 -0.0184
vn 0.9994 0.0333 -0.0121
vn 0.9991 -0.0417 -0.0083
vn 0.9996 0.0280 -0.0018
vn -0.0380 -0.9976 0.0572
vn 0.9993 0.0356 0.0082
vn 0.9991 -0.0395 0.0122
vn 0.9993 0.0321 0.0184
vn 0.9992 -0.0345 0.0208
vn -0.0332 0.7289 0.6838
vn 0.9995 -0.0229 0.0220
vn 0.9993 0.0173 0.0333
vn 0.9993 -0.0202 0.0328
vn 0.9993 0.0077 0.0367
vn -0.0318 -0.2270 0.9734
vn -0.0198 0.0261 0.9995
vn 0.0304 -0.2271 0.9734
vn 0.0199 0.0260 0.9995
vn -0.9994 -0.0141 0.0327
vn 0.0312 -0.6700 0.7417
vn -0.9994 -0.0284 0.0211
vn -0.9994 -0.0333 0.0121
vn -0.9996 -0.0280 0.0017
vn -0.9993 -0.0355 -0.0083
vn -0.9993 -0.0320 -0.0185
vn 0.0333 -0.7288 -0.6839
vn 0.0330 -0.5217 -0.8525
vn -0.9993 -0.0077 -0.0371
vn 0.0198 -0.0261 -0.9995
vn 0.0318 0.2268 -0.9734
vn -0.9993 0.0173 -0.0341
vn -0.9995 0.0229 -0.0219
vn -0.9992 0.0366 -0.0180
vn -0.9991 0.0382 -0.0156
vn 0.0382 0.9976 -0.0571
vn -0.9991 0.0416 0.0083
vn -0.9991 0.0383 0.0182
vn -0.9994 0.0259 0.0215
vn -0.9992 0.0235 0.0336
vn -0.9992 0.0139 0.0363
vn -0.0298 0.1369 -0.9901
vn 0.9992 -0.0217 -0.0337
vn -0.0200 -0.1116 -0.9935
vn 0.9994 0.0056 -0.0354
vn 0.9991 -0.0297 -0.0298
vn -0.0298 0.6130 -0.7895
vn 0.9993 -0.0314 -0.0194
vn 0.9994 0.0235 -0.0240
vn 0.9989 -0.0434 -0.0170
vn 0.9995 0.0291 -0.0144
vn 0.9988 -0.0479 -0.0077
vn 0.9997 0.0230 -0.0025
vn -0.0454 -0.9959 0.0783
vn 0.9995 0.0296 0.0077
vn 0.9988 -0.0474 0.0143
vn 0.9995 0.0251 0.0171
vn 0.9988 -0.0417 0.0241
vn -0.0263 0.7527 0.6578
vn 0.9993 -0.0283 0.0249
vn 0.9995 0.0114 0.0299
vn 0.9991 -0.0238 0.0354
vn 0.9994 0.0035 0.0336
vn -0.0322 -0.1364 0.9901
vn -0.0181 0.1122 0.9935
vn -0.9991 0.0297 0.0299
vn -0.9993 0.0314 0.0195
vn -0.9992 0.0202 0.0338
vn 0.0199 0.1118 0.9935
vn 0.0300 -0.1369 0.9901
vn -0.9993 -0.0058 0.0358
vn 0.0298 -0.6130 0.7895
vn -0.9994 -0.0235 0.0238
vn -0.9995 -0.0293 0.0141
vn -0.9997 -0.0230 0.0025
vn -0.9995 -0.0297 -0.0078
vn -0.9995 -0.0251 -0.0172
vn 0.0263 -0.7528 -0.6577
vn -0.9995 -0.0113 -0.0298
vn -0.9994 -0.0017 -0.0339
vn 0.0187 -0.1121 -0.9935
vn 0.0322 0.1363 -0.9901
vn -0.9991 0.0219 -0.0358
vn -0.9993 0.0286 -0.0250
vn -0.9988 0.0418 -0.0241
vn -0.9988 0.0474 -0.0142
vn 0.0454 0.9959 -0.0782
vn -0.9988 0.0479 0.0078
vn -0.9989 0.0433 0.0171
vn 0.9705 0.2379 -0.0377
vn 0.0433 -0.0160 0.9989
vn 0.9996 -0.0001 -0.0282
vn 0.0417 0.0139 0.9990
vn 0.0424 -0.0207 0.9989
vn 0.7402 0.6713 -0.0386
vn 0.0318 -0.0242 0.9992
vn 0.0274 0.0252 0.9993
vn 0.5198 -0.8533 -0.0413
vn 0.0187 -0.0371 0.9991
vn 0.2934 0.9554 -0.0339
vn 0.0098 0.0300 0.9995
vn -0.0163 -0.9991 -0.0402
vn -0.0017 0.0368 0.9993
vn -0.0026 -0.0420 0.9991
vn -0.0117 0.0313 0.9994
vn -0.0119 -0.0360 0.9993
vn -0.7306 0.6823 -0.0259
vn -0.0130 -0.0232 0.9996
vn -0.0186 0.0122 0.9998
vn -0.8848 -0.4653 -0.0236
vn -0.0249 -0.0115 0.9996
vn -0.9704 0.2405 -0.0207
vn -1.0000 0.0003 -0.0092
vn -0.9996 -0.0000 0.0284
vn -0.9700 0.2398 0.0393
vn -0.0440 -0.0036 -0.9990
vn -0.0418 -0.0141 -0.9990
vn -0.7403 -0.6712 0.0386
vn -0.0305 -0.0299 -0.9991
vn -0.2933 -0.9553 0.0364
vn -0.0160 -0.9999 -0.0029
vn -0.0099 -0.0299 -0.9995
vn 0.2655 -0.9636 0.0318
vn 0.0117 -0.0313 -0.9994
vn 0.7306 -0.6824 0.0257
vn 0.0238 -0.0146 -0.9996
vn 0.9704 -0.2405 0.0198
vn 1.0000 -0.0002 0.0092
vn 0.0252 0.0126 -0.9996
vn 0.0226 0.0200 -0.9995
vn 0.0130 0.0234 -0.9996
vn 0.0117 0.0359 -0.9993
vn 0.0026 0.0420 -0.9991
vn 0.0165 0.9991 0.0402
vn -0.0204 0.0429 -0.9989
vn -0.0304 0.0374 -0.9988
vn -0.0315 0.0243 -0.9992
vn -0.0412 0.0230 -0.9989
vn 0.9996 0.0022 -0.0274
vn -0.0270 -0.2010 -0.9792
vn -0.0151 0.0006 -0.9999
vn 0.9993 -0.0184 -0.0331
vn 0.9996 0.0077 -0.0269
vn 0.9993 -0.0253 -0.0260
vn 0.9995 0.0144 -0.0265
vn 0.9987 -0.0451 -0.0255
vn -0.0304 0.7269 -0.6860
vn 0.9029 -0.0523 -0.4267
vn 0.9992 0.0349 -0.0200
vn -0.0476 -0.9854 0.1636
vn 0.9993 0.0355 -0.0064
vn 0.9990 -0.0410 0.0201
vn 0.9038 0.2018 -0.3774
vn 0.9995 -0.0242 0.0200
vn 0.9989 0.0389 0.0254
vn 0.9994 -0.0288 0.0211
vn -0.0366 0.6477 0.7610
vn 1.0000 -0.0086 0.0002
vn 0.9996 0.0097 0.0282
vn -0.0232 -0.3678 0.9296
vn 0.9996 -0.0083 0.0275
vn -0.0257 0.2013 0.9792
vn -0.0150 -0.0005 0.9999
vn 0.0154 -0.0004 0.9999
vn 0.0277 0.2015 0.9791
vn -0.9996 -0.0023 0.0273
vn -0.9996 -0.0077 0.0266
vn 0.0266 -0.5509 0.8341
vn 0.0303 -0.7270 0.6860
vn -0.9992 -0.0349 0.0197
vn -0.9993 -0.0356 0.0063
vn -0.9037 -0.2019 0.3775
vn -0.9989 -0.0388 -0.0255
vn 0.0368 -0.6476 -0.7611
vn -0.9994 -0.0121 -0.0329
vn 0.0261 -0.2011 -0.9792
vn 0.0153 0.0005 -0.9999
vn -0.9996 0.0084 -0.0274
vn -0.9995 0.0161 -0.0263
vn -0.9994 0.0179 -0.0280
vn -0.9995 0.0243 -0.0199
vn -0.9990 0.0412 -0.0200
vn 0.0476 0.9854 -0.1636
vn -0.9034 0.0520 0.4256
vn -0.9986 0.0452 0.0257
vn -0.9994 0.0251 0.0255
vn -0.9993 0.0211 0.0320
vn 0.7001 -0.5790 -0.4178
vn 0.2133 0.0929 -0.9726
vn 0.9991 -0.0270 -0.0322
vn -0.0291 0.7105 -0.7031
vn 0.9993 -0.0294 -0.0215
vn 0.9995 0.0258 -0.0194
vn 0.9990 -0.0411 -0.0200
vn 0.9995 0.0296 -0.0092
vn 0.9989 -0.0459 -0.0114
vn 0.9998 0.0221 0.0012
vn 0.5480 -0.4905 -0.6776
vn 0.9996 0.0276 0.0115
vn 0.5646 -0.6692 -0.4831
vn 0.9995 0.0228 0.0201
vn 0.9988 -0.0440 0.0194
vn -0.0269 0.6851 0.7280
vn 0.9993 -0.0315 0.0222
vn 0.9994 0.0086 0.0322
vn 0.9990 -0.0285 0.0338
vn 0.9994 -0.0000 0.0359
vn -0.0343 -0.2549 0.9663
vn -0.0197 -0.0005 0.9998
vn 0.0335 0.2493 0.9678
vn -0.9991 0.0268 0.0316
vn 0.0193 -0.0008 0.9998
vn -0.9993 -0.0007 0.0369
vn -0.9994 -0.0103 0.0335
vn 0.0291 -0.7105 0.7031
vn -0.9995 -0.0257 0.0198
vn -0.9760 -0.0964 0.1951
vn -0.9998 -0.0222 -0.0013
vn 0.0235 -0.9547 -0.2966
vn -0.9997 -0.0182 -0.0168
vn 0.0269 -0.6851 -0.7280
vn -0.9994 -0.0085 -0.0322
vn 0.0286 -0.2498 -0.9679
vn 0.6796 -0.0058 -0.7335
vn 0.0192 0.0004 -0.9998
vn 0.6807 0.1812 -0.7098
vn -0.9991 0.0190 -0.0369
vn -0.9990 0.0288 -0.0341
vn -0.9993 0.0316 -0.0221
vn 0.0415 0.8729 -0.4861
vn -0.9988 0.0478 -0.0095
vn 0.0091 0.9993 0.0358
vn -0.9992 0.0404 0.0012
vn 0.0432 0.9540 0.2968
vn -0.9990 0.0409 0.0201
vn -0.9993 0.0295 0.0219
vn -0.0276 0.2198 -0.9752
vn 0.9995 -0.0073 -0.0323
vn -0.0171 0.0001 -0.9999
vn 0.9994 0.0153 -0.0315
vn 0.9994 -0.0153 -0.0314
vn 0.9995 0.0195 -0.0231
vn -0.0338 -0.6430 -0.7651
vn 0.9994 0.0291 -0.0198
vn -0.0345 -0.8237 -0.5660
vn 0.9990 -0.0418 -0.0133
vn 0.9990 0.0419 -0.0133
vn 0.9993 -0.0385 -0.0000
vn -0.0380 0.9993 0.0014
vn 0.9993 0.0358 0.0115
vn -0.0371 -0.9527 0.3017
vn 0.9992 -0.0340 0.0233
vn 0.9992 0.0339 0.0232
vn 0.9997 -0.0162 0.0192
vn -0.0265 0.6432 0.7653
vn 0.9994 0.0153 0.0314
vn 0.9994 -0.0153 0.0315
vn 0.9994 0.0073 0.0324
vn -0.0276 -0.2198 0.9751
vn -0.0171 -0.0001 0.9999
vn 0.0276 -0.2211 -0.9749
vn -0.9994 -0.0153 -0.0315
vn 0.0171 -0.0015 -0.9999
vn -0.9994 0.0073 -0.0324
vn -0.9994 0.0153 -0.0316
vn 0.0339 0.6428 -0.7653
vn -0.9992 0.0340 -0.0232
vn -0.9990 0.0419 -0.0132
vn -0.9990 0.0450 0.0001
vn -0.9990 0.0419 0.0132
vn -0.9992 0.0338 0.0233
vn -0.9995 0.0193 0.0231
vn -0.9994 0.0152 0.0315
vn 0.0276 0.2196 0.9752
vn 0.0171 -0.0000 0.9999
vn -0.9994 -0.0074 0.0324
vn -0.9994 -0.0154 0.0315
vn 0.0339 -0.6440 0.7643
vn -0.9992 -0.0340 0.0232
vn -0.9990 -0.0420 0.0131
vn -0.9990 -0.0450 -0.0001
vn -0.9990 -0.0418 -0.0134
vn -0.9992 -0.0337 -0.0234
vn -0.9995 -0.0193 -0.0231
vn -0.0289 0.2380 -0.9708
vn 0.9993 -0.0118 -0.0349
vn -0.0186 -0.0001 -0.9998
vn 0.9994 0.0138 -0.0323
vn 0.9992 -0.0207 -0.0329
vn -0.0316 0.6699 -0.7418
vn 0.9995 -0.0242 -0.0226
vn 0.9995 0.0251 -0.0181
vn -0.0364 -0.8526 -0.5213
vn 0.9993 -0.0372 -0.0094
vn -0.0312 0.9554 -0.2937
vn 0.9996 0.0300 -0.0005
vn -0.0403 -0.9991 0.0159
vn 0.9993 0.0368 0.0110
vn 0.9990 -0.0420 0.0119
vn 0.9993 0.0313 0.0210
vn 0.9991 -0.0360 0.0213
vn -0.0327 0.6822 0.7304
vn 0.9995 -0.0232 0.0223
vn 0.9995 0.0120 0.0281
vn -0.0318 -0.4653 0.8846
vn 0.9993 -0.0115 0.0344
vn -0.0293 0.2404 0.9702
vn -0.0187 0.0002 0.9998
vn 0.0192 0.0001 0.9998
vn 0.0303 0.2398 0.9703
vn -0.9994 -0.0029 0.0347
vn -0.9994 -0.0141 0.0325
vn 0.0317 -0.6711 0.7407
vn -0.9993 -0.0299 0.0211
vn 0.0337 -0.9553 0.2936
vn -0.0031 -0.9999 0.0160
vn -0.9996 -0.0299 0.0005
vn 0.0343 -0.9636 -0.2652
vn -0.9993 -0.0313 -0.0208
vn 0.0327 -0.6824 -0.7303
vn -0.9993 -0.0146 -0.0332
vn 0.0289 -0.2403 -0.9703
vn 0.0185 -0.0001 -0.9998
vn -0.9993 0.0125 -0.0348
vn -0.9993 0.0177 -0.0334
vn -0.9995 0.0234 -0.0223
vn -0.9991 0.0359 -0.0211
vn -0.9990 0.0420 -0.0119
vn 0.0404 0.9991 -0.0162
vn -0.9990 0.0429 0.0110
vn -0.9991 0.0377 0.0208
vn -0.9995 0.0240 0.0225
vn -0.9992 0.0208 0.0333
vt 0.000000 0.000000
vt 0.035300 0.964701
vt 0.035300 0.035299
vt 0.000100 0.000100
vt 0.964700 0.035299
vt 0.999900 0.000100
vt 0.964700 0.964701
vt 0.999900 0.999900
vt 0.000100 0.999900
s 1
g off
g Ring_Material.010
usemtl Material.010
f 1/1/1 2/1/2 54/1/3
f 15/1/1 7/1/2 16/1/3
f 14/1/4 9/1/2 3/1/3
f 9/1/2 14/1/4 5/1/2
f 5/1/2 14/1/4 6/1/2
f 6/1/2 14/1/4 35/1/5
f 8/1/1 11/1/2 10/1/6
f 11/1/2 8/1/1 22/1/7
f 11/1/2 22/1/7 6/1/2
f 6/1/2 22/1/7 24/1/7
f 24/1/7 22/1/7 2/1/2
f 24/1/7 2/1/2 1/1/1
f 6/1/2 24/1/7 7/1/2
f 6/1/2 7/1/2 4/1/8
f 4/1/8 7/1/2 15/1/1
f 6/1/2 4/1/8 5/1/2
f 10/1/6 98/1/9 13/1/10
f 98/1/9 10/1/6 12/1/2
s 0
f 12/1/11 10/1/12 11/1/13
s 1
f 3/1/3 45/1/14 14/1/4
f 45/1/14 3/1/3 44/1/15
f 44/1/15 3/1/3 15/1/1
f 44/1/15 15/1/1 20/1/16
f 20/1/16 15/1/1 16/1/3
f 20/1/16 16/1/3 19/1/17
f 19/1/17 16/1/3 1/1/1
f 19/1/17 1/1/1 18/1/18
f 18/1/18 1/1/1 54/1/3
f 18/1/18 54/1/3 17/1/19
f 17/1/19 54/1/3 8/1/1
f 17/1/19 8/1/1 46/1/20
f 46/1/20 8/1/1 10/1/6
f 46/1/20 10/1/6 41/1/21
f 8/1/1 23/1/22 22/1/7
f 23/1/22 8/1/1 101/1/23
f 101/1/23 8/1/1 21/1/24
f 101/1/23 21/1/24 56/1/25
f 1/1/1 25/1/22 24/1/7
f 25/1/22 1/1/1 103/1/23
f 103/1/23 1/1/1 58/1/26
f 103/1/23 58/1/26 60/1/25
f 15/1/1 29/1/22 4/1/8
f 29/1/22 15/1/1 28/1/23
f 28/1/23 15/1/1 26/1/27
f 28/1/23 26/1/27 27/1/25
f 71/1/22 34/1/28 66/1/29
f 34/1/28 71/1/22 33/1/22
f 33/1/22 71/1/22 45/1/14
f 45/1/14 71/1/22 14/1/4
f 14/1/4 71/1/22 30/1/30
f 30/1/30 71/1/22 78/1/31
f 78/1/31 31/1/32 32/1/22
f 31/1/32 78/1/31 73/1/22
f 73/1/22 78/1/31 71/1/22
f 14/1/4 91/1/33 35/1/5
f 91/1/33 14/1/4 30/1/30
f 37/1/26 6/1/13 12/1/13
f 6/1/13 37/1/26 36/1/34
f 98/1/35 97/1/36 96/1/37
f 97/1/36 98/1/35 92/1/38
f 92/1/38 98/1/35 91/1/33
f 91/1/33 98/1/35 35/1/5
s 0
f 35/1/39 98/1/40 12/1/22
f 35/1/13 12/1/13 6/1/13
s 1
f 97/1/36 84/1/41 95/1/42
f 84/1/41 97/1/36 92/1/38
f 11/1/43 37/1/43 12/1/43
f 37/1/43 39/1/44 67/1/45
f 39/1/44 37/1/43 38/1/43
f 38/1/43 37/1/43 42/1/46
f 42/1/46 37/1/43 11/1/43
f 38/1/43 42/1/46 41/1/21
f 13/1/10 98/1/9 40/1/13
f 40/1/13 98/1/9 99/1/47
f 115/1/48 99/1/47 98/1/9
f 40/1/13 10/1/6 13/1/10
f 10/1/6 40/1/13 41/1/21
f 41/1/21 40/1/13 38/1/43
f 34/1/28 37/1/26 67/1/49
f 37/1/26 34/1/28 36/1/34
f 42/1/46 49/1/26 41/1/21
f 49/1/26 42/1/46 36/1/34
f 49/1/26 36/1/34 50/1/26
f 49/1/26 50/1/26 43/1/26
f 43/1/26 50/1/26 17/1/19
f 50/1/26 36/1/34 48/1/26
f 48/1/26 36/1/34 47/1/26
f 48/1/26 47/1/26 19/1/17
f 47/1/26 36/1/34 51/1/26
f 51/1/26 36/1/34 44/1/15
f 44/1/15 36/1/34 45/1/14
f 45/1/14 36/1/34 34/1/28
s 0
f 45/1/35 34/1/50 33/1/48
s 1
f 20/1/16 19/1/17 47/1/26
f 18/1/18 17/1/19 50/1/26
f 46/1/20 41/1/21 49/1/26
f 43/1/26 46/1/20 49/1/26
f 46/1/20 43/1/26 17/1/19
f 48/1/26 18/1/18 50/1/26
f 18/1/18 48/1/26 19/1/17
f 51/1/26 20/1/16 47/1/26
f 20/1/16 51/1/26 44/1/15
f 3/1/3 26/1/27 15/1/1
f 26/1/27 3/1/3 52/1/51
f 16/1/3 58/1/26 1/1/1
f 58/1/26 16/1/3 53/1/52
f 54/1/3 21/1/24 8/1/1
f 21/1/24 54/1/3 57/1/52
f 55/1/53 101/1/23 56/1/25
f 101/1/23 55/1/53 102/1/2
f 21/1/24 55/1/53 56/1/25
f 55/1/53 21/1/24 57/1/52
f 58/1/26 59/1/54 60/1/25
f 59/1/54 58/1/26 53/1/52
f 59/1/54 103/1/23 60/1/25
f 103/1/23 59/1/54 61/1/2
f 26/1/27 62/1/55 27/1/25
f 62/1/55 26/1/27 52/1/51
f 62/1/55 28/1/23 27/1/25
f 28/1/23 62/1/55 63/1/2
f 64/1/56 70/1/2 74/1/39
f 70/1/2 64/1/56 86/1/57
f 86/1/57 64/1/56 69/1/58
f 69/1/58 64/1/56 34/1/28
f 69/1/58 34/1/28 65/1/48
f 34/1/28 64/1/56 66/1/29
f 67/1/49 65/1/48 34/1/28
f 69/1/58 68/1/59 110/1/60
f 68/1/59 69/1/58 115/1/48
f 115/1/48 69/1/58 65/1/48
f 64/1/56 71/1/22 66/1/29
f 71/1/22 64/1/56 107/1/61
f 71/1/22 72/1/62 73/1/22
f 72/1/62 71/1/22 107/1/61
f 72/1/62 31/1/32 73/1/22
f 31/1/32 72/1/62 70/1/2
f 70/1/2 72/1/62 74/1/39
f 75/1/63 87/1/2 88/1/64
f 76/1/65 77/1/2 104/1/66
f 78/1/31 79/1/2 80/1/67
f 79/1/2 78/1/31 84/1/41
f 84/1/41 69/1/58 95/1/42
f 69/1/58 84/1/41 86/1/57
f 86/1/57 84/1/41 78/1/31
s 0
f 86/1/11 78/1/12 32/1/13
s 1
f 100/1/68 81/1/43 112/1/69
f 81/1/43 100/1/68 94/1/70
f 94/1/70 100/1/68 85/1/2
f 94/1/70 85/1/2 84/1/41
f 84/1/41 85/1/2 82/1/2
f 82/1/2 85/1/2 87/1/2
f 82/1/2 87/1/2 75/1/63
f 84/1/41 82/1/2 77/1/2
f 84/1/41 77/1/2 83/1/2
f 83/1/2 77/1/2 76/1/65
f 84/1/41 83/1/2 79/1/2
f 80/1/67 30/1/30 78/1/31
f 30/1/30 80/1/67 63/1/71
f 63/1/71 80/1/67 76/1/65
f 63/1/71 76/1/65 28/1/71
f 28/1/71 76/1/65 104/1/66
f 28/1/71 104/1/66 61/1/72
f 92/1/38 89/1/26 90/1/26
f 89/1/26 92/1/38 93/1/73
f 93/1/73 92/1/38 101/1/72
f 101/1/72 92/1/38 102/1/71
f 102/1/71 92/1/38 103/1/71
f 103/1/71 92/1/38 61/1/72
f 61/1/72 92/1/38 28/1/71
f 28/1/71 92/1/38 63/1/71
f 63/1/71 92/1/38 30/1/30
f 30/1/30 92/1/38 91/1/33
f 111/1/74 69/1/58 110/1/60
f 69/1/58 111/1/74 95/1/42
f 95/1/42 111/1/74 97/1/36
f 97/1/36 111/1/74 94/1/70
f 94/1/70 111/1/74 81/1/43
f 81/1/43 111/1/74 112/1/69
f 90/1/43 97/1/36 94/1/70
f 96/1/37 93/1/73 113/1/12
f 93/1/73 96/1/37 97/1/36
s 0
f 93/1/26 97/1/26 90/1/26
f 93/1/26 90/1/26 89/1/26
s 1
f 98/1/35 68/1/59 115/1/48
f 68/1/59 98/1/35 96/1/37
f 68/1/59 96/1/37 114/1/22
f 114/1/22 96/1/37 113/1/12
f 39/1/44 40/1/13 99/1/47
f 40/1/13 39/1/44 38/1/43
f 67/1/45 115/1/48 65/1/48
f 115/1/48 67/1/45 99/1/47
f 99/1/47 67/1/45 39/1/44
f 100/1/68 102/1/71 88/1/64
f 102/1/71 100/1/68 101/1/72
f 101/1/72 100/1/68 112/1/69
f 101/1/72 112/1/69 93/1/73
f 75/1/63 61/1/72 104/1/66
f 61/1/72 75/1/63 103/1/71
f 74/1/39 109/1/43 64/1/56
f 109/1/43 74/1/39 72/1/62
f 109/1/43 72/1/62 108/1/43
f 108/1/43 72/1/62 105/1/43
f 64/1/56 106/1/43 107/1/61
f 106/1/43 64/1/56 109/1/43
f 107/1/61 106/1/43 105/1/43
f 107/1/61 105/1/43 72/1/62
f 111/1/74 68/1/59 114/1/22
f 68/1/59 111/1/74 110/1/60
f 88/1/64 85/1/2 100/1/68
f 85/1/2 88/1/64 87/1/2
f 88/1/64 103/1/71 75/1/63
f 103/1/71 88/1/64 102/1/71
f 104/1/66 82/1/2 75/1/63
f 82/1/2 104/1/66 77/1/2
f 80/1/67 83/1/2 76/1/65
f 83/1/2 80/1/67 79/1/2
f 113/1/12 111/1/74 114/1/22
f 111/1/74 113/1/12 112/1/69
f 112/1/69 113/1/12 93/1/73
s 9
f 12/1/75 67/1/43 65/1/75
f 67/1/43 12/1/75 37/1/43
f 65/1/75 115/1/2 98/1/2
f 98/1/2 12/1/75 65/1/75
s 10
g Ring_Material.008
usemtl Material.008
f 240/1/39 124/1/43 378/1/76
f 124/1/43 240/1/39 123/1/77
f 124/1/43 123/1/77 567/1/43
f 567/1/43 123/1/77 566/1/43
f 378/1/76 116/1/43 131/1/78
f 116/1/43 378/1/76 124/1/43
f 131/1/78 116/1/43 566/1/43
f 131/1/78 566/1/43 123/1/77
f 378/1/76 128/1/26 127/1/26
f 128/1/26 378/1/76 131/1/78
f 378/1/76 306/1/48 240/1/39
f 306/1/48 378/1/76 127/1/48
f 128/1/13 123/1/77 239/1/13
f 123/1/77 128/1/13 131/1/78
s 11
f 117/1/79 125/1/80 566/1/81
s 12
f 566/1/82 125/1/82 118/1/82
s 11
f 119/1/43 118/1/43 120/1/83
f 125/1/80 120/1/83 118/1/43
f 566/1/84 121/1/85 117/1/85
f 121/1/85 119/1/43 117/1/85
f 117/1/85 119/1/43 122/1/86
f 120/1/83 122/1/86 119/1/43
f 125/1/80 126/1/87 120/1/83
f 129/1/88 120/1/83 126/1/87
f 129/1/88 130/1/48 120/1/83
f 122/1/86 120/1/83 130/1/48
f 125/1/80 117/1/79 126/1/87
f 132/1/13 126/1/87 117/1/79
s 13
g Ring_Material.020
usemtl Material.020
f 157/1/89 161/1/90 162/1/91
f 161/1/90 157/1/89 180/1/92
f 180/1/92 157/1/89 184/1/93
f 180/1/92 184/1/93 156/1/94
f 156/1/94 184/1/93 133/1/95
f 156/1/94 133/1/95 134/1/96
f 134/1/96 133/1/95 187/1/97
f 134/1/96 187/1/97 179/1/98
f 179/1/98 187/1/97 135/1/99
f 179/1/98 135/1/99 136/1/100
f 136/1/100 135/1/99 239/1/101
f 136/1/100 239/1/101 160/1/102
f 160/1/102 239/1/101 155/1/103
f 160/1/102 155/1/103 137/1/104
f 137/1/104 155/1/103 196/1/105
f 137/1/104 196/1/105 138/1/106
f 138/1/106 196/1/105 154/1/107
f 138/1/106 154/1/107 175/1/108
f 175/1/108 154/1/107 153/1/109
f 175/1/108 153/1/109 174/1/110
f 174/1/110 153/1/109 163/1/111
f 174/1/110 163/1/111 152/1/112
f 152/1/112 163/1/111 164/1/113
f 152/1/112 164/1/113 151/1/114
f 151/1/114 164/1/113 139/1/115
f 151/1/114 139/1/115 171/1/116
f 171/1/116 139/1/115 165/1/117
f 171/1/116 165/1/117 140/1/118
f 140/1/118 165/1/117 150/1/119
f 140/1/118 150/1/119 149/1/120
f 149/1/120 150/1/119 141/1/121
f 149/1/120 141/1/121 169/1/122
f 169/1/122 141/1/121 142/1/123
f 169/1/122 142/1/123 158/1/124
f 158/1/124 142/1/123 203/1/125
f 158/1/124 203/1/125 159/1/126
f 159/1/126 203/1/125 204/1/127
f 159/1/126 204/1/127 143/1/128
f 143/1/128 204/1/127 207/1/129
f 143/1/128 207/1/129 148/1/130
f 148/1/130 207/1/129 208/1/131
f 148/1/130 208/1/131 147/1/132
f 147/1/132 208/1/131 144/1/133
f 147/1/132 144/1/133 217/1/134
f 217/1/134 144/1/133 211/1/135
f 217/1/134 211/1/135 145/1/136
f 145/1/136 211/1/135 146/1/137
f 145/1/136 146/1/137 215/1/138
f 166/1/139 158/1/124 159/1/126
f 158/1/124 166/1/139 167/1/140
f 167/1/140 169/1/122 158/1/124
f 168/1/141 149/1/120 169/1/122
f 149/1/120 168/1/141 170/1/142
f 170/1/142 140/1/118 149/1/120
f 140/1/118 170/1/142 226/1/143
f 226/1/143 171/1/116 140/1/118
f 171/1/116 226/1/143 225/1/144
f 225/1/144 151/1/114 171/1/116
f 151/1/114 225/1/144 172/1/145
f 172/1/145 152/1/112 151/1/114
f 152/1/112 172/1/145 224/1/146
f 224/1/146 174/1/110 152/1/112
f 174/1/110 224/1/146 173/1/147
f 173/1/147 175/1/108 174/1/110
f 175/1/108 173/1/147 176/1/148
f 176/1/148 138/1/106 175/1/108
f 138/1/106 176/1/148 177/1/149
f 177/1/149 137/1/104 138/1/106
f 137/1/104 177/1/149 222/1/150
f 222/1/150 160/1/102 137/1/104
f 160/1/102 222/1/150 221/1/151
f 221/1/151 136/1/100 160/1/102
f 136/1/100 221/1/151 178/1/152
f 236/1/153 136/1/100 178/1/152
f 136/1/100 236/1/153 179/1/98
f 238/1/154 179/1/98 236/1/153
f 179/1/98 238/1/154 134/1/96
f 220/1/155 134/1/96 238/1/154
f 134/1/96 220/1/155 156/1/94
f 219/1/156 156/1/94 220/1/155
f 156/1/94 219/1/156 180/1/92
f 181/1/157 180/1/92 219/1/156
f 180/1/92 181/1/157 161/1/90
f 182/1/158 161/1/90 181/1/157
f 161/1/90 182/1/158 162/1/91
f 183/1/159 162/1/91 182/1/158
f 162/1/91 183/1/159 157/1/89
f 185/1/160 157/1/89 183/1/159
f 157/1/89 185/1/160 184/1/93
f 186/1/161 184/1/93 185/1/160
f 184/1/93 186/1/161 133/1/95
f 237/1/162 133/1/95 186/1/161
f 133/1/95 237/1/162 187/1/97
f 188/1/163 187/1/97 237/1/162
f 187/1/97 188/1/163 135/1/99
f 235/1/164 135/1/99 188/1/163
f 135/1/99 235/1/164 190/1/165
s 0
f 190/1/40 235/1/39 193/1/43
f 193/1/26 235/1/26 189/1/26
f 192/1/26 194/1/26 190/1/26
f 191/1/26 920/1/26 194/1/26
s 13
f 135/1/99 920/1/165 239/1/101
f 920/1/165 135/1/99 190/1/165
s 0
f 920/1/40 190/1/39 194/1/43
f 239/1/40 920/1/39 195/1/43
f 239/1/166 195/1/167 123/1/43
s 13
f 123/1/165 155/1/103 239/1/101
f 155/1/103 123/1/165 234/1/168
f 234/1/168 123/1/165 195/1/165
f 234/1/168 195/1/165 920/1/165
f 234/1/168 920/1/165 191/1/165
f 234/1/168 191/1/165 194/1/165
f 234/1/168 194/1/165 192/1/165
f 234/1/168 192/1/165 190/1/165
f 234/1/168 190/1/165 193/1/165
f 234/1/168 193/1/165 189/1/165
f 234/1/168 189/1/165 235/1/164
f 234/1/168 196/1/105 155/1/103
f 196/1/105 234/1/168 233/1/169
f 233/1/169 154/1/107 196/1/105
f 154/1/107 233/1/169 232/1/170
f 232/1/170 153/1/109 154/1/107
f 153/1/109 232/1/170 223/1/171
f 223/1/171 163/1/111 153/1/109
f 163/1/111 223/1/171 197/1/172
f 197/1/172 164/1/113 163/1/111
f 164/1/113 197/1/172 198/1/173
f 198/1/173 139/1/115 164/1/113
f 139/1/115 198/1/173 199/1/174
f 199/1/174 165/1/117 139/1/115
f 165/1/117 199/1/174 200/1/175
f 200/1/175 150/1/119 165/1/117
f 150/1/119 200/1/175 201/1/176
f 201/1/176 141/1/121 150/1/119
f 141/1/121 201/1/176 231/1/177
f 231/1/177 142/1/123 141/1/121
f 142/1/123 231/1/177 227/1/178
f 227/1/178 203/1/125 142/1/123
f 203/1/125 227/1/178 202/1/179
f 202/1/179 204/1/127 203/1/125
f 204/1/127 202/1/179 205/1/180
f 206/1/181 204/1/127 205/1/180
f 207/1/129 209/1/182 208/1/131
f 209/1/182 207/1/129 206/1/181
f 208/1/131 210/1/183 144/1/133
f 210/1/183 208/1/131 209/1/182
f 144/1/133 212/1/184 211/1/135
f 212/1/184 144/1/133 210/1/183
f 211/1/135 213/1/185 146/1/137
f 213/1/185 211/1/135 212/1/184
f 146/1/137 214/1/186 215/1/138
f 214/1/186 146/1/137 213/1/185
f 215/1/138 216/1/187 145/1/136
f 216/1/187 215/1/138 214/1/186
f 145/1/136 230/1/188 217/1/134
f 230/1/188 145/1/136 216/1/187
f 217/1/134 229/1/189 147/1/132
f 229/1/189 217/1/134 230/1/188
f 147/1/132 228/1/190 148/1/130
f 228/1/190 147/1/132 229/1/189
f 148/1/130 218/1/191 143/1/128
f 218/1/191 148/1/130 228/1/190
f 143/1/128 166/1/139 159/1/126
f 166/1/139 143/1/128 218/1/191
f 181/1/157 183/1/159 182/1/158
f 183/1/159 181/1/157 219/1/156
f 183/1/159 219/1/156 185/1/160
f 185/1/160 219/1/156 220/1/155
f 185/1/160 220/1/155 186/1/161
f 186/1/161 220/1/155 238/1/154
f 186/1/161 238/1/154 237/1/162
f 237/1/162 236/1/153 188/1/163
f 188/1/163 236/1/153 178/1/152
f 188/1/163 178/1/152 235/1/164
f 235/1/164 178/1/152 221/1/151
f 235/1/164 221/1/151 234/1/168
f 234/1/168 221/1/151 222/1/150
f 234/1/168 222/1/150 233/1/169
f 233/1/169 222/1/150 177/1/149
f 233/1/169 177/1/149 232/1/170
f 232/1/170 177/1/149 176/1/148
f 232/1/170 176/1/148 223/1/171
f 223/1/171 176/1/148 173/1/147
f 223/1/171 173/1/147 197/1/172
f 197/1/172 173/1/147 224/1/146
f 197/1/172 224/1/146 198/1/173
f 198/1/173 224/1/146 172/1/145
f 198/1/173 172/1/145 199/1/174
f 199/1/174 172/1/145 225/1/144
f 199/1/174 225/1/144 200/1/175
f 200/1/175 225/1/144 226/1/143
f 200/1/175 226/1/143 201/1/176
f 201/1/176 226/1/143 170/1/142
f 201/1/176 170/1/142 231/1/177
f 231/1/177 170/1/142 168/1/141
f 231/1/177 168/1/141 227/1/178
f 227/1/178 168/1/141 167/1/140
f 227/1/178 167/1/140 202/1/179
f 202/1/179 167/1/140 166/1/139
f 202/1/179 166/1/139 205/1/180
f 205/1/180 166/1/139 218/1/191
f 205/1/180 218/1/191 206/1/181
f 206/1/181 218/1/191 228/1/190
f 206/1/181 228/1/190 209/1/182
f 209/1/182 228/1/190 229/1/189
f 209/1/182 229/1/189 210/1/183
f 210/1/183 229/1/189 230/1/188
f 210/1/183 230/1/188 212/1/184
f 212/1/184 230/1/188 216/1/187
f 212/1/184 216/1/187 213/1/185
f 213/1/185 216/1/187 214/1/186
f 168/1/141 169/1/122 167/1/140
f 207/1/129 204/1/127 206/1/181
f 236/1/153 237/1/162 238/1/154
s 10
g Ring_Material.009
usemtl Material.009
f 123/1/77 306/1/2 239/1/2
f 306/1/2 123/1/77 240/1/39
s 21
g Ring_Material.021
usemtl Material.021
f 241/1/192 292/1/90 294/1/193
f 292/1/90 241/1/192 290/1/92
f 290/1/92 241/1/192 296/1/93
f 290/1/92 296/1/93 242/1/194
f 242/1/194 296/1/93 297/1/195
f 242/1/194 297/1/195 288/1/196
f 288/1/196 297/1/195 266/1/197
f 288/1/196 266/1/197 287/1/198
f 287/1/198 266/1/197 267/1/199
f 287/1/198 267/1/199 264/1/200
f 264/1/200 267/1/199 263/1/201
f 262/1/202 263/1/201 299/1/103
f 262/1/202 299/1/103 243/1/104
f 243/1/104 299/1/103 268/1/105
f 243/1/104 268/1/105 284/1/106
f 284/1/106 268/1/105 269/1/107
f 284/1/106 269/1/107 244/1/108
f 244/1/108 269/1/107 245/1/109
f 244/1/108 245/1/109 282/1/110
f 282/1/110 245/1/109 261/1/111
f 282/1/110 261/1/111 281/1/112
f 281/1/112 261/1/111 302/1/113
f 281/1/112 302/1/113 246/1/114
f 246/1/114 302/1/113 247/1/115
f 246/1/114 247/1/115 279/1/116
f 279/1/116 247/1/115 304/1/203
f 279/1/116 304/1/203 248/1/204
f 248/1/204 304/1/203 260/1/119
f 248/1/204 260/1/119 249/1/120
f 249/1/120 260/1/119 259/1/121
f 249/1/120 259/1/121 265/1/205
f 265/1/205 259/1/121 250/1/123
f 265/1/205 250/1/123 251/1/124
f 251/1/124 250/1/123 252/1/125
f 251/1/124 252/1/125 258/1/206
f 258/1/206 252/1/125 306/1/207
f 258/1/206 306/1/207 309/1/208
f 258/1/206 309/1/208 275/1/209
f 275/1/209 309/1/208 270/1/210
f 275/1/209 270/1/210 274/1/130
f 274/1/130 270/1/210 253/1/211
f 274/1/130 253/1/211 273/1/212
f 273/1/212 253/1/211 271/1/133
f 273/1/212 271/1/133 272/1/213
f 272/1/213 271/1/133 257/1/214
f 272/1/213 257/1/214 256/1/215
f 277/1/216 251/1/124 258/1/206
f 251/1/124 277/1/216 276/1/217
f 276/1/217 265/1/205 251/1/124
f 265/1/205 276/1/217 278/1/218
f 278/1/218 249/1/120 265/1/205
f 249/1/120 278/1/218 334/1/219
f 334/1/219 248/1/204 249/1/120
f 248/1/204 334/1/219 324/1/220
f 324/1/220 279/1/116 248/1/204
f 279/1/116 324/1/220 280/1/221
f 280/1/221 246/1/114 279/1/116
f 246/1/114 280/1/221 322/1/222
f 322/1/222 281/1/112 246/1/114
f 281/1/112 322/1/222 337/1/223
f 337/1/223 282/1/110 281/1/112
f 282/1/110 337/1/223 321/1/224
f 321/1/224 244/1/108 282/1/110
f 244/1/108 321/1/224 283/1/225
f 283/1/225 284/1/106 244/1/108
f 284/1/106 283/1/225 340/1/226
f 340/1/226 243/1/104 284/1/106
f 243/1/104 340/1/226 285/1/150
f 285/1/150 262/1/202 243/1/104
f 262/1/202 285/1/150 342/1/227
f 342/1/227 264/1/200 262/1/202
f 264/1/200 342/1/227 344/1/228
f 286/1/229 264/1/200 344/1/228
f 264/1/200 286/1/229 287/1/198
f 346/1/230 287/1/198 286/1/229
f 287/1/198 346/1/230 288/1/196
f 289/1/231 288/1/196 346/1/230
f 288/1/196 289/1/231 242/1/194
f 319/1/156 242/1/194 289/1/231
f 242/1/194 319/1/156 290/1/92
f 291/1/157 290/1/92 319/1/156
f 290/1/92 291/1/157 292/1/90
f 293/1/158 292/1/90 291/1/157
f 292/1/90 293/1/158 294/1/193
f 295/1/159 294/1/193 293/1/158
f 294/1/193 295/1/159 241/1/192
f 347/1/160 241/1/192 295/1/159
f 241/1/192 347/1/160 296/1/93
f 298/1/161 296/1/93 347/1/160
f 296/1/93 298/1/161 297/1/195
f 320/1/232 297/1/195 298/1/161
f 297/1/195 320/1/232 266/1/197
f 345/1/233 266/1/197 320/1/232
f 266/1/197 345/1/233 267/1/199
f 343/1/234 267/1/199 345/1/233
f 267/1/199 343/1/234 263/1/201
f 343/1/234 299/1/103 263/1/201
f 299/1/103 343/1/234 341/1/235
f 341/1/235 268/1/105 299/1/103
f 268/1/105 341/1/235 300/1/236
f 300/1/236 269/1/107 268/1/105
f 269/1/107 300/1/236 301/1/170
f 301/1/170 245/1/109 269/1/107
f 245/1/109 301/1/170 339/1/171
f 339/1/171 261/1/111 245/1/109
f 261/1/111 339/1/171 338/1/237
f 338/1/237 302/1/113 261/1/111
f 302/1/113 338/1/237 336/1/238
f 336/1/238 247/1/115 302/1/113
f 247/1/115 336/1/238 303/1/174
f 303/1/174 304/1/203 247/1/115
f 304/1/203 303/1/174 323/1/175
f 323/1/175 260/1/119 304/1/203
f 260/1/119 323/1/175 335/1/239
f 335/1/239 259/1/121 260/1/119
f 259/1/121 335/1/239 333/1/240
f 333/1/240 250/1/123 259/1/121
f 250/1/123 333/1/240 325/1/178
f 325/1/178 252/1/125 250/1/123
f 252/1/125 325/1/178 305/1/241
f 305/1/241 306/1/207 252/1/125
f 306/1/207 305/1/241 240/1/242
f 240/1/242 305/1/241 307/1/242
f 307/1/242 305/1/241 308/1/242
f 308/1/242 305/1/241 311/1/243
f 240/1/242 309/1/208 306/1/207
f 309/1/208 240/1/242 310/1/244
f 310/1/244 240/1/242 307/1/242
f 310/1/244 307/1/242 308/1/242
f 310/1/244 308/1/242 311/1/243
f 309/1/208 1119/1/245 270/1/210
f 1119/1/245 309/1/208 312/1/245
f 312/1/245 309/1/208 314/1/245
f 314/1/245 309/1/208 313/1/245
f 313/1/245 309/1/208 1145/1/245
f 1145/1/245 309/1/208 1160/1/245
f 1160/1/245 309/1/208 327/1/246
f 327/1/246 309/1/208 310/1/244
f 270/1/210 332/1/247 253/1/211
f 332/1/247 270/1/210 327/1/246
s 0
f 327/1/26 270/1/26 1119/1/26
f 327/1/13 1119/1/13 312/1/13
f 327/1/39 312/1/40 314/1/22
f 327/1/13 314/1/13 313/1/13
f 327/1/76 313/1/248 1145/1/22
f 327/1/76 1145/1/248 1160/1/22
s 21
f 253/1/211 331/1/249 271/1/133
f 331/1/249 253/1/211 332/1/247
f 271/1/133 329/1/184 257/1/214
f 329/1/184 271/1/133 331/1/249
f 257/1/214 315/1/185 255/1/250
f 315/1/185 257/1/214 329/1/184
f 255/1/250 316/1/186 254/1/251
f 316/1/186 255/1/250 315/1/185
f 254/1/251 330/1/187 256/1/215
f 330/1/187 254/1/251 316/1/186
f 256/1/215 328/1/188 272/1/213
f 328/1/188 256/1/215 330/1/187
f 272/1/213 317/1/252 273/1/212
f 317/1/252 272/1/213 328/1/188
f 273/1/212 318/1/253 274/1/130
f 318/1/253 273/1/212 317/1/252
f 274/1/130 326/1/191 275/1/209
f 326/1/191 274/1/130 318/1/253
f 275/1/209 277/1/216 258/1/206
f 277/1/216 275/1/209 326/1/191
f 291/1/157 295/1/159 293/1/158
f 295/1/159 291/1/157 319/1/156
f 295/1/159 319/1/156 347/1/160
f 347/1/160 319/1/156 289/1/231
f 347/1/160 289/1/231 298/1/161
f 298/1/161 289/1/231 346/1/230
f 298/1/161 346/1/230 320/1/232
f 320/1/232 346/1/230 286/1/229
f 320/1/232 286/1/229 345/1/233
f 345/1/233 286/1/229 344/1/228
f 341/1/235 342/1/227 285/1/150
f 341/1/235 285/1/150 300/1/236
f 300/1/236 285/1/150 340/1/226
f 300/1/236 340/1/226 301/1/170
f 301/1/170 340/1/226 283/1/225
f 301/1/170 283/1/225 339/1/171
f 339/1/171 283/1/225 321/1/224
f 339/1/171 321/1/224 338/1/237
f 338/1/237 321/1/224 337/1/223
f 336/1/238 337/1/223 322/1/222
f 336/1/238 322/1/222 303/1/174
f 303/1/174 322/1/222 280/1/221
f 303/1/174 280/1/221 323/1/175
f 323/1/175 280/1/221 324/1/220
f 323/1/175 324/1/220 335/1/239
f 335/1/239 324/1/220 334/1/219
f 333/1/240 334/1/219 278/1/218
f 333/1/240 278/1/218 325/1/178
f 325/1/178 278/1/218 276/1/217
f 325/1/178 276/1/217 305/1/241
f 305/1/241 276/1/217 277/1/216
f 305/1/241 277/1/216 311/1/243
f 311/1/243 277/1/216 310/1/244
f 310/1/244 277/1/216 326/1/191
f 310/1/244 326/1/191 327/1/246
f 327/1/246 326/1/191 318/1/253
f 327/1/246 318/1/253 332/1/247
f 332/1/247 318/1/253 317/1/252
f 332/1/247 317/1/252 331/1/249
f 331/1/249 317/1/252 328/1/188
f 331/1/249 328/1/188 329/1/184
f 329/1/184 328/1/188 330/1/187
f 329/1/184 330/1/187 315/1/185
f 315/1/185 330/1/187 316/1/186
f 254/1/251 256/1/215 255/1/250
f 255/1/250 256/1/215 257/1/214
f 262/1/202 264/1/200 263/1/201
f 333/1/240 335/1/239 334/1/219
f 336/1/238 338/1/237 337/1/223
f 341/1/235 343/1/234 342/1/227
f 342/1/227 343/1/234 344/1/228
f 343/1/234 345/1/233 344/1/228
s 28
g Ring_Material.019
usemtl Material.019
f 397/1/192 394/1/90 369/1/91
f 394/1/90 397/1/192 361/1/92
f 361/1/92 397/1/192 398/1/93
f 361/1/92 398/1/93 390/1/194
f 390/1/194 398/1/93 400/1/195
f 390/1/194 400/1/195 368/1/96
f 368/1/96 400/1/195 348/1/197
f 368/1/96 348/1/197 389/1/98
f 389/1/98 348/1/197 402/1/254
f 389/1/98 402/1/254 360/1/255
f 360/1/255 402/1/254 370/1/256
f 360/1/255 370/1/256 359/1/102
f 359/1/102 370/1/256 371/1/257
f 359/1/102 371/1/257 349/1/258
f 349/1/258 371/1/257 405/1/259
f 349/1/258 405/1/259 385/1/106
f 385/1/106 405/1/259 358/1/107
f 385/1/106 358/1/107 367/1/108
f 367/1/108 358/1/107 350/1/109
f 367/1/108 350/1/109 366/1/110
f 366/1/110 350/1/109 408/1/260
f 366/1/110 408/1/260 365/1/112
f 365/1/112 408/1/260 372/1/261
f 365/1/112 372/1/261 364/1/262
f 364/1/262 372/1/261 410/1/115
f 364/1/262 410/1/115 363/1/116
f 363/1/116 410/1/115 412/1/263
f 363/1/116 412/1/263 382/1/118
f 382/1/118 412/1/263 413/1/264
f 382/1/118 413/1/264 351/1/120
f 351/1/120 413/1/264 352/1/121
f 351/1/120 352/1/121 380/1/265
f 380/1/265 352/1/121 357/1/123
f 380/1/265 357/1/123 362/1/124
f 362/1/124 357/1/123 353/1/125
f 362/1/124 353/1/125 127/1/266
f 127/1/266 353/1/125 354/1/267
f 127/1/266 354/1/267 430/1/126
f 430/1/126 354/1/267 355/1/268
f 430/1/126 355/1/268 375/1/209
f 375/1/209 355/1/268 418/1/269
f 375/1/209 418/1/269 428/1/130
f 428/1/130 418/1/269 356/1/211
f 428/1/130 356/1/211 374/1/132
f 374/1/132 356/1/211 420/1/133
f 374/1/132 420/1/133 426/1/213
f 426/1/213 420/1/133 421/1/135
f 426/1/213 421/1/135 373/1/136
f 373/1/136 421/1/135 422/1/270
f 373/1/136 422/1/270 423/1/271
f 378/1/272 362/1/124 127/1/266
f 362/1/124 378/1/272 439/1/273
f 439/1/273 378/1/272 377/1/274
f 439/1/273 377/1/274 433/1/275
f 439/1/273 433/1/275 432/1/276
f 439/1/273 432/1/276 824/1/277
f 439/1/273 824/1/277 816/1/274
f 439/1/273 816/1/274 773/1/272
f 439/1/273 773/1/272 376/1/274
f 439/1/273 376/1/274 431/1/272
f 439/1/273 431/1/272 701/1/272
f 439/1/273 701/1/272 699/1/274
f 439/1/273 699/1/274 379/1/39
f 439/1/273 380/1/265 362/1/124
f 380/1/265 439/1/273 381/1/218
f 381/1/218 351/1/120 380/1/265
f 351/1/120 381/1/218 437/1/278
f 437/1/278 382/1/118 351/1/120
f 382/1/118 437/1/278 383/1/220
f 383/1/220 363/1/116 382/1/118
f 363/1/116 383/1/220 448/1/144
f 448/1/144 364/1/262 363/1/116
f 364/1/262 448/1/144 449/1/279
f 449/1/279 365/1/112 364/1/262
f 365/1/112 449/1/279 435/1/146
f 435/1/146 366/1/110 365/1/112
f 366/1/110 435/1/146 450/1/224
f 450/1/224 367/1/108 366/1/110
f 367/1/108 450/1/224 384/1/148
f 384/1/148 385/1/106 367/1/108
f 385/1/106 384/1/148 386/1/226
f 386/1/226 349/1/258 385/1/106
f 349/1/258 386/1/226 387/1/280
f 387/1/280 359/1/102 349/1/258
f 359/1/102 387/1/280 452/1/281
f 452/1/281 360/1/255 359/1/102
f 360/1/255 452/1/281 453/1/152
f 388/1/229 360/1/255 453/1/152
f 360/1/255 388/1/229 389/1/98
f 455/1/230 389/1/98 388/1/229
f 389/1/98 455/1/230 368/1/96
f 391/1/231 368/1/96 455/1/230
f 368/1/96 391/1/231 390/1/194
f 392/1/156 390/1/194 391/1/231
f 390/1/194 392/1/156 361/1/92
f 393/1/157 361/1/92 392/1/156
f 361/1/92 393/1/157 394/1/90
f 395/1/158 394/1/90 393/1/157
f 394/1/90 395/1/158 369/1/91
f 396/1/159 369/1/91 395/1/158
f 369/1/91 396/1/159 397/1/192
f 456/1/160 397/1/192 396/1/159
f 397/1/192 456/1/160 398/1/93
f 399/1/161 398/1/93 456/1/160
f 398/1/93 399/1/161 400/1/195
f 401/1/232 400/1/195 399/1/161
f 400/1/195 401/1/232 348/1/197
f 454/1/282 348/1/197 401/1/232
f 348/1/197 454/1/282 402/1/254
f 403/1/283 402/1/254 454/1/282
f 402/1/254 403/1/283 370/1/256
f 403/1/283 371/1/257 370/1/256
f 371/1/257 403/1/283 404/1/284
f 404/1/284 405/1/259 371/1/257
f 405/1/259 404/1/284 406/1/236
f 406/1/236 358/1/107 405/1/259
f 358/1/107 406/1/236 434/1/170
f 434/1/170 350/1/109 358/1/107
f 350/1/109 434/1/170 451/1/171
f 451/1/171 408/1/260 350/1/109
f 408/1/260 451/1/171 407/1/285
f 407/1/285 372/1/261 408/1/260
f 372/1/261 407/1/285 409/1/286
f 409/1/286 410/1/115 372/1/261
f 410/1/115 409/1/286 436/1/174
f 436/1/174 412/1/263 410/1/115
f 412/1/263 436/1/174 411/1/175
f 411/1/175 413/1/264 412/1/263
f 413/1/264 411/1/175 447/1/176
f 447/1/176 352/1/121 413/1/264
f 352/1/121 447/1/176 414/1/177
f 414/1/177 357/1/123 352/1/121
f 357/1/123 414/1/177 438/1/178
f 438/1/178 353/1/125 357/1/123
f 353/1/125 438/1/178 446/1/287
f 446/1/287 354/1/267 353/1/125
f 354/1/267 446/1/287 415/1/288
f 415/1/288 355/1/268 354/1/267
f 355/1/268 415/1/288 416/1/289
f 355/1/268 417/1/290 418/1/269
f 417/1/290 355/1/268 416/1/289
f 418/1/269 419/1/247 356/1/211
f 419/1/247 418/1/269 417/1/290
f 356/1/211 442/1/291 420/1/133
f 442/1/291 356/1/211 419/1/247
f 420/1/133 444/1/184 421/1/135
f 444/1/184 420/1/133 442/1/291
f 421/1/135 443/1/185 422/1/270
f 443/1/185 421/1/135 444/1/184
f 422/1/270 424/1/186 423/1/271
f 424/1/186 422/1/270 443/1/185
f 423/1/271 425/1/187 373/1/136
f 425/1/187 423/1/271 424/1/186
f 373/1/136 445/1/292 426/1/213
f 445/1/292 373/1/136 425/1/187
f 426/1/213 441/1/189 374/1/132
f 441/1/189 426/1/213 445/1/292
f 374/1/132 427/1/190 428/1/130
f 427/1/190 374/1/132 441/1/189
f 428/1/130 429/1/293 375/1/209
f 429/1/293 428/1/130 427/1/190
f 375/1/209 440/1/294 430/1/126
f 440/1/294 375/1/209 429/1/293
f 440/1/294 127/1/266 430/1/126
f 127/1/266 440/1/294 378/1/272
f 378/1/272 440/1/294 377/1/274
f 377/1/274 440/1/294 433/1/275
f 433/1/275 440/1/294 432/1/276
f 432/1/276 440/1/294 824/1/277
f 824/1/277 440/1/294 816/1/274
f 816/1/274 440/1/294 773/1/272
f 773/1/272 440/1/294 376/1/274
f 376/1/274 440/1/294 431/1/272
f 431/1/272 440/1/294 701/1/295
f 701/1/295 440/1/294 699/1/274
f 699/1/274 440/1/294 379/1/39
f 393/1/157 396/1/159 395/1/158
f 396/1/159 393/1/157 392/1/156
f 396/1/159 392/1/156 456/1/160
f 456/1/160 392/1/156 391/1/231
f 456/1/160 391/1/231 399/1/161
f 399/1/161 391/1/231 455/1/230
f 399/1/161 455/1/230 401/1/232
f 401/1/232 455/1/230 388/1/229
f 401/1/232 388/1/229 454/1/282
f 454/1/282 388/1/229 453/1/152
f 454/1/282 453/1/152 403/1/283
f 403/1/283 453/1/152 452/1/281
f 403/1/283 452/1/281 404/1/284
f 404/1/284 452/1/281 387/1/280
f 404/1/284 387/1/280 406/1/236
f 406/1/236 387/1/280 386/1/226
f 406/1/236 386/1/226 434/1/170
f 434/1/170 386/1/226 384/1/148
f 434/1/170 384/1/148 451/1/171
f 451/1/171 384/1/148 450/1/224
f 451/1/171 450/1/224 407/1/285
f 407/1/285 450/1/224 435/1/146
f 407/1/285 435/1/146 409/1/286
f 409/1/286 435/1/146 449/1/279
f 409/1/286 449/1/279 436/1/174
f 436/1/174 449/1/279 448/1/144
f 436/1/174 448/1/144 411/1/175
f 411/1/175 448/1/144 383/1/220
f 411/1/175 383/1/220 447/1/176
f 447/1/176 383/1/220 437/1/278
f 447/1/176 437/1/278 414/1/177
f 414/1/177 437/1/278 381/1/218
f 414/1/177 381/1/218 438/1/178
f 438/1/178 381/1/218 439/1/273
f 438/1/178 439/1/273 446/1/287
f 446/1/287 439/1/273 379/1/39
f 446/1/287 379/1/39 415/1/288
f 415/1/288 379/1/39 440/1/294
f 415/1/288 440/1/294 416/1/289
f 416/1/289 440/1/294 429/1/293
f 416/1/289 429/1/293 417/1/290
f 417/1/290 429/1/293 427/1/190
f 417/1/290 427/1/190 419/1/247
f 419/1/247 427/1/190 441/1/189
f 419/1/247 441/1/189 442/1/291
f 442/1/291 441/1/189 445/1/292
f 442/1/291 445/1/292 444/1/184
f 444/1/184 445/1/292 425/1/187
f 444/1/184 425/1/187 443/1/185
f 443/1/185 425/1/187 424/1/186
s 29
g Ring_Material.018
usemtl Material.018
f 471/1/296 470/1/297 499/1/94
f 499/1/94 470/1/297 476/1/195
f 499/1/94 476/1/195 498/1/96
f 498/1/96 476/1/195 477/1/298
f 498/1/96 477/1/298 128/1/299
f 128/1/299 477/1/298 478/1/254
f 128/1/299 478/1/254 494/1/100
f 494/1/100 478/1/254 697/1/300
f 494/1/100 697/1/300 457/1/102
f 457/1/102 697/1/300 469/1/301
f 457/1/102 469/1/301 468/1/302
f 466/1/303 467/1/304 479/1/305
f 466/1/303 479/1/305 465/1/108
f 465/1/108 479/1/305 692/1/306
f 465/1/108 692/1/306 490/1/110
f 490/1/110 692/1/306 691/1/307
f 490/1/110 691/1/307 488/1/112
f 488/1/112 691/1/307 690/1/113
f 488/1/112 690/1/113 464/1/114
f 464/1/114 690/1/113 689/1/115
f 464/1/114 689/1/115 486/1/308
f 486/1/308 689/1/115 688/1/203
f 486/1/308 688/1/203 458/1/118
f 458/1/118 688/1/203 463/1/309
f 458/1/118 463/1/309 459/1/310
f 459/1/310 463/1/309 686/1/121
f 459/1/310 686/1/121 475/1/265
f 475/1/265 686/1/121 684/1/311
f 475/1/265 684/1/311 482/1/312
f 482/1/312 684/1/311 683/1/313
f 482/1/312 683/1/313 505/1/314
f 505/1/314 683/1/313 480/1/315
f 505/1/314 480/1/315 460/1/316
f 460/1/316 480/1/315 681/1/317
f 460/1/316 681/1/317 668/1/128
f 668/1/128 681/1/317 481/1/318
f 668/1/128 481/1/318 462/1/130
f 462/1/130 481/1/318 678/1/211
f 462/1/130 678/1/211 669/1/212
f 669/1/212 678/1/211 676/1/133
f 669/1/212 676/1/133 670/1/319
f 670/1/319 676/1/133 674/1/135
f 670/1/319 674/1/135 671/1/136
f 671/1/136 674/1/135 673/1/137
f 671/1/136 673/1/137 461/1/138
f 504/1/320 482/1/312 505/1/314
f 482/1/312 504/1/320 645/1/217
f 645/1/217 475/1/265 482/1/312
f 475/1/265 645/1/217 483/1/218
f 483/1/218 459/1/310 475/1/265
f 459/1/310 483/1/218 484/1/142
f 484/1/142 458/1/118 459/1/310
f 458/1/118 484/1/142 485/1/220
f 485/1/220 486/1/308 458/1/118
f 486/1/308 485/1/220 487/1/321
f 487/1/321 464/1/114 486/1/308
f 464/1/114 487/1/321 667/1/222
f 667/1/222 488/1/112 464/1/114
f 488/1/112 667/1/222 489/1/322
f 489/1/322 490/1/110 488/1/112
f 490/1/110 489/1/322 654/1/323
f 654/1/323 465/1/108 490/1/110
f 465/1/108 654/1/323 491/1/148
f 491/1/148 466/1/303 465/1/108
f 466/1/303 491/1/148 492/1/324
f 492/1/324 468/1/302 466/1/303
f 468/1/302 492/1/324 643/1/150
f 643/1/150 457/1/102 468/1/302
f 457/1/102 643/1/150 493/1/281
f 493/1/281 494/1/100 457/1/102
f 494/1/100 493/1/281 495/1/325
f 666/1/326 494/1/100 495/1/325
f 494/1/100 666/1/326 128/1/299
s 0
f 128/1/40 666/1/39 496/1/43
f 128/1/40 496/1/39 497/1/22
f 128/1/166 497/1/22 131/1/43
s 29
f 665/1/327 496/1/328 666/1/326
f 496/1/328 665/1/327 497/1/329
f 497/1/329 665/1/327 131/1/330
f 131/1/330 665/1/327 128/1/299
f 128/1/299 665/1/327 498/1/96
f 500/1/231 498/1/96 665/1/327
f 498/1/96 500/1/231 499/1/94
f 501/1/156 499/1/94 500/1/231
f 499/1/94 501/1/156 471/1/296
f 660/1/157 471/1/296 501/1/156
f 471/1/296 660/1/157 473/1/331
f 642/1/332 473/1/331 660/1/157
f 473/1/331 642/1/332 474/1/333
f 659/1/159 474/1/333 642/1/332
f 474/1/333 659/1/159 472/1/334
f 658/1/160 472/1/334 659/1/159
f 472/1/334 658/1/160 470/1/297
f 657/1/161 470/1/297 658/1/160
f 470/1/297 657/1/161 476/1/195
f 656/1/232 476/1/195 657/1/161
f 476/1/195 656/1/232 477/1/298
f 502/1/282 477/1/298 656/1/232
f 477/1/298 502/1/282 478/1/254
f 696/1/283 478/1/254 502/1/282
f 478/1/254 696/1/283 697/1/300
f 503/1/335 505/1/314 460/1/316
f 505/1/314 503/1/335 504/1/320
f 466/1/303 468/1/302 467/1/304
f 467/1/304 468/1/302 469/1/301
f 470/1/297 471/1/296 472/1/334
f 471/1/296 473/1/331 472/1/334
f 474/1/333 472/1/334 473/1/331
s 33
g Ring_Material.047
usemtl Material.047
f 509/1/336 506/1/337 510/1/338
f 550/1/339 551/1/340 531/1/341
f 531/1/341 552/1/342 550/1/339
f 531/1/341 547/1/343 552/1/342
f 547/1/343 544/1/344 552/1/342
f 544/1/344 511/1/345 552/1/342
f 544/1/344 507/1/346 511/1/345
f 507/1/346 515/1/347 511/1/345
f 507/1/346 541/1/348 515/1/347
f 541/1/348 527/1/349 515/1/347
f 527/1/349 556/1/350 515/1/347
f 527/1/349 539/1/349 556/1/350
f 539/1/349 558/1/351 556/1/350
f 539/1/349 510/1/338 558/1/351
f 539/1/349 520/1/348 510/1/338
f 520/1/348 514/1/348 510/1/338
f 514/1/348 509/1/336 510/1/338
f 514/1/348 559/1/352 509/1/336
f 514/1/348 513/1/346 559/1/352
f 513/1/346 512/1/353 559/1/352
f 512/1/353 561/1/354 559/1/352
f 512/1/353 508/1/355 561/1/354
f 512/1/353 523/1/356 508/1/355
f 523/1/356 518/1/357 508/1/355
f 510/1/338 506/1/337 516/1/358
f 509/1/336 517/1/359 506/1/337
f 519/1/360 508/1/355 518/1/357
s 34
f 520/1/361 521/1/362 539/1/361
f 521/1/362 520/1/361 514/1/363
f 521/1/362 514/1/363 535/1/364
f 535/1/364 514/1/363 513/1/361
f 535/1/364 513/1/361 533/1/361
f 533/1/361 513/1/361 512/1/365
f 533/1/361 512/1/365 522/1/366
f 522/1/366 512/1/365 523/1/367
f 522/1/366 523/1/367 524/1/361
f 524/1/361 523/1/367 518/1/364
f 524/1/361 518/1/364 534/1/368
s 35
f 551/1/361 530/1/361 532/1/361
f 530/1/361 551/1/361 531/1/365
f 530/1/361 531/1/365 547/1/361
f 530/1/361 547/1/361 525/1/369
f 525/1/369 547/1/361 544/1/361
f 525/1/369 544/1/361 507/1/363
f 525/1/369 507/1/363 526/1/370
f 526/1/370 507/1/363 541/1/371
f 526/1/370 541/1/371 529/1/362
f 529/1/362 541/1/371 527/1/372
f 528/1/373 527/1/372 539/1/361
s 33
f 518/1/357 523/1/374 565/1/375
f 523/1/374 512/1/376 536/1/377
f 512/1/376 513/1/378 536/1/377
f 513/1/378 514/1/379 537/1/380
f 514/1/379 520/1/381 538/1/382
f 520/1/381 539/1/383 540/1/384
f 539/1/383 527/1/385 377/1/386
f 527/1/385 541/1/387 542/1/388
f 541/1/387 507/1/389 543/1/390
f 507/1/389 544/1/391 545/1/392
f 547/1/393 531/1/394 546/1/395
f 546/1/395 544/1/391 547/1/393
f 548/1/396 531/1/394 551/1/340
f 549/1/397 551/1/340 550/1/339
f 553/1/398 550/1/339 552/1/342
f 511/1/345 554/1/399 552/1/342
f 515/1/347 555/1/400 511/1/345
f 556/1/350 557/1/401 515/1/347
f 558/1/351 432/1/43 556/1/350
f 510/1/338 516/1/358 558/1/351
f 559/1/352 517/1/359 509/1/336
f 561/1/354 560/1/402 559/1/352
f 560/1/402 561/1/354 508/1/355
f 519/1/360 560/1/402 508/1/355
f 519/1/360 518/1/357 562/1/403
f 562/1/403 518/1/357 565/1/375
f 565/1/375 523/1/374 536/1/377
f 513/1/378 537/1/380 536/1/377
f 514/1/379 538/1/382 537/1/380
f 520/1/381 540/1/384 538/1/382
f 539/1/383 377/1/386 540/1/384
f 527/1/385 542/1/388 377/1/386
f 541/1/387 543/1/390 542/1/388
f 507/1/389 545/1/392 543/1/390
f 544/1/391 563/1/404 545/1/392
f 563/1/404 544/1/391 546/1/395
f 546/1/395 531/1/394 548/1/396
f 549/1/397 548/1/396 551/1/340
f 553/1/398 549/1/397 550/1/339
f 552/1/342 554/1/399 553/1/398
f 511/1/345 555/1/400 554/1/399
f 515/1/347 557/1/401 555/1/400
f 556/1/350 432/1/43 557/1/401
f 558/1/351 516/1/358 432/1/43
f 559/1/352 560/1/402 517/1/359
f 564/1/405 519/1/360 562/1/403
f 564/1/405 562/1/403 565/1/375
s 35
f 528/1/373 529/1/362 527/1/372
s 36
g Ring_Material.007
usemtl Material.007
f 569/2/43 568/3/43 566/4/43
f 568/3/43 570/5/43 567/6/43
f 570/5/43 571/7/43 124/8/43
f 571/7/43 569/2/43 116/9/43
f 569/2/43 566/4/43 116/9/43
f 568/3/43 567/6/43 566/4/43
f 570/5/43 124/8/43 567/6/43
f 571/7/43 116/9/43 124/8/43
s 78
f 567/8/43 116/4/43 124/6/43
f 116/4/43 567/8/43 566/9/43
s 37
g Ring_Material.012
usemtl Material.012
f 574/1/406 2140/1/407 2136/1/2
f 2140/1/407 574/1/406 573/1/408
f 2140/1/407 572/1/409 2136/1/2
f 572/1/409 2140/1/407 2135/1/48
f 2135/1/48 2140/1/407 2142/1/410
f 2142/1/410 2140/1/407 575/1/411
f 2137/1/412 2136/1/2 572/1/409
f 2136/1/2 2137/1/412 574/1/406
f 2141/1/413 2138/1/2 2139/1/414
f 2138/1/2 2141/1/413 2137/1/412
f 2137/1/412 2141/1/413 574/1/406
f 574/1/406 2141/1/413 573/1/408
f 2140/1/407 2141/1/413 575/1/411
f 2141/1/413 2140/1/407 573/1/408
f 2138/1/2 2142/1/410 2139/1/414
f 2142/1/410 2138/1/2 2135/1/48
f 2138/1/2 572/1/409 2135/1/48
f 572/1/409 2138/1/2 2137/1/412
f 2141/1/413 2142/1/410 575/1/411
f 2142/1/410 2141/1/413 2139/1/414
s 38
f 577/1/415 576/1/416 583/1/417
f 576/1/416 577/1/415 610/1/418
f 576/1/416 610/1/418 572/1/419
f 576/1/416 572/1/419 2137/1/419
f 576/1/416 2137/1/419 2143/1/420
f 578/1/421 610/1/418 577/1/415
f 610/1/418 578/1/421 572/1/419
f 572/1/419 578/1/421 2144/1/422
f 572/1/419 2144/1/422 2137/1/419
f 2137/1/419 2144/1/422 2143/1/420
f 598/1/423 2159/1/424 2161/1/425
f 2159/1/424 598/1/423 597/1/426
f 2159/1/424 597/1/426 2149/1/427
f 2149/1/427 597/1/426 586/1/428
f 2149/1/427 586/1/428 607/1/429
f 607/1/429 586/1/428 2145/1/430
f 2145/1/430 586/1/428 2150/1/431
f 2145/1/430 2150/1/431 579/1/432
f 579/1/432 2150/1/431 2148/1/433
f 579/1/432 2148/1/433 2147/1/434
f 2147/1/434 2148/1/433 580/1/435
f 2147/1/434 580/1/435 602/1/436
f 2147/1/434 602/1/436 581/1/437
f 581/1/437 602/1/436 2155/1/438
f 2155/1/438 602/1/436 585/1/439
f 2155/1/438 585/1/439 582/1/440
f 582/1/440 585/1/439 2146/1/441
f 582/1/440 2146/1/441 593/1/442
f 593/1/442 2146/1/441 584/1/443
f 593/1/442 584/1/443 578/1/421
f 593/1/442 578/1/421 583/1/417
f 583/1/417 578/1/421 577/1/415
s 39
f 610/1/412 587/1/2 577/1/444
f 587/1/2 610/1/412 2162/1/406
f 610/1/412 589/1/445 588/1/10
f 589/1/445 610/1/412 577/1/444
s 38
f 2160/1/446 596/1/447 608/1/448
f 596/1/447 2160/1/446 590/1/449
f 596/1/447 590/1/449 595/1/450
f 595/1/450 590/1/449 2158/1/451
f 595/1/450 2158/1/451 599/1/452
f 599/1/452 2158/1/451 2157/1/453
f 599/1/452 2157/1/453 600/1/454
f 600/1/454 2157/1/453 2156/1/455
f 600/1/454 2156/1/455 2154/1/456
f 2154/1/456 2156/1/455 592/1/457
f 2154/1/456 592/1/457 601/1/458
f 601/1/458 592/1/457 605/1/459
f 601/1/458 605/1/459 2152/1/460
f 2152/1/460 605/1/459 604/1/461
f 2152/1/460 604/1/461 2153/1/462
f 2153/1/462 604/1/461 591/1/463
f 2153/1/462 591/1/463 603/1/464
f 603/1/464 591/1/463 594/1/465
f 603/1/464 594/1/465 2151/1/466
f 2151/1/466 594/1/465 576/1/416
f 2151/1/466 576/1/416 2144/1/422
f 2144/1/422 576/1/416 2143/1/420
f 583/1/417 594/1/465 593/1/442
f 594/1/465 583/1/417 576/1/416
f 584/1/443 2144/1/422 578/1/421
f 2144/1/422 584/1/443 2151/1/466
f 597/1/426 596/1/447 595/1/450
f 595/1/450 586/1/428 597/1/426
f 586/1/428 595/1/450 599/1/452
f 586/1/428 600/1/454 2150/1/431
f 600/1/454 586/1/428 599/1/452
f 2150/1/431 2154/1/456 2148/1/433
f 2154/1/456 2150/1/431 600/1/454
f 2148/1/433 601/1/458 580/1/435
f 601/1/458 2148/1/433 2154/1/456
f 601/1/458 602/1/436 580/1/435
f 602/1/436 601/1/458 2152/1/460
f 2152/1/460 585/1/439 602/1/436
f 585/1/439 2152/1/460 2153/1/462
f 2153/1/462 2146/1/441 585/1/439
f 2146/1/441 2153/1/462 603/1/464
f 2146/1/441 2151/1/466 584/1/443
f 2151/1/466 2146/1/441 603/1/464
f 593/1/442 591/1/463 582/1/440
f 591/1/463 593/1/442 594/1/465
f 591/1/463 2155/1/438 582/1/440
f 2155/1/438 591/1/463 604/1/461
f 604/1/461 581/1/437 2155/1/438
f 581/1/437 604/1/461 605/1/459
f 605/1/459 2147/1/434 581/1/437
f 2147/1/434 605/1/459 606/1/467
f 606/1/467 605/1/459 592/1/457
f 2147/1/434 2156/1/455 579/1/432
f 2156/1/455 2147/1/434 606/1/467
f 2156/1/455 606/1/467 592/1/457
f 579/1/432 2157/1/453 2145/1/430
f 2157/1/453 579/1/432 2156/1/455
f 2145/1/430 2158/1/451 607/1/429
f 2158/1/451 2145/1/430 2157/1/453
f 2158/1/451 2149/1/427 607/1/429
f 2149/1/427 2158/1/451 590/1/449
f 590/1/449 2159/1/424 2149/1/427
f 2159/1/424 590/1/449 2160/1/446
f 2160/1/446 2161/1/425 2159/1/424
f 2161/1/425 2160/1/446 608/1/448
f 608/1/448 598/1/423 2161/1/425
f 598/1/423 608/1/448 596/1/447
s 39
f 609/1/407 577/1/444 587/1/2
f 577/1/444 609/1/407 589/1/445
f 589/1/445 609/1/407 2164/1/411
f 611/1/413 610/1/412 588/1/10
f 610/1/412 611/1/413 2162/1/406
f 2162/1/406 611/1/413 2163/1/468
f 2162/1/406 609/1/407 587/1/2
f 609/1/407 2162/1/406 2163/1/468
f 611/1/413 589/1/445 2164/1/411
f 589/1/445 611/1/413 588/1/10
f 609/1/407 611/1/413 2164/1/411
f 611/1/413 609/1/407 2163/1/468
s 38
f 598/1/423 596/1/447 597/1/426
s 40
g Ring_Material.025
usemtl Material.025
f 613/1/406 612/1/48 614/1/2
f 612/1/48 613/1/406 619/1/469
f 612/1/48 617/1/470 614/1/2
f 617/1/470 612/1/48 622/1/2
f 622/1/2 612/1/48 627/1/410
f 627/1/410 612/1/48 615/1/48
f 615/1/48 612/1/48 616/1/471
f 615/1/48 616/1/471 625/1/26
f 618/1/68 614/1/2 617/1/470
f 614/1/2 618/1/68 613/1/406
f 626/1/413 623/1/2 621/1/414
f 623/1/2 626/1/413 618/1/68
f 618/1/68 626/1/413 613/1/406
f 613/1/406 626/1/413 619/1/469
f 619/1/469 626/1/413 620/1/26
f 619/1/469 620/1/26 624/1/472
f 612/1/48 624/1/472 616/1/471
f 624/1/472 612/1/48 619/1/469
f 623/1/2 627/1/410 621/1/414
f 627/1/410 623/1/2 622/1/2
f 623/1/2 617/1/470 622/1/2
f 617/1/470 623/1/2 618/1/68
f 616/1/471 620/1/26 625/1/26
f 620/1/26 616/1/471 624/1/472
f 625/1/26 626/1/413 615/1/48
f 626/1/413 625/1/26 620/1/26
f 626/1/413 627/1/410 615/1/48
f 627/1/410 626/1/413 621/1/414
s 41
g Ring_Material.011
usemtl Material.011
f 632/1/68 634/1/2 628/1/409
f 634/1/2 632/1/68 633/1/406
f 636/1/473 628/1/409 634/1/2
f 628/1/409 636/1/473 630/1/48
f 630/1/48 636/1/473 629/1/474
f 629/1/474 636/1/473 638/1/48
f 638/1/48 636/1/473 639/1/48
f 638/1/48 639/1/48 637/1/475
f 631/1/2 628/1/409 630/1/48
f 628/1/409 631/1/2 632/1/68
f 641/1/413 631/1/2 640/1/414
f 631/1/2 641/1/413 632/1/68
f 632/1/68 641/1/413 633/1/406
f 633/1/406 641/1/413 635/1/476
f 633/1/406 636/1/473 634/1/2
f 636/1/473 633/1/406 635/1/476
f 631/1/2 629/1/474 640/1/414
f 629/1/474 631/1/2 630/1/48
f 637/1/475 641/1/413 638/1/48
f 641/1/413 637/1/475 635/1/476
f 635/1/476 637/1/475 639/1/48
f 635/1/476 639/1/48 636/1/473
f 641/1/413 629/1/474 638/1/48
f 629/1/474 641/1/413 640/1/414
s 29
g Ring_Material.017
usemtl Material.017
f 660/1/157 659/1/159 642/1/332
f 659/1/159 660/1/157 501/1/156
f 659/1/159 501/1/156 658/1/160
f 658/1/160 501/1/156 500/1/231
f 658/1/160 500/1/231 657/1/161
f 657/1/161 500/1/231 665/1/327
f 657/1/161 665/1/327 656/1/232
f 656/1/232 665/1/327 666/1/326
f 656/1/232 666/1/326 502/1/282
f 502/1/282 666/1/326 495/1/325
f 502/1/282 495/1/325 696/1/283
f 696/1/283 495/1/325 493/1/281
f 696/1/283 493/1/281 695/1/284
f 695/1/284 493/1/281 643/1/150
f 695/1/284 643/1/150 694/1/477
f 694/1/477 643/1/150 492/1/324
f 694/1/477 492/1/324 693/1/478
f 693/1/478 492/1/324 491/1/148
f 693/1/478 491/1/148 655/1/479
f 655/1/479 491/1/148 654/1/323
f 653/1/480 654/1/323 489/1/322
f 653/1/480 489/1/322 652/1/481
f 652/1/481 489/1/322 667/1/222
f 652/1/481 667/1/222 664/1/174
f 664/1/174 667/1/222 487/1/321
f 664/1/174 487/1/321 663/1/482
f 663/1/482 487/1/321 485/1/220
f 663/1/482 485/1/220 687/1/176
f 687/1/176 485/1/220 484/1/142
f 687/1/176 484/1/142 685/1/177
f 685/1/177 484/1/142 483/1/218
f 685/1/177 483/1/218 644/1/483
f 644/1/483 483/1/218 645/1/217
f 644/1/483 645/1/217 682/1/484
f 682/1/484 645/1/217 504/1/320
f 682/1/484 504/1/320 651/1/485
f 651/1/485 504/1/320 503/1/335
f 651/1/485 503/1/335 680/1/486
f 680/1/486 503/1/335 661/1/487
f 680/1/486 661/1/487 679/1/488
f 679/1/488 661/1/487 662/1/489
f 679/1/488 662/1/489 677/1/490
f 677/1/490 662/1/489 646/1/491
f 677/1/490 646/1/491 675/1/291
f 675/1/291 646/1/491 647/1/492
f 675/1/291 647/1/492 650/1/184
f 650/1/184 647/1/492 648/1/187
f 650/1/184 648/1/187 649/1/185
f 649/1/185 648/1/187 672/1/493
f 668/1/128 503/1/335 460/1/316
f 503/1/335 668/1/128 661/1/487
f 462/1/130 661/1/487 668/1/128
f 661/1/487 462/1/130 662/1/489
f 669/1/212 662/1/489 462/1/130
f 662/1/489 669/1/212 646/1/491
f 670/1/319 646/1/491 669/1/212
f 646/1/491 670/1/319 647/1/492
f 671/1/136 647/1/492 670/1/319
f 647/1/492 671/1/136 648/1/187
f 461/1/138 648/1/187 671/1/136
f 648/1/187 461/1/138 672/1/493
f 673/1/137 672/1/493 461/1/138
f 672/1/493 673/1/137 649/1/185
f 674/1/135 649/1/185 673/1/137
f 649/1/185 674/1/135 650/1/184
f 676/1/133 650/1/184 674/1/135
f 650/1/184 676/1/133 675/1/291
f 678/1/211 675/1/291 676/1/133
f 675/1/291 678/1/211 677/1/490
f 481/1/318 677/1/490 678/1/211
f 677/1/490 481/1/318 679/1/488
f 681/1/317 679/1/488 481/1/318
f 679/1/488 681/1/317 680/1/486
f 651/1/485 681/1/317 480/1/315
f 681/1/317 651/1/485 680/1/486
f 682/1/484 480/1/315 683/1/313
f 480/1/315 682/1/484 651/1/485
f 644/1/483 683/1/313 684/1/311
f 683/1/313 644/1/483 682/1/484
f 685/1/177 684/1/311 686/1/121
f 684/1/311 685/1/177 644/1/483
f 687/1/176 686/1/121 463/1/309
f 686/1/121 687/1/176 685/1/177
f 663/1/482 463/1/309 688/1/203
f 463/1/309 663/1/482 687/1/176
f 664/1/174 688/1/203 689/1/115
f 688/1/203 664/1/174 663/1/482
f 652/1/481 689/1/115 690/1/113
f 689/1/115 652/1/481 664/1/174
f 653/1/480 690/1/113 691/1/307
f 690/1/113 653/1/480 652/1/481
f 655/1/479 691/1/307 692/1/306
f 691/1/307 655/1/479 653/1/480
f 693/1/478 692/1/306 479/1/305
f 692/1/306 693/1/478 655/1/479
f 694/1/477 479/1/305 467/1/304
f 479/1/305 694/1/477 693/1/478
f 695/1/284 467/1/304 469/1/301
f 467/1/304 695/1/284 694/1/477
f 696/1/283 469/1/301 697/1/300
f 469/1/301 696/1/283 695/1/284
f 653/1/480 655/1/479 654/1/323
s 42
f 701/1/361 431/1/494 740/1/495
f 740/1/495 702/1/496 701/1/361
f 702/1/496 741/1/497 701/1/361
f 741/1/497 743/1/498 701/1/361
f 743/1/498 745/1/499 701/1/361
f 745/1/499 727/1/500 701/1/361
f 727/1/500 699/1/501 701/1/361
f 727/1/500 712/1/502 699/1/501
f 712/1/502 700/1/503 699/1/501
f 700/1/503 713/1/504 699/1/501
f 713/1/504 729/1/505 699/1/501
f 729/1/505 698/1/506 699/1/501
f 737/1/507 431/1/494 701/1/371
f 701/1/371 699/1/501 737/1/507
f 699/1/501 731/1/508 737/1/507
f 731/1/508 708/1/509 737/1/507
f 731/1/508 703/1/510 708/1/509
f 703/1/510 704/1/511 708/1/509
f 704/1/511 707/1/512 708/1/509
f 704/1/511 709/1/513 707/1/512
f 704/1/511 734/1/514 709/1/513
f 734/1/514 705/1/515 709/1/513
f 734/1/514 706/1/516 705/1/515
f 706/1/516 710/1/517 705/1/515
g Ring_Material.050
usemtl Material.050
f 712/1/502 711/1/518 716/1/519
f 716/1/519 700/1/503 712/1/502
f 713/1/504 700/1/503 716/1/519
f 716/1/519 714/1/520 713/1/504
f 739/1/521 738/1/522 736/1/523
f 736/1/523 723/1/524 739/1/521
f 736/1/523 725/1/525 723/1/524
f 725/1/525 715/1/526 723/1/524
f 725/1/525 722/1/527 715/1/526
f 722/1/527 742/1/528 715/1/526
f 722/1/527 735/1/529 742/1/528
f 735/1/529 744/1/530 742/1/528
f 735/1/529 721/1/531 744/1/530
f 721/1/531 726/1/532 744/1/530
f 721/1/531 720/1/533 726/1/532
f 720/1/533 711/1/518 726/1/532
f 720/1/533 724/1/534 711/1/518
f 724/1/534 716/1/519 711/1/518
f 724/1/534 733/1/535 716/1/519
f 733/1/535 714/1/520 716/1/519
f 733/1/535 732/1/536 714/1/520
f 732/1/536 728/1/537 714/1/520
f 732/1/536 719/1/538 728/1/537
f 719/1/538 717/1/539 728/1/537
f 719/1/538 730/1/540 717/1/539
f 730/1/540 718/1/541 717/1/539
f 727/1/500 726/1/532 711/1/518
f 711/1/518 712/1/502 727/1/500
f 729/1/505 713/1/504 714/1/520
f 714/1/520 728/1/537 729/1/505
f 698/1/506 729/1/505 728/1/537
f 728/1/537 717/1/539 698/1/506
f 699/1/501 698/1/506 717/1/539
f 717/1/539 718/1/541 699/1/501
f 731/1/508 699/1/501 718/1/541
f 718/1/541 730/1/540 731/1/508
f 703/1/510 731/1/508 730/1/540
f 730/1/540 719/1/538 703/1/510
f 704/1/511 703/1/510 719/1/538
f 719/1/538 732/1/536 704/1/511
f 734/1/514 704/1/511 732/1/536
f 732/1/536 733/1/535 734/1/514
f 734/1/514 733/1/535 724/1/534
f 724/1/534 706/1/516 734/1/514
f 706/1/516 724/1/534 720/1/533
f 720/1/533 710/1/517 706/1/516
f 720/1/533 721/1/531 705/1/515
f 705/1/515 710/1/517 720/1/533
f 721/1/531 735/1/529 709/1/513
f 709/1/513 705/1/515 721/1/531
f 722/1/527 707/1/512 709/1/513
f 709/1/513 735/1/529 722/1/527
f 725/1/525 708/1/509 707/1/512
f 707/1/512 722/1/527 725/1/525
f 736/1/523 737/1/507 708/1/509
f 708/1/509 725/1/525 736/1/523
f 738/1/522 431/1/494 737/1/507
f 737/1/507 736/1/523 738/1/522
f 739/1/521 740/1/495 431/1/494
f 431/1/494 738/1/522 739/1/521
f 723/1/524 702/1/496 740/1/495
f 740/1/495 739/1/521 723/1/524
f 715/1/526 741/1/497 702/1/496
f 702/1/496 723/1/524 715/1/526
f 742/1/528 743/1/498 741/1/497
f 741/1/497 715/1/526 742/1/528
f 742/1/528 744/1/530 745/1/499
f 745/1/499 743/1/498 742/1/528
f 744/1/530 726/1/532 727/1/500
f 727/1/500 745/1/499 744/1/530
s 43
g Ring_Material.049
usemtl Material.049
f 747/1/542 746/1/543 748/1/544
f 748/1/544 750/1/545 747/1/542
f 756/1/546 749/1/547 746/1/543
f 746/1/543 747/1/542 756/1/546
f 761/1/548 767/1/549 757/1/349
f 757/1/349 750/1/545 761/1/548
f 757/1/349 747/1/542 750/1/545
f 757/1/349 756/1/546 747/1/542
f 757/1/349 751/1/348 756/1/546
f 751/1/348 758/1/550 756/1/546
f 751/1/348 759/1/551 758/1/550
f 751/1/348 775/1/552 759/1/551
f 751/1/348 760/1/553 775/1/552
f 751/1/348 755/1/348 760/1/553
f 755/1/348 777/1/554 760/1/553
f 755/1/348 752/1/555 777/1/554
f 755/1/348 753/1/556 752/1/555
f 755/1/348 765/1/557 753/1/556
f 765/1/557 754/1/558 753/1/556
f 750/1/545 748/1/544 763/1/559
f 763/1/559 762/1/560 750/1/545
f 762/1/560 761/1/548 750/1/545
f 756/1/546 758/1/550 764/1/561
f 764/1/561 749/1/547 756/1/546
f 376/1/43 766/1/562 754/1/558
f 754/1/558 765/1/557 376/1/43
f 781/1/563 765/1/557 755/1/348
f 755/1/348 751/1/348 781/1/563
f 751/1/348 757/1/349 781/1/563
f 757/1/349 767/1/549 781/1/563
f 767/1/549 771/1/564 781/1/563
f 771/1/564 785/1/565 781/1/563
f 771/1/564 770/1/566 785/1/565
f 770/1/566 769/1/567 785/1/565
f 770/1/566 795/1/568 769/1/567
f 795/1/568 787/1/569 769/1/567
f 795/1/568 768/1/570 787/1/569
f 768/1/570 789/1/571 787/1/569
f 768/1/570 793/1/572 789/1/571
f 793/1/572 772/1/573 789/1/571
f 773/1/574 767/1/549 762/1/560
f 767/1/549 761/1/548 762/1/560
f 759/1/551 775/1/552 774/1/575
f 774/1/575 758/1/550 759/1/551
f 774/1/575 764/1/561 758/1/550
f 774/1/575 775/1/552 760/1/553
f 760/1/553 776/1/576 774/1/575
f 776/1/576 760/1/553 777/1/554
f 777/1/554 778/1/577 776/1/576
f 779/1/578 778/1/577 777/1/554
f 777/1/554 752/1/555 779/1/578
f 780/1/579 779/1/578 752/1/555
f 752/1/555 753/1/556 780/1/579
f 766/1/562 780/1/579 753/1/556
f 753/1/556 754/1/558 766/1/562
f 782/1/358 376/1/43 765/1/557
f 765/1/557 781/1/563 782/1/358
f 767/1/549 773/1/574 783/1/580
f 783/1/580 771/1/564 767/1/549
f 784/1/581 782/1/358 781/1/563
f 781/1/563 785/1/565 784/1/581
f 786/1/582 784/1/581 785/1/565
f 785/1/565 769/1/567 786/1/582
f 788/1/583 786/1/582 769/1/567
f 769/1/567 787/1/569 788/1/583
f 788/1/583 787/1/569 789/1/571
f 789/1/571 790/1/584 788/1/583
f 790/1/584 789/1/571 772/1/573
f 772/1/573 791/1/405 790/1/584
f 772/1/573 793/1/572 792/1/585
f 792/1/585 791/1/405 772/1/573
f 793/1/572 768/1/570 794/1/586
f 794/1/586 792/1/585 793/1/572
f 795/1/568 796/1/587 794/1/586
f 794/1/586 768/1/570 795/1/568
f 770/1/566 797/1/588 796/1/587
f 796/1/587 795/1/568 770/1/566
f 771/1/564 783/1/580 797/1/588
f 797/1/588 770/1/566 771/1/564
f 763/1/559 773/1/574 762/1/560
s 44
g Ring_Material.048
usemtl Material.048
f 801/1/576 798/1/589 800/1/590
f 800/1/590 799/1/591 801/1/576
f 800/1/590 803/1/592 802/1/593
f 798/1/589 811/1/594 832/1/595
f 832/1/595 800/1/590 798/1/589
f 832/1/595 830/1/596 800/1/590
f 830/1/596 803/1/592 800/1/590
f 830/1/596 810/1/597 803/1/592
f 810/1/597 813/1/598 803/1/592
f 810/1/597 808/1/599 813/1/598
f 808/1/599 804/1/600 813/1/598
f 808/1/599 807/1/601 804/1/600
f 807/1/601 827/1/602 804/1/600
f 827/1/602 819/1/603 804/1/600
s 0
f 827/1/166 805/1/22 819/1/167
f 827/1/13 806/1/13 805/1/13
f 806/1/248 809/1/22 805/1/76
s 44
f 812/1/575 811/1/594 798/1/589
f 798/1/589 801/1/576 812/1/575
f 814/1/579 802/1/593 803/1/592
f 803/1/592 813/1/598 814/1/579
f 816/1/43 815/1/562 804/1/600
f 804/1/600 819/1/603 816/1/43
f 834/1/604 819/1/603 805/1/348
f 805/1/348 809/1/348 834/1/604
f 809/1/348 806/1/348 834/1/604
f 806/1/348 827/1/602 817/1/605
f 817/1/605 834/1/604 806/1/348
f 817/1/605 820/1/606 834/1/604
f 817/1/605 848/1/566 820/1/606
f 848/1/566 838/1/567 820/1/606
f 848/1/566 846/1/568 838/1/567
f 846/1/568 821/1/569 838/1/567
f 846/1/568 844/1/570 821/1/569
f 844/1/570 822/1/607 821/1/569
f 844/1/570 823/1/572 822/1/607
f 823/1/572 818/1/573 822/1/607
f 826/1/608 825/1/608 824/1/22
f 824/1/22 827/1/602 826/1/608
f 827/1/602 807/1/601 826/1/608
f 808/1/599 828/1/544 825/1/608
f 825/1/608 826/1/608 808/1/599
f 826/1/608 807/1/601 808/1/599
f 810/1/597 829/1/543 828/1/544
f 828/1/544 808/1/599 810/1/597
f 830/1/596 831/1/547 829/1/543
f 829/1/543 810/1/597 830/1/596
f 830/1/596 832/1/595 833/1/561
f 833/1/561 831/1/547 830/1/596
f 832/1/595 811/1/594 812/1/575
f 812/1/575 833/1/561 832/1/595
f 815/1/562 814/1/579 813/1/598
f 813/1/598 804/1/600 815/1/562
f 835/1/358 816/1/43 819/1/603
f 819/1/603 834/1/604 835/1/358
f 827/1/602 824/1/22 836/1/580
f 836/1/580 817/1/605 827/1/602
f 837/1/581 835/1/358 834/1/604
f 834/1/604 820/1/606 837/1/581
f 839/1/582 837/1/581 820/1/606
f 820/1/606 838/1/567 839/1/582
f 840/1/583 839/1/582 838/1/567
f 838/1/567 821/1/569 840/1/583
f 840/1/583 821/1/569 822/1/607
f 822/1/607 841/1/584 840/1/583
f 841/1/584 822/1/607 818/1/573
f 818/1/573 842/1/405 841/1/584
f 818/1/573 823/1/572 843/1/585
f 843/1/585 842/1/405 818/1/573
f 823/1/572 844/1/570 845/1/586
f 845/1/586 843/1/585 823/1/572
f 846/1/568 847/1/587 845/1/586
f 845/1/586 844/1/570 846/1/568
f 848/1/566 849/1/588 847/1/587
f 847/1/587 846/1/568 848/1/566
f 817/1/605 836/1/580 849/1/588
f 849/1/588 848/1/566 817/1/605
f 799/1/591 800/1/590 802/1/593
s 48
g Ring_Material.033
usemtl Material.033
f 850/1/547 853/1/609 851/1/610
f 851/1/610 852/1/543 850/1/547
f 873/1/611 872/1/612 863/1/613
f 863/1/613 864/1/614 873/1/611
f 863/1/613 862/1/615 864/1/614
f 862/1/615 876/1/616 864/1/614
f 862/1/615 851/1/610 876/1/616
f 851/1/610 861/1/617 876/1/616
f 851/1/610 853/1/609 861/1/617
f 853/1/609 879/1/618 861/1/617
f 853/1/609 867/1/619 879/1/618
f 867/1/619 882/1/620 879/1/618
f 867/1/619 854/1/621 882/1/620
f 854/1/621 855/1/622 882/1/620
f 854/1/621 860/1/623 855/1/622
f 860/1/623 856/1/624 855/1/622
f 860/1/623 859/1/625 856/1/624
f 859/1/625 885/1/626 856/1/624
f 859/1/625 866/1/627 885/1/626
f 866/1/627 857/1/628 885/1/626
f 866/1/627 892/1/629 857/1/628
f 892/1/629 889/1/630 857/1/628
f 892/1/629 858/1/631 889/1/630
f 858/1/631 865/1/632 889/1/630
f 850/1/547 868/1/561 867/1/619
f 867/1/619 853/1/609 850/1/547
f 852/1/543 851/1/610 862/1/615
f 862/1/615 869/1/633 852/1/543
f 869/1/633 862/1/615 863/1/613
f 863/1/613 870/1/634 869/1/633
f 870/1/634 863/1/613 872/1/612
f 873/1/611 874/1/580 871/1/635
f 874/1/580 873/1/611 864/1/614
f 864/1/614 875/1/588 874/1/580
f 875/1/588 864/1/614 876/1/616
f 876/1/616 877/1/587 875/1/588
f 877/1/587 876/1/616 861/1/617
f 861/1/617 878/1/586 877/1/587
f 880/1/585 878/1/586 861/1/617
f 861/1/617 879/1/618 880/1/585
f 881/1/405 880/1/585 879/1/618
f 879/1/618 882/1/620 881/1/405
f 855/1/622 883/1/584 881/1/405
f 881/1/405 882/1/620 855/1/622
f 856/1/624 884/1/583 883/1/584
f 883/1/584 855/1/622 856/1/624
f 856/1/624 885/1/626 886/1/582
f 886/1/582 884/1/583 856/1/624
f 885/1/626 857/1/628 887/1/581
f 887/1/581 886/1/582 885/1/626
f 857/1/628 889/1/630 888/1/358
f 888/1/358 887/1/581 857/1/628
f 889/1/630 865/1/632 890/1/43
f 890/1/43 888/1/358 889/1/630
f 865/1/632 858/1/631 891/1/562
f 891/1/562 890/1/43 865/1/632
f 858/1/631 892/1/629 893/1/636
f 893/1/636 891/1/562 858/1/631
f 892/1/629 866/1/627 894/1/578
f 894/1/578 893/1/636 892/1/629
f 866/1/627 859/1/625 895/1/577
f 895/1/577 894/1/578 866/1/627
f 860/1/623 896/1/576 895/1/577
f 895/1/577 859/1/625 860/1/623
f 854/1/621 897/1/575 896/1/576
f 896/1/576 860/1/623 854/1/621
f 868/1/561 897/1/575 854/1/621
f 854/1/621 867/1/619 868/1/561
f 871/1/635 870/1/634 872/1/612
f 872/1/612 873/1/611 871/1/635
s 49
g Ring_Material.034
usemtl Material.034
f 898/1/637 899/1/638 901/1/43
f 901/1/43 900/1/358 898/1/637
f 904/1/639 905/1/640 919/1/641
f 919/1/641 906/1/642 904/1/639
f 919/1/641 1787/1/361 906/1/642
f 1787/1/361 924/1/643 906/1/642
f 1787/1/361 912/1/361 924/1/643
f 912/1/361 907/1/644 924/1/643
f 912/1/361 927/1/645 907/1/644
f 912/1/361 902/1/646 927/1/645
f 912/1/361 931/1/647 902/1/646
f 912/1/361 913/1/361 931/1/647
f 913/1/361 933/1/648 931/1/647
f 913/1/361 903/1/649 933/1/648
f 913/1/361 910/1/650 903/1/649
f 910/1/650 908/1/651 903/1/649
f 910/1/650 898/1/637 908/1/651
f 910/1/650 899/1/638 898/1/637
f 908/1/651 898/1/637 900/1/358
f 900/1/358 909/1/581 908/1/651
f 899/1/638 910/1/650 191/1/562
f 191/1/562 901/1/43 899/1/638
f 911/1/652 916/1/653 915/1/654
f 915/1/654 914/1/655 911/1/652
f 915/1/654 918/1/656 914/1/655
f 918/1/656 947/1/657 914/1/655
f 918/1/656 939/1/658 947/1/657
f 939/1/658 938/1/659 947/1/657
f 939/1/658 917/1/660 938/1/659
f 917/1/660 919/1/641 938/1/659
f 917/1/660 910/1/650 919/1/641
s 0
f 910/1/167 912/1/43 919/1/166
f 912/1/48 1787/1/48 919/1/48
f 910/1/48 913/1/48 912/1/48
s 49
f 920/1/608 919/1/641 905/1/640
f 905/1/640 921/1/22 920/1/608
f 921/1/22 905/1/640 904/1/639
f 904/1/639 922/1/661 921/1/22
f 922/1/661 904/1/639 906/1/642
f 906/1/642 923/1/588 922/1/661
f 923/1/588 906/1/642 924/1/643
f 924/1/643 925/1/587 923/1/588
f 925/1/587 924/1/643 907/1/644
f 907/1/644 926/1/662 925/1/587
f 928/1/663 926/1/662 907/1/644
f 907/1/644 927/1/645 928/1/663
f 927/1/645 930/1/405 929/1/664
f 927/1/645 902/1/646 930/1/405
f 929/1/664 930/1/405 931/1/647
f 930/1/405 902/1/646 931/1/647
f 933/1/648 934/1/665 932/1/666
f 932/1/666 931/1/647 933/1/648
f 933/1/648 903/1/649 935/1/582
f 935/1/582 934/1/665 933/1/648
f 903/1/649 908/1/651 909/1/581
f 909/1/581 935/1/582 903/1/649
f 910/1/650 917/1/660 936/1/579
f 936/1/579 191/1/562 910/1/650
f 937/1/544 938/1/659 919/1/641
f 919/1/641 920/1/608 937/1/544
f 917/1/660 939/1/658 940/1/578
f 940/1/578 936/1/579 917/1/660
f 939/1/658 918/1/656 941/1/577
f 941/1/577 940/1/578 939/1/658
f 915/1/654 942/1/576 941/1/577
f 941/1/577 918/1/656 915/1/654
f 916/1/653 943/1/575 942/1/576
f 942/1/576 915/1/654 916/1/653
f 944/1/667 943/1/575 916/1/653
f 916/1/653 911/1/652 944/1/667
f 945/1/547 944/1/667 911/1/652
f 911/1/652 914/1/655 945/1/547
f 945/1/547 914/1/655 947/1/657
f 947/1/657 946/1/543 945/1/547
f 946/1/543 947/1/657 938/1/659
f 938/1/659 937/1/544 946/1/543
f 928/1/663 927/1/645 929/1/664
f 932/1/666 929/1/664 931/1/647
s 53
g Ring_Material.035
usemtl Material.035
f 951/1/588 949/1/668 948/1/669
f 948/1/669 950/1/587 951/1/588
f 960/1/670 974/1/640 967/1/671
f 967/1/671 949/1/668 960/1/670
f 967/1/671 1727/1/361 949/1/668
f 1727/1/361 968/1/361 949/1/668
f 968/1/361 948/1/669 949/1/668
f 968/1/361 959/1/644 948/1/669
f 968/1/361 958/1/672 959/1/644
f 968/1/361 952/1/646 958/1/672
f 968/1/361 957/1/673 952/1/646
f 968/1/361 955/1/361 957/1/673
f 955/1/361 981/1/674 956/1/675
f 955/1/361 953/1/650 981/1/674
f 953/1/650 954/1/676 981/1/674
f 953/1/650 984/1/677 954/1/676
f 953/1/650 964/1/678 984/1/677
f 961/1/580 960/1/670 949/1/668
f 949/1/668 951/1/588 961/1/580
f 950/1/587 948/1/669 959/1/644
f 959/1/644 962/1/662 950/1/587
f 964/1/678 953/1/650 192/1/562
f 192/1/562 963/1/43 964/1/678
f 992/1/652 972/1/653 965/1/654
f 965/1/654 993/1/655 992/1/652
f 965/1/654 969/1/656 993/1/655
f 969/1/656 995/1/679 993/1/655
f 969/1/656 966/1/658 995/1/679
f 966/1/658 970/1/659 995/1/679
f 966/1/658 971/1/680 970/1/659
f 971/1/680 967/1/671 970/1/659
f 971/1/680 968/1/362 967/1/671
f 971/1/680 953/1/650 968/1/362
s 0
f 968/1/39 1727/1/43 967/1/40
f 953/1/76 955/1/43 968/1/248
s 53
f 194/1/608 967/1/671 974/1/640
f 974/1/640 973/1/22 194/1/608
f 973/1/22 974/1/640 960/1/670
f 960/1/670 961/1/580 973/1/22
f 975/1/585 962/1/662 959/1/644
f 959/1/644 958/1/672 975/1/585
f 977/1/405 975/1/585 958/1/672
f 958/1/672 976/1/405 977/1/405
f 958/1/672 952/1/646 976/1/405
f 957/1/673 978/1/681 977/1/405
f 977/1/405 976/1/405 957/1/673
f 976/1/405 952/1/646 957/1/673
f 956/1/675 979/1/665 978/1/681
f 978/1/681 957/1/673 956/1/675
f 956/1/675 981/1/674 980/1/582
f 980/1/582 979/1/665 956/1/675
f 981/1/674 954/1/676 982/1/581
f 982/1/581 980/1/582 981/1/674
f 954/1/676 984/1/677 983/1/358
f 983/1/358 982/1/581 954/1/676
f 984/1/677 964/1/678 963/1/43
f 963/1/43 983/1/358 984/1/677
f 953/1/650 971/1/680 985/1/579
f 985/1/579 192/1/562 953/1/650
f 986/1/544 970/1/659 967/1/671
f 967/1/671 194/1/608 986/1/544
f 971/1/680 966/1/658 987/1/578
f 987/1/578 985/1/579 971/1/680
f 966/1/658 969/1/656 988/1/577
f 988/1/577 987/1/578 966/1/658
f 965/1/654 989/1/576 988/1/577
f 988/1/577 969/1/656 965/1/654
f 972/1/653 990/1/575 989/1/576
f 989/1/576 965/1/654 972/1/653
f 991/1/667 990/1/575 972/1/653
f 972/1/653 992/1/652 991/1/667
f 994/1/547 991/1/667 992/1/652
f 992/1/652 993/1/655 994/1/547
f 994/1/547 993/1/655 995/1/679
f 995/1/679 996/1/543 994/1/547
f 996/1/543 995/1/679 970/1/659
f 970/1/659 986/1/544 996/1/543
f 956/1/675 957/1/673 955/1/361
s 56
g Ring_Material.036
usemtl Material.036
f 999/1/588 1007/1/682 997/1/683
f 997/1/683 998/1/587 999/1/588
f 1000/1/670 1017/1/640 1014/1/684
f 1014/1/684 1007/1/682 1000/1/670
f 1014/1/684 1015/1/685 1007/1/682
f 1015/1/685 997/1/683 1007/1/682
f 1015/1/685 1042/1/686 997/1/683
f 1042/1/686 1012/1/687 997/1/683
f 1042/1/686 1010/1/688 1012/1/687
f 1010/1/688 1001/1/689 1012/1/687
f 1010/1/688 1038/1/619 1001/1/689
f 1038/1/619 1008/1/690 1001/1/689
f 1038/1/619 1002/1/691 1008/1/690
f 1002/1/691 1021/1/692 1008/1/690
f 1002/1/691 1006/1/693 1021/1/692
f 1006/1/693 1005/1/624 1021/1/692
f 1006/1/693 1035/1/625 1005/1/624
f 1035/1/625 1004/1/694 1005/1/624
f 1035/1/625 1003/1/695 1004/1/694
f 1003/1/695 1026/1/696 1004/1/694
f 1003/1/695 1032/1/629 1026/1/696
f 1032/1/629 1009/1/697 1026/1/696
f 1032/1/629 1030/1/698 1009/1/697
f 1030/1/698 1028/1/678 1009/1/697
f 1011/1/580 1000/1/670 1007/1/682
f 1007/1/682 999/1/588 1011/1/580
f 998/1/587 997/1/683 1012/1/687
f 1012/1/687 1013/1/662 998/1/587
f 1016/1/544 1015/1/685 1014/1/684
f 1014/1/684 190/1/608 1016/1/544
f 190/1/608 1014/1/684 1017/1/640
f 1017/1/640 1018/1/22 190/1/608
f 1018/1/22 1017/1/640 1000/1/670
f 1000/1/670 1011/1/580 1018/1/22
f 1019/1/585 1013/1/662 1012/1/687
f 1012/1/687 1001/1/689 1019/1/585
f 1020/1/405 1019/1/585 1001/1/689
f 1001/1/689 1008/1/690 1020/1/405
f 1021/1/692 1022/1/681 1020/1/405
f 1020/1/405 1008/1/690 1021/1/692
f 1005/1/624 1023/1/665 1022/1/681
f 1022/1/681 1021/1/692 1005/1/624
f 1005/1/624 1004/1/694 1024/1/582
f 1024/1/582 1023/1/665 1005/1/624
f 1004/1/694 1026/1/696 1025/1/581
f 1025/1/581 1024/1/582 1004/1/694
f 1026/1/696 1009/1/697 1027/1/358
f 1027/1/358 1025/1/581 1026/1/696
f 1009/1/697 1028/1/678 1029/1/43
f 1029/1/43 1027/1/358 1009/1/697
f 1028/1/678 1030/1/698 189/1/562
f 189/1/562 1029/1/43 1028/1/678
f 1030/1/698 1032/1/629 1031/1/579
f 1031/1/579 189/1/562 1030/1/698
f 1032/1/629 1003/1/695 1033/1/578
f 1033/1/578 1031/1/579 1032/1/629
f 1003/1/695 1035/1/625 1034/1/577
f 1034/1/577 1033/1/578 1003/1/695
f 1006/1/693 1036/1/576 1034/1/577
f 1034/1/577 1035/1/625 1006/1/693
f 1002/1/691 1037/1/575 1036/1/576
f 1036/1/576 1006/1/693 1002/1/691
f 1039/1/667 1037/1/575 1002/1/691
f 1002/1/691 1038/1/619 1039/1/667
f 1040/1/547 1039/1/667 1038/1/619
f 1038/1/619 1010/1/688 1040/1/547
f 1040/1/547 1010/1/688 1042/1/686
f 1042/1/686 1041/1/699 1040/1/547
f 1015/1/685 1016/1/544 1041/1/699
f 1042/1/686 1015/1/685 1041/1/699
s 57
g Ring_Material.022
usemtl Material.022
f 1043/1/700 1045/1/701 1044/1/701
f 1044/1/701 1046/1/700 1043/1/700
f 1048/1/702 1044/1/701 1045/1/701
f 1045/1/701 1047/1/702 1048/1/702
f 1049/1/703 1043/1/700 1046/1/700
f 1046/1/700 1050/1/703 1049/1/703
f 1048/1/702 1047/1/702 1052/1/361
f 1052/1/361 1051/1/361 1048/1/702
f 1054/1/704 1049/1/703 1050/1/703
f 1050/1/703 1053/1/704 1054/1/704
f 1052/1/361 1056/1/705 1055/1/705
f 1055/1/705 1051/1/361 1052/1/361
f 1058/1/22 1054/1/704 1053/1/704
f 1053/1/704 1057/1/22 1058/1/22
f 1060/1/706 1055/1/705 1056/1/705
f 1056/1/705 1059/1/706 1060/1/706
f 1062/1/707 1058/1/22 1057/1/22
f 1057/1/22 1061/1/707 1062/1/707
f 1060/1/706 1059/1/706 1064/1/708
f 1064/1/708 1063/1/708 1060/1/706
f 1065/1/709 1062/1/707 1061/1/707
f 1061/1/707 1066/1/709 1065/1/709
f 1063/1/708 1064/1/708 1068/1/710
f 1068/1/710 1067/1/710 1063/1/708
f 1069/1/711 1065/1/709 1066/1/709
f 1066/1/709 1070/1/711 1069/1/711
f 1067/1/710 1068/1/710 1072/1/712
f 1072/1/712 1071/1/712 1067/1/710
f 1073/1/713 1069/1/711 1070/1/711
f 1070/1/711 1074/1/713 1073/1/713
f 1071/1/712 1072/1/712 1076/1/43
f 1076/1/43 1075/1/43 1071/1/712
f 1077/1/714 1073/1/713 1074/1/713
f 1074/1/713 1078/1/714 1077/1/714
f 1075/1/43 1076/1/43 1079/1/715
f 1079/1/715 1080/1/715 1075/1/43
f 1081/1/348 1077/1/714 1078/1/714
f 1078/1/714 1082/1/348 1081/1/348
f 1080/1/715 1079/1/715 1084/1/716
f 1084/1/716 1083/1/716 1080/1/715
f 1086/1/717 1081/1/348 1082/1/348
f 1082/1/348 1085/1/717 1086/1/717
f 1083/1/716 1084/1/716 1087/1/718
f 1087/1/718 1088/1/718 1083/1/716
f 1089/1/719 1086/1/717 1085/1/717
f 1085/1/717 1090/1/719 1089/1/719
f 1088/1/718 1087/1/718 1089/1/719
f 1089/1/719 1090/1/719 1088/1/718
s 58
g Ring_Material.040
usemtl Material.040
f 1091/1/43 1092/1/43 1094/1/715
f 1094/1/715 1093/1/715 1091/1/43
f 1093/1/715 1094/1/715 1095/1/716
f 1095/1/716 1096/1/716 1093/1/715
f 1097/1/712 1098/1/712 1092/1/43
f 1092/1/43 1091/1/43 1097/1/712
f 1096/1/716 1095/1/716 1100/1/718
f 1100/1/718 1099/1/718 1096/1/716
f 1101/1/710 1102/1/710 1098/1/712
f 1098/1/712 1097/1/712 1101/1/710
f 1099/1/718 1100/1/718 312/1/719
f 312/1/719 1103/1/719 1099/1/718
f 1104/1/708 1105/1/708 1102/1/710
f 1102/1/710 1101/1/710 1104/1/708
f 312/1/719 1107/1/717 1106/1/717
f 1106/1/717 1103/1/719 312/1/719
f 1108/1/706 1109/1/706 1105/1/708
f 1105/1/708 1104/1/708 1108/1/706
f 1107/1/717 1111/1/348 1110/1/348
f 1110/1/348 1106/1/717 1107/1/717
f 1108/1/706 1113/1/705 1112/1/705
f 1112/1/705 1109/1/706 1108/1/706
f 1111/1/348 1115/1/714 1114/1/720
f 1114/1/720 1110/1/348 1111/1/348
f 1113/1/705 1117/1/361 1116/1/361
f 1116/1/361 1112/1/705 1113/1/705
f 1115/1/714 1119/1/721 1118/1/722
f 1118/1/722 1114/1/720 1115/1/714
f 1117/1/361 1121/1/702 1120/1/702
f 1120/1/702 1116/1/361 1117/1/361
f 1119/1/721 1123/1/711 1122/1/723
f 1121/1/702 1125/1/701 1124/1/701
f 1124/1/701 1120/1/702 1121/1/702
f 1123/1/711 1127/1/724 1126/1/709
f 1126/1/709 1122/1/723 1123/1/711
f 1129/1/700 1124/1/701 1125/1/701
f 1125/1/701 1128/1/700 1129/1/700
f 1130/1/725 1126/1/709 1127/1/724
f 1132/1/703 1129/1/700 1128/1/700
f 1128/1/700 1133/1/703 1132/1/703
f 1131/1/726 1135/1/22 1134/1/22
f 1134/1/22 1130/1/725 1131/1/726
f 1137/1/704 1132/1/703 1133/1/703
f 1133/1/703 1136/1/704 1137/1/704
f 1135/1/22 1137/1/704 1136/1/704
f 1136/1/704 1134/1/22 1135/1/22
f 1118/1/722 1119/1/721 1122/1/723
f 1131/1/726 1130/1/725 1127/1/724
s 59
g Ring_Material.042
usemtl Material.042
f 1140/1/727 1138/1/709 1141/1/728
f 1138/1/709 1142/1/707 1143/1/707
f 1143/1/707 1141/1/728 1138/1/709
f 1145/1/713 1140/1/727 1139/1/729
f 1139/1/729 1144/1/713 1145/1/713
f 1142/1/707 1147/1/22 1146/1/22
f 1146/1/22 1143/1/707 1142/1/707
f 1149/1/714 1145/1/713 1144/1/713
f 1144/1/713 1148/1/720 1149/1/714
f 1147/1/22 1151/1/704 1150/1/704
f 1150/1/704 1146/1/22 1147/1/22
f 1152/1/348 1149/1/714 1148/1/720
f 1148/1/720 1153/1/348 1152/1/348
f 1151/1/704 1155/1/703 1154/1/703
f 1154/1/703 1150/1/704 1151/1/704
f 1157/1/730 1152/1/348 1153/1/348
f 1153/1/348 1156/1/731 1157/1/730
f 1155/1/703 1159/1/700 1158/1/700
f 1158/1/700 1154/1/703 1155/1/703
f 1160/1/719 1157/1/730 1156/1/731
f 1156/1/731 1161/1/719 1160/1/719
f 1159/1/700 1163/1/701 1162/1/701
f 1162/1/701 1158/1/700 1159/1/700
f 1164/1/718 1165/1/718 1160/1/719
f 1160/1/719 1161/1/719 1164/1/718
f 1166/1/702 1162/1/701 1163/1/701
f 1163/1/701 1167/1/732 1166/1/702
f 1169/1/716 1168/1/733 1165/1/718
f 1165/1/718 1164/1/718 1169/1/716
f 1171/1/734 1166/1/702 1167/1/732
f 1167/1/732 1170/1/735 1171/1/734
f 1168/1/733 1169/1/716 1172/1/736
f 1170/1/735 1175/1/705 1174/1/737
f 1176/1/738 1177/1/43 1173/1/739
f 1173/1/739 1172/1/736 1176/1/738
f 1178/1/740 1174/1/737 1175/1/705
f 1175/1/705 1179/1/706 1178/1/740
f 1182/1/741 1180/1/712 1177/1/43
f 1177/1/43 1181/1/742 1182/1/741
f 1177/1/43 1176/1/738 1181/1/742
f 1178/1/740 1179/1/706 1184/1/743
f 1185/1/744 1186/1/745 1180/1/712
f 1180/1/712 1182/1/741 1185/1/744
f 1139/1/729 1140/1/727 1141/1/728
f 1173/1/739 1168/1/733 1172/1/736
f 1171/1/734 1170/1/735 1174/1/737
f 1183/1/708 1178/1/740 1184/1/743
f 1185/1/744 1183/1/708 1186/1/745
f 1184/1/743 1186/1/745 1183/1/708
s 60
g Ring_Material.041
usemtl Material.041
f 1188/1/711 1190/1/709 1189/1/709
f 1189/1/709 1187/1/711 1188/1/711
f 1190/1/709 1192/1/707 1191/1/746
f 1191/1/746 1189/1/709 1190/1/709
f 314/1/713 1188/1/711 1187/1/711
f 1187/1/711 1193/1/713 314/1/713
f 1192/1/707 1195/1/22 1194/1/22
f 1194/1/22 1191/1/746 1192/1/707
f 1197/1/714 314/1/713 1193/1/713
f 1193/1/713 1196/1/714 1197/1/714
f 1195/1/22 1198/1/747 1199/1/704
f 1199/1/704 1194/1/22 1195/1/22
f 1201/1/348 1197/1/714 1196/1/714
f 1196/1/714 1200/1/348 1201/1/348
f 1198/1/747 1203/1/703 1202/1/703
f 1202/1/703 1199/1/704 1198/1/747
f 1204/1/730 1201/1/348 1200/1/348
f 1200/1/348 1205/1/717 1204/1/730
f 1203/1/703 1207/1/700 1206/1/700
f 1206/1/700 1202/1/703 1203/1/703
f 313/1/719 1204/1/730 1205/1/717
f 1205/1/717 1208/1/719 313/1/719
f 1207/1/700 1209/1/701 1210/1/701
f 1210/1/701 1206/1/700 1207/1/700
f 1211/1/718 1212/1/718 313/1/719
f 313/1/719 1208/1/719 1211/1/718
f 1213/1/702 1210/1/701 1209/1/701
f 1209/1/701 1214/1/702 1213/1/702
f 1216/1/716 1215/1/733 1212/1/718
f 1212/1/718 1211/1/718 1216/1/716
f 1218/1/361 1213/1/702 1214/1/702
f 1214/1/702 1217/1/361 1218/1/361
f 1215/1/733 1216/1/716 1219/1/748
f 1221/1/705 1218/1/361 1217/1/361
f 1217/1/361 1222/1/705 1221/1/705
f 1223/1/43 1224/1/43 1220/1/739
f 1220/1/739 1219/1/748 1223/1/43
f 1225/1/706 1221/1/705 1222/1/705
f 1222/1/705 1226/1/706 1225/1/706
f 1228/1/712 1227/1/749 1224/1/43
f 1224/1/43 1223/1/43 1228/1/712
f 1225/1/706 1226/1/706 1230/1/708
f 1230/1/708 1229/1/708 1225/1/706
f 1231/1/710 1232/1/710 1227/1/749
f 1227/1/749 1228/1/712 1231/1/710
f 1229/1/708 1230/1/708 1232/1/710
f 1232/1/710 1231/1/710 1229/1/708
f 1220/1/739 1215/1/733 1219/1/748
s 61
g Ring_Material.016
usemtl Material.016
f 1234/1/43 1236/1/43 1235/1/715
f 1235/1/715 1233/1/750 1234/1/43
f 1233/1/750 1235/1/715 1238/1/716
f 1238/1/716 1237/1/716 1233/1/750
f 1239/1/712 1240/1/712 1236/1/43
f 1236/1/43 1234/1/43 1239/1/712
f 1237/1/716 1238/1/716 1242/1/718
f 1242/1/718 1241/1/718 1237/1/716
f 1243/1/710 1244/1/751 1240/1/712
f 1240/1/712 1239/1/712 1243/1/710
f 1241/1/718 1242/1/718 1246/1/752
f 1246/1/752 1245/1/719 1241/1/718
f 1247/1/753 1248/1/708 1244/1/751
f 1244/1/751 1243/1/710 1247/1/753
f 1246/1/752 1249/1/754 1250/1/754
f 1250/1/754 1245/1/719 1246/1/752
f 1251/1/706 1252/1/706 1248/1/708
f 1248/1/708 1247/1/753 1251/1/706
f 1249/1/754 1254/1/348 1253/1/348
f 1253/1/348 1250/1/754 1249/1/754
f 1251/1/706 1255/1/755 1256/1/705
f 1256/1/705 1252/1/706 1251/1/706
f 1254/1/348 1258/1/720 1257/1/714
f 1257/1/714 1253/1/348 1254/1/348
f 1255/1/755 1260/1/361 1259/1/361
f 1259/1/361 1256/1/705 1255/1/755
f 1258/1/720 1261/1/756 1262/1/757
f 1262/1/757 1257/1/714 1258/1/720
f 1260/1/361 1264/1/758 1263/1/759
f 1263/1/759 1259/1/361 1260/1/361
f 1261/1/756 1266/1/711 1265/1/711
f 1265/1/711 1262/1/757 1261/1/756
f 1267/1/760 1263/1/759 1264/1/758
f 1266/1/711 1270/1/709 1269/1/709
f 1269/1/709 1265/1/711 1266/1/711
f 1268/1/761 1271/1/762 1272/1/763
f 1270/1/709 1273/1/707 1274/1/764
f 1274/1/764 1269/1/709 1270/1/709
f 1276/1/765 1272/1/763 1271/1/762
f 1271/1/762 1275/1/703 1276/1/765
f 1273/1/707 1277/1/22 1278/1/22
f 1278/1/22 1274/1/764 1273/1/707
f 1280/1/704 1276/1/765 1275/1/703
f 1275/1/703 1279/1/704 1280/1/704
f 1277/1/22 1280/1/704 1279/1/704
f 1279/1/704 1278/1/22 1277/1/22
f 1268/1/761 1267/1/760 1264/1/758
f 1267/1/760 1268/1/761 1272/1/763
s 62
g Ring_Material.032
usemtl Material.032
f 1284/1/711 1282/1/709 1283/1/709
f 1283/1/709 1281/1/711 1284/1/711
f 1282/1/709 1286/1/707 1285/1/764
f 1285/1/764 1283/1/709 1282/1/709
f 1288/1/756 1284/1/711 1281/1/711
f 1281/1/711 1287/1/757 1288/1/756
f 1286/1/707 1290/1/22 1289/1/22
f 1289/1/22 1285/1/764 1286/1/707
f 1292/1/766 1288/1/756 1287/1/757
f 1287/1/757 1291/1/714 1292/1/766
f 1290/1/22 1293/1/704 1294/1/704
f 1294/1/704 1289/1/22 1290/1/22
f 1296/1/348 1292/1/766 1291/1/714
f 1291/1/714 1295/1/348 1296/1/348
f 1293/1/704 1298/1/765 1297/1/703
f 1297/1/703 1294/1/704 1293/1/704
f 1300/1/754 1296/1/348 1295/1/348
f 1295/1/348 1299/1/754 1300/1/754
f 1298/1/765 1302/1/700 1301/1/767
f 1301/1/767 1297/1/703 1298/1/765
f 1303/1/752 1300/1/754 1299/1/754
f 1299/1/754 1304/1/719 1303/1/752
f 1302/1/700 1306/1/701 1305/1/701
f 1305/1/701 1301/1/767 1302/1/700
f 1308/1/718 1307/1/718 1303/1/752
f 1303/1/752 1304/1/719 1308/1/718
f 1310/1/702 1305/1/701 1306/1/701
f 1306/1/701 1309/1/759 1310/1/702
f 1311/1/716 1312/1/716 1307/1/718
f 1307/1/718 1308/1/718 1311/1/716
f 1313/1/361 1310/1/702 1309/1/759
f 1309/1/759 1314/1/361 1313/1/361
f 1316/1/750 1315/1/715 1312/1/716
f 1312/1/716 1311/1/716 1316/1/750
f 1318/1/768 1313/1/361 1314/1/361
f 1314/1/361 1317/1/705 1318/1/768
f 1319/1/43 1320/1/43 1315/1/715
f 1315/1/715 1316/1/750 1319/1/43
f 1322/1/706 1318/1/768 1317/1/705
f 1317/1/705 1321/1/706 1322/1/706
f 1324/1/712 1323/1/712 1320/1/43
f 1320/1/43 1319/1/43 1324/1/712
f 1322/1/706 1321/1/706 1325/1/708
f 1325/1/708 1326/1/753 1322/1/706
f 1328/1/710 1327/1/751 1323/1/712
f 1323/1/712 1324/1/712 1328/1/710
f 1326/1/753 1325/1/708 1327/1/751
f 1327/1/751 1328/1/710 1326/1/753
s 63
g Ring_Material.031
usemtl Material.031
f 1331/1/711 1329/1/709 1332/1/709
f 1332/1/709 1330/1/711 1331/1/711
f 1329/1/709 1333/1/707 1334/1/764
f 1334/1/764 1332/1/709 1329/1/709
f 1336/1/756 1331/1/711 1330/1/711
f 1330/1/711 1335/1/757 1336/1/756
f 1333/1/707 1337/1/769 1338/1/22
f 1338/1/22 1334/1/764 1333/1/707
f 1340/1/720 1336/1/756 1335/1/757
f 1335/1/757 1339/1/714 1340/1/720
f 1341/1/770 1338/1/22 1337/1/769
f 1344/1/348 1340/1/720 1339/1/714
f 1339/1/714 1343/1/348 1344/1/348
f 1348/1/771 1344/1/348 1343/1/348
f 1343/1/348 1347/1/772 1348/1/771
f 1346/1/773 1350/1/774 1349/1/767
f 1349/1/767 1345/1/775 1346/1/773
f 1347/1/772 1352/1/719 1351/1/776
f 1350/1/774 1353/1/701 1354/1/701
f 1354/1/701 1349/1/767 1350/1/774
f 1355/1/718 1356/1/718 1351/1/776
f 1351/1/776 1352/1/719 1355/1/718
f 1358/1/702 1354/1/701 1353/1/701
f 1353/1/701 1357/1/759 1358/1/702
f 1360/1/716 1359/1/716 1356/1/718
f 1356/1/718 1355/1/718 1360/1/716
f 1361/1/361 1358/1/702 1357/1/759
f 1357/1/759 1362/1/361 1361/1/361
f 1364/1/777 1363/1/715 1359/1/716
f 1359/1/716 1360/1/716 1364/1/777
f 1365/1/768 1361/1/361 1362/1/361
f 1362/1/361 1366/1/705 1365/1/768
f 1367/1/43 1368/1/43 1363/1/715
f 1363/1/715 1364/1/777 1367/1/43
f 1369/1/706 1365/1/768 1366/1/705
f 1366/1/705 1370/1/706 1369/1/706
f 1372/1/712 1371/1/778 1368/1/43
f 1368/1/43 1367/1/43 1372/1/712
f 1369/1/706 1370/1/706 1374/1/779
f 1374/1/779 1373/1/780 1369/1/706
f 1375/1/710 1376/1/781 1371/1/778
f 1371/1/778 1372/1/712 1375/1/710
f 1373/1/780 1374/1/779 1376/1/781
f 1376/1/781 1375/1/710 1373/1/780
f 1342/1/782 1341/1/770 1337/1/769
f 1341/1/770 1342/1/782 1345/1/775
f 1346/1/773 1345/1/775 1342/1/782
f 1348/1/771 1347/1/772 1351/1/776
s 64
g Ring_Material.015
usemtl Material.015
f 1382/1/783 1385/1/26 1383/1/784
f 1385/1/26 1382/1/783 1402/1/785
f 1402/1/785 1382/1/783 1401/1/786
f 1401/1/786 1382/1/783 1394/1/787
f 1401/1/786 1394/1/787 1377/1/788
f 1377/1/788 1394/1/787 1378/1/789
f 1377/1/788 1378/1/789 1381/1/790
f 1381/1/790 1378/1/789 1395/1/791
f 1381/1/790 1395/1/791 1400/1/792
f 1400/1/792 1395/1/791 1397/1/793
f 1400/1/792 1397/1/793 1386/1/794
f 1386/1/794 1397/1/793 1398/1/795
f 1384/1/796 1379/1/797 1389/1/798
f 1379/1/797 1384/1/796 1385/1/26
f 1379/1/797 1385/1/26 1380/1/799
f 1380/1/799 1385/1/26 1406/1/800
f 1406/1/800 1385/1/26 1405/1/801
f 1405/1/801 1385/1/26 1387/1/802
f 1387/1/802 1385/1/26 1402/1/785
f 1384/1/796 1421/1/803 1388/1/804
f 1421/1/803 1384/1/796 1390/1/805
f 1390/1/805 1384/1/796 1389/1/798
f 1390/1/805 1389/1/798 1391/1/806
f 1382/1/783 1392/1/807 1409/1/808
f 1392/1/807 1382/1/783 1422/1/809
f 1422/1/809 1382/1/783 1393/1/810
f 1393/1/810 1382/1/783 1383/1/784
f 1394/1/787 1409/1/808 1411/1/811
f 1409/1/808 1394/1/787 1382/1/783
f 1378/1/789 1411/1/811 1416/1/812
f 1411/1/811 1378/1/789 1394/1/787
f 1396/1/813 1378/1/789 1416/1/812
f 1378/1/789 1396/1/813 1395/1/791
f 1414/1/814 1395/1/791 1396/1/813
f 1395/1/791 1414/1/814 1397/1/793
f 1413/1/815 1397/1/793 1414/1/814
f 1397/1/793 1413/1/815 1398/1/795
f 1399/1/816 1398/1/795 1413/1/815
f 1398/1/795 1399/1/816 1386/1/794
f 1415/1/817 1386/1/794 1399/1/816
f 1386/1/794 1415/1/817 1400/1/792
f 1412/1/818 1400/1/792 1415/1/817
f 1400/1/792 1412/1/818 1381/1/790
f 1377/1/788 1412/1/818 1417/1/819
f 1412/1/818 1377/1/788 1381/1/790
f 1401/1/786 1417/1/819 1410/1/820
f 1417/1/819 1401/1/786 1377/1/788
f 1402/1/785 1410/1/820 1403/1/821
f 1410/1/820 1402/1/785 1401/1/786
f 1387/1/802 1403/1/821 1418/1/822
f 1403/1/821 1387/1/802 1402/1/785
f 1405/1/801 1418/1/822 1404/1/823
f 1418/1/822 1405/1/801 1387/1/802
f 1406/1/800 1404/1/823 1407/1/824
f 1404/1/823 1406/1/800 1405/1/801
f 1406/1/800 1419/1/825 1380/1/799
f 1419/1/825 1406/1/800 1407/1/824
f 1380/1/799 1408/1/826 1379/1/797
f 1408/1/826 1380/1/799 1419/1/825
f 1379/1/797 1391/1/806 1389/1/798
f 1391/1/806 1379/1/797 1408/1/826
f 1408/1/826 1390/1/805 1391/1/806
f 1390/1/805 1408/1/826 1420/1/2
f 1420/1/2 1408/1/826 1419/1/825
f 1420/1/2 1419/1/825 1407/1/824
f 1420/1/2 1407/1/824 1404/1/823
f 1420/1/2 1404/1/823 1418/1/822
f 1420/1/2 1418/1/822 1403/1/821
f 1420/1/2 1403/1/821 1392/1/807
f 1392/1/807 1403/1/821 1409/1/808
f 1409/1/808 1403/1/821 1410/1/820
f 1409/1/808 1410/1/820 1411/1/811
f 1411/1/811 1410/1/820 1417/1/819
f 1411/1/811 1417/1/819 1416/1/812
f 1416/1/812 1417/1/819 1412/1/818
f 1416/1/812 1412/1/818 1396/1/813
f 1396/1/813 1412/1/818 1415/1/817
f 1396/1/813 1415/1/817 1414/1/814
f 1414/1/814 1415/1/817 1399/1/816
f 1414/1/814 1399/1/816 1413/1/815
f 1420/1/2 1421/1/803 1390/1/805
f 1421/1/803 1420/1/2 1425/1/827
f 1425/1/827 1420/1/2 1430/1/828
f 1430/1/828 1420/1/2 1424/1/829
f 1424/1/829 1420/1/2 1423/1/830
f 1423/1/830 1420/1/2 1422/1/809
f 1422/1/809 1420/1/2 1392/1/807
f 1388/1/804 1425/1/827 1426/1/831
f 1425/1/827 1388/1/804 1421/1/803
f 1393/1/810 1423/1/830 1422/1/809
f 1423/1/830 1393/1/810 1427/1/832
f 1427/1/832 1424/1/829 1423/1/830
f 1424/1/829 1427/1/832 1428/1/833
f 1428/1/833 1430/1/828 1424/1/829
f 1429/1/834 1430/1/828 1428/1/833
f 1425/1/827 1430/1/828 1426/1/831
f 1429/1/834 1426/1/831 1430/1/828
s 65
g Ring_Material.046
usemtl Material.046
f 1433/1/835 1431/1/836 1434/1/835
f 1431/1/836 1433/1/835 1432/1/836
f 1432/1/836 1435/1/837 1431/1/836
f 1435/1/837 1432/1/836 1436/1/838
f 1438/1/839 1433/1/835 1434/1/835
f 1433/1/835 1438/1/839 1437/1/840
f 1437/1/840 1438/1/839 1181/1/840
f 1436/1/838 1439/1/841 1435/1/837
f 1439/1/841 1436/1/838 1442/1/842
f 1442/1/842 1436/1/838 1441/1/843
f 1441/1/843 1436/1/838 1440/1/844
f 1444/1/845 1181/1/840 1438/1/839
f 1181/1/840 1443/1/846 1437/1/840
f 1443/1/846 1181/1/840 1444/1/845
f 1441/1/843 1445/1/847 1442/1/842
f 1445/1/847 1441/1/843 1446/1/847
f 1447/1/848 1443/1/846 1444/1/845
f 1443/1/846 1447/1/848 1448/1/848
f 1446/1/847 1450/1/849 1445/1/847
f 1450/1/849 1446/1/847 1449/1/849
f 1452/1/850 1448/1/848 1447/1/848
f 1448/1/848 1452/1/850 1451/1/850
f 1449/1/849 1454/1/851 1450/1/849
f 1454/1/851 1449/1/849 1453/1/851
f 1455/1/852 1451/1/850 1452/1/850
f 1451/1/850 1455/1/852 1456/1/852
f 1458/1/853 1454/1/851 1453/1/851
f 1454/1/851 1458/1/853 1457/1/853
f 1459/1/854 1456/1/852 1455/1/852
f 1456/1/852 1459/1/854 1460/1/854
f 1461/1/804 1457/1/853 1458/1/853
f 1457/1/853 1461/1/804 1462/1/804
f 1464/1/855 1459/1/854 1463/1/855
f 1459/1/854 1464/1/855 1460/1/854
f 1465/1/856 1462/1/804 1461/1/804
f 1462/1/804 1465/1/856 1468/1/856
f 1468/1/856 1465/1/856 1467/1/857
f 1468/1/856 1467/1/857 1466/1/857
f 1469/1/858 1463/1/855 1470/1/858
f 1463/1/855 1469/1/858 1464/1/855
f 1472/1/859 1466/1/857 1467/1/857
f 1466/1/857 1472/1/859 1471/1/859
f 1473/1/860 1470/1/858 1474/1/861
f 1470/1/858 1473/1/860 1469/1/858
f 1475/1/862 1471/1/859 1472/1/859
f 1471/1/859 1475/1/862 1476/1/863
f 1476/1/863 1475/1/862 1477/1/863
f 1480/1/864 1478/1/865 1481/1/864
f 1478/1/865 1480/1/864 1474/1/861
f 1474/1/861 1480/1/864 1473/1/860
f 1473/1/860 1480/1/864 1479/1/866
f 1482/1/867 1476/1/863 1477/1/863
f 1476/1/863 1482/1/867 1483/1/867
f 1484/1/868 1481/1/864 1485/1/869
f 1481/1/864 1484/1/868 1480/1/864
f 1482/1/867 1487/1/870 1483/1/867
f 1487/1/870 1482/1/867 1485/1/869
f 1485/1/869 1482/1/867 1484/1/868
f 1484/1/868 1482/1/867 1486/1/871
s 66
g Ring_Material.045
usemtl Material.045
f 1488/1/835 1491/1/836 1489/1/835
f 1491/1/836 1488/1/835 1490/1/836
f 1490/1/836 1493/1/837 1491/1/836
f 1493/1/837 1490/1/836 1492/1/872
f 1494/1/839 1488/1/835 1489/1/835
f 1488/1/835 1494/1/839 1495/1/840
f 1495/1/840 1494/1/839 1496/1/840
f 1492/1/872 1498/1/841 1493/1/837
f 1498/1/841 1492/1/872 1500/1/843
f 1500/1/843 1492/1/872 1497/1/873
f 1497/1/873 1492/1/872 1499/1/874
f 1501/1/845 1496/1/840 1494/1/839
f 1496/1/840 1502/1/846 1495/1/840
f 1502/1/846 1496/1/840 1501/1/845
f 1497/1/873 1503/1/847 1500/1/843
f 1503/1/847 1497/1/873 759/1/847
f 759/1/847 1497/1/873 1504/1/875
f 1506/1/848 1502/1/846 1501/1/845
f 1502/1/846 1506/1/848 1505/1/876
f 759/1/847 1507/1/849 1503/1/847
f 1507/1/849 759/1/847 1508/1/877
f 1508/1/877 759/1/847 1504/1/875
f 1510/1/878 1505/1/876 1506/1/848
f 1505/1/876 1510/1/878 755/1/879
f 755/1/879 1510/1/878 1511/1/850
f 1511/1/850 1510/1/878 1509/1/850
f 1508/1/877 1513/1/880 1507/1/849
f 1515/1/852 1511/1/850 1509/1/850
f 1511/1/850 1515/1/852 1514/1/852
f 1517/1/853 1513/1/880 1512/1/881
f 1513/1/880 1517/1/853 1516/1/853
f 1518/1/882 1514/1/852 1515/1/852
f 1514/1/852 1518/1/882 1519/1/882
f 1521/1/883 1516/1/853 1517/1/853
f 1516/1/853 1521/1/883 1522/1/884
f 1524/1/855 1518/1/882 1523/1/855
f 1518/1/882 1524/1/855 1519/1/882
f 757/1/856 1522/1/884 1520/1/885
f 1522/1/884 757/1/856 1527/1/856
f 1527/1/856 757/1/856 1526/1/886
f 1527/1/856 1526/1/886 1525/1/886
f 1528/1/858 1523/1/855 1529/1/858
f 1523/1/855 1528/1/858 1524/1/855
f 1530/1/887 1525/1/886 1526/1/886
f 1525/1/886 1530/1/887 1531/1/859
f 1533/1/888 1534/1/889 1535/1/890
f 1534/1/889 1533/1/888 1529/1/858
f 1529/1/858 1533/1/888 1528/1/858
f 1528/1/858 1533/1/888 1532/1/889
f 1537/1/891 1531/1/859 1530/1/887
f 1531/1/859 1537/1/891 1538/1/863
f 1538/1/863 1537/1/891 1536/1/892
f 1993/1/893 1539/1/894 1540/1/895
f 1539/1/894 1993/1/893 1535/1/890
f 1535/1/890 1993/1/893 1533/1/888
f 1533/1/888 1993/1/893 1543/1/896
f 1545/1/867 1538/1/863 1536/1/892
f 1538/1/863 1545/1/867 1544/1/867
f 1546/1/897 1540/1/895 1547/1/868
f 1540/1/895 1546/1/897 1993/1/893
f 1993/1/893 1546/1/897 1543/1/896
f 1543/1/896 1546/1/897 1542/1/898
f 1545/1/867 1549/1/871 1544/1/867
f 1549/1/871 1545/1/867 1547/1/868
f 1547/1/868 1545/1/867 1546/1/897
f 1546/1/897 1545/1/867 1548/1/899
f 1512/1/881 1513/1/880 1508/1/877
f 1520/1/885 1522/1/884 1521/1/883
f 1541/1/900 1533/1/888 1542/1/898
f 1542/1/898 1533/1/888 1543/1/896
s 67
g Ring_Material.044
usemtl Material.044
f 1552/1/901 2073/1/902 1555/1/860
f 2073/1/902 1552/1/901 1554/1/889
f 1553/1/903 1552/1/901 1550/1/858
f 1550/1/858 1552/1/901 1551/1/889
f 1553/1/903 1554/1/889 1552/1/901
f 1550/1/858 1556/1/855 1553/1/903
f 1556/1/855 1550/1/858 1557/1/855
f 1561/1/904 1559/1/865 1558/1/864
f 1559/1/865 1561/1/904 1555/1/860
f 1555/1/860 1561/1/904 1552/1/901
f 1552/1/901 1561/1/904 1560/1/905
f 1557/1/855 1563/1/882 1556/1/855
f 1563/1/882 1557/1/855 1562/1/882
f 1564/1/906 1558/1/864 1565/1/907
f 1558/1/864 1564/1/906 1561/1/904
f 1563/1/882 1567/1/852 1566/1/852
f 1567/1/852 1563/1/882 1562/1/882
f 1569/1/908 1570/1/870 1571/1/867
f 1568/1/909 1564/1/906 1569/1/908
f 1564/1/906 1565/1/907 1569/1/908
f 1565/1/907 1570/1/870 1569/1/908
f 1566/1/852 1573/1/850 1572/1/850
f 1573/1/850 1566/1/852 1567/1/852
f 1574/1/910 1575/1/863 1577/1/911
f 1575/1/863 1574/1/910 1576/1/910
f 1576/1/910 1574/1/910 1569/1/908
f 1576/1/910 1569/1/908 1571/1/867
f 1580/1/912 1578/1/848 1579/1/848
f 1578/1/848 1580/1/912 805/1/878
f 805/1/878 1580/1/912 1581/1/878
f 805/1/878 1581/1/878 1573/1/850
f 1573/1/850 1581/1/878 1572/1/850
f 1583/1/913 1582/1/859 1584/1/859
f 1582/1/859 1583/1/913 1575/1/863
f 1575/1/863 1583/1/913 1577/1/911
f 1579/1/848 1585/1/846 1586/1/845
f 1585/1/846 1579/1/848 1578/1/848
f 1584/1/859 1587/1/886 1588/1/886
f 1587/1/886 1584/1/859 1582/1/859
f 1586/1/845 1589/1/914 1591/1/839
f 1589/1/914 1585/1/846 1590/1/840
f 1585/1/846 1589/1/914 1586/1/845
f 806/1/856 1593/1/804 1594/1/804
f 1593/1/804 806/1/856 1592/1/856
f 1592/1/856 806/1/856 1588/1/886
f 1592/1/856 1588/1/886 1587/1/886
f 1591/1/839 1596/1/835 1595/1/835
f 1596/1/835 1591/1/839 1590/1/840
f 1590/1/840 1591/1/839 1589/1/914
f 1597/1/883 1598/1/853 1599/1/853
f 1598/1/853 1597/1/883 1593/1/804
f 1593/1/804 1597/1/883 1594/1/804
f 1596/1/835 1601/1/836 1595/1/835
f 1601/1/836 1596/1/835 1600/1/836
f 1599/1/853 1603/1/851 1602/1/851
f 1603/1/851 1599/1/853 1598/1/853
f 1600/1/836 1604/1/837 1601/1/836
f 1604/1/837 1600/1/836 1605/1/915
f 1606/1/849 1603/1/851 1607/1/849
f 1603/1/851 1606/1/849 1602/1/851
f 1605/1/915 1608/1/841 1604/1/837
f 1608/1/841 1605/1/915 1609/1/843
f 1609/1/843 1605/1/915 1610/1/843
f 1610/1/843 1605/1/915 1611/1/874
f 1613/1/847 1607/1/849 1612/1/847
f 1607/1/849 1613/1/847 1606/1/849
f 1610/1/843 1612/1/847 1609/1/843
f 1612/1/847 1610/1/843 1613/1/847
s 68
g Ring_Material.043
usemtl Material.043
f 1615/1/916 1617/1/917 1618/1/835
f 1616/1/918 1615/1/916 1614/1/840
f 1617/1/917 1620/1/836 1618/1/835
f 1620/1/836 1617/1/917 1619/1/836
f 1621/1/845 1614/1/840 1615/1/916
f 1614/1/840 1622/1/846 1616/1/918
f 1622/1/846 1614/1/840 1621/1/845
f 1619/1/836 1624/1/837 1620/1/836
f 1624/1/837 1619/1/836 1623/1/838
f 1625/1/848 1622/1/846 1621/1/845
f 1622/1/846 1625/1/848 1626/1/848
f 1623/1/838 1627/1/841 1624/1/837
f 1627/1/841 1623/1/838 1629/1/843
f 1629/1/843 1623/1/838 1630/1/919
f 1630/1/919 1623/1/838 1628/1/874
f 1635/1/878 1626/1/848 1625/1/848
f 1626/1/848 1635/1/878 1634/1/878
f 1630/1/919 1636/1/847 1629/1/843
f 1636/1/847 1630/1/919 1637/1/920
f 1633/1/921 1639/1/922 1638/1/852
f 1637/1/920 1640/1/849 1636/1/847
f 1640/1/849 1637/1/920 547/1/923
f 547/1/923 1637/1/920 1641/1/924
f 1643/1/882 1638/1/852 1639/1/922
f 1638/1/852 1643/1/882 1642/1/882
f 547/1/923 1645/1/851 1640/1/849
f 1645/1/851 547/1/923 1644/1/925
f 1644/1/925 547/1/923 1641/1/924
f 1646/1/855 1643/1/882 1647/1/855
f 1643/1/882 1646/1/855 1642/1/882
f 1649/1/853 1645/1/851 1644/1/925
f 1645/1/851 1649/1/853 1648/1/853
f 1651/1/858 1647/1/855 1650/1/926
f 1647/1/855 1651/1/858 1646/1/855
f 1652/1/804 1648/1/853 1649/1/853
f 1648/1/853 1652/1/804 1653/1/804
f 1654/1/860 1655/1/889 1658/1/860
f 1655/1/889 1654/1/860 1657/1/927
f 1657/1/927 1654/1/860 1650/1/926
f 1650/1/926 1654/1/860 1651/1/858
f 1651/1/858 1654/1/860 1659/1/928
f 1651/1/858 1659/1/928 1656/1/889
f 1660/1/929 1653/1/804 1652/1/804
f 1653/1/804 1660/1/929 1663/1/930
f 1663/1/930 1660/1/929 1662/1/931
f 1667/1/904 1664/1/865 1666/1/864
f 1664/1/865 1667/1/904 1658/1/860
f 1658/1/860 1667/1/904 1654/1/860
f 1654/1/860 1667/1/904 1665/1/905
f 1669/1/859 1661/1/932 1662/1/931
f 1661/1/932 1669/1/859 1668/1/859
f 1670/1/868 1666/1/864 1671/1/868
f 1666/1/864 1670/1/868 1667/1/904
f 1673/1/913 1668/1/859 1669/1/859
f 1668/1/859 1673/1/913 1674/1/863
f 1674/1/863 1673/1/913 1672/1/911
f 1678/1/867 1675/1/871 1677/1/867
f 1675/1/871 1678/1/867 1671/1/868
f 1671/1/868 1678/1/867 1670/1/868
f 1670/1/868 1678/1/867 1676/1/871
f 1680/1/910 1674/1/863 1672/1/911
f 1674/1/863 1680/1/910 1679/1/933
f 1679/1/933 1680/1/910 1678/1/867
f 1679/1/933 1678/1/867 1677/1/867
f 1616/1/918 1617/1/917 1615/1/916
f 1631/1/850 1633/1/921 1632/1/934
f 1633/1/921 1634/1/878 1632/1/934
f 1632/1/934 1634/1/878 1635/1/878
f 1631/1/850 1639/1/922 1633/1/921
f 1661/1/932 1663/1/930 1662/1/931
s 69
g Ring_Material.014
usemtl Material.014
f 1681/1/935 1685/1/936 1682/1/937
f 1685/1/936 1681/1/935 1684/1/938
f 1684/1/938 1681/1/935 1683/1/854
f 1684/1/938 1686/1/939 1687/1/939
f 1686/1/939 1684/1/938 1683/1/854
f 1688/1/940 1682/1/937 1689/1/941
f 1682/1/937 1688/1/940 1681/1/935
f 1687/1/939 1690/1/850 1691/1/850
f 1690/1/850 1687/1/939 1686/1/939
f 1692/1/860 1689/1/941 1693/1/942
f 1689/1/941 1692/1/860 1688/1/940
f 955/1/879 1696/1/876 1694/1/848
f 1696/1/876 955/1/879 1695/1/879
f 1695/1/879 955/1/879 1691/1/850
f 1695/1/879 1691/1/850 1690/1/850
f 1697/1/943 1693/1/942 1698/1/944
f 1693/1/942 1697/1/943 1692/1/860
f 1694/1/848 1699/1/846 1700/1/846
f 1699/1/846 1694/1/848 1696/1/876
f 1702/1/869 1698/1/944 1701/1/868
f 1698/1/944 1702/1/869 1697/1/943
f 1700/1/846 1703/1/840 1704/1/840
f 1703/1/840 1700/1/846 1699/1/846
f 1705/1/945 1701/1/868 1706/1/945
f 1701/1/868 1705/1/945 1702/1/869
f 1704/1/840 1707/1/946 1708/1/947
f 1707/1/946 1704/1/840 1703/1/840
f 1705/1/945 1709/1/863 1710/1/863
f 1709/1/863 1705/1/945 1706/1/945
f 1707/1/946 1714/1/909 1708/1/947
f 1714/1/909 1707/1/946 1712/1/948
f 1712/1/948 1707/1/946 1713/1/949
f 1713/1/949 1707/1/946 1711/1/950
f 1710/1/863 1716/1/887 1715/1/887
f 1716/1/887 1710/1/863 1709/1/863
f 1713/1/949 1718/1/951 1712/1/948
f 1718/1/951 1713/1/949 1717/1/952
f 1715/1/887 1719/1/886 1720/1/886
f 1719/1/886 1715/1/887 1716/1/887
f 1717/1/952 1724/1/953 1718/1/951
f 1724/1/953 1717/1/952 1721/1/954
f 1721/1/954 1717/1/952 1722/1/810
f 1722/1/810 1717/1/952 1723/1/874
f 1725/1/856 1728/1/804 1726/1/804
f 1728/1/804 1725/1/856 1727/1/856
f 1727/1/856 1725/1/856 1720/1/886
f 1727/1/856 1720/1/886 1719/1/886
f 1722/1/810 1730/1/832 1721/1/954
f 1730/1/832 1722/1/810 1729/1/832
f 1726/1/804 1731/1/853 1732/1/853
f 1731/1/853 1726/1/804 1728/1/804
f 1729/1/832 1733/1/955 1730/1/832
f 1733/1/955 1729/1/832 1734/1/923
f 1732/1/853 1736/1/834 1735/1/834
f 1736/1/834 1732/1/853 1731/1/853
f 1734/1/923 1736/1/834 1733/1/955
f 1736/1/834 1734/1/923 1735/1/834
s 70
g Ring_Material.013
usemtl Material.013
f 1737/1/935 1739/1/936 1741/1/956
f 1739/1/936 1737/1/935 1740/1/957
f 1740/1/957 1737/1/935 1738/1/958
f 1740/1/957 1742/1/939 1743/1/939
f 1742/1/939 1740/1/957 1738/1/958
f 1744/1/940 1741/1/956 1745/1/858
f 1741/1/956 1744/1/940 1737/1/935
f 1743/1/939 1747/1/850 1746/1/850
f 1747/1/850 1743/1/939 1742/1/939
f 1750/1/860 1748/1/959 1749/1/960
f 1748/1/959 1750/1/860 1745/1/858
f 1745/1/858 1750/1/860 1744/1/940
f 913/1/934 1751/1/876 1753/1/848
f 1751/1/876 913/1/934 1752/1/879
f 1752/1/879 913/1/934 1746/1/850
f 1752/1/879 1746/1/850 1747/1/850
f 1754/1/943 1749/1/960 1755/1/944
f 1749/1/960 1754/1/943 1750/1/860
f 1753/1/848 1757/1/846 1756/1/846
f 1757/1/846 1753/1/848 1751/1/876
f 1759/1/869 1755/1/944 1758/1/868
f 1755/1/944 1759/1/869 1754/1/943
f 1756/1/846 1760/1/840 1761/1/840
f 1760/1/840 1756/1/846 1757/1/846
f 1763/1/945 1758/1/868 1762/1/945
f 1758/1/868 1763/1/945 1759/1/869
f 1761/1/840 1764/1/946 1765/1/947
f 1764/1/946 1761/1/840 1760/1/840
f 1763/1/945 1767/1/863 1766/1/863
f 1767/1/863 1763/1/945 1762/1/945
f 1764/1/946 1768/1/909 1765/1/947
f 1768/1/909 1764/1/946 1769/1/948
f 1769/1/948 1764/1/946 1770/1/961
f 1770/1/961 1764/1/946 1771/1/962
f 1766/1/863 1773/1/887 1772/1/887
f 1773/1/887 1766/1/863 1767/1/863
f 1770/1/961 1775/1/951 1769/1/948
f 1775/1/951 1770/1/961 1774/1/952
f 1772/1/887 1776/1/886 1777/1/886
f 1776/1/886 1772/1/887 1773/1/887
f 1774/1/952 1782/1/963 1775/1/951
f 1782/1/963 1774/1/952 1783/1/953
f 1783/1/953 1774/1/952 1781/1/954
f 1781/1/954 1774/1/952 1778/1/964
f 1778/1/964 1774/1/952 1779/1/874
f 1778/1/964 1779/1/874 1780/1/874
f 1785/1/965 1784/1/856 1787/1/856
f 1787/1/856 1784/1/856 1777/1/886
f 1787/1/856 1777/1/886 1776/1/886
f 1786/1/966 1784/1/856 1785/1/965
f 1778/1/964 1789/1/832 1781/1/954
f 1789/1/832 1778/1/964 1788/1/832
f 1786/1/966 1790/1/853 1791/1/853
f 1790/1/853 1786/1/966 1785/1/965
f 1788/1/832 1792/1/955 1789/1/832
f 1792/1/955 1788/1/832 1793/1/923
f 1791/1/853 1794/1/834 1795/1/834
f 1794/1/834 1791/1/853 1790/1/853
f 1793/1/923 1794/1/834 1792/1/955
f 1794/1/834 1793/1/923 1795/1/834
s 71
g Ring_Material.030
usemtl Material.030
f 1796/1/967 1797/1/968 1801/1/969
f 1797/1/968 1796/1/967 1798/1/970
f 1798/1/970 1800/1/971 1797/1/968
f 1800/1/971 1798/1/970 1799/1/43
f 1841/1/972 1811/1/973 1839/1/974
f 1811/1/973 1841/1/972 1812/1/975
f 1811/1/973 1812/1/975 1836/1/976
f 1836/1/976 1812/1/975 1814/1/977
f 1836/1/976 1814/1/977 1834/1/978
f 1834/1/978 1814/1/977 1801/1/969
f 1834/1/978 1801/1/969 1832/1/979
f 1832/1/979 1801/1/969 1797/1/968
f 1832/1/979 1797/1/968 1830/1/980
f 1830/1/980 1797/1/968 1800/1/971
f 1830/1/980 1800/1/971 1802/1/981
f 1802/1/981 1800/1/971 1808/1/982
f 1802/1/981 1808/1/982 1810/1/983
f 1810/1/983 1808/1/982 1817/1/984
f 1810/1/983 1817/1/984 1807/1/985
f 1807/1/985 1817/1/984 1818/1/986
f 1807/1/985 1818/1/986 1803/1/987
f 1803/1/987 1818/1/986 1809/1/988
f 1803/1/987 1809/1/988 1806/1/989
f 1806/1/989 1809/1/988 1822/1/990
f 1806/1/989 1822/1/990 1805/1/991
f 1805/1/991 1822/1/990 1804/1/992
f 1813/1/75 1801/1/969 1814/1/977
f 1801/1/969 1813/1/75 1796/1/967
f 1799/1/43 1808/1/982 1800/1/971
f 1808/1/982 1799/1/43 1815/1/993
f 1815/1/993 1817/1/984 1808/1/982
f 1817/1/984 1815/1/993 1816/1/994
f 1816/1/994 1818/1/986 1817/1/984
f 1818/1/986 1816/1/994 1819/1/995
f 1818/1/986 1820/1/996 1809/1/988
f 1820/1/996 1818/1/986 1819/1/995
f 1809/1/988 1821/1/997 1822/1/990
f 1821/1/997 1809/1/988 1820/1/996
f 1822/1/990 1823/1/26 1804/1/992
f 1823/1/26 1822/1/990 1821/1/997
f 1804/1/992 1824/1/998 1805/1/991
f 1824/1/998 1804/1/992 1823/1/26
f 1805/1/991 1825/1/999 1806/1/989
f 1825/1/999 1805/1/991 1824/1/998
f 1806/1/989 1826/1/1000 1803/1/987
f 1826/1/1000 1806/1/989 1825/1/999
f 1826/1/1000 1807/1/985 1803/1/987
f 1807/1/985 1826/1/1000 1827/1/1001
f 1827/1/1001 1810/1/983 1807/1/985
f 1810/1/983 1827/1/1001 1828/1/1002
f 1828/1/1002 1802/1/981 1810/1/983
f 1802/1/981 1828/1/1002 1829/1/22
f 1829/1/22 1830/1/980 1802/1/981
f 1830/1/980 1829/1/22 1831/1/1003
f 1831/1/1003 1832/1/979 1830/1/980
f 1832/1/979 1831/1/1003 1833/1/1004
f 1833/1/1004 1834/1/978 1832/1/979
f 1834/1/978 1833/1/1004 1835/1/1005
f 1837/1/1006 1834/1/978 1835/1/1005
f 1834/1/978 1837/1/1006 1836/1/976
f 1838/1/1007 1836/1/976 1837/1/1006
f 1836/1/976 1838/1/1007 1811/1/973
f 1811/1/973 1838/1/1007 637/1/1007
f 1811/1/973 637/1/1007 620/1/1007
f 1811/1/973 620/1/1007 625/1/1008
f 1840/1/2 637/1/1007 1838/1/1007
f 637/1/1007 1840/1/2 620/1/1007
f 620/1/1007 1840/1/2 625/1/1008
f 625/1/1008 1840/1/2 1811/1/973
f 1811/1/973 1840/1/2 1839/1/974
f 1842/1/1009 1839/1/974 1840/1/2
f 1839/1/974 1842/1/1009 1841/1/972
f 1841/1/972 1842/1/1009 639/1/1010
f 1841/1/972 639/1/1010 624/1/1010
f 1841/1/972 624/1/1010 616/1/1011
f 1843/1/1012 639/1/1010 1842/1/1009
f 639/1/1010 1843/1/1012 624/1/1010
f 624/1/1010 1843/1/1012 616/1/1011
f 616/1/1011 1843/1/1012 1841/1/972
f 1841/1/972 1843/1/1012 1812/1/975
f 1813/1/75 1812/1/975 1843/1/1012
f 1812/1/975 1813/1/75 1814/1/977
s 72
g Ring_Material.029
usemtl Material.029
f 1844/1/1013 1868/1/1014 1852/1/1015
f 1868/1/1014 1844/1/1013 1854/1/1016
f 1868/1/1014 1854/1/1016 1543/1/1017
f 1543/1/1017 1854/1/1016 1855/1/1018
f 1543/1/1017 1855/1/1018 1845/1/1019
f 1845/1/1019 1855/1/1018 1867/1/1020
f 1867/1/1020 1855/1/1018 1856/1/1021
f 1867/1/1020 1856/1/1021 1865/1/1022
f 1865/1/1022 1856/1/1021 1857/1/1023
f 1865/1/1022 1857/1/1023 1863/1/1024
f 1863/1/1024 1857/1/1023 1846/1/1025
f 1863/1/1024 1846/1/1025 1851/1/1026
f 1851/1/1026 1846/1/1025 1876/1/1027
f 1851/1/1026 1876/1/1027 1861/1/1028
f 1861/1/1028 1876/1/1027 1850/1/1029
f 1861/1/1028 1850/1/1029 1860/1/1030
f 1860/1/1030 1850/1/1029 1858/1/1031
f 1860/1/1030 1858/1/1031 1859/1/1032
f 1859/1/1032 1858/1/1031 1849/1/1033
f 1859/1/1032 1849/1/1033 1853/1/1034
f 1853/1/1034 1849/1/1033 1880/1/1035
f 1853/1/1034 1880/1/1035 1847/1/1036
f 1847/1/1036 1880/1/1035 1848/1/1037
f 1848/1/1037 1886/1/1038 1847/1/1036
f 1886/1/1038 1848/1/1037 1885/1/1039
f 1847/1/1036 1887/1/1040 1853/1/1034
f 1887/1/1040 1847/1/1036 1886/1/1038
f 1853/1/1034 1884/1/1041 1859/1/1032
f 1884/1/1041 1853/1/1034 1887/1/1040
f 1884/1/1041 1860/1/1030 1859/1/1032
f 1860/1/1030 1884/1/1041 1883/1/1042
f 1883/1/1042 1861/1/1028 1860/1/1030
f 1861/1/1028 1883/1/1042 1889/1/1043
f 1889/1/1043 1851/1/1026 1861/1/1028
f 1851/1/1026 1889/1/1043 1890/1/1044
f 1851/1/1026 1862/1/1045 1863/1/1024
f 1862/1/1045 1851/1/1026 1890/1/1044
f 1863/1/1024 1864/1/1046 1865/1/1022
f 1864/1/1046 1863/1/1024 1862/1/1045
f 1865/1/1022 1866/1/1047 1867/1/1020
f 1866/1/1047 1865/1/1022 1864/1/1046
f 1866/1/1047 1845/1/1019 1867/1/1020
f 1845/1/1019 1866/1/1047 1891/1/1048
f 1891/1/1048 1543/1/1017 1845/1/1019
f 1543/1/1017 1891/1/1048 1868/1/1014
f 1868/1/1014 1891/1/1048 1869/1/1049
f 1869/1/1049 1852/1/1015 1868/1/1014
f 1852/1/1015 1869/1/1049 1870/1/1050
f 1870/1/1050 1844/1/1013 1852/1/1015
f 1844/1/1013 1870/1/1050 1871/1/1051
f 1871/1/1051 1854/1/1016 1844/1/1013
f 1854/1/1016 1871/1/1051 1872/1/1052
f 1872/1/1052 1855/1/1018 1854/1/1016
f 1855/1/1018 1872/1/1052 1882/1/1053
f 1855/1/1018 1873/1/1054 1856/1/1021
f 1873/1/1054 1855/1/1018 1882/1/1053
f 1856/1/1021 1874/1/1055 1857/1/1023
f 1874/1/1055 1856/1/1021 1873/1/1054
f 1857/1/1023 1875/1/1056 1846/1/1025
f 1875/1/1056 1857/1/1023 1874/1/1055
f 1875/1/1056 1876/1/1027 1846/1/1025
f 1876/1/1027 1875/1/1056 1877/1/1057
f 1877/1/1057 1850/1/1029 1876/1/1027
f 1850/1/1029 1877/1/1057 1888/1/1058
f 1888/1/1058 1858/1/1031 1850/1/1029
f 1858/1/1031 1888/1/1058 1878/1/1059
f 1858/1/1031 1879/1/1060 1849/1/1033
f 1879/1/1060 1858/1/1031 1878/1/1059
f 1849/1/1033 1881/1/1061 1880/1/1035
f 1881/1/1061 1849/1/1033 1879/1/1060
f 1880/1/1035 1885/1/1039 1848/1/1037
f 1885/1/1039 1880/1/1035 1881/1/1061
f 1869/1/1049 1871/1/1051 1870/1/1050
f 1871/1/1051 1869/1/1049 1872/1/1052
f 1872/1/1052 1869/1/1049 1891/1/1048
f 1872/1/1052 1891/1/1048 1882/1/1053
f 1882/1/1053 1891/1/1048 1866/1/1047
f 1882/1/1053 1866/1/1047 1873/1/1054
f 1873/1/1054 1866/1/1047 1864/1/1046
f 1873/1/1054 1864/1/1046 1874/1/1055
f 1874/1/1055 1864/1/1046 1862/1/1045
f 1874/1/1055 1862/1/1045 1875/1/1056
f 1875/1/1056 1862/1/1045 1890/1/1044
f 1875/1/1056 1890/1/1044 1877/1/1057
f 1877/1/1057 1890/1/1044 1889/1/1043
f 1877/1/1057 1889/1/1043 1888/1/1058
f 1888/1/1058 1889/1/1043 1883/1/1042
f 1888/1/1058 1883/1/1042 1878/1/1059
f 1878/1/1059 1883/1/1042 1884/1/1041
f 1878/1/1059 1884/1/1041 1879/1/1060
f 1879/1/1060 1884/1/1041 1887/1/1040
f 1879/1/1060 1887/1/1040 1881/1/1061
f 1881/1/1061 1887/1/1040 1886/1/1038
f 1881/1/1061 1886/1/1038 1885/1/1039
s 73
g Ring_Material.028
usemtl Material.028
f 1902/1/1062 1916/1/1063 1892/1/1064
f 1916/1/1063 1902/1/1062 1903/1/1065
f 1916/1/1063 1903/1/1065 1915/1/1066
f 1915/1/1066 1903/1/1065 1920/1/1067
f 1915/1/1066 1920/1/1067 1913/1/1068
f 1913/1/1068 1920/1/1067 1921/1/1069
f 1913/1/1068 1921/1/1069 1901/1/1070
f 1901/1/1070 1921/1/1069 1923/1/1071
f 1901/1/1070 1923/1/1071 1912/1/1072
f 1912/1/1072 1923/1/1071 1893/1/1073
f 1912/1/1072 1893/1/1073 1898/1/1074
f 1898/1/1074 1893/1/1073 1897/1/1075
f 1898/1/1074 1897/1/1075 1900/1/1076
f 1900/1/1076 1897/1/1075 1925/1/1077
f 1900/1/1076 1925/1/1077 1910/1/1078
f 1910/1/1078 1925/1/1077 1899/1/1079
f 1910/1/1078 1899/1/1079 1909/1/1080
f 1909/1/1080 1899/1/1079 1896/1/1081
f 1909/1/1080 1896/1/1081 1908/1/1082
f 1908/1/1082 1896/1/1081 1905/1/1083
f 1908/1/1082 1905/1/1083 1895/1/1084
f 1895/1/1084 1905/1/1083 1894/1/1085
f 1899/1/1079 1904/1/1086 1896/1/1081
f 1904/1/1086 1899/1/1079 1936/1/1087
f 1896/1/1081 1934/1/1088 1905/1/1083
f 1934/1/1088 1896/1/1081 1904/1/1086
f 1905/1/1083 1933/1/1089 1894/1/1085
f 1933/1/1089 1905/1/1083 1934/1/1088
f 1894/1/1085 1906/1/1090 1895/1/1084
f 1906/1/1090 1894/1/1085 1933/1/1089
f 1895/1/1084 1907/1/1091 1908/1/1082
f 1907/1/1091 1895/1/1084 1906/1/1090
f 1908/1/1082 1935/1/1092 1909/1/1080
f 1935/1/1092 1908/1/1082 1907/1/1091
f 1935/1/1092 1910/1/1078 1909/1/1080
f 1910/1/1078 1935/1/1092 1932/1/1093
f 1932/1/1093 1900/1/1076 1910/1/1078
f 1900/1/1076 1932/1/1093 1931/1/1094
f 1931/1/1094 1898/1/1074 1900/1/1076
f 1898/1/1074 1931/1/1094 1911/1/1095
f 1898/1/1074 1929/1/1096 1912/1/1072
f 1929/1/1096 1898/1/1074 1911/1/1095
f 1912/1/1072 1927/1/1097 1901/1/1070
f 1927/1/1097 1912/1/1072 1929/1/1096
f 1901/1/1070 1914/1/1098 1913/1/1068
f 1914/1/1098 1901/1/1070 1927/1/1097
f 1914/1/1098 1915/1/1066 1913/1/1068
f 1915/1/1066 1914/1/1098 1938/1/1099
f 1938/1/1099 1916/1/1063 1915/1/1066
f 1916/1/1063 1938/1/1099 1917/1/1100
f 1917/1/1100 1892/1/1064 1916/1/1063
f 1892/1/1064 1917/1/1100 1939/1/1101
f 1939/1/1101 1902/1/1062 1892/1/1064
f 1902/1/1062 1939/1/1101 1926/1/1102
f 1926/1/1102 1903/1/1065 1902/1/1062
f 1903/1/1065 1926/1/1102 1918/1/1103
f 1918/1/1103 1920/1/1067 1903/1/1065
f 1920/1/1067 1918/1/1103 1919/1/1104
f 1920/1/1067 1922/1/1105 1921/1/1069
f 1922/1/1105 1920/1/1067 1919/1/1104
f 1921/1/1069 1928/1/1106 1923/1/1071
f 1928/1/1106 1921/1/1069 1922/1/1105
f 1923/1/1071 1924/1/1107 1893/1/1073
f 1924/1/1107 1923/1/1071 1928/1/1106
f 1924/1/1107 1897/1/1075 1893/1/1073
f 1897/1/1075 1924/1/1107 1930/1/1108
f 1930/1/1108 1925/1/1077 1897/1/1075
f 1925/1/1077 1930/1/1108 1937/1/1109
f 1937/1/1109 1899/1/1079 1925/1/1077
f 1899/1/1079 1937/1/1109 1936/1/1087
f 1917/1/1100 1926/1/1102 1939/1/1101
f 1926/1/1102 1917/1/1100 1918/1/1103
f 1918/1/1103 1917/1/1100 1938/1/1099
f 1918/1/1103 1938/1/1099 1919/1/1104
f 1919/1/1104 1938/1/1099 1914/1/1098
f 1919/1/1104 1914/1/1098 1922/1/1105
f 1922/1/1105 1914/1/1098 1927/1/1097
f 1922/1/1105 1927/1/1097 1928/1/1106
f 1928/1/1106 1927/1/1097 1929/1/1096
f 1928/1/1106 1929/1/1096 1924/1/1107
f 1924/1/1107 1929/1/1096 1911/1/1095
f 1924/1/1107 1911/1/1095 1930/1/1108
f 1930/1/1108 1911/1/1095 1931/1/1094
f 1930/1/1108 1931/1/1094 1937/1/1109
f 1937/1/1109 1931/1/1094 1932/1/1093
f 1937/1/1109 1932/1/1093 1936/1/1087
f 1936/1/1087 1932/1/1093 1935/1/1092
f 1936/1/1087 1935/1/1092 1904/1/1086
f 1904/1/1086 1935/1/1092 1907/1/1091
f 1904/1/1086 1907/1/1091 1934/1/1088
f 1934/1/1088 1907/1/1091 1906/1/1090
f 1934/1/1088 1906/1/1090 1933/1/1089
s 74
g Ring_Material.026
usemtl Material.026
f 1954/1/1110 1950/1/1111 1940/1/1112
f 1950/1/1111 1954/1/1110 1949/1/1113
f 1950/1/1111 1949/1/1113 1970/1/1114
f 1970/1/1114 1949/1/1113 1975/1/1115
f 1970/1/1114 1975/1/1115 1953/1/1116
f 1953/1/1116 1975/1/1115 1948/1/1117
f 1953/1/1116 1948/1/1117 1941/1/1118
f 1941/1/1118 1948/1/1117 1968/1/1119
f 1968/1/1119 1948/1/1117 1947/1/1120
f 1968/1/1119 1947/1/1120 1946/1/1121
f 1968/1/1119 1946/1/1121 1942/1/1122
f 1942/1/1122 1946/1/1121 1979/1/1123
f 1942/1/1122 1979/1/1123 1963/1/1124
f 1963/1/1124 1979/1/1123 1955/1/1125
f 1963/1/1124 1955/1/1125 1952/1/1126
f 1952/1/1126 1955/1/1125 1956/1/1127
f 1952/1/1126 1956/1/1127 1962/1/1128
f 1962/1/1128 1956/1/1127 1943/1/1129
f 1962/1/1128 1943/1/1129 1959/1/1130
f 1959/1/1130 1943/1/1129 1945/1/1131
f 1945/1/1131 1943/1/1129 1944/1/1132
f 1945/1/1131 1944/1/1132 1951/1/1133
f 1944/1/1132 1987/1/1134 1951/1/1133
f 1987/1/1134 1944/1/1132 1957/1/1135
f 1951/1/1133 1958/1/1136 1945/1/1131
f 1958/1/1136 1951/1/1133 1987/1/1134
f 1945/1/1131 1960/1/1137 1959/1/1130
f 1960/1/1137 1945/1/1131 1958/1/1136
f 1959/1/1130 1961/1/1138 1962/1/1128
f 1961/1/1138 1959/1/1130 1960/1/1137
f 1961/1/1138 1952/1/1126 1962/1/1128
f 1952/1/1126 1961/1/1138 1986/1/1139
f 1986/1/1139 1963/1/1124 1952/1/1126
f 1963/1/1124 1986/1/1139 1964/1/1140
f 1964/1/1140 1942/1/1122 1963/1/1124
f 1942/1/1122 1964/1/1140 1966/1/1141
f 1966/1/1141 1964/1/1140 1965/1/1142
f 1942/1/1122 1967/1/1143 1968/1/1119
f 1967/1/1143 1942/1/1122 1966/1/1141
f 1967/1/1143 1966/1/1141 1965/1/1142
f 1968/1/1119 1969/1/1144 1941/1/1118
f 1969/1/1144 1968/1/1119 1967/1/1143
f 1941/1/1118 1984/1/1145 1953/1/1116
f 1984/1/1145 1941/1/1118 1969/1/1144
f 1984/1/1145 1970/1/1114 1953/1/1116
f 1970/1/1114 1984/1/1145 1971/1/1146
f 1971/1/1146 1950/1/1111 1970/1/1114
f 1950/1/1111 1971/1/1146 1972/1/1147
f 1972/1/1147 1940/1/1112 1950/1/1111
f 1940/1/1112 1972/1/1147 1973/1/1148
f 1973/1/1148 1954/1/1110 1940/1/1112
f 1954/1/1110 1973/1/1148 1983/1/1149
f 1983/1/1149 1949/1/1113 1954/1/1110
f 1949/1/1113 1983/1/1149 1974/1/1150
f 1974/1/1150 1975/1/1115 1949/1/1113
f 1975/1/1115 1974/1/1150 1976/1/1151
f 1975/1/1115 1977/1/1152 1948/1/1117
f 1977/1/1152 1975/1/1115 1976/1/1151
f 1948/1/1117 1978/1/1153 1947/1/1120
f 1978/1/1153 1948/1/1117 1977/1/1152
f 1947/1/1120 1988/1/1154 1946/1/1121
f 1988/1/1154 1947/1/1120 1978/1/1153
f 1988/1/1154 1979/1/1123 1946/1/1121
f 1979/1/1123 1988/1/1154 1985/1/1155
f 1985/1/1155 1955/1/1125 1979/1/1123
f 1955/1/1125 1985/1/1155 1980/1/1156
f 1980/1/1156 1956/1/1127 1955/1/1125
f 1956/1/1127 1980/1/1156 1981/1/1157
f 1956/1/1127 1982/1/1158 1943/1/1129
f 1982/1/1158 1956/1/1127 1981/1/1157
f 1943/1/1129 1957/1/1135 1944/1/1132
f 1957/1/1135 1943/1/1129 1982/1/1158
f 1972/1/1147 1983/1/1149 1973/1/1148
f 1983/1/1149 1972/1/1147 1971/1/1146
f 1983/1/1149 1971/1/1146 1974/1/1150
f 1974/1/1150 1971/1/1146 1984/1/1145
f 1974/1/1150 1984/1/1145 1976/1/1151
f 1976/1/1151 1984/1/1145 1969/1/1144
f 1976/1/1151 1969/1/1144 1977/1/1152
f 1977/1/1152 1969/1/1144 1967/1/1143
f 1977/1/1152 1967/1/1143 1978/1/1153
f 1978/1/1153 1967/1/1143 1965/1/1142
f 1978/1/1153 1965/1/1142 1988/1/1154
f 1988/1/1154 1965/1/1142 1964/1/1140
f 1988/1/1154 1964/1/1140 1985/1/1155
f 1985/1/1155 1964/1/1140 1986/1/1139
f 1985/1/1155 1986/1/1139 1980/1/1156
f 1980/1/1156 1986/1/1139 1961/1/1138
f 1980/1/1156 1961/1/1138 1981/1/1157
f 1981/1/1157 1961/1/1138 1960/1/1137
f 1981/1/1157 1960/1/1137 1982/1/1158
f 1982/1/1158 1960/1/1137 1958/1/1136
f 1982/1/1158 1958/1/1136 1957/1/1135
f 1957/1/1135 1958/1/1136 1987/1/1134
s 75
g Ring_Material.037
usemtl Material.037
f 2020/1/1159 2000/1/1160 2019/1/1161
f 2000/1/1160 2020/1/1159 1989/1/1162
f 1989/1/1162 2020/1/1159 2021/1/1163
f 1989/1/1162 2021/1/1163 1997/1/1164
f 1997/1/1164 2021/1/1163 2001/1/1165
f 1997/1/1164 2001/1/1165 1999/1/1166
f 1999/1/1166 2001/1/1165 2002/1/1167
f 1999/1/1166 2002/1/1167 2015/1/1168
f 2015/1/1168 2002/1/1167 2003/1/1169
f 2015/1/1168 2003/1/1169 1996/1/1170
f 1996/1/1170 2003/1/1169 1990/1/1171
f 1996/1/1170 1990/1/1171 2014/1/1172
f 2014/1/1172 1990/1/1171 2004/1/1173
f 2014/1/1172 2004/1/1173 1991/1/1174
f 1991/1/1174 2004/1/1173 2025/1/1175
f 1991/1/1174 2025/1/1175 1992/1/1176
f 1992/1/1176 2025/1/1175 1995/1/1177
f 1992/1/1176 1995/1/1177 1993/1/1178
f 1993/1/1178 1995/1/1177 1994/1/1179
f 1993/1/1178 1994/1/1179 2010/1/1180
f 2010/1/1180 1994/1/1179 2008/1/1181
f 2008/1/1181 1994/1/1179 2007/1/1182
f 2008/1/1181 2007/1/1182 1998/1/1183
f 2007/1/1182 2005/1/1184 1998/1/1183
f 2005/1/1184 2007/1/1182 2006/1/1185
f 1998/1/1183 2009/1/1186 2008/1/1181
f 2009/1/1186 1998/1/1183 2005/1/1184
f 2008/1/1181 2011/1/1187 2010/1/1180
f 2011/1/1187 2008/1/1181 2009/1/1186
f 1993/1/1178 2033/1/1188 1992/1/1176
f 2033/1/1188 1993/1/1178 2010/1/1180
f 2033/1/1188 2010/1/1180 2011/1/1187
f 1992/1/1176 2012/1/1189 1991/1/1174
f 2012/1/1189 1992/1/1176 2033/1/1188
f 2012/1/1189 2014/1/1172 1991/1/1174
f 2014/1/1172 2012/1/1189 2013/1/1190
f 2013/1/1190 1996/1/1170 2014/1/1172
f 1996/1/1170 2013/1/1190 2034/1/1191
f 1996/1/1170 2032/1/1192 2015/1/1168
f 2032/1/1192 1996/1/1170 2034/1/1191
f 2015/1/1168 2031/1/1193 1999/1/1166
f 2031/1/1193 2015/1/1168 2032/1/1192
f 1999/1/1166 2016/1/1194 1997/1/1164
f 2016/1/1194 1999/1/1166 2031/1/1193
f 2016/1/1194 1989/1/1162 1997/1/1164
f 1989/1/1162 2016/1/1194 2037/1/1195
f 2037/1/1195 2000/1/1160 1989/1/1162
f 2000/1/1160 2037/1/1195 2017/1/1196
f 2017/1/1196 2019/1/1161 2000/1/1160
f 2019/1/1161 2017/1/1196 2018/1/1197
f 2018/1/1197 2020/1/1159 2019/1/1161
f 2020/1/1159 2018/1/1197 2029/1/1198
f 2029/1/1198 2021/1/1163 2020/1/1159
f 2021/1/1163 2029/1/1198 2022/1/1199
f 2022/1/1199 2001/1/1165 2021/1/1163
f 2001/1/1165 2022/1/1199 2030/1/1200
f 2030/1/1200 2002/1/1167 2001/1/1165
f 2002/1/1167 2030/1/1200 2036/1/1201
f 2002/1/1167 2035/1/1202 2003/1/1169
f 2035/1/1202 2002/1/1167 2036/1/1201
f 2003/1/1169 2023/1/1203 1990/1/1171
f 2023/1/1203 2003/1/1169 2035/1/1202
f 2023/1/1203 2004/1/1173 1990/1/1171
f 2004/1/1173 2023/1/1203 2024/1/1204
f 2024/1/1204 2025/1/1175 2004/1/1173
f 2025/1/1175 2024/1/1204 2026/1/1205
f 2026/1/1205 1995/1/1177 2025/1/1175
f 1995/1/1177 2026/1/1205 2027/1/1206
f 1995/1/1177 2028/1/1207 1994/1/1179
f 2028/1/1207 1995/1/1177 2027/1/1206
f 1994/1/1179 2006/1/1185 2007/1/1182
f 2006/1/1185 1994/1/1179 2028/1/1207
f 2017/1/1196 2029/1/1198 2018/1/1197
f 2029/1/1198 2017/1/1196 2037/1/1195
f 2029/1/1198 2037/1/1195 2022/1/1199
f 2022/1/1199 2037/1/1195 2016/1/1194
f 2022/1/1199 2016/1/1194 2030/1/1200
f 2030/1/1200 2016/1/1194 2031/1/1193
f 2030/1/1200 2031/1/1193 2036/1/1201
f 2036/1/1201 2031/1/1193 2032/1/1192
f 2036/1/1201 2032/1/1192 2035/1/1202
f 2035/1/1202 2032/1/1192 2034/1/1191
f 2035/1/1202 2034/1/1191 2023/1/1203
f 2023/1/1203 2034/1/1191 2013/1/1190
f 2023/1/1203 2013/1/1190 2024/1/1204
f 2024/1/1204 2013/1/1190 2012/1/1189
f 2024/1/1204 2012/1/1189 2026/1/1205
f 2026/1/1205 2012/1/1189 2033/1/1188
f 2026/1/1205 2033/1/1188 2027/1/1206
f 2027/1/1206 2033/1/1188 2011/1/1187
f 2027/1/1206 2011/1/1187 2028/1/1207
f 2028/1/1207 2011/1/1187 2009/1/1186
f 2028/1/1207 2009/1/1186 2006/1/1185
f 2006/1/1185 2009/1/1186 2005/1/1184
s 76
g Ring_Material.039
usemtl Material.039
f 2048/1/1208 2047/1/1209 2068/1/1210
f 2068/1/1210 2047/1/1209 2070/1/1211
f 2068/1/1210 2070/1/1211 2066/1/1212
f 2066/1/1212 2070/1/1211 2046/1/1213
f 2066/1/1212 2046/1/1213 2038/1/1214
f 2038/1/1214 2046/1/1213 2053/1/1215
f 2038/1/1214 2053/1/1215 2064/1/1216
f 2064/1/1216 2053/1/1215 2045/1/1217
f 2064/1/1216 2045/1/1217 2062/1/1218
f 2062/1/1218 2045/1/1217 2039/1/1219
f 2062/1/1218 2039/1/1219 2061/1/1220
f 2061/1/1220 2039/1/1219 2044/1/1221
f 2061/1/1220 2044/1/1221 2043/1/1222
f 2043/1/1222 2044/1/1221 2054/1/1223
f 2043/1/1222 2054/1/1223 2040/1/1224
f 2040/1/1224 2054/1/1223 2055/1/1225
f 2040/1/1224 2055/1/1225 2041/1/1226
f 2041/1/1226 2055/1/1225 2042/1/1227
f 2041/1/1226 2042/1/1227 2052/1/1228
f 2052/1/1228 2042/1/1227 2051/1/1229
f 2055/1/1225 2056/1/1230 2042/1/1227
f 2056/1/1230 2055/1/1225 2057/1/1231
f 2042/1/1227 2058/1/1232 2051/1/1229
f 2058/1/1232 2042/1/1227 2056/1/1230
f 2051/1/1229 2082/1/1233 2052/1/1228
f 2082/1/1233 2051/1/1229 2058/1/1232
f 2052/1/1228 2059/1/1234 2041/1/1226
f 2059/1/1234 2052/1/1228 2082/1/1233
f 2041/1/1226 2081/1/1235 2040/1/1224
f 2081/1/1235 2041/1/1226 2059/1/1234
f 2081/1/1235 2043/1/1222 2040/1/1224
f 2043/1/1222 2081/1/1235 2084/1/1236
f 2084/1/1236 2061/1/1220 2043/1/1222
f 2061/1/1220 2084/1/1236 2060/1/1237
f 2062/1/1218 2060/1/1237 2063/1/1238
f 2062/1/1218 2085/1/1239 2064/1/1216
f 2085/1/1239 2062/1/1218 2063/1/1238
f 2064/1/1216 2065/1/1240 2038/1/1214
f 2065/1/1240 2064/1/1216 2085/1/1239
f 2038/1/1214 2078/1/1241 2066/1/1212
f 2078/1/1241 2038/1/1214 2065/1/1240
f 2078/1/1241 2068/1/1210 2066/1/1212
f 2068/1/1210 2078/1/1241 2067/1/1242
f 2067/1/1242 2048/1/1208 2068/1/1210
f 2048/1/1208 2067/1/1242 2076/1/1243
f 2076/1/1243 2050/1/1244 2048/1/1208
f 2050/1/1244 2076/1/1243 2077/1/1245
f 2077/1/1245 2049/1/1246 2050/1/1244
f 2049/1/1246 2077/1/1245 2069/1/1247
f 2069/1/1247 2047/1/1209 2049/1/1246
f 2047/1/1209 2069/1/1247 2086/1/1248
f 2086/1/1248 2070/1/1211 2047/1/1209
f 2070/1/1211 2086/1/1248 2079/1/1249
f 2070/1/1211 2071/1/1250 2046/1/1213
f 2071/1/1250 2070/1/1211 2079/1/1249
f 2046/1/1213 2072/1/1251 2053/1/1215
f 2072/1/1251 2046/1/1213 2071/1/1250
f 2053/1/1215 2073/1/1252 2045/1/1217
f 2073/1/1252 2053/1/1215 2072/1/1251
f 2073/1/1252 2072/1/1251 2074/1/1253
f 2073/1/1252 2039/1/1219 2045/1/1217
f 2039/1/1219 2073/1/1252 2075/1/1254
f 2075/1/1254 2073/1/1252 2074/1/1253
f 2075/1/1254 2044/1/1221 2039/1/1219
f 2044/1/1221 2075/1/1254 2080/1/1255
f 2080/1/1255 2054/1/1223 2044/1/1221
f 2054/1/1223 2080/1/1255 2083/1/1256
f 2054/1/1223 2057/1/1231 2055/1/1225
f 2057/1/1231 2054/1/1223 2083/1/1256
f 2076/1/1243 2069/1/1247 2077/1/1245
f 2069/1/1247 2076/1/1243 2067/1/1242
f 2069/1/1247 2067/1/1242 2086/1/1248
f 2086/1/1248 2067/1/1242 2078/1/1241
f 2086/1/1248 2078/1/1241 2079/1/1249
f 2079/1/1249 2078/1/1241 2065/1/1240
f 2079/1/1249 2065/1/1240 2071/1/1250
f 2071/1/1250 2065/1/1240 2072/1/1251
f 2072/1/1251 2065/1/1240 2085/1/1239
f 2072/1/1251 2085/1/1239 2063/1/1238
f 2072/1/1251 2063/1/1238 2074/1/1253
f 2074/1/1253 2063/1/1238 2060/1/1237
f 2074/1/1253 2060/1/1237 2075/1/1254
f 2075/1/1254 2060/1/1237 2084/1/1236
f 2075/1/1254 2084/1/1236 2080/1/1255
f 2080/1/1255 2084/1/1236 2081/1/1235
f 2080/1/1255 2081/1/1235 2083/1/1256
f 2083/1/1256 2081/1/1235 2059/1/1234
f 2083/1/1256 2059/1/1234 2057/1/1231
f 2057/1/1231 2059/1/1234 2082/1/1233
f 2057/1/1231 2082/1/1233 2056/1/1230
f 2056/1/1230 2082/1/1233 2058/1/1232
f 2047/1/1209 2048/1/1208 2049/1/1246
f 2050/1/1244 2049/1/1246 2048/1/1208
f 2061/1/1220 2060/1/1237 2062/1/1218
s 77
g Ring_Material.038
usemtl Material.038
f 2098/1/1257 2101/1/1258 2099/1/1259
f 2101/1/1258 2098/1/1257 2087/1/1260
f 2101/1/1258 2087/1/1260 2100/1/1261
f 2100/1/1261 2087/1/1260 2088/1/1262
f 2100/1/1261 2088/1/1262 2122/1/1263
f 2122/1/1263 2088/1/1262 2102/1/1264
f 2122/1/1263 2102/1/1264 2097/1/1265
f 2097/1/1265 2102/1/1264 2089/1/1266
f 2089/1/1266 2102/1/1264 2090/1/1267
f 2089/1/1266 2090/1/1267 2120/1/1268
f 2120/1/1268 2090/1/1267 2113/1/1269
f 2120/1/1268 2113/1/1269 2091/1/1270
f 2120/1/1268 2091/1/1270 2119/1/1271
f 2119/1/1271 2091/1/1270 2106/1/1272
f 2106/1/1272 2091/1/1270 2103/1/1273
f 2106/1/1272 2103/1/1273 2105/1/1274
f 2105/1/1274 2103/1/1273 2096/1/1275
f 2105/1/1274 2096/1/1275 2095/1/1276
f 2105/1/1274 2095/1/1276 2092/1/1277
f 2092/1/1277 2095/1/1276 2104/1/1278
f 2092/1/1277 2104/1/1278 2093/1/1279
f 2093/1/1279 2104/1/1278 2094/1/1280
f 2107/1/1281 2100/1/1261 2124/1/1282
f 2100/1/1261 2107/1/1281 2101/1/1258
f 2108/1/1283 2101/1/1258 2107/1/1281
f 2101/1/1258 2108/1/1283 2099/1/1259
f 2123/1/1284 2099/1/1259 2108/1/1283
f 2099/1/1259 2123/1/1284 2098/1/1257
f 2109/1/1285 2098/1/1257 2123/1/1284
f 2098/1/1257 2109/1/1285 2087/1/1260
f 2110/1/1286 2087/1/1260 2109/1/1285
f 2087/1/1260 2110/1/1286 2088/1/1262
f 2110/1/1286 2102/1/1264 2088/1/1262
f 2102/1/1264 2110/1/1286 2111/1/1287
f 2111/1/1287 2090/1/1267 2102/1/1264
f 2090/1/1267 2111/1/1287 2112/1/1288
f 2112/1/1288 2113/1/1269 2090/1/1267
f 2113/1/1269 2112/1/1288 2127/1/1289
f 2127/1/1289 2091/1/1270 2113/1/1269
f 2091/1/1270 2127/1/1289 2114/1/1290
f 2114/1/1290 2103/1/1273 2091/1/1270
f 2103/1/1273 2114/1/1290 2115/1/1291
f 2115/1/1291 2096/1/1275 2103/1/1273
f 2096/1/1275 2115/1/1291 2116/1/1292
f 2096/1/1275 2117/1/1293 2095/1/1276
f 2117/1/1293 2096/1/1275 2116/1/1292
f 2095/1/1276 2133/1/1294 2104/1/1278
f 2133/1/1294 2095/1/1276 2117/1/1293
f 2104/1/1278 2118/1/1295 2094/1/1280
f 2118/1/1295 2104/1/1278 2133/1/1294
f 2094/1/1280 2132/1/1296 2093/1/1279
f 2132/1/1296 2094/1/1280 2118/1/1295
f 2093/1/1279 2131/1/1297 2092/1/1277
f 2131/1/1297 2093/1/1279 2132/1/1296
f 2092/1/1277 2130/1/1298 2105/1/1274
f 2130/1/1298 2092/1/1277 2131/1/1297
f 2130/1/1298 2106/1/1272 2105/1/1274
f 2106/1/1272 2130/1/1298 2129/1/1299
f 2129/1/1299 2119/1/1271 2106/1/1272
f 2119/1/1271 2129/1/1299 2128/1/1300
f 2128/1/1300 2120/1/1268 2119/1/1271
f 2120/1/1268 2128/1/1300 2126/1/1301
f 2126/1/1301 2089/1/1266 2120/1/1268
f 2089/1/1266 2126/1/1301 2125/1/1302
f 2125/1/1302 2097/1/1265 2089/1/1266
f 2097/1/1265 2125/1/1302 2134/1/1303
f 2134/1/1303 2122/1/1263 2097/1/1265
f 2122/1/1263 2134/1/1303 2121/1/1304
f 2124/1/1282 2122/1/1263 2121/1/1304
f 2122/1/1263 2124/1/1282 2100/1/1261
f 2107/1/1281 2123/1/1284 2108/1/1283
f 2123/1/1284 2107/1/1281 2124/1/1282
f 2123/1/1284 2124/1/1282 2109/1/1285
f 2109/1/1285 2124/1/1282 2121/1/1304
f 2109/1/1285 2121/1/1304 2110/1/1286
f 2110/1/1286 2121/1/1304 2134/1/1303
f 2110/1/1286 2134/1/1303 2111/1/1287
f 2111/1/1287 2134/1/1303 2125/1/1302
f 2111/1/1287 2125/1/1302 2112/1/1288
f 2112/1/1288 2125/1/1302 2126/1/1301
f 2112/1/1288 2126/1/1301 2127/1/1289
f 2127/1/1289 2126/1/1301 2128/1/1300
f 2127/1/1289 2128/1/1300 2114/1/1290
f 2114/1/1290 2128/1/1300 2129/1/1299
f 2114/1/1290 2129/1/1299 2115/1/1291
f 2115/1/1291 2129/1/1299 2130/1/1298
f 2115/1/1291 2130/1/1298 2116/1/1292
f 2116/1/1292 2130/1/1298 2131/1/1297
f 2116/1/1292 2131/1/1297 2117/1/1293
f 2117/1/1293 2131/1/1297 2132/1/1296
f 2117/1/1293 2132/1/1296 2133/1/1294
f 2133/1/1294 2132/1/1296 2118/1/1295
s 79
g Ring_Material.027
usemtl Material.027
f 2194/1/1305 2165/1/1306 2166/1/1307
f 2165/1/1306 2194/1/1305 2174/1/1308
f 2165/1/1306 2174/1/1308 2192/1/1309
f 2192/1/1309 2174/1/1308 2197/1/1310
f 2192/1/1309 2197/1/1310 2173/1/1311
f 2173/1/1311 2197/1/1310 2167/1/1312
f 2173/1/1311 2167/1/1312 2171/1/1313
f 2171/1/1313 2167/1/1312 2172/1/1314
f 2172/1/1314 2167/1/1312 2198/1/1315
f 2172/1/1314 2198/1/1315 2175/1/1316
f 2172/1/1314 2175/1/1316 2189/1/1317
f 2189/1/1317 2175/1/1316 2176/1/1318
f 2189/1/1317 2176/1/1318 2170/1/1319
f 2170/1/1319 2176/1/1318 2177/1/1320
f 2170/1/1319 2177/1/1320 2185/1/1321
f 2185/1/1321 2177/1/1320 2178/1/1322
f 2185/1/1321 2178/1/1322 2184/1/1323
f 2184/1/1323 2178/1/1322 2203/1/1324
f 2184/1/1323 2203/1/1324 2169/1/1325
f 2169/1/1325 2203/1/1324 2183/1/1326
f 2183/1/1326 2203/1/1324 2168/1/1327
f 2183/1/1326 2168/1/1327 2179/1/1328
f 2168/1/1327 2181/1/1329 2179/1/1328
f 2181/1/1329 2168/1/1327 2180/1/1330
f 2179/1/1328 2182/1/1331 2183/1/1326
f 2182/1/1331 2179/1/1328 2181/1/1329
f 2183/1/1326 2208/1/1332 2169/1/1325
f 2208/1/1332 2183/1/1326 2182/1/1331
f 2169/1/1325 2209/1/1333 2184/1/1323
f 2209/1/1333 2169/1/1325 2208/1/1332
f 2209/1/1333 2185/1/1321 2184/1/1323
f 2185/1/1321 2209/1/1333 2210/1/1334
f 2210/1/1334 2170/1/1319 2185/1/1321
f 2170/1/1319 2210/1/1334 2186/1/1335
f 2186/1/1335 2189/1/1317 2170/1/1319
f 2189/1/1317 2186/1/1335 2188/1/1336
f 2188/1/1336 2186/1/1335 2187/1/1337
f 2189/1/1317 2190/1/1338 2172/1/1314
f 2190/1/1338 2189/1/1317 2188/1/1336
f 2190/1/1338 2188/1/1336 2187/1/1337
f 2172/1/1314 2212/1/1339 2171/1/1313
f 2212/1/1339 2172/1/1314 2190/1/1338
f 2171/1/1313 2205/1/1340 2173/1/1311
f 2205/1/1340 2171/1/1313 2212/1/1339
f 2205/1/1340 2192/1/1309 2173/1/1311
f 2192/1/1309 2205/1/1340 2191/1/1341
f 2191/1/1341 2165/1/1306 2192/1/1309
f 2165/1/1306 2191/1/1341 2204/1/1342
f 2204/1/1342 2166/1/1307 2165/1/1306
f 2166/1/1307 2204/1/1342 2193/1/1343
f 2193/1/1343 2194/1/1305 2166/1/1307
f 2194/1/1305 2193/1/1343 2195/1/1344
f 2195/1/1344 2174/1/1308 2194/1/1305
f 2174/1/1308 2195/1/1344 2196/1/1345
f 2196/1/1345 2197/1/1310 2174/1/1308
f 2197/1/1310 2196/1/1345 2213/1/1346
f 2197/1/1310 2206/1/1347 2167/1/1312
f 2206/1/1347 2197/1/1310 2213/1/1346
f 2167/1/1312 2211/1/1348 2198/1/1315
f 2211/1/1348 2167/1/1312 2206/1/1347
f 2198/1/1315 2199/1/1349 2175/1/1316
f 2199/1/1349 2198/1/1315 2211/1/1348
f 2199/1/1349 2176/1/1318 2175/1/1316
f 2176/1/1318 2199/1/1349 2200/1/1350
f 2200/1/1350 2177/1/1320 2176/1/1318
f 2177/1/1320 2200/1/1350 2201/1/1351
f 2201/1/1351 2178/1/1322 2177/1/1320
f 2178/1/1322 2201/1/1351 2202/1/1352
f 2178/1/1322 2207/1/1353 2203/1/1324
f 2207/1/1353 2178/1/1322 2202/1/1352
f 2203/1/1324 2180/1/1330 2168/1/1327
f 2180/1/1330 2203/1/1324 2207/1/1353
f 2204/1/1342 2195/1/1344 2193/1/1343
f 2195/1/1344 2204/1/1342 2191/1/1341
f 2195/1/1344 2191/1/1341 2196/1/1345
f 2196/1/1345 2191/1/1341 2205/1/1340
f 2196/1/1345 2205/1/1340 2213/1/1346
f 2213/1/1346 2205/1/1340 2212/1/1339
f 2213/1/1346 2212/1/1339 2206/1/1347
f 2206/1/1347 2212/1/1339 2190/1/1338
f 2206/1/1347 2190/1/1338 2211/1/1348
f 2211/1/1348 2190/1/1338 2187/1/1337
f 2211/1/1348 2187/1/1337 2199/1/1349
f 2199/1/1349 2187/1/1337 2186/1/1335
f 2199/1/1349 2186/1/1335 2200/1/1350
f 2200/1/1350 2186/1/1335 2210/1/1334
f 2200/1/1350 2210/1/1334 2201/1/1351
f 2201/1/1351 2210/1/1334 2209/1/1333
f 2201/1/1351 2209/1/1333 2202/1/1352
f 2202/1/1352 2209/1/1333 2208/1/1332
f 2202/1/1352 2208/1/1332 2207/1/1353
f 2207/1/1353 2208/1/1332 2182/1/1331
f 2207/1/1353 2182/1/1331 2180/1/1330
f 2180/1/1330 2182/1/1331 2181/1/1329
s 80
g Ring_Material.024
usemtl Material.024
f 2215/1/43 2214/1/43 2217/1/715
f 2217/1/715 2216/1/715 2215/1/43
f 2216/1/715 2217/1/715 2218/1/716
f 2218/1/716 2219/1/716 2216/1/715
f 2220/1/712 2221/1/712 2214/1/43
f 2214/1/43 2215/1/43 2220/1/712
f 2219/1/716 2218/1/716 2223/1/718
f 2223/1/718 2222/1/718 2219/1/716
f 2224/1/710 2225/1/751 2221/1/712
f 2221/1/712 2220/1/712 2224/1/710
f 2222/1/718 2223/1/718 2227/1/752
f 2227/1/752 2226/1/719 2222/1/718
f 2228/1/780 2229/1/708 2225/1/751
f 2225/1/751 2224/1/710 2228/1/780
f 2227/1/752 2231/1/754 2230/1/754
f 2230/1/754 2226/1/719 2227/1/752
f 2233/1/706 2232/1/706 2229/1/708
f 2229/1/708 2228/1/780 2233/1/706
f 2231/1/754 2235/1/348 2234/1/348
f 2234/1/348 2230/1/754 2231/1/754
f 2233/1/706 2236/1/755 2237/1/705
f 2237/1/705 2232/1/706 2233/1/706
f 2235/1/348 2239/1/720 2238/1/714
f 2238/1/714 2234/1/348 2235/1/348
f 2236/1/755 2241/1/361 2240/1/361
f 2240/1/361 2237/1/705 2236/1/755
f 2239/1/720 2243/1/756 2242/1/757
f 2242/1/757 2238/1/714 2239/1/720
f 2241/1/361 2245/1/702 2244/1/759
f 2244/1/759 2240/1/361 2241/1/361
f 2243/1/756 2247/1/711 2246/1/711
f 2246/1/711 2242/1/757 2243/1/756
f 2245/1/702 2249/1/701 2248/1/701
f 2248/1/701 2244/1/759 2245/1/702
f 2247/1/711 2251/1/709 2250/1/709
f 2250/1/709 2246/1/711 2247/1/711
f 2252/1/774 2248/1/701 2249/1/701
f 2249/1/701 2253/1/762 2252/1/774
f 2251/1/709 2254/1/707 2255/1/764
f 2255/1/764 2250/1/709 2251/1/709
f 2257/1/765 2252/1/774 2253/1/762
f 2253/1/762 2256/1/703 2257/1/765
f 2254/1/707 2259/1/22 2258/1/22
f 2258/1/22 2255/1/764 2254/1/707
f 2261/1/747 2257/1/765 2256/1/703
f 2256/1/703 2260/1/704 2261/1/747
f 2259/1/22 2261/1/747 2260/1/704
f 2260/1/704 2258/1/22 2259/1/22
