# Blender 3.6.2
# www.blender.org
mtllib CarroSnoopy.mtl
g LowBody_Mesh
v -2.402095 0.762573 0.786478
v -2.427146 0.760151 0.785488
v -2.424319 0.758625 0.796055
v -2.400499 0.762172 0.794508
v -2.360312 0.777051 0.972964
v -2.301780 0.772680 0.988807
v -2.300133 0.807630 0.974643
v -2.367990 0.807041 0.949979
v 2.687811 1.031130 0.946136
v 2.776389 1.035831 0.952346
v 2.767011 0.988784 0.893830
v 2.681292 0.968185 0.881423
v 2.747988 0.765977 0.873098
v 2.736545 0.727217 0.886926
v 2.885758 0.729856 0.868528
v 2.881740 0.763398 0.855266
v 1.271882 0.961312 0.779535
v 1.309622 1.001166 0.743199
v 1.137454 1.113929 0.730694
v 1.098283 1.082042 0.770587
v -2.402014 0.611879 0.833983
v -2.398990 0.611929 0.872696
v -2.399803 0.622298 0.874868
v -2.402844 0.642064 0.832929
v 2.966596 1.039382 0.946895
v 2.966637 1.040516 0.939073
v 2.858383 1.038333 0.944809
v -2.438071 0.748668 0.788916
v -2.434554 0.745804 0.795857
v 2.221815 0.731913 0.937984
v 2.070304 0.648618 0.976728
v 2.159097 0.617557 0.963850
v 2.263485 0.684362 0.954010
v -2.405765 0.775513 0.625357
v -2.407027 0.795220 0.649369
v -2.415181 0.788906 0.516491
v -2.411431 0.764244 0.531097
v -1.731441 0.832625 1.014559
v -1.727752 0.803215 1.002878
v -1.568757 0.805969 1.006033
v -1.531541 0.836257 1.019350
v -2.088707 0.637166 1.018583
v -1.954826 0.662652 1.031022
v -2.074605 0.686603 1.018148
v -2.103789 0.661003 1.016855
v -0.599014 0.786315 1.014949
v -0.589280 0.812370 1.017513
v -0.692384 0.815773 1.018354
v -0.693449 0.788079 1.014809
v -0.963672 0.987566 0.569123
v -0.908264 0.977070 0.720090
v 2.729273 0.684144 0.910700
v 2.882993 0.677488 0.899731
v 1.134425 0.944916 0.906798
v 1.133006 0.957137 0.851471
v 0.828895 0.954050 0.882882
v 0.834704 0.938751 0.927559
v -0.845280 0.967464 0.828120
v -0.877939 0.972305 0.783704
v -0.902460 0.969902 0.795955
v -0.882796 0.962645 0.852827
v 2.756132 0.889445 0.810817
v 2.827107 0.861400 0.793696
v 2.805051 0.831013 0.772326
v 2.710091 0.876451 0.802353
v -0.612268 0.936260 0.949109
v -0.478037 0.941168 0.946668
v -0.480547 0.961707 0.912076
v -0.623959 0.958840 0.912297
v 1.283525 0.771656 0.994423
v 1.365213 0.770893 0.990750
v 1.317829 0.975493 1.014843
v 1.247949 0.970488 1.016465
v 2.719470 0.641261 0.918468
v 2.879838 0.638734 0.906273
v -0.707923 0.876796 1.004087
v -0.574395 0.883783 0.999690
v -0.610343 0.896943 0.988365
v -0.710602 0.895502 0.988452
v -0.788177 0.812482 1.017800
v -0.785448 0.788078 1.014795
v -2.415095 0.611964 0.702253
v -2.416218 0.621004 0.704663
v -2.417590 0.622034 0.673809
v -2.418262 0.611890 0.667614
v -2.396362 0.888681 0.567238
v -2.442479 0.874241 0.556584
v -2.427840 0.873841 0.680990
v -2.379669 0.890606 0.699659
v -2.417136 0.816613 0.794120
v -2.429650 0.820309 0.748786
v -2.400962 0.800319 0.745188
v -2.395213 0.798499 0.795247
v -0.869630 0.890694 0.991381
v -0.792273 0.891201 0.991353
v -0.801877 0.929289 0.953191
v -0.868126 0.945129 0.931273
v 1.242109 0.979264 1.003310
v 1.142297 0.974808 1.004957
v 1.144008 0.965792 1.017295
v 2.861816 1.010811 0.908637
v 2.867040 0.987383 0.885139
v 2.775209 0.956665 0.861358
v 3.080976 0.692981 0.632058
v 3.092453 0.704857 0.389294
v 3.045602 0.747458 0.392012
v 3.016615 0.739681 0.664566
v -2.434775 0.632689 0.741082
v -2.437363 0.621856 0.702379
v -2.425937 0.623809 0.717525
v -2.426962 0.631879 0.739631
v 2.218463 0.764395 0.926069
v -2.402374 0.816316 0.884900
v -2.419573 0.826253 0.889141
v -2.429829 0.828309 0.852626
v -2.409008 0.816030 0.845127
v -1.939180 0.804405 0.995444
v -1.981558 0.804278 0.993570
v -1.986477 0.774489 1.004594
v -1.893093 0.772476 1.009525
v 0.381811 0.923802 1.019602
v 0.421254 0.922348 1.020622
v 0.418888 0.933922 1.005929
v 0.380507 0.931008 1.007377
v -2.406964 0.826627 0.931701
v -2.377854 0.827673 0.967543
v -2.386812 0.838681 0.974020
v -2.417054 0.836033 0.936488
v 1.311007 0.941417 0.890161
v 1.292366 0.958271 0.827811
v 1.251993 0.958260 0.834434
v -2.452202 0.783816 0.508945
v -2.456957 0.811813 0.490342
v -2.489801 0.829076 0.464790
v -0.430255 1.379370 0.558109
v -0.453075 1.373046 0.560827
v -0.429516 1.352147 0.681485
v -0.410970 1.367473 0.684418
v -2.464026 0.850076 0.553094
v 1.312161 0.677709 1.013662
v 1.403237 0.677109 1.011474
v -2.445249 0.667424 0.617250
v -2.445232 0.704439 0.604943
v -2.430421 0.703049 0.604406
v -2.429111 0.664207 0.618643
v -2.442274 0.713820 0.791806
v -2.442304 0.724473 0.791388
v -2.446549 0.724434 0.787704
v -2.447075 0.713715 0.788306
v -1.866836 0.712339 1.030683
v -1.732946 0.728420 1.034616
v -1.731641 0.771334 1.014904
v -2.440844 0.655167 0.769093
v -2.427024 0.649901 0.764862
v -2.423614 0.667218 0.785037
v -2.438738 0.676505 0.786060
v -1.728633 0.929391 0.934807
v -1.727507 0.887216 0.996401
v -1.538994 0.886341 0.999139
v -1.522169 0.935370 0.932391
v -2.441060 0.691150 0.790198
v -2.447066 0.693146 0.785722
v -2.447258 0.678304 0.780652
v 1.070521 1.066531 0.788197
v 1.216740 0.960168 0.791112
v -2.414560 0.294063 0.787498
v -2.400283 0.295021 0.840410
v -2.419919 0.635674 0.643997
v -2.417768 0.612540 0.659015
v 2.960681 0.782328 0.761038
v 2.975752 0.770112 0.752474
v 2.898256 0.789322 0.735180
v 2.896683 0.802401 0.759131
v 3.048011 0.549005 0.850619
v 3.058400 0.521845 0.784633
v 3.070464 0.633126 0.800289
v 3.054023 0.625766 0.847648
v -0.638806 0.995117 0.900952
v -0.636336 0.992662 0.889809
v -0.543304 1.095437 0.853657
v -0.541842 1.102197 0.863644
v 3.064750 0.685922 0.795552
v 3.050518 0.677408 0.847658
v -0.038463 0.891028 0.994196
v -0.035839 0.889910 1.011889
v 0.382754 0.919355 0.961131
v -0.324900 0.868694 1.011757
v -0.460235 0.854817 1.022548
v -0.354722 0.851926 1.022924
v -0.322799 0.863181 1.019879
v -2.122625 0.751169 1.005643
v -2.438431 0.735630 0.793576
v -2.432324 0.733041 0.801390
v -2.430833 0.746659 0.805579
v -0.871219 0.956738 0.895991
v -1.094778 0.952092 0.894663
v -1.099187 0.941260 0.932701
v -0.413691 1.244789 0.801615
v -0.404026 1.236542 0.799207
v -0.369839 1.276999 0.783612
v -0.376336 1.287535 0.786763
v -0.373296 0.677984 1.033467
v -0.022306 0.682224 1.033767
v -0.038854 0.790132 1.014654
v -0.375337 0.787255 1.014863
v -1.590360 0.781094 1.012175
v -1.522376 0.782545 1.011352
v -1.522135 0.806254 1.006618
v -2.446555 0.627548 0.668043
v -2.446790 0.641943 0.641042
v -2.431405 0.639667 0.641342
v -2.428961 0.624972 0.671226
v -2.408923 0.767320 0.971512
v -2.412255 0.726284 0.986620
v -2.371242 0.725098 0.989138
v -2.369385 0.773602 0.970291
v 1.820691 0.692255 0.992379
v 1.807038 0.562298 0.995734
v 1.955746 0.535248 0.980960
v 2.981734 0.753846 0.836878
v 2.983926 0.774240 0.837855
v 2.909075 0.799079 0.862597
v -2.409337 0.742485 0.606046
v -2.427945 0.743615 0.608480
v -2.425879 0.776061 0.627038
v 1.159056 0.775657 0.998619
v 1.145185 0.670544 1.017913
v -2.331862 0.629229 0.988403
v -2.324973 0.656652 0.994006
v -2.358745 0.648571 0.987134
v -2.358679 0.624614 0.982603
v -2.362418 0.596791 0.978029
v -2.380662 0.587658 0.967361
v -0.714093 0.933060 0.950564
v -1.530767 0.948765 0.777751
v -1.530383 0.951375 0.714703
v -1.593825 0.949158 0.704267
v -1.664808 0.944864 0.767448
v 1.392779 0.962781 0.792505
v 1.361654 0.966577 0.753874
v -0.805102 0.962711 0.867631
v -0.777653 0.982440 0.856998
v -0.827277 0.985818 0.809726
v 1.184827 0.957540 0.845344
v 1.224618 0.943468 0.897688
v -2.373479 0.622491 0.975339
v -2.377058 0.651373 0.964764
v -2.384708 0.630025 0.942804
v 3.017598 0.747801 0.817908
v 3.013024 0.769048 0.817908
v -2.394327 0.611240 0.923158
v -2.395919 0.594422 0.915278
v -2.395123 0.593144 0.917951
v -2.393532 0.610599 0.928727
v -2.376868 0.890928 0.721873
v -2.422270 0.873322 0.726142
v -2.410849 0.875969 0.796363
v -2.362423 0.893184 0.802946
v -1.245511 0.569089 1.021674
v -1.089605 0.584600 1.023836
v -1.107814 0.684125 1.027256
v -1.402884 0.694667 1.027815
v 1.604617 0.992255 0.578844
v 1.705903 1.002708 0.432015
v 1.677819 1.022180 0.418161
v 1.582813 1.011595 0.565688
v 0.338510 0.783929 1.015019
v 0.430899 0.777808 1.015020
v -2.420666 0.525511 0.662330
v -2.416094 0.526718 0.699763
v 0.407556 0.968333 0.867948
v 0.407230 1.059910 0.840147
v 0.385974 1.059263 0.841172
v 0.385400 0.967731 0.868848
v -2.425296 0.798247 0.737703
v -2.429513 0.780157 0.763513
v -2.403002 0.779899 0.765342
v -0.716478 0.958107 0.908635
v -0.786944 0.956822 0.906597
v -2.397683 0.783706 0.794309
v 3.038676 1.040540 0.932122
v 3.025009 1.041104 0.933141
v 3.031515 1.042051 0.942582
v 3.039301 1.040822 0.940423
v -1.107780 0.888912 0.994449
v -1.107342 0.865178 1.012704
v -0.883915 0.865262 1.012096
v -2.413131 0.631616 0.740518
v -0.681502 1.000880 0.890550
v -0.706732 0.983500 0.893231
v -0.657891 0.973608 0.907897
v 2.788776 0.807322 0.682007
v 2.678791 0.827751 0.688206
v 2.690215 0.827831 0.748580
v 2.791553 0.811321 0.743269
v -2.432035 0.292401 0.578721
v -2.462039 0.298138 0.218664
v -1.383758 0.887274 0.997458
v -1.395690 0.938199 0.930365
v -2.393552 0.592333 0.919380
v -2.389447 0.609245 0.929935
v 1.441779 0.936952 0.883045
v 2.252094 0.335238 0.907446
v 2.383585 0.340362 0.900365
v 2.261115 0.500281 0.948544
v 2.185484 0.399208 0.932953
v 2.888307 0.783778 0.673226
v -0.506652 0.783419 1.015209
v -0.476863 0.688350 1.032842
v 2.212861 0.884311 0.811251
v 2.184530 1.019565 0.973579
v 1.192047 0.561911 1.008708
v 1.318181 0.575780 1.009581
v -2.404861 0.560833 0.830369
v -2.401030 0.562374 0.872484
v -2.401357 0.569694 0.869819
v -2.405276 0.566395 0.830060
v -2.312855 0.841521 0.990412
v -2.311162 0.857984 0.976337
v -2.375043 0.854349 0.962019
v -2.444996 0.762032 0.525818
v -1.381513 0.860717 1.016192
v -1.380564 0.846413 1.023419
v -1.105517 0.849366 1.023333
v 1.449449 0.973235 0.721916
v 1.429229 0.992114 0.711272
v 1.348017 0.987336 0.748107
v -2.441067 0.740152 0.789619
v -1.535272 0.844691 1.022901
v -1.730103 0.849533 1.020759
v -2.413652 0.686642 0.982989
v -2.369923 0.686840 0.989509
v -2.443037 0.731246 0.789957
v -2.446468 0.737189 0.785361
v -2.465083 0.821606 0.514300
v -2.479373 0.830262 0.508548
v -0.038212 0.879653 1.020543
v -1.379438 0.836620 1.020649
v -2.371525 0.648824 0.982303
v 0.937274 1.257109 0.670457
v 0.863314 1.281523 0.683280
v 0.903457 1.225818 0.755816
v 0.991708 1.219611 0.709659
v -0.277192 1.274384 0.785624
v -0.271675 1.287612 0.786364
v -2.386726 0.801661 0.857871
v -2.388660 0.808069 0.884641
v -2.445086 0.742390 0.608736
v -2.445580 0.777345 0.629195
v -0.417636 1.333716 0.735677
v -0.396183 1.347475 0.741897
v 0.407930 1.268943 0.777611
v 0.385560 1.269968 0.777980
v 0.406237 0.959352 0.873563
v 0.384975 0.961398 0.878302
v 0.388217 0.959337 0.892391
v 0.410242 0.956485 0.887968
v 2.739233 0.944404 0.852631
v 2.712001 0.921757 0.833529
v 2.662421 0.926102 0.841360
v -2.352598 0.686624 0.993408
v -2.296742 0.680587 1.000178
v -2.294492 0.723090 1.000631
v -2.352432 0.724803 0.994301
v -2.411779 0.703369 0.603979
v -2.413047 0.661279 0.618414
v 1.130887 0.959490 0.814212
v 0.829461 0.958590 0.849110
v -0.319603 0.964110 0.908803
v -0.335912 0.942109 0.946727
v -0.044622 0.942705 0.939712
v -0.040522 0.963624 0.901485
v -0.613704 0.371994 1.011813
v -0.486229 0.373028 1.009036
v -0.570619 0.602567 1.041898
v -0.688106 0.605704 1.042838
v 0.506434 1.332285 0.742687
v 0.487875 1.301072 0.786227
v 0.625506 1.287731 0.788897
v 0.639956 1.314057 0.749075
v -0.458855 0.808321 1.016575
v -0.531390 0.810452 1.017061
v -2.447479 0.658908 0.769099
v -2.447491 0.634395 0.741063
v -2.175108 0.914619 0.605863
v -2.175694 0.913572 0.732831
v -1.119709 0.426842 1.014541
v -1.011551 0.472812 1.019690
v -2.423475 0.523086 0.624956
v 1.723874 0.955714 0.706647
v 1.779817 0.969775 0.613682
v 1.646082 0.986775 0.599819
v 1.522908 0.973955 0.717101
v -2.129661 0.843681 1.006863
v -2.128077 0.860062 0.995561
v -0.649535 0.977400 0.895228
v 0.410038 1.276954 0.780827
v 0.411639 1.279621 0.791011
v 0.392698 1.280970 0.791147
v 0.391296 1.278121 0.780709
v -2.429210 0.835865 0.890791
v -2.435241 0.835433 0.853417
v -2.382238 0.806165 0.918146
v -2.417930 0.804566 0.918586
v -2.415788 0.792185 0.945937
v -2.371300 0.798187 0.942036
v -2.412657 0.632808 0.642943
v -2.412829 0.609400 0.658273
v 2.987518 0.720077 0.860887
v -1.535733 0.858070 1.017931
v -2.123837 0.830957 0.998856
v -1.984841 0.834387 1.008916
v -1.986559 0.844918 1.014740
v 2.979204 1.033200 0.922768
v 2.916048 1.015793 0.909315
v 1.719167 0.938529 0.772939
v -1.433955 0.951059 0.790578
v -1.462981 0.953240 0.733590
v -2.423247 0.624045 0.872590
v -2.421124 0.642487 0.834329
v -2.420537 0.669108 0.799581
v -2.429921 0.678877 0.801677
v -0.356259 0.981099 0.890242
v -0.480680 0.976598 0.890879
v -0.481101 0.962477 0.902775
v -0.349458 0.965268 0.901794
v -2.402569 0.543885 0.871993
v -2.396710 0.548611 0.910445
v 2.539502 0.849200 0.770424
v -2.417330 0.586422 0.674694
v -2.418774 0.587819 0.677290
v -2.418794 0.605140 0.666560
v -2.417689 0.604523 0.663481
v 2.966805 1.015348 0.946368
v 3.033023 1.039207 0.946614
v 3.026116 1.039682 0.948628
v 2.968600 1.035394 0.951166
v 2.965469 0.759892 0.669882
v 3.001755 0.762278 0.771781
v 3.017359 0.754839 0.783498
v 3.052268 0.713875 0.747697
v -2.328581 0.891254 0.917787
v -2.136168 0.910267 0.926057
v -2.152347 0.914333 0.852384
v -2.353887 0.894516 0.850848
v -0.350439 0.964164 0.909611
v -2.432291 0.801092 0.499232
v -2.454044 0.819068 0.551673
v 2.990395 0.773526 0.773749
v 2.987532 0.683382 0.886136
v -2.404115 0.537194 0.833281
v -1.102932 0.957864 0.837137
v -1.403930 0.945880 0.887079
v -0.440949 1.211617 0.813172
v -0.440389 1.218038 0.822990
v -2.397472 0.878502 0.854250
v -2.381700 0.877486 0.896602
v -0.798378 0.606045 1.042298
v -0.885696 0.688748 1.031679
v 2.325781 0.592928 0.965651
v 2.317631 0.641989 0.954442
v 2.190107 0.562197 0.957179
v 2.982386 0.637911 0.896091
v -2.473957 0.831437 0.549566
v -2.458787 0.832557 0.668790
v -2.449244 0.850621 0.671377
v 0.436400 1.338792 0.741380
v 0.413038 1.305415 0.782387
v -2.411538 0.645104 0.759794
v -2.407514 0.666039 0.784327
v -2.446530 0.795790 0.738793
v -2.446804 0.778546 0.761833
v -2.440519 0.780214 0.762781
v -2.437737 0.797620 0.738435
v -2.428599 0.621776 0.689809
v 2.200967 0.894421 0.717015
v 1.880822 0.931777 0.729271
v 1.834771 0.912803 0.847870
v 2.785845 0.854539 0.899161
v 2.753645 0.886962 0.914999
v 2.670882 0.853904 0.912306
v 3.071318 0.687966 0.730329
v 3.077597 0.635964 0.735681
v 3.089078 0.641640 0.638115
v -2.418820 0.552477 0.633803
v -2.422236 0.549997 0.583514
v -2.427688 0.520094 0.580998
v -0.887176 0.809107 1.016982
v -0.896538 0.787629 1.014566
v -2.433013 0.692696 0.800168
v -2.432764 0.715282 0.799633
v -0.432228 1.203846 0.810597
v -2.306298 0.829269 0.983993
v 1.048411 1.041749 0.800379
v 1.151064 0.959445 0.801997
v -0.537557 0.852809 1.023079
v -2.442873 0.834850 0.793571
v -2.451334 0.834172 0.722253
v -2.444406 0.826667 0.722500
v -2.437056 0.827668 0.793771
v -1.983267 0.884826 0.986085
v -1.986246 0.859565 1.006041
v -1.730195 0.860594 1.014476
v -2.441972 0.850379 0.723994
v -2.432073 0.852295 0.795683
v 1.316893 0.982078 0.999548
v 2.906020 0.821168 0.775320
v -2.120609 0.810136 0.986338
v -0.414675 1.306456 0.763515
v -0.381816 1.313638 0.778439
v -0.643219 0.935144 0.949686
v -0.672855 0.957574 0.913147
v 2.050772 0.484537 0.964956
v 3.076761 0.522077 0.625084
v 3.092276 0.522068 0.391450
v 3.107334 0.639838 0.394568
v 2.878594 0.583707 0.917720
v 2.979727 0.579233 0.906018
v 3.068183 0.519659 0.717025
v -1.994454 0.919592 0.928407
v -2.009309 0.924817 0.859728
v -2.445934 0.622180 0.684381
v -2.395784 0.611448 0.903078
v -2.397468 0.620374 0.897980
v -0.618966 0.985981 0.886640
v -0.531959 1.087965 0.851032
v 0.489492 1.275365 0.792651
v -2.403721 0.612091 0.815017
v -2.403980 0.662635 0.810035
v -2.404891 0.666187 0.800052
v -2.412795 0.856926 0.889217
v -2.400351 0.857696 0.924802
v -2.373314 0.876940 0.919116
v 2.864352 1.032336 0.954796
v 2.785932 1.029832 0.958138
v 2.819075 0.954697 0.935517
v 2.878479 0.980415 0.940595
v -0.793119 0.872448 1.006850
v 0.825224 0.947741 1.018694
v 0.835641 0.771867 1.006495
v -0.418439 1.282995 0.778496
v -0.441047 1.253632 0.792031
v -0.414165 1.250690 0.811867
v -0.378613 1.295760 0.795325
v 2.192490 1.015723 0.984362
v 2.684648 1.026871 0.962706
v -2.389641 0.815424 0.923238
v -1.107365 0.783914 1.012426
v -0.328528 1.084457 0.853407
v -0.323311 0.971227 0.892194
v -0.297012 1.082467 0.853916
v -2.123299 0.885486 0.972273
v 0.825054 0.958009 1.003075
v 1.921017 0.949602 0.628391
v -2.420758 0.665270 0.810069
v -0.246382 1.287220 0.786303
v -0.248196 1.291733 0.796166
v -0.271415 1.293027 0.796346
v 3.037922 0.711808 0.830884
v 3.050577 0.711765 0.791175
v 3.025092 0.749877 0.794685
v -2.392628 0.632228 0.941617
v -2.398066 0.571702 0.896819
v -2.417274 0.554767 0.674359
v -2.415054 0.554211 0.713362
v 1.454250 0.986984 0.994155
v 1.831712 1.003004 0.984459
v 3.078177 0.450074 0.136676
v 3.077274 0.449531 -0.016871
v 3.073028 0.519999 -0.016857
v 3.079267 0.521724 0.138432
v -2.319171 0.875310 0.955046
v -0.458419 1.394606 0.326874
v -0.476096 1.384594 0.331075
v -2.029741 0.928848 0.632241
v -1.605834 0.733207 1.031182
v -1.524561 0.724974 1.030981
v -2.412985 0.602789 0.662106
v 1.392864 0.575759 1.003583
v -0.664607 0.959720 0.900955
v -1.104921 0.804462 1.012739
v -1.371936 0.805662 1.008533
v -1.373935 0.786745 1.009731
v -0.629152 0.974028 0.890751
v -0.628082 0.960155 0.903392
v -2.412949 0.697673 0.584177
v -2.412266 0.730201 0.562059
v -0.952168 0.360299 1.010772
v -0.755956 0.444360 1.022759
v -2.421113 0.807217 0.885635
v -2.430585 0.805493 0.885616
v -2.430664 0.802299 0.914987
v 0.756966 1.260677 0.789665
v 0.778927 1.277537 0.756943
v 3.094269 0.519503 0.159376
v 3.074013 0.626226 0.150931
v 3.123963 0.635328 0.162285
v -0.887979 0.840576 1.024378
v -0.789908 0.845845 1.024628
v -0.792610 0.858413 1.017756
v -0.888001 0.851688 1.022308
v -2.395855 0.623868 0.919235
v -2.446704 0.795685 0.654166
v -2.429534 0.795264 0.650185
v -2.422344 0.759144 0.805553
v -2.396222 0.780894 0.820913
v -2.417966 0.778218 0.824664
v -2.420847 0.800862 0.858373
v 2.751546 0.904977 0.921580
v 2.669959 0.948962 0.943138
v -2.414785 0.571406 0.685090
v -2.414579 0.562365 0.706879
v 0.907601 1.287881 0.577943
v 0.895254 1.314381 0.407445
v 0.814849 1.341851 0.427275
v 0.839703 1.310629 0.595593
v -2.428485 0.806285 0.575447
v -2.282879 0.629432 0.995570
v -2.267665 0.603179 0.994415
v -1.956990 0.610747 1.039579
v -2.410663 0.612751 0.747673
v -2.322365 0.600880 0.985601
v -2.398721 0.576978 0.893654
v -2.399839 0.762948 0.804925
v 0.827674 0.495137 1.005253
v 1.073053 0.446121 0.988249
v 1.108985 0.508352 1.000821
v 0.873943 0.656462 1.022985
v -1.107701 0.962534 0.784479
v 0.414131 0.943955 0.920012
v 0.379430 0.944753 0.920236
v 2.721966 0.590870 0.928052
v 2.968163 0.794518 0.776662
v 3.001905 0.777045 0.788523
v -2.415704 0.629262 0.615815
v -2.417186 0.605385 0.622669
v -2.415353 0.573667 0.631621
v 0.623309 1.262325 0.794788
v -2.392192 0.571809 0.953525
v -2.395963 0.557451 0.934810
v -0.694267 0.694380 1.032056
v -0.041537 0.962409 0.893664
v -2.446435 0.747656 0.782259
v -0.701844 0.851879 1.022987
v -0.598963 0.851694 1.023370
v -0.603599 0.865477 1.013672
v -0.705661 0.864517 1.013689
v 1.146030 0.959008 0.791745
v 1.130137 0.958994 0.795641
v 1.955634 0.995691 0.123042
v 1.950927 0.993851 -0.013138
v 1.822914 1.000991 -0.012714
v 1.816875 1.003715 0.127485
v -0.853425 0.988419 0.770456
v -0.883778 0.992659 0.710419
v -2.407345 0.612617 0.777716
v 2.205046 0.852302 0.947241
v -2.430438 0.775423 0.824172
v 1.733353 1.000641 0.437210
v 1.850782 0.986287 0.463328
v 3.116940 0.637843 -0.017002
v 3.102385 0.703480 -0.016954
v 3.098831 0.704274 0.162786
v -2.416786 0.566160 0.706735
v -2.416982 0.568044 0.707454
v -2.418376 0.575728 0.688562
v -2.417252 0.573869 0.685764
v 2.106516 0.454412 0.953670
v 0.780015 0.309078 0.957723
v 1.034113 0.305893 0.948256
v -2.018226 0.927142 0.739959
v 2.712097 0.477526 0.911402
v -2.411795 0.530039 0.747209
v -2.447331 0.623030 0.704973
v -0.320929 0.965003 0.901039
v -1.109016 0.837399 1.022568
v 2.702541 0.339794 0.880957
v -2.447364 0.824382 0.669610
v 3.028918 1.037070 0.925223
v 3.012154 1.037886 0.926181
v 0.419415 0.921120 0.959604
v -0.573554 1.112180 0.847439
v 0.897217 1.326653 0.140318
v 0.815640 1.356157 0.140272
v 2.201668 0.933162 0.967857
v -2.355028 0.870016 0.950288
v -0.588678 0.692081 1.023941
v -2.422987 0.853905 0.852618
v 0.394579 1.306390 0.782587
v 0.877715 1.207467 0.793008
v -0.269573 1.312397 0.785740
v -1.526869 0.942108 0.897628
v -1.723627 0.937580 0.882379
v -1.048189 0.345682 1.006701
v 0.828004 0.959123 0.835309
v -0.465042 1.399213 -0.005132
v -0.485902 1.387527 -0.005062
v 1.457623 0.980716 1.011795
v -2.430725 0.798975 0.858463
v 1.843341 0.997390 0.998693
v 0.746370 1.238400 0.796846
v 0.863869 1.182142 0.798421
v -2.438003 0.507764 0.451330
v -2.465615 0.502494 0.001498
v -2.466187 0.478216 0.001500
v -2.455371 0.486227 0.180053
v -2.460372 0.510547 0.182115
v -1.025030 1.005059 0.296520
v -2.413445 0.654667 0.604640
v 2.773918 0.925853 0.927363
v -0.466270 1.225398 0.803377
v -2.442842 0.732874 0.546647
v -2.412597 0.555930 0.743090
v -1.924151 0.648040 1.044785
v -0.247761 1.279868 0.783441
v 0.365543 1.342324 0.742262
v 3.016119 0.769418 0.800390
v -2.436873 0.532334 0.452571
v -2.415073 0.653516 0.964161
v -2.417510 0.637184 0.944957
v -2.385345 0.651447 0.964444
v 0.246809 1.281885 0.779180
v 0.247059 1.274539 0.776105
v 2.814140 0.472211 0.903354
v 0.897803 1.326953 -0.009648
v 0.814399 1.357194 -0.009372
v -2.354413 0.297355 0.865676
v -2.275332 0.297178 0.865592
v -2.422515 0.622041 0.900716
v -2.418905 0.626392 0.922441
v -2.430220 0.765002 0.969609
v -2.429302 0.726147 0.984761
v -2.429142 0.685834 0.980828
v -2.430232 0.789602 0.945994
v -2.429817 0.624602 0.873377
v -2.430321 0.642723 0.835656
v -2.429514 0.638448 0.945071
v -2.429770 0.627292 0.922303
v -2.429971 0.664706 0.814701
v -2.428969 0.653732 0.962588
v -2.430583 0.679439 0.806121
v -2.429581 0.622664 0.900454
v -2.431135 0.731365 0.806771
v -2.431075 0.744278 0.811029
v -2.430276 0.694376 0.810790
v -2.430030 0.714380 0.808467
v -2.430032 0.799092 0.885200
v -2.429700 0.796966 0.912834
v -2.430779 0.770755 0.828189
v -2.430360 0.793054 0.859758
v -2.429635 0.761401 0.963856
v -2.429702 0.724965 0.977551
v -2.429854 0.687460 0.973727
v -2.429590 0.784133 0.941464
v -2.429530 0.632131 0.875082
v -2.430024 0.649144 0.839460
v -2.430163 0.643524 0.940393
v -2.430191 0.633677 0.919932
v -2.430042 0.668359 0.822330
v -2.429935 0.657873 0.956520
v -2.429393 0.681877 0.815384
v -2.429266 0.630577 0.901047
v -2.402437 0.806731 0.710687
v -2.421065 0.806716 0.710458
v -2.436162 0.806519 0.710725
v -2.446587 0.804984 0.710859
v -2.402535 0.805876 0.678868
v -2.421138 0.805771 0.678439
v -2.436235 0.805665 0.678682
v -2.446383 0.804620 0.678973
v -2.412765 0.807823 0.714839
v -2.409808 0.802736 0.678755
v -2.424983 0.809802 0.641499
v -2.434512 0.694755 0.574251
v -2.430517 0.629137 0.610670
v -2.429870 0.607379 0.614595
v -2.429788 0.653958 0.598822
v -2.413841 0.584367 0.673644
v -2.414417 0.583503 0.638960
v -2.413825 0.594154 0.633181
v -2.416432 0.567841 0.612467
v -2.414474 0.586525 0.623046
v -2.430795 0.557952 0.579314
v -2.445216 0.539571 0.448399
v -2.427375 0.573798 0.604758
v -2.427936 0.590755 0.613493
v -2.488303 0.823029 0.400225
v -2.505741 0.837837 0.001631
v -2.497979 0.834827 0.271337
v -1.850977 0.687856 1.049417
v -1.732327 0.702496 1.049539
v -1.413959 0.660198 1.048077
v -1.267798 0.547415 1.040391
v -1.146613 0.410292 1.026810
v -1.607732 0.698247 1.049172
v -1.526255 0.692120 1.048957
v -1.082764 0.331870 1.016087
v -1.967873 0.589821 1.046138
v -1.976560 0.571664 1.044035
v -1.984818 0.555992 1.039121
v -2.004325 0.498592 1.014493
v -2.021041 0.434993 0.965688
v -2.108237 0.296725 0.863950
v -2.047920 0.296841 0.862246
v -0.246785 1.313278 0.784304
v 0.046050 1.285601 0.781810
v 0.047436 1.288737 0.791984
v 0.045941 1.277889 0.779008
v 0.048929 1.313339 0.783516
v 0.247067 1.285889 0.789667
v 0.249346 1.312172 0.777369
v -2.413689 0.564312 0.742906
v -2.482099 0.822249 0.399949
v -2.493266 0.834095 0.271242
v 2.305886 0.272676 0.876964
v 2.421456 0.277908 0.872339
v 2.709579 0.296725 0.863539
v 1.776305 0.527512 1.019320
v 1.899207 0.499746 1.009820
v 2.132382 0.343538 0.931413
v 2.197706 0.293683 0.899350
v 1.240983 0.505491 1.018111
v 1.324477 0.531847 1.025903
v 1.997426 0.443388 0.985949
v 1.394454 0.536716 1.026494
v 1.157789 0.412748 0.990401
v 1.192253 0.467512 1.005461
v 2.059850 0.401113 0.963915
v 1.124221 0.297507 0.957067
v 2.238172 0.266434 0.874103
v -0.973469 0.245474 0.987433
v -0.903265 0.246252 0.989037
v -0.609297 0.247705 0.985794
v -1.013168 0.244861 0.987457
v -0.330900 0.594776 1.037685
v 0.001218 0.596516 1.039450
v -0.434386 0.606120 1.043437
v -0.255519 0.361083 1.001056
v 0.075813 0.360342 0.992555
v -0.358989 0.372382 1.005887
v 0.438369 0.674449 1.033922
v 0.334720 0.670722 1.034487
v 0.463518 0.538453 1.022743
v 0.322769 0.551137 1.026693
v 0.480133 0.346700 0.978836
v 0.313929 0.361166 0.986795
v 1.457774 0.903205 1.003722
v 1.842636 0.920697 0.988262
v 1.521422 0.837668 0.990894
v 1.841275 0.853807 0.975584
v 1.481911 0.768627 0.984815
v 1.838700 0.767469 0.960682
v 1.488726 0.731862 0.999981
v 1.838527 0.734677 0.974616
v 2.925174 1.006513 0.899707
v 2.539315 0.849160 0.715918
v 2.805205 0.823222 0.532396
v 2.680325 0.842441 0.589037
v 2.905294 0.798709 0.495958
v 2.980871 0.775098 0.458207
v 2.203921 0.913630 0.618931
v 2.540871 0.862526 0.616724
v 1.969986 0.973018 0.457795
v 2.793495 0.836760 0.426093
v 2.683295 0.860894 0.434164
v 2.894057 0.809465 0.415647
v 2.970316 0.782993 0.411117
v 2.208640 0.938532 0.465874
v 2.544003 0.884254 0.462921
v 3.049827 0.754409 0.170860
v 2.050614 0.987762 0.130140
v 2.835981 0.842809 0.170427
v 2.722392 0.874229 0.151849
v 2.922727 0.814496 0.181270
v 2.988658 0.789449 0.175283
v 2.275265 0.960627 0.127672
v 2.585506 0.906053 0.140815
v 3.055375 0.757738 -0.016798
v 2.046893 0.987025 -0.013456
v 2.836801 0.848413 -0.016074
v 2.720734 0.880121 -0.015689
v 2.918686 0.818343 -0.016345
v 2.998428 0.788044 -0.016609
v 2.266028 0.964409 -0.014182
v 2.579487 0.912311 -0.015221
v -0.274123 1.350870 0.748509
v -0.230873 1.350289 0.750114
v 0.050043 1.350093 0.744516
v 0.247150 1.347537 0.741445
v 0.642719 1.341882 0.681133
v 0.507098 1.360062 0.680331
v 0.434489 1.365900 0.683637
v 0.776478 1.309118 0.687650
v 0.355327 1.371101 0.683003
v -0.292064 1.379413 0.686687
v -0.220929 1.380626 0.689042
v 0.048463 1.379838 0.682176
v 0.242081 1.375476 0.683360
v 0.641734 1.363498 0.581996
v 0.506298 1.380921 0.581044
v 0.433806 1.386330 0.584248
v 0.775541 1.332012 0.588793
v 0.354719 1.390788 0.583481
v -0.291587 1.394967 0.586814
v -0.221128 1.396840 0.589166
v 0.048071 1.397128 0.582372
v 0.241589 1.394285 0.583706
v 0.642534 1.384476 0.422731
v 0.506409 1.400566 0.421724
v 0.433657 1.405372 0.424895
v 0.776955 1.353323 0.429519
v 0.354435 1.408712 0.424126
v -0.303499 1.407861 0.379133
v -0.220983 1.411402 0.392065
v 0.049519 1.413236 0.406609
v 0.241166 1.411227 0.424386
v 0.639660 1.396491 0.133272
v 0.504170 1.411306 0.132494
v 0.432535 1.415511 0.135757
v 0.774209 1.368944 0.140021
v 0.366685 1.417418 0.152133
v -0.305100 1.410048 0.254652
v -0.220497 1.414921 0.235706
v 0.041663 1.420188 0.197610
v 0.240050 1.419227 0.163065
v 0.639553 1.397001 -0.008792
v 0.507238 1.411585 -0.008354
v 0.439927 1.415744 -0.008131
v 0.770916 1.370569 -0.009228
v 0.371158 1.418112 -0.007903
v -0.301134 1.412894 -0.005675
v -0.223735 1.417201 -0.005932
v 0.037756 1.421851 -0.006798
v 0.246949 1.420117 -0.007491
v 1.791840 1.002596 -0.012611
v 1.791919 1.004892 0.130380
v 1.755043 1.022751 -0.012489
v 1.751117 1.023799 0.140108
v 1.051092 1.036108 0.789313
v 0.489246 1.272344 0.781930
v 0.623284 1.260868 0.783522
v 0.747204 1.236718 0.785234
v 0.864996 1.178604 0.787172
v 1.038866 1.032385 0.786425
v 1.116854 0.966008 0.787671
v 0.488749 1.263475 0.778977
v 0.622989 1.250724 0.780634
v 0.742914 1.227441 0.781846
v 0.859596 1.170502 0.783729
v 1.111616 0.964711 0.788660
v 0.826881 0.964352 0.828439
v -0.487115 0.247283 0.982092
v 0.782498 0.246369 0.947543
v 1.026158 0.246706 0.940616
v 1.107529 0.250652 0.935073
v -0.246264 0.248223 0.976626
v 0.074783 0.247397 0.967303
v -0.354221 0.247515 0.978811
v 0.483169 0.245402 0.954235
v 0.315460 0.245215 0.958454
v -0.973545 0.232139 0.954747
v -0.903409 0.235704 0.955752
v -0.609409 0.235814 0.952800
v -1.013088 0.230076 0.954476
v -0.487223 0.235793 0.948997
v 0.782400 0.232555 0.914893
v 1.025979 0.235774 0.907350
v 1.104229 0.238821 0.904069
v -0.246377 0.235847 0.943691
v 0.074689 0.235812 0.934181
v -0.354345 0.235809 0.945752
v 0.483038 0.235748 0.920670
v 0.315357 0.235743 0.924851
v -0.974762 0.235699 0.598516
v -0.904598 0.235690 0.600129
v -0.610573 0.235690 0.596887
v -1.012749 0.236882 0.595724
v -0.488381 0.235690 0.593170
v 0.781220 0.235690 0.558543
v 1.024833 0.235690 0.551628
v 1.105783 0.240544 0.545965
v -0.247541 0.235690 0.587663
v 0.073536 0.235690 0.578326
v -0.355507 0.235690 0.589879
v 0.481888 0.235690 0.565231
v 0.314215 0.235690 0.569453
v -0.977207 0.235699 -0.003435
v -0.906599 0.235690 -0.003669
v -0.611976 0.235690 -0.004645
v -1.011966 0.236039 -0.003320
v -0.493616 0.235690 -0.005037
v 0.780499 0.240016 -0.009259
v 1.022666 0.235716 -0.010062
v 1.104043 0.235504 -0.010332
v -0.250836 0.235690 -0.005842
v 0.070445 0.234998 -0.006906
v -0.358420 0.235690 -0.005485
v 0.482104 0.239854 -0.008271
v 0.311556 0.234035 -0.007705
v -1.528974 0.255771 0.598664
v -1.530938 0.256194 -0.001600
v -2.046234 0.285350 0.278714
v -2.043749 0.283013 0.600809
v -2.354923 0.287617 0.602222
v -2.381854 0.287510 0.196668
v -2.349992 0.287605 0.778348
v 2.923793 0.315294 0.789238
v 2.903065 0.314175 0.838272
v 2.877966 0.310663 0.851894
v 2.732940 0.297905 0.543145
v 2.242689 0.265739 0.543430
v 2.331520 0.271357 0.544469
v 2.228147 0.264583 -0.014057
v 2.237749 0.265190 -0.014089
v 2.421639 0.277045 0.544170
v 2.247494 0.265806 -0.014121
v 2.732935 0.297904 0.543147
v -0.937325 1.003953 0.570001
v -0.994027 1.020935 0.296437
v -1.009978 1.027629 -0.003326
v -1.038801 1.015469 -0.003231
v -2.392843 0.730670 0.819402
v -2.392430 0.742159 0.823043
v -2.393805 0.697651 0.819142
v -2.392832 0.716070 0.817611
v -2.392143 0.789663 0.888724
v -2.392372 0.787490 0.912798
v -2.391897 0.765610 0.838176
v -2.392139 0.784852 0.866329
v -2.392622 0.756043 0.956332
v -2.392362 0.724703 0.968036
v -2.392143 0.692444 0.965126
v -2.392316 0.775722 0.937310
v -2.391349 0.641343 0.878515
v -2.390868 0.656798 0.846230
v -2.391742 0.653690 0.937023
v -2.391659 0.644134 0.918697
v -2.391501 0.675458 0.829417
v -2.391683 0.666516 0.950736
v -2.392462 0.686865 0.823088
v -2.391312 0.640220 0.900832
v -2.367954 0.723949 0.842935
v -2.367804 0.731323 0.845147
v -2.368575 0.702421 0.842408
v -2.368046 0.714479 0.841946
v -2.366547 0.762950 0.887520
v -2.366259 0.761620 0.903401
v -2.367291 0.746612 0.854765
v -2.366821 0.759460 0.872927
v -2.366128 0.741302 0.932817
v -2.366160 0.720332 0.940852
v -2.366246 0.698655 0.938688
v -2.366217 0.754368 0.919927
v -2.367161 0.666158 0.881037
v -2.367207 0.676301 0.860138
v -2.366609 0.673342 0.919393
v -2.366739 0.667365 0.907176
v -2.368005 0.688266 0.849342
v -2.366396 0.681539 0.928748
v -2.368253 0.695463 0.845197
v -2.366992 0.665153 0.895461
v -2.359926 0.711413 0.892099
v -2.446556 0.670904 0.623782
v -2.446328 0.704838 0.612606
v -2.445531 0.724667 0.780963
v -2.445295 0.714282 0.781503
v -2.445812 0.694792 0.779394
v -2.445959 0.681069 0.775033
v -2.445565 0.633864 0.672260
v -2.446021 0.647281 0.645438
v -2.445766 0.735186 0.779199
v -2.446306 0.740347 0.616154
v -2.447000 0.773635 0.633877
v -2.445834 0.663206 0.764496
v -2.445735 0.640454 0.737815
v -2.446319 0.790034 0.736833
v -2.446179 0.773964 0.758127
v -2.446307 0.630300 0.685136
v -2.446819 0.791009 0.657514
v -2.445589 0.747050 0.775191
v -2.446251 0.629935 0.704743
v -2.446435 0.798846 0.710881
v -2.446629 0.798695 0.681103
v -2.424206 0.674823 0.626501
v -2.424268 0.706386 0.616525
v -2.423085 0.723325 0.776890
v -2.423164 0.713877 0.777451
v -2.423172 0.695785 0.775137
v -2.423263 0.682634 0.770829
v -2.423005 0.638247 0.671886
v -2.423688 0.650909 0.647343
v -2.423033 0.734565 0.774865
v -2.424201 0.739395 0.620080
v -2.423939 0.769417 0.637720
v -2.423374 0.665388 0.760780
v -2.423562 0.644005 0.735851
v -2.422791 0.785976 0.733736
v -2.422879 0.771054 0.754212
v -2.422806 0.634890 0.686077
v -2.423975 0.786012 0.659324
v -2.422818 0.743677 0.771831
v -2.423762 0.634302 0.704025
v -2.423057 0.794099 0.709209
v -2.423356 0.793525 0.681241
v -2.388127 0.685601 0.644989
v -2.388147 0.708638 0.637588
v -2.387499 0.720867 0.753425
v -2.387500 0.714126 0.753794
v -2.387491 0.701230 0.752174
v -2.387514 0.691864 0.749055
v -2.387403 0.659307 0.678207
v -2.387846 0.668356 0.660362
v -2.387475 0.728878 0.751977
v -2.388713 0.732594 0.640775
v -2.388761 0.753994 0.653883
v -2.387543 0.679610 0.741852
v -2.387786 0.664326 0.724145
v -2.387588 0.765389 0.722562
v -2.387433 0.754788 0.737126
v -2.387330 0.657087 0.688602
v -2.388439 0.765667 0.669534
v -2.387459 0.735386 0.749793
v -2.388338 0.657511 0.701450
v -2.387783 0.771212 0.705136
v -2.388121 0.770950 0.685214
v -2.377188 0.703078 0.668515
v -2.377461 0.714567 0.664806
v -2.376460 0.720677 0.722655
v -2.376513 0.717311 0.722784
v -2.376368 0.710889 0.721967
v -2.376329 0.706234 0.720370
v -2.376783 0.690024 0.685114
v -2.376842 0.694488 0.676191
v -2.376580 0.724671 0.721938
v -2.377501 0.726623 0.666125
v -2.377477 0.737496 0.672658
v -2.376335 0.700181 0.716741
v -2.376420 0.692562 0.707960
v -2.377029 0.743029 0.707299
v -2.376867 0.737634 0.714526
v -2.376570 0.688898 0.690280
v -2.377568 0.743207 0.680669
v -2.376763 0.727948 0.720878
v -2.376600 0.689018 0.696719
v -2.377274 0.745954 0.698552
v -2.377302 0.745928 0.688530
v -2.376044 0.717145 0.698289
v -2.399409 0.610268 0.833104
v -2.396442 0.610100 0.872430
v -2.417020 0.610713 0.670332
v -2.413251 0.610377 0.702754
v -2.393070 0.609321 0.919877
v -2.395231 0.594731 0.913011
v -2.399974 0.572286 0.869466
v -2.403584 0.568246 0.830866
v -2.417437 0.589479 0.679532
v -2.418250 0.604709 0.669774
v -2.393308 0.610072 0.903328
v -2.408877 0.610686 0.746960
v -2.396885 0.578523 0.891952
v -2.405192 0.610526 0.778145
v -2.416557 0.569955 0.708564
v -2.417273 0.577578 0.690209
v -2.401285 0.610395 0.815129
v -2.413394 0.567037 0.743441
v -2.387247 0.606932 0.831280
v -2.383432 0.606421 0.865535
v -2.402472 0.607192 0.681567
v -2.400147 0.606857 0.704121
v -2.377857 0.605472 0.908158
v -2.383902 0.592747 0.903605
v -2.387059 0.576803 0.864369
v -2.391181 0.573044 0.830027
v -2.400359 0.590658 0.688452
v -2.400727 0.603605 0.680644
v -2.380364 0.606435 0.895423
v -2.396486 0.607274 0.747072
v -2.384627 0.582340 0.887127
v -2.393510 0.607380 0.777072
v -2.401492 0.576396 0.709990
v -2.402927 0.582268 0.694783
v -2.389068 0.607053 0.813397
v -2.398630 0.573398 0.744389
v -0.040915 0.969700 0.882838
v 2.788957 0.893093 0.814734
v 2.830261 0.870200 0.799996
v 2.876047 0.974271 0.875751
v 2.878711 0.971342 0.875151
v 2.790767 0.938024 0.850572
v 2.787010 0.940571 0.851147
v 2.992430 0.780963 0.834578
v 2.918255 0.809498 0.864273
v 3.009710 0.777975 0.816147
v 3.056923 1.022979 0.930495
v 3.057586 1.024872 0.924213
v 2.775823 0.927340 0.844354
v 2.773068 0.910991 0.832411
v 2.770580 0.913144 0.829637
v 2.772689 0.930387 0.843322
v 2.792089 0.893419 0.818189
v 3.002354 1.008235 0.906279
v 2.948575 0.990653 0.890287
v 2.946244 0.993583 0.891037
v 3.003152 1.010231 0.905334
v 2.973778 0.995336 0.936611
v 3.045504 1.016713 0.936958
v 2.796883 0.864839 0.901101
v 2.776860 0.883303 0.910193
v 2.915452 0.828150 0.782923
v 2.828776 0.938060 0.926406
v 2.886940 0.961533 0.930554
v 2.774821 0.903221 0.917623
v 2.968262 0.802226 0.784121
v 3.001027 0.784105 0.797260
v 3.049411 1.022685 0.917979
v 2.789037 0.920309 0.922839
v 3.008417 0.780416 0.805142
v 2.793532 0.890602 0.824224
v 2.835401 0.869556 0.811353
v 2.831764 0.871246 0.803041
v 2.871862 0.966841 0.881243
v 2.785838 0.932659 0.855943
v 2.993293 0.783634 0.832520
v 2.988271 0.786729 0.827456
v 2.920952 0.813882 0.854020
v 2.918964 0.812404 0.864216
v 3.008122 0.780172 0.815665
v 3.000764 0.783511 0.817330
v 3.057770 1.021222 0.929613
v 3.052717 1.019310 0.928186
v 3.052694 1.020762 0.923463
v 3.058917 1.022933 0.923531
v 2.772828 0.920556 0.847117
v 2.777612 0.905728 0.835975
v 2.993287 1.004953 0.907449
v 2.937291 0.987864 0.896450
v 2.976250 0.995868 0.923754
v 3.042977 1.015794 0.928804
v 3.045665 1.015515 0.935558
v 2.973893 0.993661 0.934847
v 2.798836 0.866998 0.900656
v 2.802023 0.868160 0.891475
v 2.780107 0.887534 0.901346
v 2.779391 0.884113 0.909344
v 2.914155 0.828676 0.792682
v 2.916686 0.828817 0.785957
v 2.829921 0.935883 0.924432
v 2.827330 0.936243 0.915124
v 2.881003 0.958690 0.919297
v 2.888192 0.960089 0.928828
v 2.779305 0.903580 0.907171
v 2.778646 0.903542 0.915879
v 2.966914 0.803024 0.787722
v 2.963769 0.803697 0.792016
v 2.995797 0.786934 0.802253
v 2.999280 0.785602 0.800226
v 3.050074 1.021340 0.917796
v 3.047868 1.020300 0.918338
v 2.792356 0.918429 0.920620
v 2.790213 0.917900 0.911210
v 3.005350 0.782352 0.807124
v 3.000748 0.784269 0.807285
v 2.986112 1.024595 0.913530
v 2.840212 0.888057 0.828694
v 2.864200 0.870782 0.816745
v 2.879806 0.960511 0.882165
v 2.826765 0.927853 0.860177
v 2.821152 0.913544 0.849681
v 2.825846 0.900837 0.838176
v 2.937605 0.985447 0.898674
v 2.831637 0.876115 0.890157
v 2.824317 0.890400 0.896774
v 2.922589 0.830372 0.798600
v 2.853137 0.931855 0.909017
v 2.888645 0.951577 0.912863
v 2.892972 0.830781 0.863795
v 2.825553 0.906194 0.902377
v 2.833863 0.918961 0.905878
v 2.985836 0.788275 0.824027
v 2.977283 0.794411 0.811006
v 2.935205 0.816864 0.821957
v 2.923794 0.815931 0.850524
v 2.996421 0.785425 0.815630
v 2.997026 0.785646 0.807917
v 2.973741 0.995075 0.919417
v 2.946695 0.985322 0.907803
v 3.039558 1.016446 0.923981
v 3.041423 1.015956 0.927020
v 3.049531 1.019750 0.923723
v 3.049478 1.018701 0.926521
v 2.884213 0.849924 0.839660
v 2.895705 0.832944 0.861231
v 2.835604 0.878377 0.887573
v 2.844286 0.880943 0.856029
v 2.832976 0.893280 0.864128
v 2.828429 0.891314 0.894571
v 2.886252 0.950885 0.907403
v 2.853682 0.931596 0.904706
v 2.858524 0.940660 0.888680
v 2.888127 0.954394 0.902293
v 2.827510 0.905532 0.875145
v 2.829005 0.906030 0.898253
v 2.835304 0.918820 0.900890
v 2.830497 0.921249 0.877580
v 2.962876 0.803680 0.796807
v 2.924511 0.829216 0.801523
v 2.992837 0.787717 0.805118
v 2.939089 0.984373 0.900227
v 3.045476 1.019149 0.920330
v 2.867665 0.870723 0.819346
v 2.843523 0.887896 0.831684
v 2.830251 0.899821 0.841280
v 2.880306 0.958556 0.883525
v 2.823406 0.912012 0.852096
v 2.828607 0.925815 0.862728
v 3.016550 0.456052 0.858164
v 3.032855 0.456161 0.787359
v 3.050725 0.453970 0.624931
v 3.064602 0.449562 0.377364
v 2.948930 0.462941 0.889681
v 3.043157 0.454995 0.703182
v 2.792851 0.340784 0.875632
v 2.944632 0.349423 0.845873
v 2.968359 0.348731 0.791609
v 2.991612 0.350336 0.632577
v 3.010498 0.346638 0.377570
v 2.895583 0.343245 0.869079
v 2.981953 0.348942 0.707807
v 3.018342 0.345191 0.126106
v 2.792937 0.302860 0.859189
v 2.953752 0.312958 0.535908
v 2.939313 0.312953 0.694421
v 2.750383 0.297357 0.362392
v 2.960932 0.312194 0.357388
v 2.770183 0.298312 0.156214
v 2.967126 0.313228 0.130918
v 2.380033 0.274013 -0.014560
v 2.965411 0.312440 -0.016500
v 3.018582 0.343864 -0.016676
v 1.775642 0.535043 0.537327
v 1.899067 0.503505 0.536633
v 2.136295 0.354348 0.535847
v 2.197758 0.302681 0.535645
v 1.240422 0.506118 0.980392
v 1.998511 0.453752 0.536303
v 1.392747 0.540775 0.538311
v 1.149455 0.415889 0.939662
v 1.185839 0.472451 0.958187
v 2.054666 0.409855 0.536117
v 1.111561 0.300803 0.902834
v 1.321278 0.539828 0.538547
v 1.115480 0.299192 0.539268
v -1.958349 0.610616 0.599103
v -1.925055 0.647269 0.598838
v -1.852265 0.687136 0.598544
v -1.733788 0.701795 0.598140
v -1.415709 0.659773 0.597086
v -1.269659 0.546932 0.596607
v -1.269140 0.546137 0.976680
v -1.148754 0.409686 0.597147
v -1.146821 0.410292 0.963765
v -1.609266 0.697593 0.597727
v -1.527864 0.691442 0.597457
v -1.090174 0.327368 0.599677
v -1.083207 0.331664 0.944901
v -1.968431 0.589419 0.599099
v -1.977128 0.571106 0.599297
v -1.984932 0.555148 0.599231
v -2.004656 0.498060 0.599645
v -2.020957 0.434547 0.599609
v 1.154407 0.412935 0.539100
v 1.186421 0.470689 0.538994
v 1.238108 0.507654 0.538823
v 1.675127 0.250617 0.530916
v -2.386338 0.602004 0.750644
v -2.389599 0.601851 0.712372
v -2.386080 0.595858 0.714453
v -2.382742 0.595678 0.751069
v -2.392981 0.579167 0.719989
v -2.389953 0.578100 0.747283
v -2.382763 0.589191 0.749842
v -2.386589 0.587980 0.715002
v -2.390916 0.602604 0.692984
v -2.388643 0.595858 0.693907
v -2.391530 0.587759 0.697689
v -2.394917 0.581373 0.705115
v -2.382207 0.578358 0.823661
v -2.376323 0.589699 0.816845
v -2.381292 0.588569 0.766663
v -2.379412 0.601255 0.813611
v -2.384031 0.602217 0.776986
v -2.380634 0.595599 0.773364
v -2.376411 0.584676 0.877890
v -2.371050 0.590735 0.881213
v -2.372040 0.592377 0.858709
v -2.378810 0.580893 0.856297
v -2.371435 0.600720 0.884349
v -2.374578 0.600696 0.860143
v -2.377610 0.600806 0.830984
v -2.374947 0.590406 0.830115
v -2.374010 0.590244 0.892241
v -2.369974 0.599640 0.897202
v -2.476057 0.300786 0.001532
v -2.463863 0.298487 0.196768
v -2.391645 0.287473 0.001252
v -2.048141 0.286973 0.000114
v -2.468342 0.516386 0.181659
v 3.071795 0.627411 -0.016852
v -2.474679 0.510403 0.001528
v 1.673400 0.247865 -0.012218
v 2.795370 0.299869 -0.015936
v -2.407299 0.762573 -0.783886
v -2.405757 0.762172 -0.791926
v -2.429586 0.758625 -0.793315
v -2.432343 0.760151 -0.782730
v -2.366753 0.777051 -0.970644
v -2.374278 0.807041 -0.947609
v -2.306586 0.807630 -0.972722
v -2.308327 0.772680 -0.986876
v 2.681437 1.031130 -0.977274
v 2.675347 0.968185 -0.912519
v 2.760982 0.988784 -0.925493
v 2.769972 1.035831 -0.984071
v 2.742097 0.765977 -0.904638
v 2.875964 0.763398 -0.887691
v 2.879894 0.729856 -0.900979
v 2.730563 0.727217 -0.918389
v 1.266644 0.961312 -0.801292
v 1.093107 1.082042 -0.791195
v 1.132542 1.113929 -0.751561
v 1.304623 1.001166 -0.765208
v -2.407533 0.611879 -0.831391
v -2.408356 0.642064 -0.830331
v -2.405593 0.622298 -0.872289
v -2.404766 0.611929 -0.870122
v 2.960211 1.039382 -0.979881
v 2.852014 1.038333 -0.977077
v 2.960304 1.040516 -0.972059
v -2.439819 0.745804 -0.793049
v -2.443290 0.748668 -0.786085
v 2.215505 0.731913 -0.966035
v 2.257068 0.684362 -0.982337
v 2.152617 0.617557 -0.991484
v 2.063741 0.648618 -1.003772
v -2.409901 0.775513 -0.622743
v -2.414942 0.764244 -0.528448
v -2.418596 0.788906 -0.513819
v -2.411323 0.795220 -0.646747
v -1.738172 0.832625 -1.016407
v -1.538308 0.836257 -1.022523
v -1.575434 0.805969 -1.008959
v -1.734405 0.803215 -1.004750
v -2.095456 0.637166 -1.018063
v -2.110526 0.661003 -1.016235
v -2.081352 0.686603 -1.017721
v -1.961661 0.662652 -1.031388
v -0.605772 0.786315 -1.024301
v -0.700204 0.788079 -1.023536
v -0.699162 0.815773 -1.027088
v -0.596055 0.812370 -1.026930
v -0.967467 0.987566 -0.576068
v -0.913060 0.977070 -0.727399
v 2.876922 0.677488 -0.932164
v 2.723133 0.684144 -0.942114
v 1.128346 0.944916 -0.927641
v 0.828494 0.938751 -0.946416
v 0.822981 0.954050 -0.901702
v 1.127294 0.957137 -0.872306
v -0.850794 0.967464 -0.835845
v -0.888473 0.962645 -0.860303
v -0.907760 0.969902 -0.803301
v -0.883158 0.972305 -0.791214
v 2.750654 0.889445 -0.842411
v 2.704669 0.876451 -0.833641
v 2.799826 0.831013 -0.804245
v 2.821740 0.861400 -0.825760
v -0.618589 0.936260 -0.958375
v -0.630036 0.958840 -0.921486
v -0.486626 0.961707 -0.922216
v -0.484345 0.941168 -0.956824
v 1.276861 0.771656 -1.016254
v 1.241141 0.970488 -1.038059
v 1.311030 0.975493 -1.036899
v 1.358572 0.770893 -1.013123
v 2.873724 0.638734 -0.938684
v 2.713279 0.641261 -0.949816
v -0.714606 0.876796 -1.012719
v -0.717182 0.895502 -0.997066
v -0.616924 0.896943 -0.997644
v -0.581052 0.883783 -1.009206
v -0.792201 0.788078 -1.022912
v -0.794950 0.812482 -1.025899
v -2.419740 0.611964 -0.699576
v -2.422678 0.611890 -0.664917
v -2.422047 0.622034 -0.671117
v -2.420879 0.621004 -0.701980
v -2.400113 0.888681 -0.564690
v -2.384298 0.890606 -0.697218
v -2.432345 0.873841 -0.678230
v -2.446158 0.874241 -0.553729
v -2.422390 0.816613 -0.791428
v -2.400475 0.798499 -0.792700
v -2.405892 0.800319 -0.742604
v -2.434603 0.820309 -0.746011
v -0.876225 0.890694 -0.998942
v -0.874323 0.945129 -0.938844
v -0.808221 0.929289 -0.961200
v -0.798870 0.891201 -0.999425
v 1.235388 0.979264 -1.024866
v 1.137196 0.965792 -1.038200
v 1.135567 0.974808 -1.025851
v 2.769395 0.956665 -0.893077
v 2.861066 0.987383 -0.917466
v 2.855687 1.010811 -0.940930
v 3.076675 0.692981 -0.665809
v 3.012100 0.739681 -0.697890
v 3.042893 0.747458 -0.425534
v 3.089761 0.704857 -0.423126
v -2.439677 0.632689 -0.738275
v -2.431855 0.631879 -0.736874
v -2.430683 0.623809 -0.714777
v -2.442008 0.621856 -0.699554
v 2.212233 0.764395 -0.954097
v -2.408230 0.816316 -0.882303
v -2.414600 0.816030 -0.842487
v -2.435471 0.828309 -0.849848
v -2.425457 0.826253 -0.886430
v -1.945779 0.804405 -0.995915
v -1.899786 0.772476 -1.010302
v -1.993135 0.774489 -1.004752
v -1.988144 0.804278 -0.993761
v 0.375001 0.923802 -1.035456
v 0.373778 0.931008 -1.023221
v 0.412168 0.933922 -1.022028
v 0.414436 0.922348 -1.036736
v -2.413130 0.826627 -0.929073
v -2.423252 0.836033 -0.933793
v -2.393260 0.838681 -0.971526
v -2.384258 0.827673 -0.965107
v 1.305035 0.941417 -0.912176
v 1.246391 0.958260 -0.856058
v 1.286807 0.958271 -0.849703
v -2.481370 0.787328 -0.498146
v -2.492872 0.829076 -0.461625
v -2.460196 0.811813 -0.487392
v -2.455565 0.783816 -0.506028
v -0.433988 1.379370 -0.568591
v -0.415541 1.367473 -0.695024
v -0.434067 1.352147 -0.691968
v -0.456826 1.373046 -0.571156
v -2.467681 0.850076 -0.550097
v 1.305370 0.677709 -1.035681
v 1.396458 0.677109 -1.034096
v -2.449330 0.667424 -0.614375
v -2.433202 0.664207 -0.615875
v -2.434418 0.703049 -0.601630
v -2.449232 0.704439 -0.602069
v -2.451760 0.724434 -0.784818
v -2.447539 0.724473 -0.788529
v -2.447512 0.713820 -0.788947
v -2.452290 0.713715 -0.785417
v -1.873670 0.712339 -1.031633
v -1.738374 0.771334 -1.016750
v -1.739809 0.728420 -1.036454
v -2.445932 0.655167 -0.766244
v -2.443938 0.676505 -0.783226
v -2.428808 0.667218 -0.782302
v -2.432084 0.649901 -0.762105
v -1.734834 0.929391 -0.936674
v -1.528359 0.935370 -0.935627
v -1.545627 0.886341 -1.002263
v -1.734118 0.887216 -0.998275
v -2.446288 0.691150 -0.787348
v -2.452422 0.678304 -0.777760
v -2.452264 0.693146 -0.782832
v 1.211426 0.960168 -0.812504
v 1.065229 1.066531 -0.808619
v -2.405845 0.295021 -0.837828
v -2.419770 0.294063 -0.784823
v -2.422127 0.612540 -0.656321
v -2.424178 0.635674 -0.641289
v 2.955528 0.782328 -0.793989
v 2.891544 0.802401 -0.791658
v 2.893276 0.789322 -0.767718
v 2.970655 0.770112 -0.785525
v 3.042262 0.549005 -0.884146
v 3.048294 0.625766 -0.881216
v 3.065048 0.633126 -0.833967
v 3.053088 0.521845 -0.818231
v -0.548994 1.095437 -0.863383
v -0.642263 0.992662 -0.898917
v -0.644807 0.995117 -0.910043
v -0.547598 1.102197 -0.873380
v 3.044789 0.677408 -0.881202
v 3.059366 0.685922 -0.829193
v -0.042589 0.889910 -1.024975
v -0.045095 0.891028 -1.007264
v 0.376332 0.919355 -0.976992
v -0.331643 0.868694 -1.022927
v -0.329596 0.863181 -1.031064
v -0.361538 0.851926 -1.033897
v -0.467046 0.854817 -1.032820
v -2.129288 0.751169 -1.004897
v -2.436163 0.746659 -0.802795
v -2.437626 0.733041 -0.798597
v -2.443681 0.735630 -0.790743
v -1.105389 0.941260 -0.938741
v -1.100728 0.952092 -0.900732
v -0.877182 0.956738 -0.903542
v -0.419039 1.244789 -0.812202
v -0.381586 1.287535 -0.797597
v -0.375069 1.276999 -0.794490
v -0.409358 1.236542 -0.809858
v -0.380182 0.677984 -1.044315
v -0.382099 0.787255 -1.025698
v -0.045622 0.790132 -1.027720
v -0.029201 0.682224 -1.046942
v -1.528817 0.806254 -1.009852
v -1.529090 0.782545 -1.014586
v -1.597077 0.781094 -1.014957
v -2.450973 0.627548 -0.665159
v -2.433400 0.624972 -0.668459
v -2.435646 0.639667 -0.638558
v -2.451029 0.641943 -0.638156
v -2.415353 0.767320 -0.968870
v -2.375807 0.773602 -0.967911
v -2.377790 0.725098 -0.986746
v -2.418785 0.726284 -0.983957
v 1.814029 0.692255 -1.017769
v 1.949158 0.535248 -1.007246
v 1.800354 0.562298 -1.021034
v 2.976078 0.753846 -0.869966
v 2.903249 0.799079 -0.895203
v 2.978263 0.774240 -0.870959
v -2.430026 0.776061 -0.624292
v -2.431969 0.743615 -0.605720
v -2.413345 0.742485 -0.603410
v 1.138369 0.670544 -1.038826
v 1.152368 0.775657 -1.019624
v -2.338406 0.629229 -0.986272
v -2.365184 0.624614 -0.980295
v -2.365280 0.648571 -0.984824
v -2.331554 0.656652 -0.991921
v -2.387066 0.587658 -0.964908
v -2.368892 0.596791 -0.975696
v -0.720421 0.933060 -0.959155
v -1.535932 0.948765 -0.780934
v -1.669902 0.944864 -0.769744
v -1.598502 0.949158 -0.707033
v -1.535130 0.951375 -0.717891
v 1.356583 0.966577 -0.776227
v 1.387452 0.962781 -0.815063
v -0.810879 0.962711 -0.875622
v -0.832670 0.985818 -0.817570
v -0.783360 0.982440 -0.865170
v 1.218597 0.943468 -0.919130
v 1.179154 0.957540 -0.866523
v -2.379935 0.622491 -0.972932
v -2.390948 0.630025 -0.940323
v -2.383444 0.651373 -0.962334
v 3.007493 0.769048 -0.851205
v 3.012067 0.747801 -0.851235
v -2.400437 0.611240 -0.920614
v -2.399678 0.610599 -0.926189
v -2.401199 0.593144 -0.915402
v -2.401977 0.594422 -0.912723
v -2.381644 0.890928 -0.719450
v -2.367737 0.893184 -0.800616
v -2.416118 0.875969 -0.793714
v -2.427073 0.873322 -0.723417
v -1.252299 0.569089 -1.026742
v -1.409709 0.694667 -1.031839
v -1.114642 0.684125 -1.033236
v -1.096411 0.584600 -1.029937
v 1.600701 0.992255 -0.602812
v 1.578985 1.011595 -0.589512
v 1.674967 1.022180 -0.442617
v 1.702958 1.002708 -0.456657
v 0.424118 0.777808 -1.031198
v 0.331732 0.783929 -1.030586
v -2.425047 0.525511 -0.659618
v -2.420723 0.526718 -0.697080
v 0.401750 0.968333 -0.883976
v 0.379589 0.967731 -0.884729
v 0.380346 1.059263 -0.857056
v 0.401609 1.059910 -0.856173
v -2.408066 0.779899 -0.762744
v -2.434564 0.780157 -0.760739
v -2.430176 0.798247 -0.734958
v -0.792979 0.956822 -0.914707
v -0.722528 0.958107 -0.917212
v -2.402939 0.783706 -0.791745
v 3.032387 1.040540 -0.965586
v 3.032958 1.040822 -0.973891
v 3.025157 1.042051 -0.975998
v 3.018714 1.041104 -0.966515
v -1.114390 0.888912 -1.000432
v -0.890647 0.865262 -1.019560
v -1.114074 0.865178 -1.018688
v -2.418030 0.631616 -0.737853
v -0.687433 1.000880 -0.899360
v -0.663938 0.973608 -0.916863
v -0.712681 0.983500 -0.901873
v 2.784151 0.807322 -0.713820
v 2.786522 0.811321 -0.775100
v 2.685150 0.827831 -0.779738
v 2.674127 0.827751 -0.719291
v -2.435862 0.292401 -0.575935
v -2.463478 0.298138 -0.215688
v -1.401869 0.938199 -0.934440
v -1.390383 0.887274 -1.001611
v -2.395602 0.609245 -0.927424
v -2.399637 0.592333 -0.916841
v 1.435851 0.936952 -0.905926
v 2.245986 0.335238 -0.935697
v 2.179208 0.399208 -0.960762
v 2.254734 0.500281 -0.976854
v 2.377521 0.340362 -0.929488
v 2.883737 0.783778 -0.705700
v -0.483742 0.688350 -1.043004
v -0.513414 0.783419 -1.025173
v 2.177986 1.019565 -1.001381
v 2.207391 0.884311 -0.839244
v 1.311417 0.575780 -1.031641
v 1.185292 0.561911 -1.029932
v -2.410356 0.560833 -0.827757
v -2.410769 0.566395 -0.827446
v -2.407113 0.569694 -0.867231
v -2.406804 0.562374 -0.869897
v -2.319413 0.841521 -0.988407
v -2.381411 0.854349 -0.959602
v -2.317626 0.857984 -0.974343
v -2.448471 0.762032 -0.522948
v -1.112319 0.849366 -1.029329
v -1.387361 0.846413 -1.027592
v -1.388262 0.860717 -1.020358
v 1.342985 0.987336 -0.770370
v 1.424439 0.992114 -0.734073
v 1.444589 0.973235 -0.744851
v -2.446291 0.740152 -0.786769
v -1.736874 0.849533 -1.022615
v -1.542062 0.844691 -1.026050
v -2.376473 0.686840 -0.987125
v -2.420158 0.686642 -0.980315
v -2.451663 0.737189 -0.782475
v -2.448263 0.731246 -0.787094
v -2.482733 0.830262 -0.505449
v -2.468482 0.821606 -0.511296
v -0.045019 0.879653 -1.033613
v -1.386217 0.836620 -1.024829
v -2.378027 0.648824 -0.979909
v 0.932766 1.257109 -0.689999
v 0.986939 1.219611 -0.729561
v 0.898383 1.225818 -0.775132
v 0.858722 1.281523 -0.702332
v -0.276924 1.287612 -0.797891
v -0.282437 1.274384 -0.797114
v -2.394515 0.808069 -0.882137
v -2.392404 0.801661 -0.855379
v -2.449111 0.742390 -0.605862
v -2.449741 0.777345 -0.626318
v -0.401135 1.347475 -0.752601
v -0.422547 1.333716 -0.746238
v 0.380351 1.269968 -0.793863
v 0.402723 1.268943 -0.793644
v 0.382250 0.959337 -0.908290
v 0.379101 0.961398 -0.894180
v 0.400394 0.959352 -0.889582
v 0.404304 0.956485 -0.904013
v 2.656742 0.926102 -0.872332
v 2.706373 0.921757 -0.864831
v 2.733478 0.944404 -0.884112
v -2.359174 0.686624 -0.991139
v -2.359015 0.724803 -0.992033
v -2.301117 0.723090 -0.998748
v -2.303365 0.680587 -0.998280
v -2.417137 0.661279 -0.615752
v -2.415773 0.703369 -0.601327
v 0.823771 0.958590 -0.867935
v 1.125422 0.959490 -0.835034
v -0.325663 0.964110 -0.920010
v -0.046540 0.963624 -0.914542
v -0.050893 0.942705 -0.952741
v -0.342224 0.942109 -0.957825
v -0.620441 0.371994 -1.021070
v -0.695047 0.605704 -1.051601
v -0.577556 0.602567 -1.051439
v -0.492950 0.373028 -1.019136
v 0.501456 1.332285 -0.759372
v 0.634933 1.314057 -0.766645
v 0.620219 1.287731 -0.806370
v 0.482609 1.301072 -0.802789
v -0.465626 0.808321 -1.026858
v -0.538164 0.810452 -1.026862
v -2.452393 0.634395 -0.738170
v -2.452567 0.658908 -0.766207
v -2.179120 0.914619 -0.604779
v -2.180548 0.913572 -0.731740
v -1.018332 0.472812 -1.026308
v -1.126453 0.426842 -1.020443
v -2.427608 0.523086 -0.622226
v 1.719109 0.955714 -0.731402
v 1.518077 0.973955 -0.740525
v 1.642026 0.986775 -0.624061
v 1.775667 0.969775 -0.638810
v -2.134672 0.860062 -0.994780
v -2.136332 0.843681 -1.006072
v -0.655498 0.977400 -0.904249
v 0.404810 1.276954 -0.796873
v 0.386069 1.278121 -0.796630
v 0.387402 1.280970 -0.807077
v 0.406343 1.279621 -0.807068
v -2.440888 0.835433 -0.850603
v -2.435105 0.835865 -0.888016
v -2.388315 0.806165 -0.915684
v -2.377536 0.798187 -0.939644
v -2.422049 0.792185 -0.943250
v -2.424009 0.804566 -0.915886
v -2.416909 0.632808 -0.640284
v -2.417183 0.609400 -0.655612
v 2.981703 0.720077 -0.894013
v -1.542490 0.858070 -1.021076
v -2.130454 0.830957 -0.998103
v -1.993285 0.844918 -1.014896
v -1.991529 0.834387 -1.009084
v 2.909914 1.015793 -0.941966
v 2.972979 1.033200 -0.955838
v 1.713962 0.938529 -0.797661
v -1.467855 0.953240 -0.737224
v -1.439207 0.951059 -0.794402
v -2.426644 0.642487 -0.831609
v -2.429021 0.624045 -0.869855
v -2.435225 0.678877 -0.798900
v -2.425828 0.669108 -0.796866
v -0.362195 0.981099 -0.901207
v -0.355472 0.965268 -0.912803
v -0.487118 0.962477 -0.912912
v -0.486618 0.976598 -0.901018
v -2.408340 0.543885 -0.869396
v -2.402736 0.548611 -0.907887
v 2.534296 0.849200 -0.800583
v -2.421792 0.586422 -0.672004
v -2.422078 0.604523 -0.660788
v -2.423203 0.605140 -0.663861
v -2.423254 0.587819 -0.674589
v 2.960423 1.015348 -0.979356
v 2.962187 1.035394 -0.984165
v 3.019718 1.039682 -0.982008
v 3.026638 1.039207 -0.980040
v 2.996530 0.762278 -0.805004
v 2.960920 0.759892 -0.702867
v 3.047201 0.713875 -0.781256
v 3.012056 0.754839 -0.816824
v -2.334657 0.891254 -0.915679
v -2.359519 0.894516 -0.848575
v -2.157993 0.914333 -0.851446
v -2.142303 0.910267 -0.925224
v -0.356504 0.964164 -0.920614
v -2.435591 0.801092 -0.496447
v -2.457691 0.819068 -0.548743
v 2.985157 0.773526 -0.806897
v 2.981549 0.683382 -0.919262
v -2.409629 0.537194 -0.830675
v -1.108500 0.957864 -0.843154
v -1.409823 0.945880 -0.891100
v -0.446373 1.211617 -0.823576
v -0.445878 1.218038 -0.833398
v -2.387634 0.877486 -0.894144
v -2.403126 0.878502 -0.851688
v -0.892558 0.688748 -1.039131
v -0.805313 0.606045 -1.050329
v 2.319286 0.592928 -0.994389
v 2.183671 0.562197 -0.985018
v 2.311210 0.641989 -0.983127
v 2.976337 0.637911 -0.929183
v -2.453684 0.850621 -0.668475
v -2.463210 0.832557 -0.665825
v -2.477590 0.831437 -0.546503
v 0.407799 1.305415 -0.798453
v 0.431433 1.338792 -0.757602
v -2.412704 0.666039 -0.781699
v -2.416565 0.645104 -0.757139
v -2.451417 0.795790 -0.735908
v -2.442622 0.797620 -0.735609
v -2.445565 0.780214 -0.759935
v -2.451844 0.778546 -0.758946
v -2.433162 0.621776 -0.687043
v 1.829067 0.912803 -0.873356
v 1.875903 0.931777 -0.755067
v 2.196123 0.894421 -0.744932
v 2.779780 0.854539 -0.930950
v 2.664733 0.853904 -0.943333
v 2.747476 0.886962 -0.946574
v 3.066366 0.687966 -0.764014
v 3.084736 0.641640 -0.671919
v 3.072609 0.635964 -0.769407
v -2.431530 0.520094 -0.578242
v -2.426095 0.549997 -0.580793
v -2.423012 0.552477 -0.631103
v -0.893941 0.809107 -1.024425
v -0.903286 0.787629 -1.021947
v -2.438054 0.715282 -0.796837
v -2.438307 0.692696 -0.797370
v -0.437635 1.203846 -0.821059
v -2.312813 0.829269 -0.982031
v 1.145679 0.959445 -0.822953
v 1.043039 1.041749 -0.820656
v -0.544370 0.852809 -1.032839
v -2.448123 0.834850 -0.790708
v -2.442307 0.827668 -0.790947
v -2.449185 0.826667 -0.719629
v -2.456111 0.834172 -0.719336
v -1.989803 0.884826 -0.986265
v -1.736924 0.860594 -1.016333
v -1.992914 0.859565 -1.006199
v -2.446761 0.850379 -0.721139
v -2.437338 0.852295 -0.792891
v 1.310195 0.982078 -1.021599
v 2.900774 0.821168 -0.807909
v -2.127144 0.810136 -0.985606
v -0.387011 1.313638 -0.789236
v -0.419770 1.306456 -0.774096
v -0.678936 0.957574 -0.922013
v -0.649544 0.935144 -0.958748
v 2.044287 0.484537 -0.991872
v 3.072507 0.522077 -0.658806
v 3.104606 0.639838 -0.428499
v 3.089570 0.522068 -0.425281
v 2.973613 0.579233 -0.939092
v 2.872404 0.583707 -0.950123
v 3.063319 0.519659 -0.750688
v -2.015007 0.924817 -0.859738
v -2.000608 0.919592 -0.928514
v -2.450460 0.622180 -0.681500
v -2.403411 0.620374 -0.895415
v -2.401761 0.611448 -0.900525
v -0.537632 1.087965 -0.860833
v -0.624873 0.985981 -0.895863
v 0.484184 1.275365 -0.809224
v -2.410185 0.666187 -0.797441
v -2.409340 0.662635 -0.807429
v -2.409114 0.612091 -0.812413
v -2.379398 0.876940 -0.916711
v -2.406471 0.857696 -0.922219
v -2.418679 0.856926 -0.886552
v 2.857917 1.032336 -0.987105
v 2.872138 0.980415 -0.972998
v 2.812768 0.954697 -0.967525
v 2.779476 1.029832 -0.989926
v -0.799819 0.872448 -1.014916
v 0.828908 0.771867 -1.025357
v 0.818411 0.947741 -1.037487
v -0.423634 1.282995 -0.789050
v -0.383920 1.295760 -0.806143
v -0.419581 1.250690 -0.822449
v -0.446330 1.253632 -0.802435
v 2.678164 1.026871 -0.993823
v 2.185874 1.015723 -1.012216
v -2.395751 0.815424 -0.920725
v -1.114095 0.783914 -1.018411
v -0.334221 1.084457 -0.864556
v -0.302709 1.082467 -0.865275
v -0.329261 0.971227 -0.903377
v -2.129740 0.885486 -0.971524
v 0.818343 0.958009 -1.021866
v 1.916766 0.949602 -0.654454
v -2.426118 0.665270 -0.807354
v -0.276732 1.293027 -0.807874
v -0.253511 1.291733 -0.807848
v -0.251632 1.287220 -0.797999
v 3.032304 0.711808 -0.864345
v 3.019715 0.749877 -0.828061
v 3.045222 0.711765 -0.824721
v -2.398860 0.632228 -0.939085
v -2.404002 0.571702 -0.894251
v -2.421734 0.554767 -0.671668
v -2.419773 0.554211 -0.710685
v 1.825102 1.003004 -1.009923
v 1.447585 0.986984 -1.017117
v 3.077159 0.450074 -0.170419
v 3.078237 0.521724 -0.172182
v -2.325494 0.875310 -0.952999
v -0.478324 1.384594 -0.341258
v -0.460620 1.394606 -0.337173
v -2.033931 0.928848 -0.632119
v -1.531404 0.724974 -1.034200
v -1.612677 0.733207 -1.033862
v -2.417364 0.602789 -0.659445
v 1.386138 0.575759 -1.026138
v -0.670608 0.959720 -0.909877
v -1.380642 0.786745 -1.013947
v -1.378635 0.805662 -1.012764
v -1.111653 0.804462 -1.018739
v -0.634099 0.960155 -0.912555
v -0.635086 0.974028 -0.899906
v -2.416812 0.697673 -0.581517
v -2.415983 0.730201 -0.559404
v -0.958890 0.360299 -1.017784
v -0.762762 0.444360 -1.031071
v -2.426973 0.807217 -0.882914
v -2.436719 0.802299 -0.912202
v -2.436446 0.805493 -0.882833
v 0.773849 1.277537 -0.775435
v 0.751672 1.260677 -0.808010
v 3.072901 0.626226 -0.184646
v 3.093101 0.519503 -0.193226
v 3.122775 0.635328 -0.196330
v -0.894793 0.840576 -1.031815
v -0.894801 0.851688 -1.029745
v -0.799382 0.858413 -1.025826
v -0.796726 0.845845 -1.032715
v -2.401939 0.623868 -0.916681
v -2.433834 0.795264 -0.647413
v -2.451030 0.795685 -0.651280
v -2.427674 0.759144 -0.802827
v -2.401654 0.780894 -0.818359
v -2.426527 0.800862 -0.855655
v -2.423423 0.778218 -0.821967
v 2.663606 0.948962 -0.974158
v 2.745334 0.904977 -0.953141
v -2.419317 0.571406 -0.682416
v -2.419255 0.562365 -0.704206
v 0.903707 1.287881 -0.597290
v 0.835693 1.310629 -0.614490
v 0.811956 1.341851 -0.446011
v 0.892490 1.314381 -0.426715
v -2.432290 0.806285 -0.572684
v -1.963881 0.610747 -1.039932
v -2.274250 0.603179 -0.992709
v -2.289472 0.629432 -0.993763
v -2.415610 0.612751 -0.745025
v -2.328890 0.600880 -0.983534
v -2.404635 0.576978 -0.891081
v -2.405165 0.762948 -0.802348
v 0.820949 0.495137 -1.024061
v 0.867100 0.656462 -1.042099
v 1.102283 0.508352 -1.021494
v 1.066435 0.446121 -1.008685
v -1.112921 0.962534 -0.790466
v 0.407980 0.943955 -0.936081
v 0.373278 0.944753 -0.936075
v 2.715711 0.590870 -0.959417
v 2.962906 0.794518 -0.809662
v 2.996569 0.777045 -0.821746
v -2.421304 0.605385 -0.619981
v -2.419776 0.629262 -0.613136
v -2.419530 0.573667 -0.628945
v 0.617984 1.262325 -0.812246
v -2.402151 0.557451 -0.932256
v -2.398504 0.571809 -0.950994
v -0.701136 0.694380 -1.040777
v -0.047503 0.962409 -0.906714
v -2.451610 0.747656 -0.779373
v -0.708653 0.851879 -1.031658
v -0.712408 0.864517 -1.022335
v -0.610348 0.865477 -1.022995
v -0.605777 0.851694 -1.032723
v 1.124795 0.958994 -0.816459
v 1.140713 0.959008 -0.812668
v 1.954731 0.995691 -0.149346
v 1.815946 1.003715 -0.152869
v -0.888511 0.992659 -0.717891
v -0.858557 0.988419 -0.778128
v -2.412491 0.612617 -0.775090
v 2.198675 0.852302 -0.975179
v -2.435891 0.775423 -0.821390
v 1.847626 0.986287 -0.488929
v 1.730373 1.000641 -0.462035
v 3.097639 0.704274 -0.196665
v -2.421461 0.566160 -0.704047
v -2.421788 0.573869 -0.683074
v -2.422931 0.575728 -0.685865
v -2.421662 0.568044 -0.704765
v 2.100105 0.454412 -0.980955
v 1.027761 0.305893 -0.968434
v 0.773606 0.309078 -0.976218
v -2.023130 0.927142 -0.739913
v 2.705953 0.477526 -0.942701
v -2.416739 0.530039 -0.744554
v -2.451994 0.623030 -0.702082
v -0.326938 0.965003 -0.912239
v -1.115813 0.837399 -1.028541
v 2.696599 0.339794 -0.912194
v -2.451792 0.824382 -0.666720
v 3.005905 1.037886 -0.959470
v 3.022675 1.037070 -0.958622
v 0.413002 0.921120 -0.975709
v -0.579202 1.112180 -0.856964
v 0.814649 1.356157 -0.159020
v 0.896223 1.326653 -0.159607
v 2.195161 0.933162 -0.995773
v -2.361319 0.870016 -0.948005
v -2.470144 0.748528 -0.527999
v -0.595496 0.692081 -1.033363
v -2.428628 0.853905 -0.849887
v 0.389339 1.306390 -0.798531
v 0.872396 1.207467 -0.812153
v -0.274818 1.312397 -0.797281
v -1.729482 0.937580 -0.884281
v -1.532829 0.942108 -0.900834
v -1.054882 0.345682 -1.013077
v 0.822405 0.959123 -0.854123
v -0.485902 1.387527 -0.005063
v 1.450841 0.980716 -1.034780
v -2.436405 0.798975 -0.855679
v 1.836637 0.997390 -1.024233
v 0.858514 1.182142 -0.817473
v 0.741028 1.238400 -0.815120
v -2.440985 0.507764 -0.448507
v -2.456555 0.486227 -0.177120
v -2.461569 0.510547 -0.179151
v -1.027017 1.005059 -0.303065
v -2.417444 0.654667 -0.601976
v 2.767667 0.925853 -0.959073
v -0.471629 1.225398 -0.813614
v -2.446455 0.732874 -0.543791
v -2.466592 0.731120 -0.540574
v -2.417513 0.555930 -0.740429
v -1.931078 0.648040 -1.045356
v -0.252992 1.279868 -0.795127
v 0.360571 1.342324 -0.758013
v 3.010704 0.769418 -0.833709
v -2.439863 0.532334 -0.449756
v -2.421454 0.653516 -0.961479
v -2.391729 0.651447 -0.961960
v -2.423764 0.637184 -0.942259
v 0.241866 1.274539 -0.791070
v 0.241595 1.281885 -0.794144
v 2.808047 0.472211 -0.935331
v -2.360143 0.297355 -0.863399
v -2.281063 0.297178 -0.863838
v -2.428476 0.622041 -0.897985
v -2.425010 0.626392 -0.919735
v -2.435820 0.726147 -0.981984
v -2.436637 0.765002 -0.966826
v -2.435633 0.685834 -0.978053
v -2.436493 0.789602 -0.943212
v -2.435850 0.642723 -0.832876
v -2.435596 0.624602 -0.870600
v -2.435874 0.627292 -0.919525
v -2.435769 0.638448 -0.942294
v -2.435361 0.664706 -0.811924
v -2.435339 0.653732 -0.959814
v -2.435916 0.679439 -0.803339
v -2.435540 0.622664 -0.897677
v -2.436441 0.744278 -0.808244
v -2.436473 0.731365 -0.803986
v -2.435379 0.714380 -0.805689
v -2.435641 0.694376 -0.808010
v -2.435741 0.796966 -0.910056
v -2.435889 0.799092 -0.882420
v -2.436259 0.770755 -0.825405
v -2.436049 0.793054 -0.856976
v -2.436172 0.724965 -0.974771
v -2.436014 0.761401 -0.961077
v -2.436298 0.687460 -0.970948
v -2.435821 0.784133 -0.938686
v -2.435579 0.649144 -0.836682
v -2.435321 0.632131 -0.872306
v -2.436279 0.633677 -0.917151
v -2.436386 0.643524 -0.937612
v -2.435483 0.668359 -0.819552
v -2.436265 0.657873 -0.953739
v -2.434788 0.681877 -0.812610
v -2.435229 0.630577 -0.898272
v -2.425764 0.806716 -0.707741
v -2.407139 0.806731 -0.708094
v -2.451289 0.804984 -0.707975
v -2.440863 0.806519 -0.707908
v -2.425625 0.805771 -0.675723
v -2.407025 0.805876 -0.676276
v -2.450874 0.804620 -0.676089
v -2.440724 0.805665 -0.675866
v -2.417494 0.807823 -0.712179
v -2.414298 0.802736 -0.676114
v -2.429226 0.809802 -0.638758
v -2.438309 0.694755 -0.571448
v -2.433934 0.607379 -0.611823
v -2.434555 0.629137 -0.607894
v -2.433748 0.653958 -0.596050
v -2.447389 0.611501 -0.599648
v -2.448576 0.629363 -0.598301
v -2.450816 0.654857 -0.589673
v -2.459797 0.695596 -0.565087
v -2.418643 0.583503 -0.636291
v -2.418297 0.584367 -0.670976
v -2.418013 0.594154 -0.630516
v -2.420483 0.567841 -0.609783
v -2.418595 0.586525 -0.620375
v -2.448179 0.539571 -0.445529
v -2.434625 0.557952 -0.576536
v -2.431374 0.573798 -0.602003
v -2.431993 0.590755 -0.610733
v -2.446129 0.568052 -0.568056
v -2.444784 0.581790 -0.589483
v -2.445727 0.597345 -0.597645
v -2.483139 0.797429 -0.443053
v -2.490945 0.823029 -0.397070
v -1.739290 0.702496 -1.051381
v -1.857935 0.687856 -1.050473
v -1.274710 0.547415 -1.045311
v -1.420918 0.660198 -1.052029
v -1.153437 0.410292 -1.032534
v -1.533218 0.692120 -1.052164
v -1.614694 0.698247 -1.051838
v -1.089518 0.331870 -1.022234
v -2.040942 0.581953 -1.055258
v -2.250286 0.582504 -1.067864
v -2.042389 0.571209 -1.052673
v -1.974807 0.589821 -1.046419
v -1.983480 0.571664 -1.044257
v -1.991705 0.555992 -1.039290
v -2.011049 0.498592 -1.014531
v -2.027441 0.434993 -0.965617
v -2.113960 0.296725 -0.863304
v -2.053634 0.296841 -0.861999
v -0.252022 1.313278 -0.795996
v 0.042142 1.288737 -0.805627
v 0.040823 1.285601 -0.795443
v 0.040733 1.277889 -0.792641
v 0.043691 1.313339 -0.797168
v 0.241784 1.285889 -0.804632
v 0.244144 1.312172 -0.792349
v -2.418604 0.564312 -0.740237
v -2.484740 0.822249 -0.396835
v 2.415577 0.277908 -0.901713
v 2.299979 0.272676 -0.905573
v 2.703753 0.296725 -0.894823
v 1.892428 0.499746 -1.035731
v 1.769466 0.527512 -1.044415
v 2.191653 0.293683 -0.927241
v 2.126118 0.343538 -0.958870
v 1.317604 0.531847 -1.048004
v 1.234164 0.505491 -1.039658
v 1.990804 0.443388 -1.012511
v 1.387576 0.536716 -1.049058
v 1.185519 0.467512 -1.026685
v 1.151156 0.412748 -1.011398
v 2.053372 0.401113 -0.990891
v 1.117809 0.297507 -0.977843
v 2.232285 0.266434 -0.902262
v -0.909845 0.246252 -0.996373
v -0.980036 0.245474 -0.994306
v -0.615861 0.247705 -0.995080
v -1.019735 0.244861 -0.994066
v -0.005716 0.596516 -1.052780
v -0.337814 0.594776 -1.048815
v -0.441336 0.606120 -1.053880
v 0.069188 0.360342 -1.006381
v -0.262192 0.361083 -1.012686
v -0.365692 0.372382 -1.016832
v 0.431462 0.674449 -1.050150
v 0.327812 0.670722 -1.050027
v 0.456685 0.538453 -1.039137
v 0.315913 0.551137 -1.042155
v 0.473591 0.346700 -0.995343
v 0.307338 0.361166 -1.002199
v 1.451046 0.903205 -1.026707
v 1.836002 0.920697 -1.013798
v 1.834725 0.853807 -1.001111
v 1.514777 0.837668 -1.014300
v 1.475307 0.768627 -1.007960
v 1.832248 0.767469 -0.986192
v 1.482022 0.731862 -1.023171
v 1.831983 0.734677 -1.000124
v 2.919102 1.006513 -0.932420
v 2.534471 0.849160 -0.746078
v 2.676318 0.842441 -0.620133
v 2.801571 0.823222 -0.564321
v 2.901900 0.798709 -0.528548
v 2.977724 0.775098 -0.491298
v 2.199727 0.913630 -0.646869
v 2.536684 0.862526 -0.646896
v 1.966864 0.973018 -0.484186
v 2.680315 0.860894 -0.465285
v 2.790566 0.836760 -0.457943
v 2.891195 0.809465 -0.448164
v 2.967482 0.782993 -0.444140
v 2.205460 0.938532 -0.493846
v 2.540835 0.884254 -0.493117
v 3.048583 0.754409 -0.204415
v 2.049662 0.987762 -0.157073
v 2.721282 0.874229 -0.183234
v 2.834744 0.842809 -0.202564
v 2.921417 0.814496 -0.213982
v 2.987387 0.789449 -0.208433
v 2.274324 0.960627 -0.156095
v 2.584472 0.906053 -0.171292
v -0.279122 1.350870 -0.760021
v -0.235884 1.350289 -0.761913
v 0.045063 1.350093 -0.758177
v 0.242187 1.347537 -0.756412
v 0.502534 1.360062 -0.697022
v 0.638146 1.341882 -0.698723
v 0.429904 1.365900 -0.699847
v 0.771859 1.309118 -0.706126
v 0.350749 1.371101 -0.698688
v -0.296653 1.379413 -0.698081
v -0.225535 1.380626 -0.700908
v 0.043896 1.379838 -0.695828
v 0.237502 1.375476 -0.698294
v 0.502392 1.380921 -0.597732
v 0.637819 1.363498 -0.599582
v 0.429880 1.386330 -0.600455
v 0.771577 1.332012 -0.607266
v 0.350800 1.390788 -0.599165
v -0.295514 1.394967 -0.598215
v -0.225072 1.396840 -0.601032
v 0.044166 1.397128 -0.596023
v 0.237671 1.394285 -0.598639
v 0.503559 1.400566 -0.438416
v 0.639674 1.384476 -0.440326
v 0.430787 1.405372 -0.441105
v 0.774047 1.353323 -0.448004
v 0.351572 1.408712 -0.439811
v -0.306049 1.407861 -0.390459
v -0.223621 1.411402 -0.403937
v 0.046779 1.413236 -0.420273
v 0.238304 1.411227 -0.439320
v 0.503237 1.411306 -0.149177
v 0.638719 1.396491 -0.150853
v 0.431582 1.415511 -0.151967
v 0.773220 1.368944 -0.158494
v 0.365625 1.417418 -0.167906
v -0.306825 1.410048 -0.265971
v -0.222099 1.414921 -0.247585
v 0.040308 1.420188 -0.211228
v 0.238920 1.419227 -0.177999
v 1.790971 1.004892 -0.155598
v 1.750106 1.023799 -0.165055
v 1.755043 1.022751 -0.012488
v 1.045793 1.036108 -0.809608
v 0.484009 1.272344 -0.798500
v 0.618033 1.260868 -0.800981
v 0.859716 1.178604 -0.806232
v 0.741939 1.236718 -0.803514
v 1.111565 0.966008 -0.808402
v 1.033587 1.032385 -0.806639
v 0.483531 1.263475 -0.795544
v 0.617758 1.250724 -0.798091
v 0.854339 1.170502 -0.802755
v 0.737672 1.227441 -0.800098
v 1.106320 0.964711 -0.809356
v 0.821328 0.964352 -0.847246
v -0.493658 0.247283 -0.992188
v 1.019857 0.246706 -0.960741
v 0.776157 0.246369 -0.966054
v 1.101263 0.250652 -0.955739
v 0.068326 0.247397 -0.981122
v -0.252775 0.248223 -0.988318
v -0.360745 0.247515 -0.989788
v 0.476790 0.245402 -0.970761
v 0.309056 0.245215 -0.973868
v -0.909768 0.235704 -0.963090
v -0.979896 0.232139 -0.961619
v -0.615755 0.235814 -0.962085
v -1.019435 0.230076 -0.961086
v -0.493546 0.235793 -0.959093
v 1.019899 0.235774 -0.927475
v 0.776275 0.232555 -0.933404
v 1.098169 0.238821 -0.924712
v 0.068452 0.235812 -0.948000
v -0.252670 0.235847 -0.955382
v -0.360649 0.235809 -0.956729
v 0.476881 0.235748 -0.937196
v 0.309176 0.235743 -0.940266
v -0.908600 0.235690 -0.607465
v -0.978751 0.235699 -0.605388
v -0.614560 0.235690 -0.606173
v -1.016720 0.236882 -0.602344
v -0.492346 0.235690 -0.603265
v 1.021110 0.235690 -0.571754
v 0.777457 0.235690 -0.577053
v 1.102096 0.240544 -0.566627
v 0.069657 0.235690 -0.592146
v -0.251474 0.235690 -0.599354
v -0.359453 0.235690 -0.600855
v 0.478087 0.235690 -0.581757
v 0.310390 0.235690 -0.584868
v -1.532952 0.255771 -0.601863
v -2.048080 0.285350 -0.278492
v -2.383150 0.287510 -0.194224
v -2.358907 0.287617 -0.599947
v -2.047730 0.283013 -0.600596
v -2.355143 0.287605 -0.776101
v 2.918454 0.315294 -0.821944
v 2.729236 0.297905 -0.574590
v 2.872213 0.310663 -0.884294
v 2.897401 0.314175 -0.870839
v 2.327816 0.271357 -0.573255
v 2.238994 0.265739 -0.571627
v 2.417936 0.277045 -0.573554
v 2.729231 0.297904 -0.574592
v -0.941127 1.003953 -0.577121
v -0.996014 1.020935 -0.303188
v -2.397876 0.742159 -0.820514
v -2.398265 0.730670 -0.816870
v -2.398242 0.716070 -0.815079
v -2.399225 0.697651 -0.816604
v -2.398414 0.787490 -0.910267
v -2.398025 0.789663 -0.886196
v -2.397444 0.765610 -0.835651
v -2.397872 0.784852 -0.863801
v -2.398770 0.724703 -0.965504
v -2.398952 0.756043 -0.953799
v -2.398531 0.692444 -0.962597
v -2.398520 0.775722 -0.934779
v -2.396468 0.656798 -0.843710
v -2.397163 0.641343 -0.875992
v -2.397739 0.644134 -0.916170
v -2.397944 0.653690 -0.934497
v -2.396989 0.675458 -0.826893
v -2.397975 0.666516 -0.948209
v -2.397908 0.686865 -0.820558
v -2.397274 0.640220 -0.898309
v -2.373398 0.731323 -0.842781
v -2.373532 0.723949 -0.840567
v -2.373618 0.714479 -0.839578
v -2.374151 0.702421 -0.840036
v -2.372239 0.761620 -0.901044
v -2.372421 0.762950 -0.885162
v -2.372949 0.746612 -0.852402
v -2.372599 0.759460 -0.870566
v -2.372388 0.720332 -0.938495
v -2.372303 0.741302 -0.930460
v -2.372460 0.698655 -0.936329
v -2.372306 0.754368 -0.917570
v -2.372899 0.676301 -0.857776
v -2.372993 0.666158 -0.878675
v -2.372743 0.667365 -0.904815
v -2.372695 0.673342 -0.917032
v -2.373626 0.688266 -0.846974
v -2.372544 0.681539 -0.926389
v -2.373847 0.695463 -0.842828
v -2.372918 0.665153 -0.893098
v -2.365831 0.711413 -0.889784
v -2.450379 0.704838 -0.609725
v -2.450681 0.670904 -0.620899
v -2.450465 0.714282 -0.778624
v -2.450697 0.724667 -0.778084
v -2.451086 0.681069 -0.772150
v -2.450968 0.694792 -0.776512
v -2.450289 0.647281 -0.642558
v -2.450011 0.633864 -0.669382
v -2.450921 0.735186 -0.776317
v -2.451191 0.773635 -0.630992
v -2.450381 0.740347 -0.613272
v -2.450616 0.640454 -0.734935
v -2.450891 0.663206 -0.761614
v -2.451194 0.773964 -0.755243
v -2.451193 0.790034 -0.733948
v -2.450838 0.630300 -0.682253
v -2.451167 0.791009 -0.654629
v -2.450717 0.747050 -0.772311
v -2.450912 0.629935 -0.701861
v -2.451137 0.798846 -0.707996
v -2.451133 0.798695 -0.678218
v -2.428345 0.706386 -0.613789
v -2.428349 0.674823 -0.623765
v -2.428308 0.713877 -0.774719
v -2.428225 0.723325 -0.774160
v -2.428362 0.682634 -0.768097
v -2.428300 0.695785 -0.772405
v -2.427969 0.650909 -0.644611
v -2.427449 0.638247 -0.669158
v -2.428160 0.734565 -0.772134
v -2.428156 0.769417 -0.634987
v -2.428301 0.739395 -0.617345
v -2.428430 0.644005 -0.733118
v -2.428407 0.665388 -0.758047
v -2.427868 0.771054 -0.751483
v -2.427645 0.785976 -0.731007
v -2.427344 0.634890 -0.683350
v -2.428336 0.786012 -0.656590
v -2.427924 0.743677 -0.769102
v -2.428419 0.634302 -0.701291
v -2.427748 0.794099 -0.706480
v -2.427862 0.793525 -0.678510
v -2.392365 0.708638 -0.635092
v -2.392393 0.685601 -0.642493
v -2.392488 0.714126 -0.751300
v -2.392484 0.720867 -0.750930
v -2.392470 0.691864 -0.746560
v -2.392468 0.701230 -0.749679
v -2.392214 0.668356 -0.657868
v -2.391890 0.659307 -0.675714
v -2.392451 0.728878 -0.749483
v -2.393087 0.753994 -0.651381
v -2.392951 0.732594 -0.638276
v -2.392577 0.664326 -0.721648
v -2.392451 0.679610 -0.739357
v -2.392311 0.754788 -0.734631
v -2.392368 0.765389 -0.720067
v -2.391886 0.657087 -0.686110
v -2.392869 0.765667 -0.667034
v -2.392421 0.735386 -0.747298
v -2.392978 0.657511 -0.698951
v -2.392448 0.771212 -0.702641
v -2.392654 0.770950 -0.682716
v -2.381859 0.714567 -0.662380
v -2.381610 0.703078 -0.666090
v -2.381295 0.717311 -0.720363
v -2.381242 0.720677 -0.720234
v -2.381095 0.706234 -0.717950
v -2.381144 0.710889 -0.719546
v -2.381316 0.694488 -0.673768
v -2.381315 0.690024 -0.682691
v -2.381356 0.724671 -0.719517
v -2.381927 0.737496 -0.670231
v -2.381907 0.726623 -0.663699
v -2.381104 0.692562 -0.705540
v -2.381077 0.700181 -0.714321
v -2.381595 0.737634 -0.712103
v -2.381709 0.743029 -0.704874
v -2.381136 0.688898 -0.687859
v -2.382071 0.743207 -0.678241
v -2.381533 0.727948 -0.718455
v -2.381210 0.689018 -0.694297
v -2.381896 0.745954 -0.696126
v -2.381858 0.745928 -0.686104
v -2.380664 0.717145 -0.695871
v -2.402216 0.610100 -0.869873
v -2.404922 0.610268 -0.830528
v -2.417900 0.610377 -0.700089
v -2.421454 0.610713 -0.667643
v -2.401273 0.594731 -0.910462
v -2.399158 0.609321 -0.917342
v -2.409082 0.568246 -0.828262
v -2.405728 0.572286 -0.866886
v -2.422680 0.604709 -0.667078
v -2.421932 0.589479 -0.676840
v -2.399286 0.610072 -0.900792
v -2.413819 0.610686 -0.744324
v -2.402788 0.578523 -0.889391
v -2.410340 0.610526 -0.775532
v -2.421839 0.577578 -0.687518
v -2.421244 0.569955 -0.705877
v -2.406679 0.610395 -0.812542
v -2.418313 0.567037 -0.740775
v -2.389160 0.606421 -0.863065
v -2.392748 0.606932 -0.828785
v -2.404805 0.606857 -0.701543
v -2.406981 0.607192 -0.678975
v -2.389882 0.592747 -0.901130
v -2.383868 0.605472 -0.905723
v -2.396673 0.573044 -0.827506
v -2.392779 0.576803 -0.861875
v -2.405229 0.603605 -0.678063
v -2.404913 0.590658 -0.685874
v -2.386290 0.606435 -0.892972
v -2.401428 0.607274 -0.744517
v -2.390499 0.582340 -0.884648
v -2.398652 0.607380 -0.774538
v -2.407523 0.582268 -0.692188
v -2.406189 0.576396 -0.707404
v -2.394450 0.607053 -0.810891
v -2.403555 0.573398 -0.741820
v -0.046809 0.969700 -0.895894
v 2.824852 0.870200 -0.832082
v 2.783452 0.893093 -0.846547
v 2.870135 0.974271 -0.908138
v 2.781263 0.940571 -0.882944
v 2.785024 0.938024 -0.882394
v 2.872803 0.971342 -0.907556
v 2.912419 0.809498 -0.896940
v 2.986789 0.780963 -0.867738
v 3.004191 0.777975 -0.849422
v 3.051349 1.024872 -0.957802
v 3.050645 1.022979 -0.964080
v 2.770122 0.927340 -0.876077
v 2.766995 0.930387 -0.875025
v 2.764976 0.913144 -0.861326
v 2.767446 0.910991 -0.864117
v 2.786561 0.893419 -0.850021
v 2.940230 0.993583 -0.923889
v 2.942566 0.990653 -0.923154
v 2.996237 1.008235 -0.939502
v 2.997041 1.010231 -0.938563
v 3.039183 1.016713 -0.970468
v 2.967461 0.995336 -0.969644
v 2.770723 0.883303 -0.941922
v 2.790805 0.864839 -0.932962
v 2.910156 0.828150 -0.815573
v 2.880665 0.961533 -0.963012
v 2.822529 0.938060 -0.958479
v 2.768634 0.903221 -0.949338
v 2.995632 0.784105 -0.830478
v 2.962955 0.802226 -0.817122
v 3.043216 1.022685 -0.951515
v 2.782815 0.920309 -0.954649
v 3.002970 0.780416 -0.838408
v 2.826335 0.871246 -0.835137
v 2.829917 0.869556 -0.843473
v 2.787964 0.890602 -0.856066
v 2.780060 0.932659 -0.887734
v 2.865914 0.966841 -0.913602
v 2.987666 0.783634 -0.865685
v 2.913128 0.812404 -0.896887
v 2.915184 0.813882 -0.886705
v 2.982677 0.786729 -0.860588
v 2.995237 0.783511 -0.850544
v 3.002605 0.780172 -0.848929
v 3.051497 1.021222 -0.963203
v 3.052685 1.022933 -0.957129
v 3.046463 1.020762 -0.957021
v 3.046454 1.019310 -0.961743
v 2.771966 0.905728 -0.867712
v 2.767109 0.920556 -0.878821
v 2.931241 0.987864 -0.929243
v 2.987162 1.004953 -0.940612
v 3.039353 1.015515 -0.969068
v 3.036710 1.015794 -0.962296
v 2.970018 0.995868 -0.956804
v 2.967588 0.993661 -0.967882
v 2.792761 0.866998 -0.932531
v 2.773259 0.884113 -0.941089
v 2.774028 0.887534 -0.933098
v 2.796009 0.868160 -0.923373
v 2.911368 0.828817 -0.818616
v 2.908793 0.828676 -0.825324
v 2.823688 0.935883 -0.956512
v 2.881928 0.960089 -0.961295
v 2.874803 0.958690 -0.951716
v 2.821159 0.936243 -0.947187
v 2.772471 0.903542 -0.947621
v 2.773187 0.903580 -0.938917
v 2.961584 0.803024 -0.820713
v 2.993867 0.785602 -0.833432
v 2.990370 0.786934 -0.835435
v 2.958411 0.803697 -0.824986
v 3.043880 1.021340 -0.951335
v 3.041670 1.020300 -0.951863
v 2.786149 0.918429 -0.952452
v 2.784068 0.917900 -0.943027
v 2.995287 0.784269 -0.840500
v 2.999891 0.782352 -0.840371
v 2.979947 1.024595 -0.946646
v 2.858680 0.870782 -0.849056
v 2.834613 0.888057 -0.860844
v 2.820958 0.927853 -0.892238
v 2.873852 0.960511 -0.914577
v 2.820185 0.900837 -0.870231
v 2.815415 0.913544 -0.881705
v 2.931541 0.985447 -0.931469
v 2.818268 0.890400 -0.928817
v 2.825631 0.876115 -0.922250
v 2.917187 0.830372 -0.831299
v 2.882487 0.951577 -0.945332
v 2.847006 0.931855 -0.941252
v 2.887140 0.830781 -0.896294
v 2.819466 0.906194 -0.934429
v 2.827752 0.918961 -0.937985
v 2.980265 0.788275 -0.857143
v 2.918048 0.815931 -0.883228
v 2.929649 0.816864 -0.854737
v 2.971798 0.794411 -0.844066
v 2.991561 0.785646 -0.841108
v 2.990906 0.785425 -0.848816
v 2.967538 0.995075 -0.952451
v 3.035168 1.015956 -0.960502
v 3.033323 1.016446 -0.957450
v 2.940569 0.985322 -0.940658
v 3.043226 1.018701 -0.960056
v 3.043298 1.019750 -0.957259
v 2.878541 0.849924 -0.872103
v 2.889889 0.832944 -0.893749
v 2.829615 0.878377 -0.919693
v 2.822394 0.891314 -0.926643
v 2.827143 0.893280 -0.896230
v 2.838506 0.880943 -0.888206
v 2.880131 0.950885 -0.939857
v 2.882040 0.954394 -0.934760
v 2.852527 0.940660 -0.920951
v 2.847579 0.931596 -0.936946
v 2.822946 0.906030 -0.930329
v 2.821603 0.905532 -0.907210
v 2.824574 0.921249 -0.909665
v 2.829227 0.918820 -0.933007
v 2.919091 0.829216 -0.834234
v 2.957485 0.803680 -0.829771
v 2.987392 0.787717 -0.838280
v 3.039266 1.019149 -0.953840
v 2.933014 0.984373 -0.933032
v 2.862128 0.870723 -0.851678
v 2.824568 0.899821 -0.873365
v 2.837904 0.887896 -0.863857
v 2.874343 0.958556 -0.915940
v 2.817652 0.912012 -0.884136
v 2.822782 0.925815 -0.894802
v 3.027526 0.456161 -0.820788
v 3.010751 0.456052 -0.891483
v 3.061990 0.449562 -0.411011
v 3.046472 0.453970 -0.658482
v 2.942924 0.462941 -0.922551
v 3.038386 0.454995 -0.736681
v 2.786942 0.340784 -0.907467
v 2.963003 0.348731 -0.824609
v 2.938917 0.349423 -0.878715
v 3.007885 0.346638 -0.410859
v 2.987309 0.350336 -0.665735
v 2.889715 0.343245 -0.901596
v 2.977152 0.348942 -0.740900
v 3.017395 0.345191 -0.159453
v 2.787137 0.302860 -0.891026
v 2.934602 0.312953 -0.727233
v 2.950091 0.312958 -0.568818
v 2.958454 0.312194 -0.390350
v 2.747877 0.297357 -0.393958
v 2.966149 0.313228 -0.163925
v 2.769042 0.298312 -0.187915
v 1.895424 0.503505 -0.562552
v 1.771998 0.535043 -0.562428
v 2.194115 0.302681 -0.563545
v 2.132653 0.354348 -0.563338
v 1.233853 0.506118 -1.001936
v 1.994869 0.453752 -0.562882
v 1.389104 0.540775 -0.560874
v 1.179418 0.472451 -0.979371
v 1.143158 0.415889 -0.960606
v 2.051023 0.409855 -0.563068
v 1.105509 0.300803 -0.923526
v 1.317635 0.539828 -0.560637
v 1.111838 0.299192 -0.559995
v -1.929026 0.647269 -0.599412
v -1.962321 0.610616 -0.599456
v -1.737759 0.701795 -0.599981
v -1.856235 0.687136 -0.599600
v -1.419680 0.659773 -0.601035
v -1.275630 0.546137 -0.981593
v -1.273629 0.546932 -0.601524
v -1.153228 0.410292 -0.969488
v -1.152731 0.409686 -0.602866
v -1.531834 0.691442 -0.600663
v -1.613236 0.697593 -0.600393
v -1.089489 0.331664 -0.951046
v -1.094168 0.327368 -0.605783
v -1.972403 0.589419 -0.599385
v -1.981101 0.571106 -0.599525
v -1.988904 0.555148 -0.599407
v -2.008631 0.498060 -0.599691
v -2.024931 0.434547 -0.599547
v 1.150764 0.412935 -0.560084
v 1.182778 0.470689 -0.560191
v 1.234466 0.507654 -0.560362
v 1.671527 0.250617 -0.555352
v -2.391304 0.602004 -0.748157
v -2.387712 0.595678 -0.748606
v -2.390807 0.595858 -0.711969
v -2.394312 0.601851 -0.709864
v -2.397745 0.579167 -0.717458
v -2.391319 0.587980 -0.712515
v -2.387725 0.589191 -0.747379
v -2.394897 0.578100 -0.744772
v -2.393233 0.595858 -0.691406
v -2.395500 0.602604 -0.690469
v -2.399581 0.581373 -0.702572
v -2.396146 0.587759 -0.695168
v -2.387658 0.578358 -0.821200
v -2.386365 0.588569 -0.764209
v -2.381729 0.589699 -0.814423
v -2.384796 0.601255 -0.811169
v -2.385752 0.595599 -0.770914
v -2.389173 0.602217 -0.774514
v -2.382221 0.584676 -0.875467
v -2.384477 0.580893 -0.853857
v -2.377723 0.592377 -0.856314
v -2.376882 0.590735 -0.878825
v -2.380270 0.600696 -0.857731
v -2.377289 0.600720 -0.881959
v -2.383110 0.600806 -0.828553
v -2.380441 0.590406 -0.827701
v -2.379916 0.590244 -0.889832
v -2.375912 0.599640 -0.894820
v -2.465158 0.298487 -0.193780
v -2.469536 0.516386 -0.178641
v 2.878710 0.971342 0.875151
v 2.884204 0.953010 0.864285
v 2.815626 0.932225 0.847098
v 2.790766 0.938024 0.850572
v 2.805752 0.922945 0.839784
v 2.775822 0.927340 0.844354
v 2.799601 0.911031 0.830429
v 2.773067 0.910991 0.832411
v 2.812981 0.895754 0.819540
v 2.792088 0.893419 0.818189
v 2.845167 0.877571 0.808415
v 2.831763 0.871246 0.803041
v 2.926526 0.836152 0.794085
v 2.916685 0.828817 0.785957
v 2.968539 0.810516 0.793995
v 2.966913 0.803024 0.787722
v 2.993537 0.796998 0.805191
v 2.999279 0.785602 0.800226
v 3.000238 0.793538 0.813498
v 3.005349 0.782352 0.807124
v 2.997545 0.792502 0.826552
v 3.008121 0.780172 0.815665
v 2.981224 0.802585 0.840297
v 2.993292 0.783634 0.832520
v 2.918404 0.832349 0.869047
v 2.918963 0.812404 0.864216
v 2.833343 0.867929 0.894885
v 2.798835 0.866998 0.900656
v 2.814590 0.884072 0.903197
v 2.779390 0.884113 0.909344
v 2.811218 0.901362 0.909955
v 2.778645 0.903542 0.915879
v 2.821980 0.915555 0.914178
v 2.792355 0.918429 0.920620
v 2.842976 0.927840 0.917180
v 2.829920 0.935883 0.924432
v 2.889201 0.948619 0.921454
v 2.888191 0.960089 0.928828
v 2.968045 0.980056 0.927305
v 2.973892 0.993661 0.934847
v 3.036315 1.004822 0.928337
v 3.045664 1.015515 0.935558
v 3.045047 1.009008 0.922972
v 3.057769 1.021222 0.929613
v 3.044874 1.010020 0.916319
v 3.058916 1.022933 0.923531
v 3.035048 1.008334 0.910914
v 3.050073 1.021340 0.917796
v 2.989163 0.991226 0.896085
v 3.002353 1.008235 0.906279
v 2.932796 0.970007 0.878522
v 2.948574 0.990653 0.890287
v 2.890636 0.875098 0.887590
v 2.882464 0.897120 0.896488
v 2.890862 0.912576 0.901685
v 2.903279 0.926302 0.906929
v 2.900481 0.882642 0.821159
v 2.891298 0.900682 0.831934
v 2.886768 0.919675 0.844200
v 2.916749 0.922842 0.855152
v 2.925368 0.948171 0.867703
v 2.919736 0.901911 0.845468
v 2.931392 0.878752 0.832846
v 2.929994 0.918822 0.861240
v 2.948914 0.944902 0.872624
v 2.930962 0.900823 0.854795
v 2.942631 0.874827 0.840273
v 2.950441 0.870361 0.849931
v 2.936960 0.897631 0.863857
v 2.937308 0.913639 0.869286
v 2.953234 0.931168 0.877670
v 2.929015 0.875763 0.878429
v 2.921085 0.896984 0.887475
v 2.927926 0.911944 0.892179
v 2.941238 0.926601 0.898149
v 2.943770 0.873296 0.868004
v 2.935438 0.895718 0.874979
v 2.936578 0.909554 0.878910
v 2.948548 0.924351 0.883190
v -2.442712 0.729947 0.817659
v -2.442702 0.740949 0.821268
v -2.431076 0.744278 0.811029
v -2.431136 0.731365 0.806771
v -2.442258 0.763605 0.835879
v -2.430780 0.770755 0.828189
v -2.441948 0.782760 0.863007
v -2.430361 0.793054 0.859758
v -2.441765 0.787939 0.884998
v -2.430033 0.799092 0.885200
v -2.441481 0.786113 0.908587
v -2.429701 0.796966 0.912834
v -2.441386 0.775093 0.933173
v -2.429591 0.784133 0.941464
v -2.441424 0.755572 0.952403
v -2.429636 0.761401 0.963856
v -2.441482 0.724282 0.964164
v -2.429703 0.724965 0.977551
v -2.441611 0.692074 0.960880
v -2.429855 0.687460 0.973727
v -2.441681 0.666666 0.946102
v -2.429936 0.657873 0.956520
v -2.441878 0.654344 0.932254
v -2.430164 0.643524 0.940393
v -2.441901 0.645888 0.914682
v -2.430192 0.633677 0.919932
v -2.441108 0.643358 0.898464
v -2.429267 0.630577 0.901047
v -2.441476 0.644693 0.876310
v -2.429532 0.632131 0.875082
v -2.441759 0.659143 0.845612
v -2.430026 0.649144 0.839460
v -2.441798 0.675671 0.830868
v -2.430043 0.668359 0.822330
v -2.441190 0.687131 0.824829
v -2.429394 0.681877 0.815384
v -2.441948 0.698014 0.820936
v -2.430277 0.694376 0.810790
v -2.441686 0.715091 0.818957
v -2.430031 0.714380 0.808467
v -2.447693 0.724486 0.835740
v -2.447731 0.734794 0.839511
v -2.447489 0.749030 0.850533
v -2.447227 0.761219 0.867622
v -2.447049 0.766113 0.884566
v -2.446910 0.764733 0.901875
v -2.446819 0.756773 0.918939
v -2.446901 0.742250 0.932812
v -2.446937 0.720770 0.940602
v -2.447030 0.698121 0.938743
v -2.447103 0.680184 0.929454
v -2.447323 0.670096 0.918854
v -2.447227 0.664092 0.906495
v -2.446854 0.662149 0.893464
v -2.446898 0.664465 0.876860
v -2.447073 0.673620 0.858018
v -2.447061 0.684606 0.846415
v -2.446910 0.693816 0.840946
v -2.447130 0.702768 0.837964
v -2.447244 0.713885 0.836360
v -2.449468 0.718338 0.859453
v -2.449469 0.723970 0.861771
v -2.449349 0.730504 0.867238
v -2.449210 0.735992 0.875249
v -2.449093 0.738442 0.883815
v -2.449003 0.737663 0.892487
v -2.448958 0.733585 0.900721
v -2.448980 0.726281 0.907283
v -2.449014 0.716187 0.910814
v -2.449070 0.705551 0.910204
v -2.449144 0.696846 0.906279
v -2.449232 0.691310 0.901010
v -2.449214 0.688132 0.894801
v -2.449110 0.687134 0.887868
v -2.449131 0.688476 0.879656
v -2.449194 0.692525 0.871089
v -2.449197 0.697661 0.865110
v -2.449167 0.702523 0.861842
v -2.449245 0.707389 0.860113
v -2.449329 0.712864 0.859315
v -2.449464 0.711606 0.882821
v -2.454812 0.680487 0.639852
v -2.454870 0.706691 0.632052
v -2.446329 0.704838 0.612606
v -2.446557 0.670904 0.623782
v -2.454971 0.734534 0.634526
v -2.446307 0.740347 0.616154
v -2.455204 0.759283 0.646792
v -2.447001 0.773635 0.633877
v -2.455181 0.775299 0.665187
v -2.446820 0.791009 0.657514
v -2.455061 0.782764 0.686285
v -2.446630 0.798695 0.681103
v -2.454896 0.782531 0.709330
v -2.446436 0.798846 0.710881
v -2.454727 0.775157 0.730570
v -2.446320 0.790034 0.736833
v -2.454531 0.762224 0.748113
v -2.446180 0.773964 0.758127
v -2.454261 0.745785 0.760844
v -2.445590 0.747050 0.775191
v -2.454180 0.733183 0.767007
v -2.445767 0.735186 0.779199
v -2.454072 0.722331 0.769576
v -2.445532 0.724667 0.780963
v -2.454028 0.711347 0.769822
v -2.445296 0.714282 0.781503
v -2.454199 0.697693 0.767478
v -2.445813 0.694792 0.779394
v -2.454307 0.684133 0.761683
v -2.445960 0.681069 0.775033
v -2.454331 0.669337 0.750290
v -2.445835 0.663206 0.764496
v -2.454372 0.654681 0.731326
v -2.445736 0.640454 0.737815
v -2.454547 0.645882 0.709127
v -2.446252 0.629935 0.704743
v -2.454573 0.644228 0.690316
v -2.446308 0.630300 0.685136
v -2.454421 0.648637 0.673821
v -2.445566 0.633864 0.672260
v -2.454579 0.660651 0.655221
v -2.446022 0.647281 0.645438
v -2.461096 0.689450 0.657450
v -2.461186 0.708383 0.652140
v -2.461286 0.728451 0.653816
v -2.461397 0.746161 0.662261
v -2.461402 0.758367 0.675570
v -2.461331 0.764232 0.691459
v -2.461212 0.764031 0.708273
v -2.461075 0.758553 0.723921
v -2.460923 0.749282 0.736858
v -2.460765 0.738315 0.746124
v -2.460669 0.728472 0.751347
v -2.460605 0.719720 0.753635
v -2.460601 0.711017 0.753809
v -2.460674 0.701251 0.751800
v -2.460747 0.690801 0.746828
v -2.460791 0.679908 0.737809
v -2.460837 0.669957 0.724566
v -2.460907 0.663498 0.709278
v -2.460924 0.661890 0.694689
v -2.460903 0.665456 0.681133
v -2.460975 0.674680 0.668006
v -2.464554 0.700428 0.680493
v -2.464609 0.710457 0.677768
v -2.464666 0.721054 0.678636
v -2.464714 0.730405 0.683032
v -2.464719 0.736982 0.690072
v -2.464685 0.740198 0.698594
v -2.464627 0.740112 0.707555
v -2.464553 0.737208 0.715913
v -2.464472 0.732344 0.722831
v -2.464394 0.726671 0.727796
v -2.464338 0.721326 0.730722
v -2.464308 0.716480 0.732039
v -2.464307 0.711697 0.732137
v -2.464339 0.706483 0.730984
v -2.464375 0.700830 0.728171
v -2.464404 0.695025 0.723247
v -2.464430 0.689853 0.716304
v -2.464456 0.686431 0.708307
v -2.464467 0.685526 0.700375
v -2.464469 0.687491 0.692888
v -2.464500 0.692507 0.685956
v -2.465166 0.712812 0.707627
v -2.396076 0.594869 0.906411
v -2.394088 0.605768 0.912905
v -2.394309 0.606329 0.897252
v -2.397601 0.582761 0.886491
v -2.395231 0.594731 0.913011
v -2.393071 0.609321 0.919877
v -2.393309 0.610072 0.903328
v -2.396443 0.610100 0.872430
v -2.397196 0.606351 0.868026
v -2.399410 0.610268 0.833104
v -2.399927 0.606476 0.830828
v -2.401286 0.610395 0.815129
v -2.401655 0.606571 0.813827
v -2.405193 0.610526 0.778145
v -2.405252 0.606669 0.778843
v -2.408878 0.610686 0.746960
v -2.408645 0.606789 0.749346
v -2.413252 0.610377 0.702754
v -2.412673 0.606558 0.707533
v -2.417021 0.610713 0.670332
v -2.416142 0.606808 0.676866
v -2.418251 0.604709 0.669774
v -2.417273 0.602324 0.676339
v -2.417438 0.589479 0.679532
v -2.416524 0.590945 0.685568
v -2.417274 0.577578 0.690209
v -2.416373 0.582054 0.695667
v -2.416558 0.569955 0.708564
v -2.415712 0.576359 0.713029
v -2.413396 0.567037 0.743441
v -2.412801 0.574180 0.746018
v -2.403585 0.568246 0.830866
v -2.403769 0.575083 0.828710
v -2.399975 0.572286 0.869466
v -2.400445 0.578101 0.865221
v -2.396886 0.578523 0.891952
v 3.105822 0.595270 0.751190
v 3.105851 0.604386 0.760045
v 3.109719 0.599232 0.763301
v 3.109694 0.591656 0.755940
v 3.105890 0.609979 0.771926
v 3.109751 0.603881 0.773174
v 3.105936 0.611044 0.785570
v 3.109789 0.604766 0.784515
v 3.105981 0.606748 0.799313
v 3.109827 0.601196 0.795937
v 3.106019 0.596905 0.810828
v 3.109859 0.593015 0.805508
v 3.106041 0.582668 0.817463
v 3.109877 0.581182 0.811023
v 3.106042 0.566624 0.817557
v 3.109877 0.567847 0.811100
v 3.106019 0.551910 0.810751
v 3.109858 0.555618 0.805444
v 3.105978 0.541600 0.798409
v 3.109824 0.547048 0.795186
v 3.105928 0.537681 0.783261
v 3.109783 0.543792 0.782596
v 3.105879 0.540067 0.768439
v 3.109742 0.545775 0.770276
v 3.105839 0.547653 0.756327
v 3.109709 0.552079 0.760210
v 3.105812 0.558589 0.748347
v 3.109686 0.561169 0.753578
v 3.105801 0.571225 0.744939
v 3.109677 0.571671 0.750745
v 3.105804 0.583862 0.746025
v 3.109680 0.582174 0.751648
v 3.112298 0.590665 0.769010
v 3.112283 0.585782 0.764267
v 3.112320 0.593662 0.775375
v 3.112344 0.594232 0.782684
v 3.112368 0.591931 0.790045
v 3.112389 0.586658 0.796214
v 3.112401 0.579031 0.799769
v 3.112401 0.570436 0.799819
v 3.112389 0.562554 0.796173
v 3.112367 0.557031 0.789562
v 3.112340 0.554931 0.781447
v 3.112314 0.556209 0.773507
v 3.112292 0.560273 0.767018
v 3.112278 0.566132 0.762743
v 3.112272 0.572901 0.760918
v 3.112274 0.579670 0.761499
v 3.112333 0.575131 0.779379
v -0.777654 0.982440 0.856998
v -0.744363 1.011871 0.852973
v -0.792656 1.015400 0.804687
v -0.827278 0.985818 0.809726
v -0.706733 0.983500 0.893231
v -0.681503 1.000880 0.890550
v -0.853426 0.988419 0.770456
v -0.819220 1.017788 0.765380
v -0.848536 1.022335 0.704822
v -0.883779 0.992659 0.710419
v -0.900906 1.030979 0.569624
v -0.937326 1.003953 0.570001
v -0.994028 1.020935 0.296437
v -0.956358 1.049985 0.300409
v -0.967632 1.059845 -0.003466
v -1.009979 1.027629 -0.003326
v 1.582812 1.011595 0.565688
v 1.677818 1.022180 0.418161
v 1.528464 1.075729 0.398317
v 1.448357 1.062809 0.556011
v 1.348016 0.987336 0.748107
v 1.429228 0.992114 0.711272
v 1.341770 1.024844 0.707578
v 1.309621 1.001166 0.743199
v 1.751116 1.023799 0.140108
v 1.755042 1.022751 -0.012489
v 1.609832 1.068171 -0.012008
v 1.605489 1.069568 0.138114
v 1.172296 1.132512 0.671664
v 1.137453 1.113929 0.730694
v 1.249394 1.157669 0.515059
v 1.314920 1.164268 0.347524
v 1.358671 1.159985 0.137797
v 1.368561 1.156550 -0.011208
v 0.998197 1.239086 0.616274
v 0.991707 1.219611 0.709659
v 1.021335 1.261259 0.449141
v 1.039010 1.273620 0.239296
v 1.045597 1.273622 0.147973
v 1.038484 1.276533 -0.010114
v 0.907600 1.287881 0.577943
v 0.937273 1.257109 0.670457
v 0.895253 1.314381 0.407446
v 0.897216 1.326653 0.140318
v -0.297013 1.082467 0.853916
v -0.323312 0.971227 0.892194
v -0.040916 0.969700 0.882838
v -0.025678 1.073763 0.847746
v -0.531960 1.087965 0.851032
v -0.618967 0.985981 0.886640
v -0.480681 0.976598 0.890879
v -0.439994 1.086684 0.851730
v 0.045940 1.277889 0.779008
v -0.247762 1.279868 0.783441
v -0.432229 1.203846 0.810597
v -0.366616 1.183988 0.817788
v 0.385399 0.967731 0.868848
v 0.385973 1.059263 0.841172
v 0.385559 1.269968 0.777980
v 0.247058 1.274539 0.776105
v -0.356260 0.981099 0.890242
v -0.328529 1.084457 0.853407
v -0.277193 1.274384 0.785624
v -0.369840 1.276999 0.783612
v -0.404027 1.236542 0.799207
v 1.038865 1.032385 0.786425
v 0.804857 1.043783 0.805707
v 0.826880 0.964352 0.828439
v 1.111615 0.964711 0.788660
v 1.116853 0.966008 0.787671
v 0.859595 1.170502 0.783729
v 0.742913 1.227441 0.781846
v 0.488748 1.263475 0.778977
v 0.407929 1.268943 0.777611
v 0.407229 1.059910 0.840147
v 0.665658 1.049598 0.817656
v 0.407555 0.968333 0.867948
v 0.622988 1.250724 0.780634
v 0.677634 1.120970 0.803468
v 0.897802 1.326953 -0.009648
v 2.872802 0.971342 -0.907556
v 2.785023 0.938024 -0.882394
v 2.809905 0.932225 -0.879085
v 2.878368 0.953010 -0.896726
v 2.770121 0.927340 -0.876077
v 2.800080 0.922945 -0.871706
v 2.767445 0.910991 -0.864117
v 2.793992 0.911031 -0.862311
v 2.786560 0.893419 -0.850021
v 2.807444 0.895754 -0.851511
v 2.826334 0.871246 -0.835137
v 2.839702 0.877571 -0.840600
v 2.911367 0.828817 -0.818616
v 2.921154 0.836152 -0.826809
v 2.961583 0.803024 -0.820713
v 2.963167 0.810516 -0.826997
v 2.993866 0.785602 -0.833432
v 2.988090 0.796998 -0.838359
v 2.999890 0.782352 -0.840371
v 2.994737 0.793538 -0.846710
v 3.002604 0.780172 -0.848929
v 2.991956 0.792502 -0.859747
v 2.987665 0.783634 -0.865685
v 2.975545 0.802585 -0.873382
v 2.913127 0.812404 -0.896887
v 2.912536 0.832349 -0.901716
v 2.792760 0.866998 -0.932531
v 2.827306 0.867929 -0.926988
v 2.773258 0.884113 -0.941089
v 2.808497 0.884072 -0.935176
v 2.772470 0.903542 -0.947621
v 2.805081 0.901362 -0.941913
v 2.786148 0.918429 -0.952452
v 2.815815 0.915555 -0.946205
v 2.823687 0.935883 -0.956512
v 2.836791 0.927840 -0.949347
v 2.881927 0.960089 -0.961295
v 2.882986 0.948619 -0.953927
v 2.967587 0.993661 -0.967882
v 2.961790 0.980056 -0.960300
v 3.039352 1.015515 -0.969068
v 3.030051 1.004822 -0.961785
v 3.051496 1.021222 -0.963203
v 3.038819 1.009008 -0.956478
v 3.052684 1.022933 -0.957129
v 3.038690 1.010020 -0.949825
v 3.043879 1.021340 -0.951335
v 3.028900 1.008334 -0.944355
v 2.996236 1.008235 -0.939502
v 2.983114 0.991226 -0.929222
v 2.942565 0.990653 -0.923154
v 2.926865 0.970007 -0.911285
v 2.884646 0.875098 -0.920074
v 2.876415 0.897120 -0.928917
v 2.884778 0.912576 -0.934170
v 2.897161 0.926302 -0.939496
v 2.894931 0.882642 -0.853709
v 2.885676 0.900682 -0.864424
v 2.881065 0.919675 -0.876659
v 2.910973 0.922842 -0.887810
v 2.919508 0.948171 -0.900417
v 2.914024 0.901911 -0.878145
v 2.925764 0.878752 -0.865601
v 2.924178 0.918822 -0.893985
v 2.943022 0.944902 -0.905495
v 2.925188 0.900823 -0.887547
v 2.936953 0.874827 -0.873102
v 2.944699 0.870361 -0.882812
v 2.931126 0.897631 -0.896648
v 2.931438 0.913639 -0.902079
v 2.947308 0.931168 -0.910569
v 2.923085 0.875763 -0.911167
v 2.915095 0.896984 -0.920160
v 2.921904 0.911944 -0.924910
v 2.935177 0.926601 -0.930969
v 2.937909 0.873296 -0.900840
v 2.929530 0.895718 -0.907760
v 2.930644 0.909554 -0.911698
v 2.942585 0.924351 -0.916057
v -2.436442 0.744278 -0.808244
v -2.448136 0.740949 -0.818406
v -2.448122 0.729947 -0.814797
v -2.436474 0.731365 -0.803986
v -2.436260 0.770755 -0.825405
v -2.447789 0.763605 -0.833020
v -2.436050 0.793054 -0.856976
v -2.447659 0.782760 -0.860149
v -2.435890 0.799092 -0.882420
v -2.447621 0.787939 -0.882141
v -2.435742 0.796966 -0.910056
v -2.447493 0.786113 -0.905731
v -2.435822 0.784133 -0.938686
v -2.447561 0.775093 -0.930317
v -2.436015 0.761401 -0.961077
v -2.447727 0.755572 -0.949546
v -2.436172 0.724965 -0.974771
v -2.447863 0.724282 -0.961307
v -2.436299 0.687460 -0.970948
v -2.447970 0.692074 -0.958022
v -2.436266 0.657873 -0.953739
v -2.447942 0.666666 -0.943244
v -2.436388 0.643524 -0.937612
v -2.448047 0.654344 -0.929395
v -2.436280 0.633677 -0.917151
v -2.447954 0.645888 -0.911823
v -2.435230 0.630577 -0.898272
v -2.447053 0.643358 -0.895612
v -2.435322 0.632131 -0.872306
v -2.447275 0.644693 -0.873455
v -2.435580 0.649144 -0.836682
v -2.447354 0.659143 -0.842756
v -2.435484 0.668359 -0.819552
v -2.447295 0.675671 -0.828012
v -2.434789 0.681877 -0.812610
v -2.446647 0.687131 -0.821977
v -2.435642 0.694376 -0.808010
v -2.447379 0.698014 -0.818079
v -2.435380 0.714380 -0.805689
v -2.447105 0.715091 -0.816101
v -2.453286 0.734794 -0.836615
v -2.453223 0.724486 -0.832844
v -2.453116 0.749030 -0.847638
v -2.452968 0.761219 -0.864729
v -2.452902 0.766113 -0.881673
v -2.452878 0.764733 -0.898983
v -2.452900 0.756773 -0.916049
v -2.453074 0.742250 -0.929919
v -2.453161 0.720770 -0.937709
v -2.453242 0.698121 -0.935850
v -2.453253 0.680184 -0.926561
v -2.453403 0.670096 -0.915959
v -2.453225 0.664092 -0.903600
v -2.452766 0.662149 -0.890573
v -2.452700 0.664465 -0.873969
v -2.452750 0.673620 -0.855127
v -2.452661 0.684606 -0.843523
v -2.452474 0.693816 -0.838056
v -2.452674 0.702768 -0.835073
v -2.452777 0.713885 -0.833469
v -2.455171 0.723970 -0.858864
v -2.455155 0.718338 -0.856546
v -2.455087 0.730504 -0.864332
v -2.455001 0.735992 -0.872343
v -2.454941 0.738442 -0.880909
v -2.454908 0.737663 -0.889582
v -2.454918 0.733585 -0.897816
v -2.454983 0.726281 -0.904378
v -2.455041 0.716187 -0.907908
v -2.455093 0.705551 -0.907297
v -2.455141 0.696846 -0.903372
v -2.455194 0.691310 -0.898104
v -2.455135 0.688132 -0.891894
v -2.454985 0.687134 -0.884961
v -2.454952 0.688476 -0.876750
v -2.454957 0.692525 -0.868182
v -2.454921 0.697661 -0.862204
v -2.454869 0.702523 -0.858937
v -2.454936 0.707389 -0.857208
v -2.455014 0.712864 -0.856409
v -2.455305 0.711606 -0.879912
v -2.450380 0.704838 -0.609725
v -2.459049 0.706691 -0.629114
v -2.459043 0.680487 -0.636914
v -2.450682 0.670904 -0.620899
v -2.450382 0.740347 -0.613272
v -2.459167 0.734534 -0.631587
v -2.451193 0.773635 -0.630992
v -2.459481 0.759283 -0.643851
v -2.451168 0.791009 -0.654629
v -2.459580 0.775299 -0.662245
v -2.451134 0.798695 -0.678218
v -2.459600 0.782764 -0.683344
v -2.451138 0.798846 -0.707996
v -2.459587 0.782531 -0.706389
v -2.451194 0.790034 -0.733948
v -2.459559 0.775157 -0.727629
v -2.451195 0.773964 -0.755243
v -2.459480 0.762224 -0.745174
v -2.450718 0.747050 -0.772311
v -2.459294 0.745785 -0.757907
v -2.450922 0.735186 -0.776317
v -2.459254 0.733183 -0.764071
v -2.450698 0.724667 -0.778084
v -2.459163 0.722331 -0.766640
v -2.450466 0.714282 -0.778624
v -2.459121 0.711347 -0.766887
v -2.450969 0.694792 -0.776512
v -2.459276 0.697693 -0.764542
v -2.451087 0.681069 -0.772150
v -2.459346 0.684133 -0.758745
v -2.450892 0.663206 -0.761614
v -2.459294 0.669337 -0.747353
v -2.450617 0.640454 -0.734935
v -2.459209 0.654681 -0.728389
v -2.450913 0.629935 -0.701861
v -2.459237 0.645882 -0.706189
v -2.450839 0.630300 -0.682253
v -2.459138 0.644228 -0.687378
v -2.450011 0.633864 -0.669382
v -2.458878 0.648637 -0.670884
v -2.450290 0.647281 -0.642558
v -2.458912 0.660651 -0.652283
v -2.465499 0.708383 -0.649160
v -2.465443 0.689450 -0.654471
v -2.465609 0.728451 -0.650834
v -2.465776 0.746161 -0.659279
v -2.465869 0.758367 -0.672587
v -2.465904 0.764232 -0.688476
v -2.465897 0.764031 -0.705290
v -2.465863 0.758553 -0.720939
v -2.465797 0.749282 -0.733878
v -2.465700 0.738315 -0.743143
v -2.465638 0.728472 -0.748367
v -2.465590 0.719720 -0.750656
v -2.465587 0.711017 -0.750831
v -2.465647 0.701251 -0.748820
v -2.465686 0.690801 -0.743848
v -2.465672 0.679908 -0.734829
v -2.465630 0.669957 -0.721585
v -2.465598 0.663498 -0.706298
v -2.465518 0.661890 -0.691709
v -2.465408 0.665456 -0.678154
v -2.465392 0.674680 -0.665026
v -2.469091 0.710457 -0.674764
v -2.469054 0.700428 -0.677489
v -2.469153 0.721054 -0.675631
v -2.469231 0.730405 -0.680028
v -2.469282 0.736982 -0.687068
v -2.469306 0.740198 -0.695589
v -2.469306 0.740112 -0.704550
v -2.469288 0.737208 -0.712909
v -2.469253 0.732344 -0.719826
v -2.469207 0.726671 -0.724792
v -2.469171 0.721326 -0.727719
v -2.469149 0.716480 -0.729036
v -2.469150 0.711697 -0.729134
v -2.469174 0.706483 -0.727981
v -2.469192 0.700830 -0.725168
v -2.469187 0.695025 -0.720244
v -2.469167 0.689853 -0.713300
v -2.469141 0.686431 -0.705303
v -2.469098 0.685526 -0.697371
v -2.469052 0.687491 -0.689885
v -2.469037 0.692507 -0.682952
v -2.469846 0.712812 -0.704618
v -2.402075 0.594869 -0.903856
v -2.403467 0.582761 -0.883926
v -2.400247 0.606329 -0.894709
v -2.400130 0.605768 -0.910362
v -2.401274 0.594731 -0.910462
v -2.399159 0.609321 -0.917342
v -2.399287 0.610072 -0.900792
v -2.402940 0.606351 -0.865464
v -2.402217 0.610100 -0.869873
v -2.405425 0.606476 -0.828249
v -2.404922 0.610268 -0.830528
v -2.407041 0.606571 -0.811237
v -2.406680 0.610395 -0.812542
v -2.410406 0.606669 -0.776230
v -2.410341 0.610526 -0.775532
v -2.413603 0.606789 -0.746712
v -2.413820 0.610686 -0.744324
v -2.417353 0.606558 -0.704873
v -2.417901 0.610377 -0.700089
v -2.420619 0.606808 -0.674184
v -2.421455 0.610713 -0.667643
v -2.421746 0.602324 -0.673648
v -2.422681 0.604709 -0.667078
v -2.421059 0.590945 -0.682882
v -2.421933 0.589479 -0.676840
v -2.420974 0.582054 -0.692983
v -2.421839 0.577578 -0.687518
v -2.420429 0.576359 -0.710348
v -2.421245 0.569955 -0.705877
v -2.417737 0.574180 -0.743356
v -2.418314 0.567037 -0.740775
v -2.409253 0.575083 -0.826107
v -2.409083 0.568246 -0.828262
v -2.406171 0.578101 -0.862638
v -2.405729 0.572286 -0.866886
v -2.402789 0.578523 -0.889391
v 3.100731 0.595270 -0.785104
v 3.104572 0.591656 -0.789879
v 3.104547 0.599232 -0.797239
v 3.100701 0.604386 -0.793959
v 3.104515 0.603881 -0.807113
v 3.100662 0.609979 -0.805838
v 3.104477 0.604766 -0.818454
v 3.100617 0.611044 -0.819482
v 3.104439 0.601196 -0.829876
v 3.100571 0.606748 -0.833226
v 3.104408 0.593015 -0.839446
v 3.100533 0.596905 -0.844740
v 3.104389 0.581182 -0.844961
v 3.100511 0.582668 -0.851376
v 3.104389 0.567847 -0.845039
v 3.100511 0.566624 -0.851469
v 3.104408 0.555618 -0.839383
v 3.100533 0.551910 -0.844664
v 3.104442 0.547048 -0.829124
v 3.100574 0.541600 -0.832321
v 3.104483 0.543792 -0.816535
v 3.100624 0.537681 -0.817174
v 3.104524 0.545775 -0.804215
v 3.100673 0.540067 -0.802351
v 3.104558 0.552079 -0.794149
v 3.100713 0.547653 -0.790240
v 3.104579 0.561169 -0.787516
v 3.100740 0.558589 -0.782261
v 3.104589 0.571671 -0.784683
v 3.100751 0.571225 -0.778852
v 3.104586 0.582174 -0.785587
v 3.100748 0.583862 -0.779939
v 3.107105 0.585782 -0.798222
v 3.107089 0.590665 -0.802966
v 3.107068 0.593662 -0.809330
v 3.107044 0.594232 -0.816640
v 3.107019 0.591931 -0.824002
v 3.106999 0.586658 -0.830170
v 3.106987 0.579031 -0.833725
v 3.106987 0.570436 -0.833775
v 3.106999 0.562554 -0.830129
v 3.107021 0.557031 -0.823518
v 3.107048 0.554931 -0.815402
v 3.107074 0.556209 -0.807462
v 3.107096 0.560273 -0.800974
v 3.107110 0.566132 -0.796699
v 3.107116 0.572901 -0.794873
v 3.107114 0.579670 -0.795455
v 3.107055 0.575131 -0.813334
v -0.783361 0.982440 -0.865170
v -0.832671 0.985818 -0.817570
v -0.798016 1.015400 -0.812761
v -0.750044 1.011871 -0.861366
v -0.712682 0.983500 -0.901873
v -0.687434 1.000880 -0.899360
v -0.858558 0.988419 -0.778128
v -0.888512 0.992659 -0.717891
v -0.853233 1.022335 -0.712528
v -0.824319 1.017788 -0.773279
v -0.941128 1.003953 -0.577121
v -0.904706 1.030979 -0.576985
v -0.996015 1.020935 -0.303188
v -0.958372 1.049985 -0.307409
v 1.578984 1.011595 -0.589512
v 1.444595 1.062809 -0.578943
v 1.525747 1.075729 -0.421783
v 1.674966 1.022180 -0.442617
v 1.342983 0.987336 -0.770370
v 1.304622 1.001166 -0.765208
v 1.337007 1.024844 -0.729802
v 1.424438 0.992114 -0.734073
v 1.750105 1.023799 -0.165055
v 1.604494 1.069568 -0.162097
v 1.132541 1.113929 -0.751561
v 1.167775 1.132512 -0.692764
v 1.245908 1.157669 -0.536673
v 1.312544 1.164268 -0.369577
v 1.357684 1.159985 -0.160145
v 0.986938 1.219611 -0.729561
v 0.994046 1.239086 -0.636222
v 1.018292 1.261259 -0.469246
v 1.037357 1.273620 -0.259523
v 1.044549 1.273622 -0.168244
v 0.932765 1.257109 -0.689999
v 0.903706 1.287881 -0.597290
v 0.892489 1.314381 -0.426715
v 0.896222 1.326653 -0.159607
v -0.302710 1.082467 -0.865275
v -0.031340 1.073763 -0.860903
v -0.046810 0.969700 -0.895894
v -0.329262 0.971227 -0.903377
v -0.537633 1.087965 -0.860833
v -0.445673 1.086684 -0.862140
v -0.486619 0.976598 -0.901018
v -0.624874 0.985981 -0.895863
v -0.252993 1.279868 -0.795127
v 0.040732 1.277889 -0.792641
v -0.437636 1.203846 -0.821059
v -0.372072 1.183988 -0.828687
v 0.379588 0.967731 -0.884729
v 0.380345 1.059263 -0.857056
v 0.241865 1.274539 -0.791070
v 0.380351 1.269968 -0.793863
v -0.362196 0.981099 -0.901207
v -0.334222 1.084457 -0.864556
v -0.282438 1.274384 -0.797114
v -0.409359 1.236542 -0.809858
v -0.375070 1.276999 -0.794490
v 0.821327 0.964352 -0.847246
v 0.799456 1.043783 -0.824370
v 1.033586 1.032385 -0.806639
v 1.111564 0.966008 -0.808402
v 1.106319 0.964711 -0.809356
v 0.737671 1.227441 -0.800098
v 0.854338 1.170502 -0.802755
v 0.483530 1.263475 -0.795544
v 0.660180 1.049598 -0.835395
v 0.401608 1.059910 -0.856173
v 0.402722 1.268943 -0.793644
v 0.401749 0.968333 -0.883976
v 0.617757 1.250724 -0.798091
v 0.672250 1.120970 -0.821286
vn -0.5793 0.7390 0.3439
vn -0.4938 0.8554 0.1565
vn -0.7090 0.7004 0.0824
vn -0.2923 0.4451 0.8464
vn -0.1986 -0.0302 0.9796
vn -0.6988 -0.3025 0.6482
vn -0.0348 0.9596 -0.2792
vn -0.0767 0.7443 -0.6634
vn -0.0461 0.7088 -0.7039
vn 0.1188 -0.0153 0.9928
vn 0.1059 0.4394 0.8920
vn 0.1549 0.0381 0.9872
vn 0.1268 0.8464 0.5172
vn 0.3113 0.5694 0.7608
vn 0.3086 0.5032 0.8072
vn -0.8608 -0.5042 0.0701
vn -0.7321 -0.6734 -0.1030
vn -0.7573 -0.5624 -0.3321
vn -0.0141 0.8972 0.4414
vn -0.0502 0.9817 -0.1836
vn -0.0362 0.9969 -0.0694
vn -0.6008 0.4818 0.6379
vn -0.8198 0.3921 0.4174
vn 0.0803 0.3517 0.9327
vn 0.1171 -0.0602 0.9913
vn 0.0382 0.2353 0.9712
vn -0.8152 0.3576 -0.4556
vn -0.7999 -0.1358 0.5845
vn -0.7463 0.3521 0.5648
vn -0.0198 -0.3571 0.9338
vn -0.0145 -0.0741 0.9971
vn -0.0097 -0.3916 0.9201
vn -0.1135 0.0908 0.9894
vn -0.0811 0.0944 0.9922
vn -0.0792 0.0304 0.9964
vn -0.0021 -0.0011 1.0000
vn 0.0015 -0.1269 0.9919
vn -0.0005 0.0265 0.9996
vn 0.0997 0.3902 0.9153
vn 0.0930 0.3320 0.9387
vn -0.0061 0.9991 -0.0409
vn 0.0049 0.9734 0.2292
vn -0.0278 0.9989 0.0385
vn -0.2079 0.9343 0.2894
vn -0.0250 0.9909 0.1320
vn -0.0326 0.9894 0.1416
vn 0.0141 0.5672 -0.8235
vn 0.1050 0.6859 -0.7201
vn 0.0765 0.6585 -0.7487
vn -0.0170 0.7829 0.6219
vn -0.0156 0.9518 0.3064
vn -0.0177 0.9378 0.3467
vn 0.0405 0.0566 0.9976
vn -0.0079 0.5066 0.8621
vn -0.0110 0.4126 0.9108
vn 0.0840 0.3218 0.9431
vn 0.0879 0.1800 0.9797
vn -0.0068 0.6277 0.7784
vn 0.0058 0.6790 0.7341
vn -0.0096 0.6762 0.7367
vn -0.0015 0.0286 0.9996
vn -0.8749 -0.4765 0.0863
vn -0.8305 -0.5537 -0.0609
vn -0.9964 0.0038 0.0847
vn -0.2394 0.9705 0.0293
vn -0.5658 0.8212 0.0741
vn -0.2268 0.9738 0.0145
vn -0.5665 -0.8195 0.0862
vn -0.8893 0.0608 0.4533
vn -0.9329 -0.3392 0.1211
vn -0.0006 0.6886 0.7251
vn -0.0224 0.7762 0.6301
vn 0.0277 0.8784 0.4771
vn -0.0374 0.9891 0.1422
vn -0.0149 0.4082 0.9128
vn -0.0201 0.6467 -0.7625
vn -0.0183 0.6286 -0.7775
vn 0.8571 0.5082 0.0842
vn 0.5648 0.8232 0.0576
vn 0.5022 0.8647 -0.0029
vn -0.0552 -0.8832 0.4658
vn -0.0396 -0.9511 0.3063
vn -0.0278 -0.8898 0.4555
vn 0.0954 0.0696 0.9930
vn -0.4926 -0.8628 0.1138
vn -0.6530 -0.7485 0.1155
vn -0.5314 -0.8431 0.0826
vn -0.0409 -0.0552 0.9976
vn -0.0434 0.2917 0.9555
vn -0.0346 0.3411 0.9394
vn -0.0272 0.5012 0.8649
vn -0.0619 0.9789 0.1949
vn -0.0828 0.9858 0.1459
vn -0.5094 -0.8124 0.2838
vn -0.5596 0.0331 0.8281
vn -0.8874 -0.0659 0.4562
vn 0.0251 0.9984 -0.0500
vn 0.0192 0.9864 0.1633
vn 0.0189 0.9886 0.1496
vn -0.1926 0.9759 0.1029
vn -0.6346 0.7092 0.3071
vn -0.3856 0.8832 0.2670
vn 0.0235 0.0867 0.9960
vn 0.0446 0.0597 0.9972
vn -0.6060 -0.3781 -0.6999
vn -0.0349 -0.1327 -0.9905
vn -0.0709 -0.5211 -0.8506
vn -0.6106 -0.0316 0.7913
vn -0.9294 0.0714 0.3621
vn -0.9320 0.0081 0.3624
vn -0.1446 0.3921 0.9085
vn -0.0187 0.3875 0.9217
vn -0.2266 -0.6982 0.6791
vn -0.2656 -0.8505 0.4540
vn -0.5652 -0.5054 0.6520
vn -0.0331 0.9287 0.3693
vn -0.0024 0.6895 0.7243
vn -0.0175 0.9158 0.4012
vn -0.6911 -0.2079 0.6922
vn -0.9117 -0.1655 0.3760
vn 0.1083 0.7897 0.6039
vn -0.8138 -0.3426 -0.4694
vn 0.3119 0.7208 -0.6190
vn 0.2364 0.9306 -0.2795
vn 0.1952 0.7547 -0.6263
vn 0.8428 -0.1314 0.5219
vn 0.9740 -0.0000 0.2264
vn 0.8008 0.0027 0.5990
vn 0.4501 -0.1025 0.8871
vn 0.6138 -0.2923 0.7334
vn 0.4209 -0.0569 0.9053
vn 0.7580 0.2605 0.5980
vn -0.0384 0.9143 0.4032
vn -0.0470 0.9863 0.1579
vn -0.0208 0.7474 0.6641
vn 0.0052 0.0598 0.9982
vn -0.0771 0.5818 0.8097
vn -0.1428 0.3301 0.9331
vn -0.8872 -0.0054 0.4614
vn -0.9665 0.2505 0.0558
vn -0.0227 0.9818 0.1883
vn -0.0121 0.8822 0.4707
vn 0.6176 -0.2648 0.7405
vn 0.1851 -0.1751 0.9670
vn 0.3337 -0.4347 0.8365
vn 0.0012 0.1071 0.9942
vn 0.0001 0.0538 0.9986
vn -0.0029 0.0247 0.9997
vn 0.0046 0.2599 0.9656
vn -0.0126 -0.1045 0.9944
vn -0.7540 -0.6066 -0.2521
vn -0.1149 -0.7880 -0.6049
vn -0.1290 -0.9437 -0.3045
vn -0.0915 0.5293 0.8435
vn -0.1564 0.1882 0.9696
vn -0.2575 0.5538 0.7919
vn 0.0614 0.2049 0.9769
vn 0.1792 0.1118 0.9774
vn 0.1131 0.0881 0.9897
vn 0.3464 0.2721 0.8978
vn 0.1711 -0.3123 0.9345
vn -0.0711 0.3182 -0.9454
vn -0.0448 0.6409 -0.7663
vn 0.0189 0.0533 0.9984
vn -0.1667 -0.1544 0.9738
vn -0.2617 -0.1489 0.9536
vn -0.2997 -0.1477 0.9425
vn -0.0156 0.7900 0.6129
vn -0.0068 0.6720 0.7405
vn -0.0319 0.9983 0.0486
vn -0.0385 0.9988 0.0293
vn -0.0431 0.9986 0.0294
vn 0.1325 0.8162 0.5624
vn -0.1729 0.9240 0.3411
vn -0.4194 0.8140 0.4019
vn 0.0158 0.9988 -0.0454
vn -0.6920 -0.0548 0.7198
vn -0.7052 -0.3131 0.6361
vn -0.8082 0.1715 0.5634
vn 0.8095 0.2702 0.5213
vn 0.3988 -0.0627 0.9149
vn -0.3269 -0.7413 -0.5861
vn -0.9966 -0.0658 0.0493
vn -0.8640 -0.2502 0.4368
vn -0.7905 -0.2812 0.5441
vn -0.2390 0.9709 0.0161
vn -0.5607 0.8244 0.0772
vn -0.2201 0.9754 0.0122
vn 0.1825 0.1425 0.9728
vn -0.0079 0.0542 0.9985
vn 0.1241 0.2734 0.9539
vn 0.2384 0.9239 0.2993
vn 0.4730 0.8492 0.2347
vn 0.4315 0.7867 0.4415
vn 0.0136 0.0738 0.9972
vn -0.0165 0.4039 0.9146
vn 0.0479 0.4478 0.8928
vn 0.0371 0.2882 0.9569
vn 0.0181 0.6896 0.7240
vn -0.0365 0.7807 0.6239
vn -0.6023 0.6040 0.5219
vn -0.0345 0.9374 0.3464
vn -0.9827 0.1441 0.1164
vn 0.3053 0.8935 -0.3292
vn 0.1427 0.9659 0.2159
vn 0.5540 0.7541 0.3528
vn 0.0038 0.6900 0.7238
vn -0.0002 0.6159 0.7879
vn -0.7110 -0.6039 0.3603
vn -0.7050 -0.6975 0.1283
vn -0.1622 0.4144 0.8955
vn 0.4321 -0.1097 0.8952
vn 0.2072 0.9780 0.0258
vn 0.1034 0.9231 -0.3704
vn 0.1474 0.9257 -0.3484
vn -0.7488 -0.5130 -0.4197
vn 0.0037 0.6949 0.7191
vn -0.0130 0.9160 0.4009
vn -0.9200 -0.0863 0.3822
vn -0.8113 -0.1598 0.5623
vn 0.0277 0.9823 0.1850
vn 0.0837 -0.3282 0.9409
vn 0.0322 -0.1924 0.9808
vn 0.1375 -0.2097 0.9681
vn 0.2606 0.9654 -0.0085
vn -0.0345 0.1402 0.9895
vn -0.0448 0.9851 -0.1661
vn -0.0469 -0.0149 0.9988
vn 0.0268 0.1533 0.9878
vn -0.9948 -0.0447 0.0914
vn -0.9728 0.2240 0.0594
vn -0.9454 0.3165 0.0779
vn -0.1610 0.0879 0.9830
vn -0.3586 0.7574 0.5457
vn -0.1790 0.5261 0.8314
vn 0.0014 0.5843 0.8115
vn -0.0027 0.0959 0.9954
vn -0.0001 0.2601 0.9656
vn 0.3295 0.7062 0.6266
vn 0.0914 0.3218 0.9424
vn -0.6614 0.2675 0.7008
vn -0.7339 0.1829 0.6541
vn -0.0087 -0.0280 0.9996
vn -0.0168 0.0886 0.9959
vn -0.1290 -0.2902 0.9482
vn -0.0829 0.1365 0.9872
vn -0.7164 0.0878 0.6921
vn -0.9311 0.0936 0.3525
vn -0.4864 -0.7310 0.4786
vn -0.5411 -0.8282 0.1461
vn -0.5445 -0.8222 0.1659
vn 0.0136 0.6367 0.7710
vn -0.0065 0.7729 0.6345
vn -0.0775 0.8896 0.4501
vn -0.0252 0.3150 0.9488
vn -0.6840 -0.1244 0.7188
vn -0.0690 0.9889 0.1315
vn -0.0664 0.7500 -0.6581
vn 0.3453 0.8908 0.2955
vn 0.3632 0.7442 0.5606
vn 0.3554 0.7322 0.5810
vn -0.0015 -0.5373 0.8434
vn -0.9509 0.1965 -0.2390
vn -0.9820 0.1822 0.0497
vn -0.6209 0.2343 -0.7481
vn -0.5660 0.6578 0.4970
vn -0.3097 0.7766 0.5486
vn -0.0028 -0.1547 0.9880
vn 0.0373 0.2883 0.9568
vn 0.1342 0.8133 0.5662
vn 0.1140 0.9398 0.3222
vn 0.0938 0.9607 0.2613
vn -0.0490 0.5873 -0.8079
vn -0.0191 0.6689 -0.7431
vn -0.1719 -0.0759 0.9822
vn -0.0800 0.1139 0.9903
vn -0.1758 0.1678 0.9700
vn -0.0265 0.6574 -0.7531
vn -0.7732 -0.0462 -0.6325
vn -0.8115 -0.2996 -0.5017
vn 0.0067 0.9901 0.1400
vn 0.0051 0.9962 0.0864
vn 0.0101 0.9484 0.3168
vn 0.0175 0.8077 0.5894
vn 0.0100 0.9850 0.1724
vn 0.0023 0.0673 0.9977
vn 0.0150 -0.1665 0.9859
vn -0.0019 0.0247 0.9997
vn 0.0012 -0.0046 1.0000
vn 0.0826 0.8589 0.5055
vn 0.0707 0.5613 0.8246
vn 0.1503 0.8638 0.4808
vn -0.0007 -0.0978 0.9952
vn 0.0013 0.0609 0.9981
vn -0.7799 -0.5429 0.3116
vn -0.1098 0.9939 0.0061
vn -0.1002 0.9949 0.0103
vn -0.0311 -0.0479 0.9984
vn 0.1488 0.0600 0.9870
vn -0.0181 -0.0661 0.9976
vn 0.1054 0.9669 0.2322
vn 0.0848 0.9825 0.1661
vn 0.0537 0.9761 0.2106
vn -0.1322 0.7005 0.7013
vn -0.0743 0.0129 0.9972
vn -0.0720 0.6274 0.7753
vn -0.2434 -0.1613 0.9564
vn 0.5898 -0.2483 0.7685
vn 0.5988 -0.2630 0.7565
vn -0.0517 -0.7424 0.6680
vn -0.0264 -0.4588 0.8882
vn -0.0376 -0.7220 0.6909
vn -0.9763 -0.0628 0.2069
vn -0.9891 -0.0347 0.1430
vn -0.8793 0.3059 0.3650
vn -0.1025 0.8136 0.5723
vn -0.7004 0.4972 0.5121
vn -0.9371 -0.1864 -0.2951
vn -0.0038 0.4524 0.8918
vn -0.0552 -0.5351 0.8430
vn -0.0401 0.0120 0.9991
vn -0.0722 0.8085 -0.5840
vn -0.0619 0.7593 -0.6478
vn 0.0738 0.9693 0.2347
vn -0.0362 0.9980 0.0516
vn -0.0406 0.9983 0.0411
vn -0.0800 -0.9598 -0.2692
vn -0.0826 -0.8190 -0.5678
vn -0.8664 -0.4659 0.1796
vn 0.0393 0.5057 0.8618
vn -0.0137 0.8886 0.4586
vn 0.0062 0.8588 0.5122
vn -0.7243 -0.4112 -0.5534
vn -0.9906 0.0106 -0.1362
vn -0.7237 -0.3555 -0.5915
vn 0.0845 -0.3189 0.9440
vn 0.0988 0.1106 0.9889
vn 0.0227 0.2771 0.9606
vn 0.3925 0.8823 -0.2597
vn 0.5399 0.7950 -0.2766
vn 0.7766 0.6294 -0.0269
vn -0.1902 0.9446 0.2676
vn -0.0876 0.9953 0.0412
vn -0.2246 0.9718 0.0718
vn -0.0021 0.9436 0.3311
vn 0.0050 0.7711 0.6367
vn -0.5139 0.0456 0.8567
vn -0.5678 -0.8140 0.1228
vn 0.4692 0.6568 -0.5903
vn 0.3137 0.3611 0.8782
vn 0.3209 0.5592 0.7644
vn -0.9938 0.0721 0.0845
vn -0.9944 0.0419 0.0974
vn -0.0312 0.9947 0.0977
vn -0.0212 0.9928 0.1177
vn 0.6280 -0.2839 0.7246
vn -0.4425 0.8773 0.1860
vn -0.0162 0.1388 0.9902
vn -0.1073 0.0330 0.9937
vn 0.0640 -0.0771 0.9950
vn 0.3394 0.1537 0.9280
vn -0.0033 0.9657 -0.2597
vn -0.8307 0.5452 0.1125
vn -0.9628 -0.2359 0.1321
vn -0.8243 0.5558 0.1079
vn 0.0106 0.5574 0.8302
vn 0.0593 0.8405 0.5386
vn 0.0172 0.5656 0.8245
vn -0.0764 -0.7831 0.6172
vn -0.6361 -0.6888 0.3478
vn -0.7402 0.5928 0.3172
vn -0.1688 0.7268 0.6658
vn -0.0920 0.8934 0.4398
vn 0.0505 -0.9930 -0.1071
vn 0.0422 0.9503 -0.3085
vn 0.1194 0.9704 0.2098
vn 0.0517 0.9798 -0.1930
vn 0.1314 -0.3262 0.9361
vn 0.0814 -0.3284 0.9410
vn 0.9332 0.3428 0.1077
vn 0.9947 0.0304 0.0980
vn -0.9861 0.1472 0.0777
vn -0.9603 -0.1825 0.2109
vn -0.9820 0.1689 0.0843
vn -0.0081 -0.1685 0.9857
vn -0.0014 -0.1616 0.9869
vn -0.8935 -0.0416 0.4471
vn -0.8238 -0.0091 0.5667
vn -0.5933 0.8004 0.0852
vn 0.3238 0.0504 0.9448
vn 0.3085 0.0849 0.9474
vn 0.0583 0.9154 -0.3984
vn -0.1243 -0.4679 0.8750
vn -0.3473 -0.6804 0.6454
vn 0.2587 0.3492 0.9006
vn -0.0715 0.8205 0.5672
vn -0.0039 0.2948 0.9556
vn 0.0041 -0.1019 0.9948
vn -0.9903 -0.0665 0.1222
vn -0.6246 -0.7775 0.0734
vn -0.6425 -0.7619 0.0820
vn -0.6329 -0.0756 -0.7705
vn -0.0468 0.7472 0.6630
vn -0.0195 0.5288 0.8485
vn -0.0206 0.7058 0.7081
vn -0.8166 0.5673 0.1066
vn -0.8005 0.5904 0.1031
vn 0.0582 0.5576 -0.8281
vn -0.0393 -0.4714 0.8810
vn -0.0601 -0.1225 0.9906
vn -0.0488 -0.0520 0.9975
vn -0.4386 0.5792 0.6871
vn -0.2340 0.6578 0.7159
vn 0.0466 0.6851 0.7270
vn -0.1196 0.7577 0.6416
vn 0.1970 0.0258 0.9801
vn 0.9694 -0.2341 0.0740
vn 0.9961 0.0512 0.0724
vn 0.3848 -0.0260 0.9226
vn 0.9476 -0.2511 0.1974
vn 0.9934 0.0164 0.1138
vn -0.0871 0.9533 0.2892
vn -0.0629 0.9964 0.0566
vn -0.3656 0.7858 0.4988
vn -0.1538 0.6009 0.7844
vn -0.6283 -0.7647 -0.1432
vn -0.0160 0.7802 0.6253
vn -0.8646 -0.4968 0.0747
vn -0.7052 -0.7034 0.0886
vn 0.1343 0.2196 0.9663
vn 0.2816 0.0920 0.9551
vn -0.0359 -0.4766 0.8784
vn -0.0534 -0.4915 0.8692
vn -0.7315 -0.6038 -0.3168
vn -0.7996 -0.6004 -0.0135
vn -0.1473 0.2924 0.9449
vn -0.5899 0.7470 0.3067
vn -0.3999 0.8710 0.2853
vn 0.0245 0.3776 0.9256
vn 0.0635 -0.3509 0.9343
vn 0.0709 -0.3425 0.9368
vn 0.0363 0.1449 0.9888
vn -0.0051 0.6253 0.7804
vn 0.0230 0.0418 0.9989
vn 0.0298 0.0390 0.9988
vn -0.4670 0.5974 0.6520
vn 0.3313 0.0708 0.9409
vn -0.0170 0.2176 0.9759
vn 0.0218 0.4954 0.8684
vn 0.0335 0.5022 0.8641
vn -0.5777 -0.7931 0.1930
vn -0.5816 -0.7997 0.1491
vn -0.0070 0.0299 0.9995
vn -0.0104 0.0675 0.9977
vn 0.0059 0.3345 0.9424
vn 0.1128 0.7030 0.7022
vn 0.0057 0.3300 0.9440
vn -0.0444 0.5674 0.8222
vn -0.0730 0.7877 0.6117
vn -0.0551 0.9855 0.1603
vn -0.0473 0.9837 0.1736
vn 0.1124 0.9758 0.1875
vn -0.0023 -0.3257 0.9455
vn -0.0123 -0.2753 0.9613
vn 0.7003 0.5247 0.4840
vn 0.8627 0.5053 -0.0211
vn 0.7118 0.4008 0.5768
vn -0.0548 0.2226 0.9734
vn -0.9888 -0.0056 0.1489
vn -0.9930 0.1095 0.0437
vn -0.9935 0.0550 0.0999
vn -0.9958 0.0562 0.0720
vn 0.0431 0.9945 -0.0951
vn -0.0468 0.9947 -0.0919
vn -0.6923 0.0472 0.7201
vn 0.9516 -0.3070 -0.0118
vn 0.9993 0.0360 -0.0033
vn 0.9478 0.0409 -0.3163
vn -0.1420 0.8278 0.5428
vn -0.1076 -0.0593 0.9924
vn -0.4810 0.8746 0.0604
vn -0.2485 0.9580 0.1429
vn 0.0013 0.3027 0.9531
vn 0.0819 0.3953 0.9149
vn 0.0099 0.9997 0.0237
vn -0.8729 -0.2419 -0.4237
vn 0.9630 -0.2435 0.1156
vn 0.0259 0.0612 0.9978
vn 0.0952 0.2471 0.9643
vn 0.5475 0.4201 0.7237
vn -0.0149 -0.1552 0.9878
vn -0.0009 0.1277 0.9918
vn 0.1532 0.4537 0.8779
vn -0.0155 0.6369 0.7708
vn -0.8375 0.2807 0.4688
vn -0.7991 0.2345 -0.5535
vn -0.8031 0.3746 0.4634
vn 0.9256 0.3199 0.2024
vn 0.8425 0.5165 0.1530
vn -0.0085 -0.1354 0.9908
vn -0.0144 -0.1632 0.9865
vn 0.3280 0.9441 -0.0343
vn -0.0266 -0.0085 0.9996
vn -0.1055 0.9921 -0.0672
vn -0.8073 0.5746 0.1344
vn -0.1420 0.9523 0.2701
vn 0.1621 0.5837 0.7956
vn 0.2809 0.8286 0.4843
vn 0.9423 -0.1866 -0.2779
vn 0.6849 -0.4767 -0.5511
vn 0.9719 -0.1338 -0.1936
vn -0.0045 -0.0259 0.9997
vn 0.0009 0.5490 0.8358
vn 0.0083 0.3983 0.9172
vn 0.0252 0.4078 0.9127
vn -0.0377 0.4578 0.8882
vn -0.7029 -0.6658 0.2503
vn -0.5955 0.5357 -0.5987
vn -0.0593 0.8566 -0.5125
vn -0.5710 0.7800 -0.2561
vn -0.7340 0.6182 -0.2813
vn -0.1024 0.9122 -0.3967
vn 0.0904 -0.3407 0.9358
vn 0.0800 -0.2784 0.9571
vn 0.1592 0.9009 0.4037
vn -0.9599 -0.2162 -0.1783
vn -0.9846 -0.1748 -0.0018
vn 0.3499 0.9238 0.1553
vn 0.3161 0.9445 0.0898
vn 0.3204 0.9303 0.1787
vn -0.5160 -0.8527 0.0811
vn -0.5768 -0.8126 0.0840
vn -0.1493 -0.0442 0.9878
vn 0.6936 -0.4620 0.5527
vn -0.9610 0.2737 -0.0390
vn -0.9967 0.0733 0.0359
vn -0.1767 0.7686 -0.6148
vn -0.6465 0.7034 -0.2955
vn 0.0343 0.2507 0.9675
vn 0.0280 -0.1845 0.9824
vn -0.0489 -0.1343 0.9897
vn 0.0203 0.0130 0.9997
vn 0.0200 0.9012 0.4330
vn 0.0205 0.8673 0.4974
vn 0.0832 0.1746 0.9811
vn 0.0802 0.0219 0.9965
vn 0.4257 0.6145 -0.6641
vn 0.6048 0.6120 -0.5095
vn 0.6811 0.6738 -0.2866
vn -0.8487 0.0275 0.5282
vn -0.1335 -0.1130 0.9846
vn -0.9933 0.1131 0.0217
vn -0.9870 0.1549 0.0423
vn -0.0932 -0.5484 0.8310
vn -0.1290 -0.1214 0.9842
vn 0.0361 0.1513 0.9878
vn -0.0355 0.9990 0.0259
vn -0.3405 0.7669 0.5440
vn 0.0843 0.9353 0.3437
vn -0.9057 0.1865 0.3806
vn 0.0005 0.2593 0.9658
vn 0.0042 0.5918 0.8061
vn -0.0053 0.6039 0.7970
vn -0.0020 0.2276 0.9737
vn -0.0003 0.2455 0.9694
vn 0.0474 0.9756 0.2143
vn 0.0712 0.9973 0.0157
vn 0.0538 0.9986 -0.0002
vn 0.0528 0.9986 0.0032
vn -0.4472 0.8585 0.2512
vn -0.4075 0.8637 0.2966
vn -0.4431 0.8577 0.2607
vn -0.9126 -0.3969 0.0980
vn -0.6784 -0.5420 0.4959
vn -0.2715 0.9303 0.2467
vn 0.0107 0.9892 0.1465
vn -0.0008 -0.1186 0.9929
vn -0.6905 0.4935 -0.5288
vn 0.1074 0.9877 0.1134
vn 0.8440 -0.5363 -0.0028
vn 0.8467 0.5317 0.0183
vn 0.3198 0.8809 0.3489
vn -0.9429 -0.3318 -0.0280
vn -0.9974 -0.0623 0.0366
vn -0.8241 -0.4580 -0.3333
vn 0.1804 -0.0767 0.9806
vn -0.8527 -0.3087 0.4214
vn -0.9045 -0.4170 0.0894
vn -0.8826 -0.4632 0.0797
vn -0.0361 -0.1960 0.9799
vn -0.0370 -0.2212 0.9745
vn 0.0831 0.9934 0.0791
vn -0.0690 0.9973 0.0237
vn -0.2412 0.5368 0.8085
vn 0.0696 -0.1855 0.9802
vn 0.0039 -0.1231 0.9924
vn -0.0587 -0.9958 0.0706
vn -0.1560 -0.1402 0.9778
vn 0.0126 0.9762 0.2167
vn 0.0182 0.9357 0.3524
vn -0.9896 0.1013 0.1020
vn 0.0607 -0.3114 0.9483
vn -0.8081 -0.5768 0.1200
vn 0.0822 0.7320 -0.6763
vn -0.0559 0.8484 -0.5264
vn -0.8807 0.1998 -0.4295
vn -0.0375 0.9917 0.1227
vn -0.2402 0.5430 0.8046
vn 0.3397 0.9372 0.0789
vn 0.3171 0.9480 0.0256
vn -0.0773 0.9968 0.0223
vn -0.7590 -0.6427 0.1038
vn -0.6455 -0.3807 0.6621
vn -0.2484 0.8425 0.4780
vn 0.0946 0.0117 0.9954
vn 0.0046 0.1468 0.9892
vn -0.0275 0.9733 0.2280
vn 0.0744 -0.2330 0.9696
vn -0.0270 -0.0058 0.9996
vn -0.5285 0.8351 0.1530
vn -0.6728 0.7202 0.1691
vn 0.2585 0.4733 0.8421
vn -0.0068 0.5891 0.8080
vn -0.0264 0.9913 0.1286
vn -0.0425 0.9944 0.0965
vn 0.1108 -0.0526 0.9925
vn 0.0372 0.9434 0.3296
vn -0.3007 0.9522 0.0532
vn -0.4886 0.8722 0.0219
vn -0.0399 0.9985 -0.0375
vn -0.7596 0.6490 -0.0425
vn 0.0024 0.5295 0.8483
vn -0.0161 -0.1507 0.9884
vn -0.2696 -0.4433 0.8549
vn -0.1673 -0.4765 0.8631
vn -0.7505 0.6011 -0.2747
vn -0.9185 -0.3954 0.0030
vn -0.9827 -0.1807 0.0406
vn -0.8380 -0.5391 0.0843
vn 0.0089 0.4939 0.8695
vn 0.3487 0.3420 0.8726
vn 0.9684 -0.2463 0.0388
vn 0.1883 0.5914 -0.7841
vn -0.7781 0.2651 0.5694
vn -0.0270 0.8831 0.4685
vn -0.8210 -0.5675 0.0630
vn 0.0745 -0.3528 0.9327
vn -0.3604 0.6110 0.7048
vn -0.9958 -0.0139 0.0902
vn -0.9934 -0.0721 0.0891
vn -0.9585 0.1939 0.2091
vn -0.8118 0.2766 0.5143
vn -0.0006 0.1453 0.9894
vn -0.2870 -0.7736 -0.5650
vn -0.4770 -0.8780 -0.0400
vn -0.4200 -0.1336 0.8976
vn -0.2895 -0.3599 0.8870
vn 0.0681 -0.2024 0.9769
vn -0.0001 -0.6870 0.7267
vn -0.9266 -0.0755 0.3684
vn 0.0191 0.5574 0.8300
vn 0.3632 0.0191 0.9315
vn -0.4155 0.6296 0.6565
vn -0.5808 0.8108 0.0726
vn -0.9905 0.1070 0.0865
vn 0.8402 0.5131 -0.1755
vn -0.9232 -0.3601 0.1345
vn -0.9955 0.0518 0.0793
vn -0.0741 -0.6277 0.7749
vn -0.2892 -0.7172 0.6340
vn -0.0435 -0.6687 0.7423
vn 0.1844 0.5611 0.8070
vn -0.7635 0.6322 0.1318
vn 0.8605 0.5076 0.0433
vn -0.0224 0.4444 0.8956
vn -0.0153 -0.7169 0.6970
vn -0.0097 -0.3865 0.9223
vn 0.0752 -0.1937 0.9782
vn 0.0529 0.2184 0.9744
vn 0.3412 0.9400 -0.0011
vn 0.3400 0.9401 0.0245
vn -0.0543 0.9485 0.3121
vn -0.2509 0.5692 0.7830
vn -0.0752 -0.9943 0.0760
vn -0.0694 -0.9417 0.3292
vn -0.7417 0.3514 0.5713
vn -0.6789 0.0937 0.7282
vn -0.6740 -0.2331 0.7010
vn -0.7412 0.5473 0.3887
vn -0.7209 -0.5660 -0.4000
vn -0.0860 -0.8287 0.5531
vn -0.6915 -0.6824 0.2370
vn -0.7904 -0.3875 -0.4744
vn -0.6605 -0.4738 0.5825
vn -0.6791 -0.6027 0.4190
vn -0.9939 -0.1099 0.0030
vn -0.7203 -0.6921 0.0467
vn -0.7189 -0.6754 -0.1644
vn -0.8397 -0.2257 0.4940
vn -0.6815 0.0637 0.7291
vn -0.7839 -0.0917 0.6141
vn -0.7627 -0.6296 -0.1479
vn -0.8489 -0.3557 0.3909
vn -0.7906 -0.6091 0.0628
vn -0.8088 -0.5293 0.2562
vn -0.8002 -0.3226 -0.5055
vn -0.8510 -0.0631 -0.5214
vn -0.8614 0.1626 -0.4812
vn -0.7937 -0.5018 -0.3438
vn -0.8150 0.5580 0.1564
vn -0.8170 0.4566 0.3521
vn -0.8491 0.4437 -0.2867
vn -0.8426 0.5074 -0.1806
vn -0.8189 0.3398 0.4626
vn -0.8602 0.3302 -0.3885
vn -0.7493 0.2623 0.6080
vn -0.7927 0.6077 -0.0490
vn -0.7298 0.1389 0.6694
vn -0.1110 0.9053 0.4100
vn -0.0018 0.9967 0.0807
vn -0.0065 0.9910 0.1338
vn -0.7316 0.6735 0.1052
vn -0.0750 0.9875 0.1389
vn -0.0015 0.9845 -0.1755
vn -0.0048 0.9812 -0.1930
vn -0.6950 0.7080 -0.1250
vn -0.0610 0.9792 -0.1935
vn -0.7052 0.6278 -0.3295
vn -0.5280 -0.8449 0.0856
vn -0.5049 -0.8624 0.0361
vn -0.5439 -0.8367 0.0636
vn -0.5176 -0.8470 0.1208
vn -0.5756 -0.8173 0.0261
vn -0.9854 -0.1095 0.1302
vn -0.3997 0.4819 0.7798
vn -0.4708 0.0976 0.8768
vn -0.3106 0.2730 0.9105
vn -0.3144 0.3738 0.8726
vn -0.8928 -0.2359 -0.3837
vn -0.9971 0.0740 0.0156
vn -0.8504 -0.2491 -0.4634
vn -0.9993 -0.0339 -0.0185
vn -0.9317 0.1251 0.3409
vn -0.9626 0.0141 0.2707
vn -0.9289 -0.1152 0.3519
vn -0.7179 -0.6286 0.2990
vn -0.6859 -0.7144 0.1388
vn -0.6703 -0.4847 0.5619
vn -0.6045 -0.1954 0.7723
vn 0.1096 -0.3611 0.9261
vn 0.0209 -0.4652 0.8849
vn -0.1556 -0.3800 0.9118
vn -0.2587 -0.3533 0.8990
vn -0.3767 -0.4159 0.8277
vn -0.0256 -0.5114 0.8589
vn -0.0729 -0.4579 0.8860
vn -0.3929 -0.4832 0.7824
vn 0.2563 -0.4021 0.8790
vn 0.0159 0.5846 0.8111
vn 0.0012 -0.7248 0.6890
vn 0.0102 -0.3417 0.9397
vn 0.0058 -0.4525 0.8918
vn 0.0157 0.5411 0.8408
vn -0.0082 -0.3727 0.9279
vn 0.0105 0.5804 0.8143
vn -0.9962 -0.0318 0.0812
vn -0.9963 0.0001 0.0856
vn -0.1501 -0.9880 -0.0371
vn -0.1323 -0.9874 -0.0871
vn -0.1255 -0.9886 -0.0827
vn 0.0635 -0.8266 0.5592
vn 0.0653 -0.8306 0.5530
vn 0.0586 -0.2939 0.9540
vn 0.0807 -0.8219 0.5639
vn -0.0892 -0.4588 0.8841
vn -0.2581 -0.7820 0.5673
vn 0.1825 -0.5992 0.7795
vn 0.0521 -0.5244 0.8499
vn -0.1620 -0.6150 0.7717
vn -0.0401 -0.4458 0.8942
vn 0.5851 -0.4688 0.6617
vn 0.4272 -0.6091 0.6682
vn -0.2663 -0.7230 0.6374
vn 0.6716 -0.4316 0.6022
vn -0.1974 -0.6657 0.7197
vn 0.0157 -0.4774 0.8785
vn -0.1816 -0.9254 0.3327
vn -0.0027 -0.6390 0.7692
vn 0.0032 -0.6607 0.7506
vn 0.0161 -0.6537 0.7566
vn -0.2870 -0.6920 0.6624
vn -0.0002 0.1211 0.9926
vn 0.0205 -0.0481 0.9986
vn 0.0159 -0.0544 0.9984
vn 0.0277 0.0036 0.9996
vn 0.0253 -0.1792 0.9835
vn 0.0245 -0.2028 0.9789
vn 0.0253 -0.1794 0.9834
vn 0.0233 -0.1714 0.9849
vn 0.0154 0.0546 0.9984
vn 0.0018 0.0499 0.9988
vn 0.0224 -0.1488 0.9886
vn 0.0182 -0.1378 0.9903
vn 0.0335 -0.2275 0.9732
vn 0.0388 -0.2055 0.9779
vn 0.0260 -0.2212 0.9749
vn 0.0333 -0.1170 0.9926
vn 0.0542 -0.1610 0.9855
vn 0.0584 -0.1288 0.9899
vn 0.0659 -0.1795 0.9815
vn 0.0609 -0.2168 0.9743
vn 0.0584 0.1419 0.9882
vn 0.0794 0.1133 0.9904
vn 0.0130 0.2641 0.9644
vn 0.0794 0.3727 0.9245
vn 0.1477 0.9871 0.0626
vn 0.1256 0.9817 0.1431
vn 0.1888 0.9728 0.1342
vn 0.1741 0.9828 0.0616
vn 0.2408 0.9639 0.1137
vn 0.4061 0.9099 0.0848
vn 0.1250 0.9725 0.1965
vn 0.3087 0.9461 0.0984
vn 0.1587 0.9777 0.1376
vn 0.2007 0.9750 0.0956
vn 0.2416 0.9671 0.0795
vn 0.3793 0.9232 0.0623
vn 0.1393 0.9740 0.1787
vn 0.1263 0.9845 0.1219
vn 0.2968 0.9523 0.0708
vn 0.1733 0.9780 0.1163
vn 0.1480 0.9805 0.1289
vn 0.6134 0.7890 0.0343
vn 0.2408 0.9691 0.0544
vn 0.2827 0.9579 0.0497
vn 0.4297 0.9022 0.0365
vn 0.1023 0.9942 0.0321
vn 0.3332 0.9421 0.0378
vn 0.1972 0.9785 0.0610
vn 0.1476 0.9876 0.0544
vn 0.6246 0.7809 -0.0021
vn 0.0868 0.9962 -0.0003
vn 0.0632 0.9980 -0.0002
vn 0.3040 0.9527 -0.0010
vn 0.2431 0.9700 -0.0008
vn 0.3499 0.9368 -0.0012
vn 0.4152 0.9097 -0.0014
vn 0.1321 0.9912 -0.0004
vn 0.1925 0.9813 -0.0006
vn -0.0060 -0.1757 0.9844
vn 0.0015 0.5151 0.8571
vn -0.0065 -0.3198 0.9475
vn -0.0299 0.9979 0.0580
vn -0.0355 0.9949 0.0943
vn -0.0310 0.8129 0.5816
vn 0.0018 0.7982 0.6024
vn 0.0261 0.8197 0.5721
vn 0.0397 0.8370 0.5458
vn 0.1702 0.9408 0.2931
vn 0.1075 0.9465 0.3042
vn 0.0743 0.9461 0.3153
vn 0.2563 0.9161 0.3084
vn 0.0482 0.9483 0.3136
vn -0.0662 0.9530 0.2955
vn -0.0068 0.9514 0.3078
vn 0.0157 0.8252 0.5646
vn 0.0282 0.9499 0.3112
vn 0.0150 0.9533 0.3018
vn 0.1707 0.9708 0.1687
vn 0.1024 0.9814 0.1623
vn 0.0672 0.9848 0.1602
vn 0.2560 0.9512 0.1725
vn 0.0425 0.9873 0.1528
vn -0.0813 0.9904 0.1117
vn -0.0142 0.9929 0.1178
vn 0.0219 0.9891 0.1459
vn 0.0079 0.9914 0.1306
vn 0.1688 0.9821 0.0839
vn 0.0927 0.9926 0.0784
vn 0.0552 0.9955 0.0772
vn 0.2569 0.9621 0.0915
vn 0.0317 0.9969 0.0724
vn -0.0756 0.9962 0.0438
vn -0.0300 0.9984 0.0489
vn -0.0025 0.9981 0.0618
vn 0.0133 0.9975 0.0692
vn 0.1541 0.9878 0.0212
vn 0.0835 0.9963 0.0196
vn 0.0463 0.9988 0.0186
vn 0.2472 0.9686 0.0278
vn 0.0251 0.9995 0.0198
vn -0.0744 0.9971 0.0138
vn -0.0356 0.9992 0.0161
vn -0.0042 0.9998 0.0210
vn 0.0118 0.9998 0.0178
vn 0.0858 0.9963 -0.0003
vn 0.0484 0.9988 -0.0002
vn 0.2455 0.9694 -0.0008
vn 0.1536 0.9881 -0.0005
vn 0.3175 0.9483 -0.0011
vn 0.0254 0.9997 -0.0001
vn -0.2940 0.9558 0.0010
vn -0.0692 0.9976 0.0002
vn -0.0371 0.9993 0.0001
vn -0.0054 1.0000 -0.0000
vn 0.0120 0.9999 -0.0000
vn 0.2716 0.9624 -0.0009
vn 0.2266 0.9737 0.0225
vn 0.2507 0.9550 0.1587
vn 0.4804 0.8770 0.0063
vn 0.4340 0.8978 0.0751
vn -0.4535 -0.5516 0.7001
vn -0.0608 -0.7227 0.6885
vn -0.2681 -0.7467 0.6087
vn -0.4178 -0.6413 0.6435
vn -0.1138 -0.7580 0.6423
vn -0.0907 0.1910 0.9774
vn -0.6476 0.3652 0.6688
vn -0.0393 -0.3137 0.9487
vn -0.1857 -0.2767 0.9428
vn -0.1080 -0.2966 0.9489
vn -0.1692 -0.1943 0.9662
vn 0.0449 0.8281 0.5588
vn 0.0728 0.7993 0.5966
vn 0.0203 -0.6630 0.7483
vn 0.0514 -0.6404 0.7664
vn 0.5402 -0.6754 0.5020
vn 0.0200 -0.6514 0.7585
vn 0.0206 -0.6638 0.7476
vn 0.0194 -0.6613 0.7499
vn 0.0186 -0.6922 0.7215
vn 0.0214 -0.6165 0.7871
vn 0.0194 -0.6962 0.7176
vn 0.0250 -0.9877 0.1542
vn 0.0486 -0.9812 0.1868
vn 0.0035 -0.9849 0.1732
vn 0.0045 -0.9861 0.1661
vn 0.0060 -0.9808 0.1948
vn 0.0314 -0.9869 0.1583
vn 0.6350 -0.7646 0.1105
vn 0.0039 -0.9838 0.1791
vn 0.0056 -0.9858 0.1681
vn 0.0040 -0.9856 0.1693
vn -0.0021 -0.9902 0.1395
vn 0.0045 -0.9906 0.1366
vn -0.0001 -1.0000 -0.0000
vn -0.0000 -1.0000 0.0002
vn -0.4175 -0.8914 0.1765
vn -0.0154 -0.9999 -0.0051
vn -0.0002 -1.0000 -0.0082
vn 0.0299 -0.9996 -0.0001
vn 0.3578 -0.8961 0.2626
vn -0.0001 -1.0000 0.0010
vn -0.0001 -1.0000 -0.0036
vn -0.0000 -1.0000 0.0014
vn -0.0050 -1.0000 -0.0000
vn -0.0000 -1.0000 -0.0000
vn -0.0242 -0.9997 0.0001
vn -0.2231 -0.9659 0.1313
vn -0.0085 -1.0000 -0.0000
vn -0.0102 -0.9999 -0.0000
vn 0.0092 -1.0000 -0.0000
vn -0.0007 -1.0000 -0.0000
vn -0.0026 -1.0000 -0.0000
vn 0.0172 -0.9999 -0.0001
vn 0.0150 -0.9999 -0.0000
vn -0.0304 -0.7078 0.7057
vn -0.0291 -0.9996 -0.0063
vn -0.0323 -0.9994 0.0098
vn -0.0627 -0.9980 -0.0037
vn 0.2613 -0.9196 0.2934
vn 0.7319 -0.6811 0.0205
vn 0.0001 -0.9986 0.0521
vn -0.0900 -0.9956 0.0258
vn 0.8574 -0.5136 0.0322
vn -0.0667 -0.9978 -0.0024
vn 0.0176 -0.9988 0.0448
vn -0.0213 -0.9977 0.0643
vn 0.3610 -0.9264 0.1073
vn 0.2114 -0.8497 0.4830
vn -0.2222 -0.0715 0.9724
vn -0.1422 -0.9828 0.1180
vn 0.0630 -0.9980 0.0047
vn 0.0631 -0.9980 -0.0002
vn 0.0639 -0.9980 0.0022
vn 0.0626 -0.9980 -0.0002
vn -0.0579 -0.1615 0.9852
vn -0.5206 0.8252 0.2190
vn -0.5197 0.8318 0.1949
vn -0.4502 0.8874 0.0987
vn -0.3886 0.9214 0.0013
vn -0.3877 0.9218 0.0024
vn -0.4534 0.8858 0.0991
vn -0.5110 -0.1769 0.8412
vn -0.5063 -0.3591 0.7840
vn -0.4569 0.1760 0.8719
vn -0.4827 -0.0076 0.8758
vn -0.4921 -0.8694 0.0443
vn -0.4872 -0.8399 -0.2393
vn -0.4954 -0.6098 0.6187
vn -0.4900 -0.8051 0.3343
vn -0.4884 -0.1224 -0.8640
vn -0.4896 0.2457 -0.8366
vn -0.4908 -0.7031 -0.5145
vn -0.4881 0.6987 0.5231
vn -0.4961 0.8126 -0.3058
vn -0.4860 -0.4648 -0.7401
vn -0.4982 0.7041 -0.5060
vn -0.4963 0.5271 -0.6898
vn -0.4920 0.4843 0.7235
vn -0.4849 0.8497 0.2070
vn -0.8806 -0.1763 0.4399
vn -0.8644 0.1054 0.4917
vn -0.8828 0.0081 0.4696
vn -0.8804 -0.0796 0.4674
vn -0.8911 -0.4427 -0.0995
vn -0.8804 -0.3073 0.3611
vn -0.8886 -0.4554 0.0543
vn -0.8825 -0.4182 0.2152
vn -0.8878 -0.2512 -0.3856
vn -0.8854 -0.0584 -0.4612
vn -0.8851 0.1512 -0.4402
vn -0.8893 -0.3803 -0.2540
vn -0.8779 0.4594 0.1350
vn -0.8794 0.3656 0.3050
vn -0.8877 0.3914 -0.2424
vn -0.8862 0.4448 -0.1298
vn -0.8883 0.3023 -0.3457
vn -0.8813 0.1778 0.4378
vn -0.4836 0.3206 0.8145
vn -0.4946 0.8655 -0.0793
vn -0.8856 0.4644 -0.0092
vn -0.9998 0.0119 0.0158
vn -0.8818 0.2492 0.4004
vn -0.8561 0.0626 0.5130
vn -0.6895 0.0199 -0.7240
vn -0.7254 0.2817 -0.6281
vn -0.7667 0.5057 0.3954
vn -0.8702 0.2498 0.4247
vn -0.7282 -0.0926 -0.6790
vn -0.8562 -0.1569 0.4923
vn -0.8988 -0.2919 0.3271
vn -0.7166 0.6119 -0.3348
vn -0.8001 0.4065 0.4412
vn -0.7983 -0.5331 -0.2803
vn -0.7773 -0.4322 -0.4573
vn -0.7315 0.6445 0.2225
vn -0.8209 -0.5057 0.2652
vn -0.7495 -0.2942 -0.5931
vn -0.7113 0.4474 -0.5421
vn -0.8174 0.5730 0.0597
vn -0.7526 0.6525 -0.0890
vn -0.7535 -0.1629 -0.6369
vn -0.7273 0.1551 -0.6685
vn -0.8022 -0.5897 -0.0937
vn -0.8233 -0.5595 0.0956
vn -0.3461 0.4514 0.8225
vn -0.3410 0.0899 0.9358
vn -0.3733 -0.1067 -0.9216
vn -0.3742 0.2053 -0.9044
vn -0.3509 0.8752 0.3330
vn -0.3466 0.7330 0.5853
vn -0.3737 -0.2248 -0.8999
vn -0.3859 -0.6093 0.6927
vn -0.3684 0.5974 -0.7124
vn -0.3628 0.8174 -0.4475
vn -0.3780 -0.6362 -0.6726
vn -0.3695 0.9221 0.1150
vn -0.3800 -0.8122 0.4426
vn -0.3751 0.3820 -0.8446
vn -0.3687 0.9205 -0.1295
vn -0.3763 -0.3931 -0.8390
vn -0.3826 -0.8228 -0.4203
vn -0.3782 -0.9162 -0.1327
vn -0.3807 -0.9090 0.1696
vn -0.7447 0.3288 0.5808
vn -0.7802 -0.0713 -0.6214
vn -0.3692 0.0335 -0.9288
vn -0.7790 0.1398 -0.6112
vn -0.7537 0.5139 0.4097
vn -0.7795 -0.1531 -0.6074
vn -0.7349 -0.2341 0.6365
vn -0.3490 -0.2936 0.8899
vn -0.7741 0.4099 -0.4824
vn -0.7665 -0.4428 -0.4651
vn -0.7403 0.0536 0.6701
vn -0.7764 0.6296 0.0278
vn -0.7378 -0.4504 0.5028
vn -0.7731 -0.2752 -0.5715
vn -0.7792 0.2614 -0.5697
vn -0.7664 0.6301 -0.1251
vn -0.7679 0.5676 -0.2970
vn -0.7798 0.0227 -0.6257
vn -0.7581 -0.6457 -0.0914
vn -0.7512 -0.6485 0.1232
vn -0.7468 -0.5828 0.3203
vn -0.9756 0.0826 0.2032
vn -0.9741 0.0071 0.2260
vn -0.9824 0.0049 -0.1867
vn -0.9832 0.0739 -0.1671
vn -0.9820 0.1688 0.0845
vn -0.9788 0.1489 0.1407
vn -0.9823 -0.0286 -0.1853
vn -0.9688 -0.0828 0.2335
vn -0.9669 -0.1762 0.1843
vn -0.9810 0.1748 -0.0842
vn -0.7641 -0.5760 -0.2904
vn -0.9774 -0.1564 -0.1425
vn -0.7689 0.5993 0.2228
vn -0.9834 0.1778 0.0371
vn -0.9701 -0.2105 0.1208
vn -0.9782 -0.1179 -0.1708
vn -0.9824 0.1232 -0.1403
vn -0.9798 0.1979 -0.0277
vn -0.9808 -0.0870 -0.1744
vn -0.9825 0.0265 -0.1846
vn -0.9752 -0.2064 -0.0799
vn -0.9733 -0.2286 -0.0207
vn -0.9711 -0.2316 0.0583
vn -0.9999 -0.0124 0.0115
vn -0.4280 -0.9031 0.0359
vn -0.8351 -0.3715 0.4057
vn -0.4728 -0.8798 0.0491
vn -0.8964 -0.1591 -0.4137
vn -0.7636 0.4564 -0.4568
vn -0.5705 0.8213 0.0056
vn -0.8598 0.1740 0.4800
vn -0.3833 -0.9236 -0.0064
vn -0.5254 -0.8489 0.0577
vn -0.7362 0.5415 0.4060
vn -0.4961 -0.8667 0.0514
vn -0.5946 0.7463 -0.2991
vn -0.3913 -0.9198 0.0302
vn -0.8089 0.5563 0.1906
vn -0.8156 0.5690 0.1049
vn -0.3960 -0.9176 0.0355
vn -0.5143 -0.7860 0.3431
vn -0.3595 -0.9326 0.0305
vn -0.7116 -0.3873 -0.5862
vn -0.4398 0.6663 -0.6022
vn -0.4468 0.8877 -0.1111
vn -0.4358 0.9000 -0.0082
vn -0.7096 0.4058 0.5760
vn -0.6674 -0.0649 0.7418
vn -0.3833 -0.9233 0.0243
vn -0.3716 -0.9275 0.0402
vn -0.4877 0.8102 -0.3253
vn -0.3691 -0.9286 0.0380
vn -0.4763 0.7141 0.5131
vn -0.3926 -0.9190 0.0369
vn -0.4230 -0.9053 0.0395
vn -0.6809 0.7295 -0.0647
vn -0.4025 -0.9148 0.0330
vn -0.4903 0.5154 0.7028
vn -0.4913 0.8311 0.2604
vn -0.4480 0.8904 0.0809
vn 0.0126 0.1014 0.9948
vn 0.0223 0.8285 0.5595
vn 0.2027 0.7159 -0.6682
vn 0.1906 0.7233 -0.6637
vn 0.0695 0.4599 -0.8852
vn 0.3992 -0.2509 -0.8819
vn 0.0878 0.4954 -0.8642
vn 0.2580 -0.1951 0.9462
vn 0.6054 -0.0051 0.7959
vn 0.7700 0.2417 0.5905
vn 0.6695 0.6986 -0.2524
vn 0.7036 -0.1117 -0.7018
vn 0.3830 0.6360 -0.6699
vn 0.2377 0.4983 -0.8338
vn 0.7988 0.5166 -0.3082
vn 0.3652 -0.7729 -0.5190
vn 0.0751 0.4649 -0.8822
vn 0.2490 0.0287 -0.9681
vn 0.1613 -0.5595 0.8130
vn 0.4008 -0.4428 0.8020
vn 0.2354 -0.2748 0.9323
vn 0.1203 -0.3326 0.9354
vn 0.3155 0.7303 -0.6059
vn 0.1520 -0.5165 0.8427
vn 0.1627 -0.5546 0.8160
vn 0.2136 -0.2143 0.9531
vn 0.2383 -0.3786 0.8944
vn 0.6060 0.7350 -0.3044
vn 0.2923 0.4838 -0.8249
vn 0.4800 0.7892 -0.3831
vn 0.1730 -0.4645 0.8685
vn 0.6863 0.7209 -0.0964
vn 0.8343 0.4718 0.2852
vn 0.3242 -0.3987 -0.8579
vn 0.4527 0.8507 -0.2670
vn 0.3962 0.8836 -0.2496
vn 0.5257 0.8397 -0.1362
vn 0.3982 -0.5005 -0.7687
vn 0.5882 -0.2609 -0.7655
vn 0.5985 0.6291 0.4960
vn 0.5052 0.7119 0.4878
vn 0.4720 0.4876 0.7345
vn 0.4173 0.8922 0.1726
vn 0.3938 0.9074 0.1470
vn 0.8306 -0.4475 0.3314
vn 0.3053 -0.9200 -0.2458
vn 0.9069 -0.1330 -0.3998
vn 0.9056 0.1790 -0.3845
vn 0.5350 0.7284 -0.4281
vn 0.3710 -0.5398 -0.7556
vn 0.3173 -0.9312 -0.1795
vn 0.3493 -0.8689 -0.3507
vn 0.3321 -0.9416 -0.0551
vn 0.3992 -0.8679 0.2958
vn 0.3031 -0.8973 0.3208
vn 0.5364 0.3546 0.7659
vn 0.7211 0.0640 0.6899
vn 0.6851 0.0462 0.7270
vn 0.4198 0.8844 -0.2038
vn 0.4441 0.8902 -0.1015
vn 0.3448 -0.8639 0.3671
vn 0.3286 -0.8635 0.3827
vn 0.3318 -0.8878 0.3190
vn 0.4802 0.3382 0.8093
vn 0.7382 -0.3704 0.5638
vn 0.6832 -0.4904 0.5411
vn 0.4505 0.8902 0.0671
vn 0.4024 0.9057 0.1333
vn 0.4802 0.8769 -0.0218
vn 0.4553 -0.3571 -0.8156
vn 0.3210 -0.9057 -0.2769
vn 0.3568 -0.9249 -0.1311
vn 0.4620 0.8784 0.1225
vn 0.4327 -0.7770 0.4572
vn 0.3446 -0.8303 0.4381
vn 0.4692 0.8821 0.0414
vn 0.6772 0.7186 0.1580
vn 0.3759 0.9221 0.0920
vn 0.5401 -0.7055 0.4588
vn 0.0059 0.6313 -0.7755
vn -0.0157 0.6383 -0.7696
vn 0.3137 0.8536 -0.4158
vn 0.2627 0.7549 -0.6010
vn 0.2487 0.7096 -0.6592
vn 0.4448 0.2186 -0.8685
vn 0.4433 0.5676 -0.6938
vn 0.2791 0.7173 -0.6384
vn 0.3929 -0.5648 -0.7257
vn 0.2846 -0.3153 0.9053
vn 0.4590 0.8047 -0.3765
vn 0.3630 -0.7246 0.5858
vn 0.3813 -0.8227 0.4216
vn 0.5528 0.8319 -0.0473
vn 0.3263 -0.2062 0.9225
vn 0.3813 -0.3975 0.8346
vn 0.4163 -0.6047 0.6790
vn 0.3758 -0.1254 -0.9182
vn 0.4095 0.9024 0.1343
vn 0.5324 0.8155 0.2270
vn 0.5572 0.6607 0.5030
vn 0.3777 0.9218 0.0875
vn 0.4520 0.8837 0.1215
vn 0.3572 -0.9339 0.0167
vn 0.3330 -0.9077 -0.2553
vn 0.3002 -0.8926 -0.3364
vn 0.2832 -0.9234 -0.2592
vn 0.3064 -0.9053 -0.2941
vn 0.6202 0.7416 0.2556
vn 0.5981 0.5571 0.5761
vn 0.7311 0.2745 0.6247
vn 0.8528 0.5131 0.0971
vn 0.7879 -0.0733 0.6114
vn 0.4936 -0.8351 -0.2429
vn 0.5771 -0.7814 -0.2375
vn 0.4845 -0.7920 -0.3715
vn 0.7139 0.6689 0.2073
vn 0.9786 0.1800 -0.0995
vn 0.8930 -0.3161 0.3203
vn 0.7455 -0.6665 0.0042
vn 0.5515 -0.8308 -0.0750
vn 0.8561 -0.4570 -0.2413
vn 0.4118 -0.8557 -0.3133
vn 0.5210 0.8516 0.0581
vn 0.5803 0.8124 0.0569
vn 0.4437 0.8946 0.0536
vn 0.3154 -0.9337 -0.1693
vn 0.5441 0.8249 -0.1533
vn 0.6526 0.7310 -0.1993
vn 0.5199 -0.6186 -0.5891
vn 0.5645 0.8157 -0.1265
vn 0.8856 0.3521 -0.3029
vn 0.8091 -0.3371 -0.4814
vn 0.4140 -0.7227 -0.5535
vn 0.3429 0.9359 0.0808
vn 0.3034 -0.9202 -0.2475
vn 0.7119 -0.3482 0.6099
vn 0.8896 -0.4281 0.1591
vn 0.9026 -0.4238 0.0753
vn 0.9078 -0.4158 0.0541
vn 0.2447 -0.2339 0.9410
vn 0.8936 -0.4368 0.1029
vn 0.0635 -0.3080 0.9493
vn 0.7297 -0.6471 0.2210
vn 0.7451 -0.6653 0.0474
vn 0.2483 -0.4120 0.8767
vn 0.7579 -0.6439 0.1047
vn 0.7586 -0.6470 0.0772
vn 0.5811 -0.5912 0.5593
vn 0.7220 -0.6917 0.0164
vn 0.1064 -0.8297 0.5479
vn 0.3865 -0.9220 0.0220
vn 0.3638 -0.9297 0.0583
vn 0.0670 -0.9977 0.0048
vn 0.3303 -0.9438 0.0102
vn 0.0687 -0.9976 0.0016
vn 0.3143 -0.9493 0.0028
vn 0.0619 -0.9981 -0.0002
vn 0.2978 -0.9546 -0.0010
vn 0.7161 -0.6980 -0.0024
vn 0.3872 -0.8614 0.3286
vn -0.0953 -0.7349 0.6714
vn -0.2558 -0.6923 0.6747
vn -0.4373 -0.5808 0.6866
vn -0.4832 -0.4649 0.7418
vn 0.4172 -0.9087 -0.0130
vn -0.3907 -0.6222 0.6784
vn 0.0017 -0.7207 0.6932
vn 0.7154 -0.6941 -0.0801
vn -0.4165 -0.5736 0.7054
vn 0.9096 -0.4077 -0.0799
vn 0.1444 -0.7348 0.6628
vn 0.9740 -0.2035 -0.0991
vn 0.4600 -0.5786 0.6735
vn 0.2302 -0.7078 0.6679
vn -0.3325 -0.6646 0.6692
vn -0.6817 -0.7316 0.0127
vn -0.4906 -0.5234 0.6967
vn -0.7604 -0.6494 0.0032
vn -0.0364 -0.7093 0.7040
vn 0.0346 -0.7224 0.6906
vn -0.1248 -0.7166 0.6862
vn -0.5642 -0.4335 0.7027
vn -0.8001 -0.5996 0.0159
vn 0.0303 -0.0091 0.9995
vn 0.6147 -0.4100 0.6738
vn 0.6391 -0.3051 0.7060
vn 0.8988 -0.4382 -0.0074
vn 0.8934 -0.4492 -0.0036
vn 0.9118 -0.4105 -0.0002
vn 0.9536 -0.3010 -0.0007
vn 0.6370 -0.2637 0.7244
vn 0.9714 -0.2374 -0.0038
vn 0.6881 -0.2042 0.6963
vn 0.6756 -0.1345 0.7249
vn 0.6638 -0.2936 0.6878
vn 0.5610 -0.4981 0.6612
vn 0.3537 -0.6503 0.6723
vn -0.7036 -0.5473 -0.4532
vn 0.0179 -0.7150 0.6989
vn -0.6992 -0.7119 0.0656
vn -0.9716 -0.2132 0.1028
vn -0.9617 -0.2594 0.0885
vn -0.6009 0.7896 0.1242
vn -0.9606 0.2606 0.0965
vn -0.9127 0.3687 0.1761
vn -0.6892 -0.7233 0.0433
vn -0.8720 0.1588 0.4630
vn -0.4555 0.8577 0.2386
vn -0.7030 0.7096 0.0476
vn -0.9513 0.2962 0.0855
vn -0.6879 0.7207 0.0857
vn -0.8055 -0.5874 0.0782
vn -0.9629 -0.2579 0.0796
vn -0.9849 0.1490 0.0880
vn -0.5814 0.8053 -0.1162
vn -0.9933 0.0875 0.0758
vn -0.6930 0.7209 -0.0061
vn -0.9330 0.3511 -0.0789
vn -0.7791 -0.6204 0.0897
vn -0.6950 -0.7158 0.0686
vn -0.8053 -0.5881 0.0752
vn -0.9872 0.1301 0.0923
vn -0.5541 0.7463 -0.3688
vn -0.8377 -0.5388 0.0890
vn -0.6321 0.6295 0.4519
vn -0.7450 -0.5964 0.2988
vn -0.9420 -0.0790 -0.3263
vn -0.1379 -0.9904 0.0024
vn -0.0810 -0.9967 0.0003
vn -0.0306 -0.9995 0.0001
vn -0.0488 -0.9988 0.0002
vn -0.5919 -0.8017 0.0832
vn 0.7864 -0.6177 -0.0026
vn -0.6542 -0.7563 0.0022
vn 0.0259 -0.9997 -0.0001
vn 0.0684 -0.9977 -0.0002
vn 0.9750 -0.2224 -0.0032
vn 0.0455 -0.9990 -0.0002
vn -0.5815 0.7390 -0.3401
vn -0.4948 0.8554 -0.1533
vn -0.3690 0.7858 -0.4964
vn -0.2979 0.4451 -0.8445
vn -0.2051 -0.0302 -0.9783
vn -0.1535 0.2924 -0.9439
vn -0.0330 0.9596 0.2794
vn -0.0723 0.7443 0.6639
vn -0.0698 0.9889 -0.1310
vn 0.1122 -0.0153 -0.9936
vn 0.1000 0.4394 -0.8927
vn 0.0936 0.3902 -0.9159
vn 0.1234 0.8464 -0.5180
vn 0.3063 0.5694 -0.7628
vn 0.1790 0.5611 -0.8082
vn -0.8612 -0.5041 -0.0642
vn -0.7314 -0.6734 0.1078
vn -0.8652 -0.4967 -0.0691
vn -0.0171 0.8972 -0.4413
vn -0.0358 0.9969 0.0696
vn -0.0488 0.9817 0.1840
vn -0.6050 0.4819 -0.6339
vn 0.0741 0.3517 -0.9332
vn 0.1105 -0.0602 -0.9920
vn 0.1065 0.0881 -0.9904
vn -0.8121 0.3576 0.4610
vn -0.8038 -0.1358 -0.5792
vn -0.8778 0.1998 0.4353
vn -0.0260 -0.3570 -0.9337
vn -0.0211 -0.0743 -0.9970
vn -0.0336 -0.0058 -0.9994
vn -0.1201 0.0908 -0.9886
vn -0.0879 0.0946 -0.9916
vn -0.1490 0.3301 -0.9321
vn -0.0086 -0.0011 -1.0000
vn -0.0051 -0.1269 -0.9919
vn -0.0026 -0.1230 -0.9924
vn 0.0868 0.3320 -0.9393
vn 0.0778 0.3218 -0.9436
vn -0.0059 0.9991 0.0409
vn 0.0034 0.9734 -0.2291
vn 0.0058 0.9901 -0.1400
vn -0.2104 0.9341 -0.2885
vn -0.0290 0.9899 -0.1388
vn -0.2877 0.9231 -0.2552
vn 0.0195 0.5673 0.8233
vn 0.1098 0.6859 0.7194
vn 0.0637 0.5576 0.8277
vn -0.0212 0.7829 -0.6218
vn -0.0174 0.9518 -0.3061
vn -0.0107 0.7729 -0.6344
vn 0.0339 0.0566 -0.9978
vn -0.0137 0.5066 -0.8621
vn 0.0380 0.0597 -0.9975
vn 0.0814 0.1800 -0.9803
vn 0.0768 0.1747 -0.9816
vn -0.0120 0.6277 -0.7783
vn 0.0010 0.6790 -0.7341
vn 0.0085 0.6367 -0.7711
vn -0.0082 0.0286 -0.9996
vn -0.0080 -0.1616 -0.9868
vn -0.8755 -0.4765 -0.0805
vn -0.8301 -0.5537 0.0664
vn -0.7058 -0.6975 -0.1237
vn -0.2396 0.9705 -0.0277
vn -0.5663 0.8212 -0.0703
vn -0.5832 0.8081 -0.0834
vn -0.5671 -0.8195 -0.0824
vn -0.8923 0.0608 -0.4473
vn -0.5286 -0.8449 -0.0821
vn -0.0054 0.6886 -0.7251
vn -0.0266 0.7762 -0.6299
vn -0.0115 0.6726 -0.7399
vn -0.0384 0.9891 -0.1419
vn -0.0210 0.4082 -0.9126
vn -0.0485 0.9837 -0.1732
vn -0.0151 0.6467 0.7626
vn -0.0618 0.7499 0.6586
vn 0.8565 0.5082 -0.0899
vn 0.5645 0.8232 -0.0614
vn 0.8602 0.5076 -0.0490
vn -0.0583 -0.8832 -0.4654
vn -0.0416 -0.9511 -0.3061
vn -0.0591 -0.9958 -0.0702
vn 0.0888 0.0697 -0.9936
vn -0.4933 -0.8628 -0.1106
vn -0.6538 -0.7485 -0.1111
vn -0.5826 -0.7997 -0.1452
vn -0.0475 -0.0552 -0.9973
vn -0.0498 0.2917 -0.9552
vn -0.0554 -0.0520 -0.9971
vn -0.0330 0.5013 -0.8647
vn -0.0631 0.9789 -0.1945
vn -0.0225 0.4039 -0.9145
vn -0.5113 -0.8124 -0.2804
vn -0.5650 0.0331 -0.8244
vn -0.3515 -0.6804 -0.6430
vn 0.0255 0.9984 0.0498
vn 0.0176 0.9886 -0.1495
vn 0.0181 0.9864 -0.1634
vn -0.2071 0.5822 -0.7862
vn -0.6088 -0.2867 -0.7397
vn -0.2075 0.5400 -0.8157
vn -0.1933 0.9759 -0.1016
vn -0.6366 0.7092 -0.3029
vn -0.2494 0.9580 -0.1413
vn 0.0169 0.0867 -0.9961
vn 0.0193 0.0612 -0.9979
vn -0.6013 -0.3781 0.7039
vn -0.0282 -0.1327 0.9908
vn -0.6278 -0.0756 0.7747
vn -0.9318 0.0714 -0.3560
vn -0.6158 -0.0316 -0.7873
vn -0.9343 0.0081 -0.3564
vn -0.1507 0.3921 -0.9075
vn -0.0249 0.3875 -0.9215
vn -0.0436 0.4578 -0.8880
vn -0.2311 -0.6983 -0.6775
vn -0.2686 -0.8505 -0.4522
vn -0.0805 -0.7831 -0.6166
vn -0.0354 0.9287 -0.3691
vn -0.0071 0.6894 -0.7244
vn -0.0253 0.7058 -0.7079
vn -0.6957 -0.2078 -0.6876
vn -0.9142 -0.1655 -0.3699
vn -0.9290 -0.0755 -0.3622
vn 0.3034 0.5028 -0.8094
vn 0.1043 0.7897 -0.6045
vn 0.2527 0.3492 -0.9023
vn -0.8107 -0.3426 0.4748
vn -0.3231 -0.7413 0.5883
vn 0.3160 0.7208 0.6169
vn 0.2382 0.9306 0.2779
vn 0.3943 0.8823 0.2571
vn 0.8393 -0.1314 -0.5275
vn 0.9725 -0.0000 -0.2328
vn 0.9463 -0.2511 -0.2036
vn 0.6089 -0.2923 -0.7375
vn 0.4442 -0.1025 -0.8900
vn 0.4149 -0.0569 -0.9081
vn 0.7540 0.2605 -0.6030
vn 0.9242 0.3199 -0.2085
vn -0.0838 0.9858 -0.1453
vn -0.0410 0.9143 -0.4030
vn -0.0480 0.9863 -0.1577
vn -0.0252 0.7474 -0.6639
vn -0.0014 0.0598 -0.9982
vn -0.0103 0.2949 -0.9555
vn -0.0612 0.2226 -0.9730
vn -0.8225 0.3921 -0.4120
vn -0.8902 -0.0054 -0.4555
vn -0.7382 0.1829 -0.6494
vn 0.0245 0.8784 -0.4773
vn -0.0241 0.9818 -0.1881
vn -0.0290 0.9733 -0.2278
vn 0.6127 -0.2648 -0.7446
vn 0.1787 -0.1750 -0.9682
vn 0.3022 0.0849 -0.9495
vn -0.0054 0.1071 -0.9942
vn -0.0066 0.0539 -0.9985
vn -0.0067 0.1211 -0.9926
vn -0.0018 0.2599 -0.9656
vn -0.0050 0.3027 -0.9531
vn -0.7523 -0.6066 0.2571
vn -0.1109 -0.7880 0.6057
vn -0.7460 -0.5130 0.4247
vn -0.0971 0.5293 -0.8429
vn -0.1628 0.1882 -0.9685
vn -0.0894 0.1365 -0.9866
vn 0.0550 0.2049 -0.9772
vn 0.1728 0.1118 -0.9786
vn 0.0888 0.2470 -0.9649
vn 0.3404 0.2721 -0.9000
vn 0.1649 -0.3123 -0.9356
vn 0.3928 -0.0627 -0.9175
vn -0.0649 0.3182 0.9458
vn -0.7955 0.2344 0.5589
vn 0.0122 0.0533 -0.9985
vn 0.0232 0.0390 -0.9990
vn -0.1731 -0.1544 -0.9727
vn -0.2680 -0.1489 -0.9519
vn -0.1400 -0.1130 -0.9837
vn -0.0197 0.7900 -0.6128
vn -0.0322 0.9983 -0.0484
vn -0.0394 0.9988 -0.0292
vn -0.0408 0.9983 -0.0408
vn 0.1287 0.8162 -0.5633
vn 0.0265 0.9824 -0.1851
vn -0.1751 0.9240 -0.3400
vn -0.4220 0.8141 -0.3990
vn -0.3441 0.7669 -0.5418
vn 0.0161 0.9988 0.0453
vn 0.0097 0.9892 -0.1465
vn -0.6968 -0.0548 -0.7152
vn -0.7094 -0.3132 -0.6314
vn -0.6500 -0.3807 -0.6577
vn 0.8060 0.2702 -0.5267
vn 0.7079 0.4008 -0.5816
vn -0.1270 -0.9437 0.3053
vn -0.9969 -0.0658 -0.0427
vn -0.8669 -0.2502 -0.4311
vn -0.9969 0.0733 -0.0293
vn -0.2392 0.9709 -0.0145
vn -0.5612 0.8244 -0.0735
vn -0.5812 0.8108 -0.0687
vn 0.1761 0.1425 -0.9740
vn -0.0146 0.0542 -0.9984
vn -0.0377 -0.0479 -0.9981
vn 0.2364 0.9239 -0.3009
vn 0.4714 0.8492 -0.2379
vn 0.2496 0.9551 -0.1598
vn 0.0071 0.0738 -0.9972
vn -0.0043 0.0673 -0.9977
vn 0.0419 0.4479 -0.8931
vn 0.0311 0.2881 -0.9571
vn 0.0310 0.2883 -0.9570
vn -0.0407 0.7806 -0.6236
vn -0.1137 0.9053 -0.4092
vn -0.0368 0.9375 -0.3461
vn -0.1238 0.7577 -0.6408
vn -0.9337 -0.3392 -0.1149
vn -0.6057 0.6040 -0.5179
vn 0.3075 0.8936 0.3271
vn 0.1413 0.9659 -0.2169
vn -0.0016 0.9657 0.2597
vn -0.0008 0.6900 -0.7238
vn -0.0054 0.6159 -0.7878
vn -0.0040 0.5843 -0.8115
vn -0.7134 -0.6039 -0.3556
vn -0.0309 -0.8898 -0.4553
vn -0.1682 0.4144 -0.8944
vn 0.4261 -0.1097 -0.8980
vn -0.2466 0.5368 -0.8069
vn 0.2070 0.9780 -0.0272
vn 0.1058 0.9231 0.3697
vn 0.1736 0.9828 -0.0627
vn -0.0653 -0.5211 0.8510
vn -0.0201 0.9158 -0.4011
vn -0.0011 0.6949 -0.7191
vn -0.7941 -0.2812 -0.5388
vn -0.9225 -0.0863 -0.3761
vn 0.0437 0.9945 0.0949
vn 0.0775 -0.3282 -0.9414
vn 0.0257 -0.1924 -0.9810
vn 0.0544 -0.3115 -0.9487
vn 0.2606 0.9654 0.0068
vn -0.0095 0.0247 -0.9996
vn -0.0411 0.1402 -0.9893
vn -0.0053 0.0609 -0.9981
vn -0.0415 0.7088 0.7042
vn -0.0437 0.9851 0.1664
vn 0.0442 0.9503 0.3082
vn -0.0535 -0.0149 -0.9985
vn -0.9954 -0.0447 -0.0848
vn -0.9732 0.2240 -0.0530
vn -0.9950 0.0420 -0.0908
vn -0.1675 0.0879 -0.9820
vn -0.3622 0.7574 -0.5433
vn -0.1368 0.7005 -0.7004
vn -0.1682 0.5681 -0.8056
vn -0.0093 0.0959 -0.9953
vn -0.0040 0.5152 -0.8571
vn 0.3253 0.7062 -0.6288
vn 0.1566 0.9009 -0.4047
vn -0.6660 0.2675 -0.6963
vn -0.0155 -0.0281 -0.9995
vn -0.0159 -0.3916 -0.9200
vn -0.1353 -0.2902 -0.9473
vn -0.7210 0.0878 -0.6873
vn -0.6970 0.0472 -0.7155
vn -0.5359 -0.8348 -0.1262
vn -0.5686 -0.8140 -0.1190
vn -0.0805 0.8897 -0.4494
vn -0.0129 -0.3197 -0.9474
vn -0.3059 -0.1477 -0.9405
vn -0.6888 -0.1244 -0.7142
vn 0.3433 0.8908 -0.2977
vn 0.3594 0.7442 -0.5630
vn 0.3175 0.8809 -0.3510
vn -0.0071 -0.5373 -0.8434
vn 0.0060 0.1014 -0.9948
vn -0.9493 0.1965 0.2453
vn -0.5319 -0.8431 -0.0791
vn -0.6159 0.2343 0.7522
vn -0.0398 0.6410 0.7665
vn -0.5915 0.5357 0.6026
vn -0.3874 0.8832 -0.2644
vn -0.5692 0.6578 -0.4932
vn -0.0094 -0.1546 -0.9879
vn 0.1118 0.9398 -0.3230
vn 0.1304 0.8133 -0.5670
vn 0.0920 0.9607 -0.2619
vn -0.0436 0.5873 0.8082
vn -0.0215 0.6576 0.7531
vn -0.1784 -0.0759 -0.9810
vn -0.0866 0.1138 -0.9897
vn -0.1142 -0.0593 -0.9917
vn -0.0131 0.6285 0.7777
vn -0.7690 -0.0462 0.6376
vn 0.0045 0.9962 -0.0864
vn 0.0097 0.9997 -0.0237
vn 0.0080 0.9484 -0.3169
vn 0.0136 0.8077 -0.5895
vn 0.0007 0.7711 -0.6368
vn 0.0815 0.6585 0.7481
vn -0.0141 0.6689 0.7432
vn -0.0314 0.3149 -0.9486
vn 0.0083 -0.1664 -0.9860
vn -0.0085 0.0247 -0.9997
vn 0.0167 -0.1715 -0.9850
vn 0.0792 0.8589 -0.5060
vn 0.0651 0.5613 -0.8251
vn 0.0051 0.5574 -0.8302
vn -0.0070 -0.0968 -0.9953
vn -0.0025 -0.1019 -0.9948
vn -0.7819 -0.5428 -0.3065
vn -0.8554 -0.3088 -0.4159
vn -0.1099 0.9939 -0.0053
vn -0.2269 0.9738 -0.0130
vn 0.1422 0.0600 -0.9880
vn 0.1039 0.9669 -0.2330
vn 0.0837 0.9825 -0.1667
vn 0.1112 0.9758 -0.1883
vn -0.0809 0.0129 -0.9966
vn -0.2497 -0.1613 -0.9548
vn 0.5847 -0.2482 -0.7724
vn -0.0561 -0.7424 -0.6676
vn -0.0323 -0.4588 -0.8880
vn -0.0417 -0.4766 -0.8781
vn -0.9777 -0.0629 -0.2004
vn -0.8817 0.3059 -0.3592
vn -0.1062 0.8136 -0.5716
vn -0.1439 0.9523 -0.2691
vn -0.9351 -0.1864 0.3014
vn -0.8701 -0.2420 0.4294
vn 0.3158 0.5592 -0.7665
vn -0.0098 0.4524 -0.8918
vn -0.0608 -0.5351 -0.8426
vn -0.0467 0.0120 -0.9988
vn -0.0451 -0.4714 -0.8808
vn -0.0575 0.7593 0.6482
vn -0.0683 0.8085 0.5845
vn 0.0722 0.9693 -0.2352
vn 0.0523 0.9761 -0.2110
vn -0.0326 0.9981 -0.0526
vn -0.0305 0.9979 -0.0579
vn -0.7550 -0.5624 0.3371
vn -0.0782 -0.9598 0.2697
vn -0.8676 -0.4659 -0.1738
vn -0.4768 -0.8780 0.0432
vn 0.0335 0.5056 -0.8621
vn -0.0166 0.8886 -0.4584
vn -0.0206 0.6369 -0.7707
vn 0.0611 0.9151 0.3987
vn -0.7206 -0.4112 0.5582
vn -0.9897 0.0106 0.1428
vn -0.9991 -0.0340 0.0252
vn 0.0783 -0.3189 -0.9445
vn 0.0922 0.1106 -0.9896
vn 0.3429 0.3420 -0.8749
vn 0.5022 0.8647 -0.0005
vn 0.3282 0.9441 0.0321
vn 0.5417 0.7950 0.2730
vn 0.7768 0.6294 0.0217
vn 0.6830 0.6738 0.2820
vn -0.1920 0.9446 -0.2663
vn -0.0878 0.9953 -0.0406
vn -0.0891 0.9533 -0.2886
vn -0.0043 0.9436 -0.3311
vn -0.5196 0.0456 -0.8532
vn -0.5166 -0.8527 -0.0777
vn 0.4732 0.6567 0.5872
vn 0.3079 0.3612 -0.8802
vn -0.9927 0.0718 -0.0973
vn -0.9988 -0.0191 -0.0459
vn -0.0318 0.9947 -0.0975
vn -0.0220 0.9928 -0.1176
vn 0.6232 -0.2839 -0.7287
vn 0.3570 0.0191 -0.9339
vn -0.2250 0.9718 -0.0704
vn -0.4437 0.8773 -0.1830
vn -0.5295 0.8351 -0.1495
vn -0.0228 0.1388 -0.9901
vn -0.0332 -0.0085 -0.9994
vn -0.1822 0.1678 -0.9688
vn -0.1139 0.0329 -0.9929
vn 0.0574 -0.0771 -0.9954
vn 0.0297 0.1450 -0.9890
vn 0.3332 0.1537 -0.9302
vn -0.8362 0.5383 -0.1052
vn -0.9636 -0.2359 -0.1258
vn -0.8089 -0.5767 -0.1146
vn 0.0557 0.8405 -0.5390
vn -0.6383 -0.6888 -0.3436
vn -0.6816 -0.5421 -0.4914
vn -0.7423 0.5928 -0.3123
vn -0.1732 0.7268 -0.6646
vn -0.8029 0.4065 -0.4360
vn 0.0512 -0.9930 0.1067
vn 0.1180 0.9704 -0.2106
vn 0.1246 0.9817 -0.1439
vn 0.1252 -0.3262 -0.9370
vn 0.0752 -0.3284 -0.9415
vn 0.1141 -0.3326 -0.9361
vn 0.9325 0.3428 -0.1139
vn 0.9940 0.0304 -0.1046
vn 0.9926 0.0163 -0.1204
vn -0.9877 0.1483 -0.0497
vn -0.9617 -0.1825 -0.2045
vn -0.9873 0.1549 -0.0357
vn -0.0145 -0.1685 -0.9856
vn -0.0135 0.0299 -0.9995
vn -0.8965 -0.0416 -0.4411
vn -0.8250 0.5557 -0.1025
vn 0.3176 0.0504 -0.9469
vn -0.7031 -0.3025 -0.6436
vn -0.1301 -0.4680 -0.8741
vn -0.0753 0.8205 -0.5667
vn -0.2953 -0.3599 -0.8850
vn -0.0067 0.2455 -0.9694
vn -0.9911 -0.0667 -0.1156
vn -0.6250 -0.7775 -0.0693
vn -0.9863 -0.1095 -0.1236
vn -0.0234 0.0886 -0.9958
vn -0.2202 0.9754 -0.0107
vn -0.1003 0.9949 -0.0096
vn -0.0512 0.7472 -0.6626
vn -0.0252 0.5288 -0.8484
vn -0.0498 0.5674 -0.8219
vn -0.8173 0.5673 -0.1012
vn -0.0358 0.9990 -0.0254
vn 0.1994 0.7547 0.6250
vn 0.1935 0.5913 0.7829
vn -0.0667 -0.1225 -0.9902
vn -0.3133 0.7766 -0.5465
vn -0.4432 0.5792 -0.6842
vn 0.0418 0.6851 -0.7272
vn -0.0202 0.7802 -0.6252
vn 0.1905 0.0258 -0.9814
vn 0.9689 -0.2341 -0.0803
vn 0.9956 0.0512 -0.0790
vn 0.9681 -0.2463 -0.0452
vn 0.3787 -0.0260 -0.9252
vn 0.0880 0.0117 -0.9961
vn 0.9622 -0.2435 -0.1220
vn -0.0633 0.9964 -0.0562
vn -0.0567 0.9484 -0.3121
vn -0.9835 0.1441 -0.1098
vn -0.6273 -0.7647 0.1474
vn -0.0145 0.6762 -0.7366
vn -0.7059 -0.7034 -0.0840
vn -0.8214 -0.5675 -0.0576
vn 0.1279 0.2197 -0.9671
vn 0.5938 -0.2632 -0.7604
vn 0.0118 0.5656 -0.8246
vn -0.7294 -0.6038 0.3216
vn -0.8831 -0.4632 -0.0739
vn -0.5919 0.7470 -0.3028
vn -0.6739 0.7202 -0.1647
vn 0.0183 0.3776 -0.9258
vn 0.0573 -0.3509 -0.9347
vn 0.0279 0.2507 -0.9677
vn -0.7038 0.4971 -0.5075
vn 0.0161 0.0414 -0.9990
vn -0.0284 0.4444 -0.8954
vn -0.4713 0.5974 -0.6489
vn 0.3250 0.0709 -0.9431
vn -0.4199 0.6296 -0.6537
vn 0.0160 0.4954 -0.8685
vn -0.5789 -0.7931 -0.1892
vn -0.2388 0.6578 -0.7143
vn -0.0003 0.3345 -0.9424
vn 0.1082 0.7030 -0.7029
vn -0.0770 0.7877 -0.6112
vn -0.0562 0.9855 -0.1599
vn 0.1237 0.9725 -0.1973
vn -0.0788 -0.8190 0.5684
vn -0.2832 -0.7736 0.5668
vn -0.0085 -0.3257 -0.9454
vn -0.0049 -0.6870 -0.7266
vn 0.6971 0.5247 -0.4886
vn 0.8628 0.5053 0.0154
vn 0.8415 0.5165 -0.1586
vn -0.8151 -0.1598 -0.5568
vn -0.9898 -0.0056 -0.1423
vn -0.9990 0.0441 -0.0090
vn -0.9933 0.1095 -0.0371
vn -0.9934 0.0478 -0.1047
vn -0.9933 0.1044 -0.0498
vn -0.0462 0.9947 0.0922
vn -0.0399 0.9985 0.0377
vn -0.8276 -0.0091 -0.5613
vn 0.9517 -0.3070 0.0055
vn -0.0772 0.6275 -0.7748
vn -0.0858 0.0304 -0.9958
vn -0.4814 0.8746 -0.0572
vn -0.3011 0.9522 -0.0512
vn 0.0759 0.3953 -0.9154
vn 0.0191 0.4079 -0.9128
vn -0.7197 -0.3555 0.5964
vn -0.8473 -0.2491 0.4690
vn 0.0465 0.2184 -0.9748
vn 0.5427 0.4201 -0.7273
vn 0.0529 0.9798 0.1926
vn -0.0171 0.0675 -0.9976
vn -0.0215 -0.1552 -0.9876
vn -0.0227 -0.1507 -0.9883
vn 0.1474 0.4535 -0.8790
vn 0.1483 0.0381 -0.9882
vn -0.8406 0.2807 -0.4632
vn -0.8061 0.3746 -0.4580
vn -0.0151 -0.1354 -0.9907
vn -0.0210 -0.1632 -0.9864
vn -0.0247 -0.0661 -0.9975
vn -0.1051 0.9921 0.0679
vn -0.8082 0.5746 -0.1289
vn -0.7593 0.6490 0.0473
vn 0.1471 0.8638 -0.4818
vn 0.1569 0.5837 -0.7967
vn 0.6885 -0.4767 0.5465
vn 0.9441 -0.1866 0.2716
vn 0.9732 -0.1338 0.1872
vn -0.0111 -0.0259 -0.9996
vn -0.0047 0.5490 -0.8358
vn -0.0072 0.1453 -0.9894
vn 0.1498 0.9257 0.3474
vn -0.7045 -0.6659 -0.2456
vn -0.2934 -0.7173 -0.6320
vn -0.0559 0.8566 0.5129
vn -0.7030 0.6278 0.3342
vn -0.9669 0.2505 -0.0494
vn -0.7321 0.6182 0.2861
vn -0.0998 0.9122 0.3973
vn -0.1727 0.7686 0.6160
vn 0.0842 -0.3407 -0.9364
vn 0.3281 -0.4347 -0.8387
vn -0.0234 0.2176 -0.9758
vn -0.9963 0.0562 -0.0654
vn -0.9587 -0.2162 0.1847
vn -0.9846 -0.1748 0.0083
vn 0.3489 0.9238 -0.1576
vn 0.3155 0.9445 -0.0914
vn 0.3392 0.9372 -0.0812
vn 0.0318 0.2353 -0.9714
vn -0.0862 -0.0626 -0.9943
vn -0.1354 -0.1214 -0.9833
vn -0.9132 -0.3969 -0.0920
vn -0.9607 0.2737 0.0455
vn -0.6444 0.7034 0.2998
vn 0.0214 -0.1846 -0.9826
vn -0.0555 -0.1343 -0.9894
vn -0.0433 -0.2214 -0.9742
vn -0.7095 0.7004 -0.0777
vn -0.5692 0.7800 0.2599
vn -0.7501 0.3521 -0.5598
vn -0.0361 0.9949 -0.0941
vn 0.0172 0.9012 -0.4332
vn 0.0173 0.8673 -0.4975
vn 0.4301 0.6146 0.6613
vn 0.6082 0.6120 0.5055
vn -0.8521 0.0275 -0.5227
vn -0.7819 0.2651 -0.5643
vn -0.0948 0.8934 -0.4392
vn -0.9935 0.1131 -0.0151
vn 0.0133 0.6896 -0.7241
vn 0.0817 0.9353 -0.3443
vn -0.0590 -0.4914 -0.8689
vn 0.0296 0.1513 -0.9880
vn -0.0072 0.0265 -0.9996
vn 0.0089 0.9850 -0.1724
vn -0.9082 0.1865 -0.3746
vn -0.0154 0.8822 -0.4706
vn -0.9334 0.0935 -0.3463
vn -0.0059 0.2593 -0.9658
vn -0.0010 0.5918 -0.8061
vn -0.0084 0.2276 -0.9737
vn 0.0460 0.9756 -0.2145
vn -0.6520 0.3651 -0.6645
vn 0.0711 0.9973 -0.0161
vn -0.0102 0.6253 -0.7803
vn -0.4403 0.8610 -0.2547
vn -0.4094 0.8637 -0.2939
vn -0.9050 -0.4171 -0.0834
vn -0.1456 0.8278 -0.5418
vn -0.0188 -0.2753 -0.9612
vn 0.3516 0.7322 -0.5834
vn -0.0422 -0.7220 -0.6906
vn 0.0674 -0.2331 -0.9701
vn -0.6870 0.4935 0.5334
vn 0.0528 0.9986 -0.0036
vn 0.1066 0.9877 -0.1141
vn 0.0825 0.9934 -0.0797
vn -0.9823 0.1822 -0.0432
vn 0.8466 0.5317 -0.0239
vn -0.9427 -0.3318 0.0342
vn -0.9976 -0.0622 -0.0300
vn -0.9969 0.0001 -0.0790
vn 0.1739 -0.0767 -0.9818
vn 0.1179 0.2734 -0.9546
vn -0.2627 0.5538 -0.7901
vn -0.5695 -0.5054 -0.6482
vn -0.0426 -0.1960 -0.9797
vn 0.0324 -0.2055 -0.9781
vn -0.0106 0.6039 -0.7970
vn -0.0694 0.9973 -0.0234
vn 0.0631 -0.1855 -0.9806
vn 0.0739 0.0218 -0.9970
vn -0.7597 -0.6427 -0.0988
vn -0.1626 -0.1403 -0.9767
vn -0.4258 -0.0916 -0.9002
vn 0.0028 0.8588 -0.5123
vn 0.0158 0.9357 -0.3524
vn -0.8904 -0.0659 -0.4503
vn -0.0065 0.2602 -0.9655
vn -0.0126 -0.1757 -0.9844
vn 0.0110 0.9761 -0.2169
vn -0.9955 0.0759 -0.0560
vn 0.0521 -0.2941 -0.9544
vn -0.5443 -0.8367 -0.0600
vn 0.0866 0.7320 0.6758
vn 0.0277 0.5022 -0.8643
vn -0.0054 -0.0046 -1.0000
vn -0.0383 0.9917 -0.1225
vn -0.2456 0.5430 -0.8030
vn 0.3169 0.9480 -0.0277
vn 0.3398 0.9401 -0.0267
vn -0.0793 0.9967 -0.0179
vn 0.0737 -0.2784 -0.9576
vn 0.0545 -0.2168 -0.9747
vn -0.2516 0.8425 -0.4763
vn -0.4016 0.8711 -0.2826
vn -0.1624 0.5659 -0.8083
vn -0.0024 0.1461 -0.9893
vn -0.7644 0.6322 -0.1268
vn 0.2777 0.8286 -0.4861
vn 0.2529 0.4733 -0.8438
vn -0.0122 0.5891 -0.8080
vn -0.0192 -0.1045 -0.9943
vn -0.0077 0.1277 -0.9918
vn -0.8219 -0.4580 0.3387
vn -0.0274 0.9913 -0.1285
vn 0.1042 -0.0526 -0.9932
vn 0.0137 0.0130 -0.9998
vn 0.0019 0.3985 -0.9172
vn 0.0348 0.9434 -0.3298
vn -0.4887 0.8722 -0.0186
vn -0.0032 0.5296 -0.8482
vn -0.0336 0.9894 -0.1414
vn -0.7486 0.6011 0.2799
vn 0.0028 0.4937 -0.8696
vn -0.2752 -0.4434 -0.8530
vn -0.1730 -0.4766 -0.8619
vn -0.0987 -0.5484 -0.8304
vn 0.4285 0.7867 -0.4443
vn 0.2752 0.0920 -0.9570
vn -0.9836 -0.1733 -0.0509
vn -0.8386 -0.5391 -0.0787
vn 0.7968 0.0027 -0.6042
vn -0.0825 0.5818 -0.8091
vn -0.0408 0.3411 -0.9391
vn -0.8081 -0.2996 0.5071
vn -0.8152 0.2766 -0.5089
vn -0.0170 0.4126 -0.9107
vn -0.0299 0.8831 -0.4683
vn 0.0683 -0.3528 -0.9332
vn -0.0198 0.9378 -0.3465
vn -0.3650 0.6110 -0.7025
vn -0.2639 0.5405 -0.7989
vn -0.9969 0.0038 -0.0781
vn -0.0433 0.9986 -0.0292
vn -0.0431 0.9944 -0.0963
vn -0.9967 -0.0146 -0.0795
vn -0.9582 0.2054 -0.1991
vn -0.7994 -0.6005 0.0188
vn -0.8119 0.1715 -0.5580
vn 0.7010 -0.3726 -0.6080
vn 0.2505 -0.4021 -0.8807
vn 0.0617 -0.2024 -0.9774
vn 0.0133 0.5572 -0.8303
vn 0.0361 0.8370 -0.5460
vn -0.8012 0.5903 -0.0978
vn 0.8414 0.5131 0.1698
vn -0.9827 0.1686 -0.0764
vn -0.9240 -0.3601 -0.1283
vn -0.0790 -0.6279 -0.7743
vn -0.0896 -0.8287 -0.5525
vn 0.0852 0.3218 -0.9430
vn -0.0280 0.9989 -0.0383
vn -0.0074 -0.1186 -0.9929
vn -0.0195 -0.7170 -0.6968
vn 0.0688 -0.1937 -0.9786
vn -0.0156 0.9160 -0.4009
vn -0.0485 -0.6687 -0.7419
vn 0.0202 0.1533 -0.9880
vn 0.0164 0.2771 -0.9607
vn -0.0757 -0.9943 -0.0756
vn -0.0716 -0.9417 -0.3288
vn -0.7455 0.3514 -0.5663
vn -0.6837 0.0937 -0.7237
vn -0.7437 0.5473 -0.3839
vn -0.7185 -0.5655 0.4049
vn -0.7175 -0.6759 0.1684
vn -0.6931 -0.6824 -0.2324
vn -0.6818 -0.6029 -0.4143
vn -0.7872 -0.3875 0.4797
vn -0.6643 -0.4742 -0.5778
vn -0.6785 -0.2332 -0.6966
vn -0.9939 -0.1099 0.0036
vn -0.7206 -0.6921 -0.0419
vn -0.8429 -0.2257 -0.4884
vn -0.7879 -0.0917 -0.6089
vn -0.6863 0.0636 -0.7245
vn -0.7617 -0.6296 0.1529
vn -0.7910 -0.6091 -0.0576
vn -0.8515 -0.3559 -0.3851
vn -0.8105 -0.5293 -0.2508
vn -0.7969 -0.3226 0.5108
vn -0.8475 -0.0632 0.5270
vn -0.7914 -0.5018 0.3490
vn -0.8160 0.5579 -0.1511
vn -0.8472 0.4437 0.2923
vn -0.8218 0.3399 -0.4572
vn -0.8577 0.3302 0.3941
vn -0.8582 0.1626 0.4869
vn -0.7533 0.2623 -0.6030
vn -0.7923 0.6077 0.0542
vn -0.7342 0.1389 -0.6646
vn -0.0024 0.9967 -0.0807
vn -0.7322 0.6737 -0.0999
vn -0.0759 0.9875 -0.1383
vn -0.0073 0.9910 -0.1336
vn -0.0003 0.9844 0.1757
vn -0.6942 0.7080 0.1296
vn -0.0597 0.9792 0.1939
vn -0.0035 0.9812 0.1931
vn -0.5051 -0.8624 -0.0327
vn -0.5184 -0.8470 -0.1174
vn -0.5758 -0.8173 -0.0223
vn -0.5774 -0.8125 -0.0802
vn -0.6432 -0.7617 -0.0781
vn -0.9900 -0.0347 -0.1364
vn -0.3323 0.4820 -0.8107
vn -0.6083 -0.0007 -0.7937
vn -0.4342 0.2740 -0.8581
vn -0.3093 0.4413 -0.8424
vn -0.6315 -0.0413 -0.7743
vn -0.4803 0.2324 -0.8457
vn -0.2917 0.3883 -0.8741
vn -0.2187 0.5113 -0.8311
vn -0.1769 0.5436 -0.8205
vn -0.8903 -0.2359 0.3895
vn -0.9972 0.0740 -0.0090
vn -0.9340 0.1250 -0.3347
vn -0.9643 0.0141 -0.2643
vn -0.9312 -0.1152 -0.3457
vn -0.7361 -0.6043 -0.3049
vn -0.6994 -0.4650 -0.5427
vn -0.6680 -0.2448 -0.7027
vn -0.6886 -0.7125 -0.1348
vn -0.7368 -0.6224 -0.2641
vn -0.7363 -0.4479 -0.5072
vn -0.7105 -0.2441 -0.6600
vn 0.1034 -0.3611 -0.9268
vn -0.1617 -0.3800 -0.9108
vn -0.3822 -0.4159 -0.8252
vn -0.2646 -0.3533 -0.8973
vn -0.0312 -0.5115 -0.8587
vn 0.0150 -0.4652 -0.8851
vn -0.0785 -0.4579 -0.8855
vn -0.3981 -0.4832 -0.7798
vn 0.0631 -0.2410 -0.9685
vn 0.0455 -0.2485 -0.9676
vn 0.0577 -0.2409 -0.9688
vn -0.0032 -0.7248 -0.6890
vn 0.0040 -0.3416 -0.9398
vn 0.0105 0.5846 -0.8112
vn -0.0001 -0.4525 -0.8918
vn -0.0159 -0.3865 -0.9222
vn 0.0100 0.5412 -0.8408
vn -0.0144 -0.3727 -0.9278
vn -0.9967 -0.0318 -0.0746
vn -0.9940 -0.0721 -0.0825
vn -0.9459 0.3165 -0.0717
vn -0.1276 -0.8756 0.4658
vn -0.1320 -0.8780 0.4602
vn -0.1250 -0.8766 0.4648
vn 0.0598 -0.8265 -0.5598
vn 0.0616 -0.8306 -0.5534
vn -0.0951 -0.4588 -0.8834
vn -0.0460 -0.4458 -0.8939
vn 0.1311 -0.2097 -0.9689
vn -0.2619 -0.7820 -0.5655
vn -0.2705 -0.7230 -0.6356
vn 0.1773 -0.5992 -0.7807
vn -0.1672 -0.6150 -0.7706
vn 0.0098 -0.4774 -0.8786
vn 0.5807 -0.4688 -0.6656
vn -0.2022 -0.6657 -0.7183
vn 0.6676 -0.4316 -0.6066
vn 0.4228 -0.6091 -0.6710
vn 0.0465 -0.5244 -0.8502
vn -0.1838 -0.9254 -0.3315
vn -0.0078 -0.6390 -0.7692
vn -0.0018 -0.6607 -0.7506
vn -0.2914 -0.6920 -0.6605
vn 0.0131 -0.0483 -0.9987
vn 0.0211 0.0036 -0.9998
vn 0.0093 -0.0544 -0.9985
vn 0.0187 -0.1792 -0.9836
vn 0.0186 -0.1796 -0.9836
vn 0.0088 0.0546 -0.9985
vn -0.0048 0.0499 -0.9987
vn 0.0159 -0.1488 -0.9887
vn 0.0113 -0.1380 -0.9904
vn 0.0271 -0.2275 -0.9734
vn 0.0194 -0.2213 -0.9750
vn 0.0181 -0.2028 -0.9791
vn 0.0268 -0.1170 -0.9928
vn 0.0477 -0.1610 -0.9858
vn 0.0518 -0.1288 -0.9903
vn 0.0594 -0.1795 -0.9820
vn 0.0518 0.1419 -0.9885
vn 0.0728 0.1133 -0.9909
vn 0.0066 0.2641 -0.9645
vn 0.0730 0.3727 -0.9251
vn -0.0105 0.6383 0.7697
vn 0.1473 0.9871 -0.0636
vn 0.1877 0.9728 -0.1354
vn 0.2400 0.9639 -0.1153
vn 0.3081 0.9461 -0.1004
vn 0.4055 0.9099 -0.0874
vn 0.1381 0.9740 -0.1796
vn 0.1577 0.9777 -0.1387
vn 0.1255 0.9845 -0.1227
vn 0.2001 0.9750 -0.0969
vn 0.2411 0.9671 -0.0812
vn 0.2964 0.9523 -0.0728
vn 0.3789 0.9232 -0.0649
vn 0.1471 0.9806 -0.1299
vn 0.1722 0.9780 -0.1174
vn 0.6132 0.7890 -0.0383
vn 0.1021 0.9942 -0.0328
vn 0.2404 0.9690 -0.0561
vn 0.2823 0.9579 -0.0516
vn 0.3330 0.9421 -0.0400
vn 0.4295 0.9022 -0.0393
vn 0.1472 0.9876 -0.0554
vn 0.1968 0.9785 -0.0623
vn 0.8943 0.4474 -0.0030
vn 0.0051 0.5804 -0.8143
vn -0.0348 0.8129 -0.5814
vn -0.0022 0.7982 -0.6024
vn 0.0119 0.8253 -0.5646
vn 0.0224 0.8197 -0.5723
vn 0.1683 0.9408 -0.2942
vn 0.1055 0.9465 -0.3050
vn 0.2541 0.9161 -0.3101
vn 0.0727 0.9462 -0.3152
vn -0.0682 0.9530 -0.2951
vn -0.0088 0.9514 -0.3078
vn 0.0130 0.9533 -0.3018
vn 0.0261 0.9499 -0.3115
vn 0.0462 0.9483 -0.3139
vn 0.1698 0.9708 -0.1696
vn 0.0661 0.9848 -0.1605
vn 0.1014 0.9814 -0.1629
vn 0.2548 0.9512 -0.1742
vn 0.3192 0.9303 -0.1808
vn -0.0821 0.9904 -0.1111
vn -0.0150 0.9929 -0.1181
vn 0.0070 0.9914 -0.1307
vn 0.0218 0.9891 -0.1456
vn 0.0415 0.9873 -0.1530
vn 0.1684 0.9821 -0.0849
vn 0.0547 0.9955 -0.0777
vn 0.0921 0.9926 -0.0791
vn 0.2569 0.9620 -0.0926
vn -0.0758 0.9962 -0.0433
vn -0.0303 0.9984 -0.0487
vn -0.0029 0.9981 -0.0618
vn 0.0128 0.9975 -0.0693
vn 0.0312 0.9969 -0.0726
vn 0.1542 0.9878 -0.0220
vn 0.0462 0.9988 -0.0189
vn 0.0839 0.9963 -0.0206
vn 0.2470 0.9686 -0.0294
vn 0.0250 0.9995 -0.0200
vn -0.0745 0.9971 -0.0133
vn -0.0359 0.9992 -0.0158
vn -0.0043 0.9998 -0.0210
vn 0.0117 0.9998 -0.0179
vn 0.2265 0.9737 -0.0241
vn 0.4804 0.8770 -0.0095
vn 0.4334 0.8978 -0.0779
vn -0.4581 -0.5516 -0.6971
vn -0.0653 -0.7227 -0.6881
vn -0.2722 -0.7467 -0.6069
vn -0.1180 -0.7581 -0.6413
vn -0.4222 -0.6415 -0.6405
vn -0.0970 0.1910 -0.9768
vn -0.1756 -0.1942 -0.9651
vn -0.0456 -0.3137 -0.9484
vn -0.1917 -0.2770 -0.9416
vn -0.1142 -0.2967 -0.9481
vn 0.0687 0.7993 -0.5970
vn 0.0412 0.8280 -0.5592
vn 0.0111 -0.6536 -0.7567
vn 0.0463 -0.6403 -0.7668
vn 0.0162 -0.6165 -0.7872
vn 0.5369 -0.6754 -0.5056
vn 0.0151 -0.6513 -0.7587
vn 0.0150 -0.6612 -0.7501
vn 0.0151 -0.6632 -0.7483
vn 0.0139 -0.6922 -0.7216
vn 0.0147 -0.6962 -0.7177
vn 0.0158 -0.6636 -0.7479
vn 0.0240 -0.9877 -0.1544
vn 0.0474 -0.9812 -0.1871
vn -0.4187 -0.8914 -0.1737
vn 0.0023 -0.9849 -0.1733
vn 0.0048 -0.9808 -0.1949
vn 0.6343 -0.7645 -0.1147
vn 0.0030 -0.9838 -0.1793
vn 0.0029 -0.9856 -0.1693
vn 0.0038 -0.9861 -0.1664
vn -0.0032 -0.9902 -0.1395
vn 0.0036 -0.9906 -0.1366
vn 0.0044 -0.9858 -0.1681
vn -0.0153 -0.9999 0.0052
vn -0.2239 -0.9659 -0.1298
vn -0.0000 -1.0000 -0.0002
vn 0.0303 -0.9869 -0.1585
vn -0.0001 -1.0000 0.0081
vn 0.0001 -1.0000 0.0032
vn -0.0000 -1.0000 -0.0014
vn -0.0001 -1.0000 -0.0010
vn 0.3560 -0.8961 -0.2650
vn -0.0345 -0.7079 -0.7055
vn -0.0291 -0.9996 0.0065
vn -0.0323 -0.9994 -0.0096
vn 0.2594 -0.9196 -0.2950
vn -0.0002 -0.9986 -0.0521
vn 0.7493 -0.6607 -0.0445
vn -0.0910 -0.9955 -0.0259
vn -0.0680 -0.9977 0.0031
vn -0.0693 -0.9976 -0.0033
vn -0.1317 -0.9913 0.0053
vn -0.0012 -0.9987 -0.0512
vn 0.8572 -0.5136 -0.0379
vn -0.0145 -0.9949 -0.1002
vn -0.0432 -0.9976 -0.0535
vn 0.3602 -0.9264 -0.1097
vn 0.2082 -0.8497 -0.4844
vn 0.3850 -0.8614 -0.3312
vn -0.1431 -0.9828 -0.1169
vn 0.0629 -0.9980 -0.0051
vn 0.0639 -0.9980 -0.0026
vn 0.0769 -0.8219 -0.5644
vn -0.0729 -0.1623 -0.9840
vn -0.5220 0.8252 -0.2156
vn -0.4448 0.8577 -0.2578
vn -0.4514 0.8874 -0.0934
vn -0.4540 0.8858 -0.0962
vn -0.5210 0.8318 -0.1915
vn -0.5166 -0.1769 -0.8378
vn -0.4627 0.1760 -0.8689
vn -0.4924 -0.8694 -0.0411
vn -0.5114 -0.3591 -0.7807
vn -0.4922 -0.8051 -0.3310
vn -0.4994 -0.6099 -0.6153
vn -0.4827 -0.1224 0.8672
vn -0.4840 0.2456 0.8399
vn -0.4855 -0.8399 0.2425
vn -0.4915 0.6987 -0.5199
vn -0.4863 0.8497 -0.2037
vn -0.4941 0.8126 0.3090
vn -0.4948 0.7040 0.5094
vn -0.8193 0.4566 -0.3467
vn -0.4874 -0.7030 0.5179
vn -0.4917 0.5271 0.6931
vn -0.4967 0.4843 -0.7202
vn -0.8414 0.5074 0.1862
vn -0.4940 0.8655 0.0825
vn -0.4890 0.3206 -0.8113
vn -0.8835 -0.1763 -0.4340
vn -0.8835 -0.0796 -0.4617
vn -0.4886 -0.0076 -0.8725
vn -0.8676 0.1054 -0.4859
vn -0.8859 0.0081 -0.4638
vn -0.8904 -0.4428 0.1053
vn -0.8890 -0.4554 -0.0486
vn -0.8828 -0.3073 -0.3552
vn -0.8839 -0.4182 -0.2094
vn -0.8853 -0.2511 0.3914
vn -0.4811 -0.4648 0.7433
vn -0.8823 -0.0585 0.4670
vn -0.8876 -0.3803 0.2598
vn -0.8788 0.4594 -0.1292
vn -0.8861 0.3914 0.2482
vn -0.8813 0.3656 -0.2993
vn -0.8860 0.3023 0.3515
vn -0.8822 0.1512 0.4459
vn -0.8842 0.1778 -0.4320
vn -0.8845 0.2492 -0.3945
vn -0.8853 0.4448 0.1356
vn -0.8855 0.4644 0.0150
vn -0.9999 0.0119 -0.0092
vn -0.8595 0.0626 -0.5074
vn -0.8730 0.2498 -0.4189
vn -0.6847 0.0199 0.7286
vn -0.7212 0.2819 0.6328
vn -0.7229 0.1551 0.6733
vn -0.7694 0.5057 -0.3904
vn -0.7329 0.6445 -0.2177
vn -0.7238 -0.0926 0.6838
vn -0.8594 -0.1569 -0.4867
vn -0.7143 0.6119 0.3396
vn -0.7077 0.4474 0.5468
vn -0.7964 -0.5331 0.2855
vn -0.8178 0.5730 -0.0543
vn -0.9009 -0.2919 -0.3212
vn -0.7455 -0.2942 0.5980
vn -0.7520 0.6525 0.0940
vn -0.7493 -0.1629 0.6418
vn -0.8014 -0.5899 0.0991
vn -0.8239 -0.5595 -0.0902
vn -0.8227 -0.5057 -0.2597
vn -0.3515 0.4514 -0.8201
vn -0.3672 -0.1067 0.9240
vn -0.3682 0.2054 0.9068
vn -0.3531 0.8752 -0.3306
vn -0.3506 0.7329 -0.5830
vn -0.3675 -0.2247 0.9025
vn -0.3905 -0.6093 -0.6901
vn -0.3549 -0.2936 -0.8876
vn -0.3636 0.5974 0.7148
vn -0.3735 -0.6363 0.6751
vn -0.3798 -0.8228 0.4228
vn -0.3472 0.0899 -0.9335
vn -0.3703 0.9221 -0.1125
vn -0.3829 -0.8122 -0.4401
vn -0.7742 -0.4322 0.4624
vn -0.3694 0.3821 0.8471
vn -0.3677 0.9205 0.1320
vn -0.3707 -0.3932 0.8414
vn -0.3630 0.0336 0.9312
vn -0.3773 -0.9162 0.1352
vn -0.3819 -0.9090 -0.1672
vn -0.7485 0.3288 -0.5759
vn -0.7765 -0.0708 0.6261
vn -0.7749 0.1398 0.6164
vn -0.7564 0.5139 -0.4047
vn -0.7703 0.5993 -0.2178
vn -0.7755 -0.1532 0.6125
vn -0.7391 -0.2341 -0.6316
vn -0.3599 0.8174 0.4498
vn -0.7712 0.4099 0.4870
vn -0.7634 -0.4428 0.4702
vn -0.7618 -0.5766 0.2954
vn -0.7447 0.0535 -0.6652
vn -0.7766 0.6296 -0.0226
vn -0.7412 -0.4503 -0.4979
vn -0.7694 -0.2751 0.5764
vn -0.7754 0.2614 0.5748
vn -0.7656 0.6301 0.1301
vn -0.7659 0.5675 0.3021
vn -0.7754 0.0226 0.6310
vn -0.7575 -0.6457 0.0964
vn -0.7519 -0.6486 -0.1182
vn -0.7490 -0.5828 -0.3152
vn -0.9770 0.0826 -0.1967
vn -0.9811 0.0050 0.1933
vn -0.9810 -0.0287 0.1918
vn -0.9820 0.0739 0.1736
vn -0.9813 0.0266 0.1908
vn -0.9826 0.1688 -0.0780
vn -0.9797 0.1489 -0.1342
vn -0.9797 -0.0868 0.1808
vn -0.9704 -0.0828 -0.2270
vn -0.9804 0.1747 0.0908
vn -0.9815 0.1232 0.1469
vn -0.9765 -0.1557 0.1489
vn -0.9747 -0.2063 0.0863
vn -0.9755 0.0071 -0.2197
vn -0.9836 0.1778 -0.0307
vn -0.9681 -0.1762 -0.1779
vn -0.9771 -0.1178 0.1772
vn -0.9796 0.1979 0.0342
vn -0.9731 -0.2286 0.0271
vn -0.9714 -0.2317 -0.0520
vn -0.9709 -0.2105 -0.1144
vn -0.9999 -0.0124 -0.0048
vn -0.4282 -0.9031 -0.0333
vn -0.8378 -0.3715 -0.4001
vn -0.8936 -0.1591 0.4197
vn -0.5706 0.8212 -0.0018
vn -0.6805 0.7295 0.0692
vn -0.8630 0.1740 -0.4743
vn -0.7135 0.4057 -0.5712
vn -0.5257 -0.8489 -0.0543
vn -0.7606 0.4564 0.4618
vn -0.7388 0.5415 -0.4012
vn -0.8101 0.5563 -0.1853
vn -0.4964 -0.8667 -0.0480
vn -0.5926 0.7463 0.3031
vn -0.3914 -0.9198 -0.0277
vn -0.3833 -0.9236 0.0090
vn -0.8163 0.5690 -0.0996
vn -0.3962 -0.9176 -0.0329
vn -0.4027 -0.9148 -0.0303
vn -0.4732 -0.8798 -0.0460
vn -0.5165 -0.7860 -0.3397
vn -0.7077 -0.3873 0.5909
vn -0.4461 0.8877 0.1141
vn -0.6724 -0.0650 -0.7374
vn -0.4949 0.5154 -0.6996
vn -0.3835 -0.9233 -0.0217
vn -0.3597 -0.9326 -0.0281
vn -0.4358 0.6663 0.6051
vn -0.3718 -0.9275 -0.0377
vn -0.4797 0.7141 -0.5099
vn -0.4930 0.8312 -0.2572
vn -0.3928 -0.9190 -0.0343
vn -0.4233 -0.9053 -0.0367
vn -0.4854 0.8102 0.3285
vn -0.4485 0.8904 -0.0779
vn -0.4358 0.9000 0.0110
vn -0.0006 0.3300 -0.9440
vn 0.0186 0.8285 -0.5597
vn 0.2070 0.7159 0.6668
vn 0.0758 0.4604 0.8845
vn 0.4050 -0.2509 0.8792
vn 0.3299 -0.3987 0.8557
vn 0.2518 -0.1951 -0.9479
vn 0.6001 -0.0050 -0.7999
vn 0.8324 0.4718 -0.2907
vn 0.7660 0.2417 -0.5956
vn 0.5513 0.7544 -0.3563
vn 0.7083 -0.1117 0.6971
vn 0.3874 0.6360 0.6673
vn 0.8009 0.5166 0.3028
vn 0.0936 0.4954 0.8636
vn 0.5266 0.8397 0.1329
vn 0.0808 0.4650 0.8816
vn 0.3686 -0.7729 0.5166
vn 0.2554 0.0287 0.9664
vn 0.1559 -0.5594 -0.8141
vn 0.2292 -0.2749 -0.9338
vn 0.1950 0.7233 0.6624
vn 0.0647 -0.3424 -0.9373
vn 0.1462 -0.5167 -0.8436
vn 0.2073 -0.2141 -0.9545
vn 0.2322 -0.3786 -0.8960
vn 0.6079 0.7350 0.3004
vn 0.4825 0.7892 0.3799
vn 0.2975 0.4840 0.8229
vn 0.6711 0.6986 0.2481
vn 0.3955 -0.4429 -0.8046
vn 0.3195 0.7303 0.6038
vn 0.1672 -0.4645 -0.8696
vn 0.6869 0.7209 0.0919
vn 0.1573 -0.5545 -0.8172
vn 0.3760 -0.5396 0.7533
vn 0.3979 0.8836 0.2469
vn 0.4545 0.8507 0.2640
vn 0.4032 -0.5005 0.7661
vn 0.5953 0.6291 -0.4999
vn 0.5020 0.7119 -0.4912
vn 0.3928 0.9074 -0.1496
vn 0.4161 0.8922 -0.1754
vn 0.6762 0.7186 -0.1625
vn 0.8284 -0.4475 -0.3369
vn 0.3069 -0.9200 0.2438
vn 0.3576 -0.9249 0.1287
vn 0.9081 0.1790 0.3785
vn 0.5932 -0.2609 0.7616
vn 0.5378 0.7284 0.4245
vn 0.3185 -0.9312 0.1774
vn 0.3977 -0.8677 -0.2981
vn 0.3325 -0.9416 0.0528
vn 0.3010 -0.8973 -0.3228
vn 0.5313 0.3547 -0.7694
vn 0.7165 0.0640 -0.6947
vn 0.4748 0.3382 -0.8125
vn 0.4212 0.8844 0.2010
vn 0.3165 0.8536 0.4137
vn 0.3424 -0.8641 -0.3689
vn 0.3261 -0.8634 -0.3849
vn 0.3416 -0.8303 -0.4403
vn 0.4672 0.4875 -0.7376
vn 0.6801 0.0461 -0.7317
vn 0.7344 -0.3703 -0.5687
vn 0.4501 0.8902 -0.0701
vn 0.4015 0.9057 -0.1360
vn 0.4611 0.8784 -0.1255
vn 0.4607 -0.3569 0.8127
vn 0.9095 -0.1330 0.3938
vn 0.3050 -0.9202 0.2455
vn 0.4447 0.8902 0.0985
vn 0.4297 -0.7770 -0.4600
vn 0.5371 -0.7055 -0.4624
vn 0.4690 0.8821 -0.0444
vn 0.4803 0.8769 0.0186
vn 0.3753 0.9221 -0.0945
vn 0.6795 -0.4904 -0.5457
vn 0.3297 -0.8877 -0.3214
vn 0.3516 -0.8689 0.3484
vn 0.3228 -0.9057 0.2748
vn -0.0525 0.8484 0.5268
vn 0.0111 0.6314 0.7754
vn 0.2667 0.7550 0.5991
vn 0.4506 0.2186 0.8656
vn 0.3818 -0.1253 0.9157
vn 0.4479 0.5676 0.6908
vn 0.2834 0.7173 0.6365
vn 0.3978 -0.5648 0.7231
vn 0.2785 -0.3153 -0.9072
vn 0.3201 -0.2062 -0.9247
vn 0.2531 0.7096 0.6576
vn 0.3591 -0.7246 -0.5882
vn 0.5531 0.8320 0.0437
vn 0.4119 -0.6046 -0.6818
vn 0.3758 -0.3974 -0.8372
vn 0.3784 -0.8227 -0.4242
vn 0.4086 0.9024 -0.1370
vn 0.5308 0.8155 -0.2306
vn 0.4512 0.8837 -0.1245
vn 0.3771 0.9218 -0.0901
vn 0.3424 0.9359 -0.0830
vn 0.3571 -0.9339 -0.0191
vn 0.3346 -0.9077 0.2531
vn 0.4138 -0.8558 0.3105
vn 0.3024 -0.8926 0.3344
vn 0.2849 -0.9234 0.2573
vn 0.6185 0.7416 -0.2597
vn 0.5538 0.6607 -0.5067
vn 0.5943 0.5571 -0.5801
vn 0.7269 0.2745 -0.6295
vn 0.8522 0.5131 -0.1027
vn 0.7125 0.6689 -0.2121
vn 0.4952 -0.8351 0.2396
vn 0.5787 -0.7814 0.2336
vn 0.5520 -0.8308 0.0713
vn 0.7838 -0.0733 -0.6167
vn 0.9793 0.1800 0.0930
vn 0.7454 -0.6665 -0.0092
vn 0.8909 -0.3161 -0.3263
vn 0.8577 -0.4570 0.2357
vn 0.4870 -0.7919 0.3684
vn 0.5206 0.8516 -0.0615
vn 0.4433 0.8946 -0.0567
vn 0.3166 -0.9337 0.1672
vn 0.4176 -0.7227 0.5507
vn 0.5799 0.8124 -0.0607
vn 0.6540 0.7310 0.1949
vn 0.5653 0.8157 0.1228
vn 0.5235 -0.6189 0.5856
vn 0.5451 0.8249 0.1497
vn 0.8876 0.3520 0.2971
vn 0.8123 -0.3372 0.4759
vn 0.4614 0.8048 0.3734
vn 0.3084 -0.9053 0.2921
vn 0.2433 0.4983 0.8322
vn 0.7079 -0.3482 -0.6146
vn 0.9021 -0.4238 -0.0812
vn 0.2385 -0.2339 -0.9426
vn 0.8885 -0.4281 -0.1650
vn 0.8930 -0.4368 -0.1088
vn 0.9075 -0.4158 -0.0601
vn 0.0572 -0.3080 -0.9497
vn 0.7282 -0.6471 -0.2258
vn 0.5774 -0.5912 -0.5631
vn 0.7447 -0.6653 -0.0524
vn 0.7581 -0.6470 -0.0822
vn 0.2425 -0.4120 -0.8783
vn 0.7572 -0.6440 -0.1097
vn 0.1028 -0.8297 -0.5486
vn -0.2286 -0.0715 -0.9709
vn 0.3633 -0.9297 -0.0608
vn 0.3864 -0.9220 -0.0246
vn 0.0669 -0.9977 -0.0054
vn 0.3302 -0.9438 -0.0124
vn 0.0687 -0.9976 -0.0020
vn 0.7218 -0.6918 -0.0212
vn 0.3147 -0.9492 -0.0054
vn -0.0997 -0.7349 -0.6708
vn -0.4418 -0.5807 -0.6838
vn 0.4173 -0.9087 0.0102
vn -0.2603 -0.6923 -0.6730
vn -0.0028 -0.7207 -0.6933
vn 0.7160 -0.6941 0.0753
vn 0.9101 -0.4077 0.0739
vn -0.4211 -0.5736 -0.7026
vn 0.9747 -0.2035 0.0927
vn -0.3952 -0.6222 -0.6758
vn 0.1400 -0.7348 -0.6637
vn -0.4881 -0.4649 -0.7386
vn 0.4782 -0.0738 -0.8751
vn 0.4553 -0.5787 -0.6767
vn 0.6103 -0.4101 -0.6778
vn 0.2263 -0.7074 -0.6696
vn -0.3371 -0.6645 -0.6670
vn -0.6816 -0.7317 -0.0082
vn -0.4951 -0.5233 -0.6935
vn -0.7602 -0.6496 0.0013
vn -0.5687 -0.4335 -0.6990
vn -0.0410 -0.7093 -0.7038
vn 0.0300 -0.7224 -0.6908
vn -0.1293 -0.7166 -0.6854
vn -0.8002 -0.5996 -0.0105
vn -0.7006 -0.5473 0.4579
vn 0.0221 -0.0124 -0.9997
vn 0.8989 -0.4382 0.0014
vn 0.6344 -0.3051 -0.7102
vn 0.8964 -0.4432 -0.0039
vn 0.9118 -0.4105 -0.0059
vn 0.6325 -0.2634 -0.7284
vn 0.9541 -0.2995 -0.0062
vn 0.6835 -0.2043 -0.7008
vn 0.9730 -0.2308 -0.0070
vn 0.6708 -0.1345 -0.7293
vn 0.6592 -0.2936 -0.6922
vn 0.5566 -0.4981 -0.6649
vn 0.3493 -0.6503 -0.6747
vn 0.0135 -0.7150 -0.6990
vn -0.6992 -0.7124 -0.0602
vn -0.9722 -0.2132 -0.0964
vn -0.6895 -0.7233 -0.0387
vn -0.6017 0.7896 -0.1202
vn -0.9612 0.2606 -0.0901
vn -0.6884 0.7207 -0.0811
vn -0.8751 0.1588 -0.4572
vn -0.7470 -0.5965 -0.2937
vn -0.9139 0.3686 -0.1701
vn -0.4570 0.8577 -0.2356
vn -0.6351 0.6295 -0.4477
vn -0.7034 0.7095 -0.0430
vn -0.9518 0.2962 -0.0791
vn -0.9855 0.1490 -0.0815
vn -0.8060 -0.5874 -0.0728
vn -0.9634 -0.2579 -0.0732
vn -0.6953 -0.7158 -0.0640
vn -0.5806 0.8053 0.1200
vn -0.9938 0.0875 -0.0692
vn -0.9325 0.3511 0.0851
vn -0.7797 -0.6204 -0.0845
vn -0.8383 -0.5388 -0.0834
vn -0.9623 -0.2593 -0.0820
vn -0.8058 -0.5881 -0.0698
vn -0.9878 0.1301 -0.0857
vn -0.6930 0.7209 0.0107
vn -0.5516 0.7463 0.3725
vn -0.9398 -0.0790 0.3325
vn -0.3695 -0.9285 -0.0358
vn -0.1356 -0.9908 0.0030
vn -0.1535 -0.9882 -0.0016
vn -0.9960 0.0518 -0.0727
vn 0.9499 0.0409 0.3100
vn -0.9982 -0.0100 0.0594
vn -0.9998 0.0175 0.0016
vn -0.9997 0.0236 0.0033
vn -0.1564 -0.9868 -0.0424
vn -0.0509 -0.2721 0.9609
vn -0.1324 -0.9912 -0.0039
vn -0.0138 -0.9949 0.1002
vn 0.4841 -0.0739 0.8719
vn -0.1535 -0.9881 -0.0049
vn -0.6749 -0.2904 -0.6783
vn -0.0573 -0.2722 -0.9605
vn -0.5926 -0.8016 -0.0788
vn 0.0479 0.5236 -0.8506
vn 0.0439 0.5906 -0.8058
vn -0.0112 0.5199 -0.8542
vn 0.0276 0.6242 -0.7808
vn -0.0546 0.5665 -0.8223
vn -0.0107 0.6049 -0.7962
vn -0.0788 0.5846 -0.8075
vn -0.0188 0.5972 -0.8019
vn 0.0358 0.5942 -0.8035
vn 0.0519 0.5683 -0.8212
vn 0.1227 0.5942 -0.7949
vn 0.2256 0.5977 -0.7693
vn 0.2745 0.5884 -0.7606
vn 0.4447 0.5135 -0.7339
vn 0.6582 0.5922 -0.4649
vn 0.6772 0.5651 -0.4712
vn 0.8673 0.4946 -0.0557
vn 0.7809 0.4907 -0.3866
vn 0.8192 0.5722 0.0383
vn 0.6780 0.4090 0.6107
vn 0.6912 0.1568 0.7054
vn 0.5163 -0.1283 0.8468
vn 0.2704 -0.2236 0.9364
vn 0.1588 -0.2991 0.9409
vn 0.1632 -0.2898 0.9431
vn 0.1608 -0.3188 0.9341
vn 0.1619 -0.3010 0.9398
vn 0.1498 -0.3585 0.9214
vn 0.1367 -0.3503 0.9266
vn 0.1447 -0.4416 0.8855
vn 0.1653 -0.4361 0.8846
vn 0.1558 -0.5141 0.8435
vn 0.1511 -0.4886 0.8593
vn 0.1513 -0.5261 0.8368
vn 0.1638 -0.5191 0.8389
vn 0.1470 -0.4916 0.8583
vn 0.4353 -0.7650 0.4747
vn 0.4640 -0.7509 0.4699
vn 0.6523 -0.7521 0.0945
vn 0.6583 -0.7442 0.1133
vn 0.7301 -0.6318 -0.2604
vn 0.6689 -0.4622 -0.5822
vn 0.5300 -0.1627 -0.8322
vn 0.3538 0.1570 -0.9221
vn 0.0904 0.4837 -0.8706
vn 0.1651 0.1645 -0.9725
vn 0.1203 0.4085 -0.9048
vn 0.1299 0.4106 -0.9025
vn 0.1810 -0.2954 0.9381
vn 0.2360 -0.2968 0.9253
vn 0.1722 -0.3540 0.9193
vn 0.1754 -0.4427 0.8794
vn 0.1663 -0.4957 0.8524
vn 0.0791 -0.5525 0.8298
vn 0.2326 0.5839 -0.7778
vn 0.2006 0.5739 -0.7940
vn 0.1606 0.5538 -0.8170
vn 0.3223 0.3547 -0.8777
vn 0.0943 0.4851 -0.8694
vn 0.1713 0.3797 -0.9091
vn 0.4536 0.4927 -0.7426
vn 0.4696 0.6016 -0.6461
vn 0.4794 0.5574 -0.6779
vn 0.5371 0.1731 -0.8256
vn 0.4878 0.0418 -0.8719
vn 0.7440 0.3911 -0.5417
vn 0.6645 0.5937 -0.4539
vn 0.8497 0.5263 -0.0316
vn 0.9551 0.2704 -0.1207
vn 0.8768 -0.1919 -0.4408
vn 0.6961 -0.4355 -0.5708
vn 0.4539 -0.2265 0.8618
vn 0.3985 -0.3584 0.8443
vn 0.4254 -0.5742 0.6995
vn 0.3824 -0.6743 0.6317
vn 0.8207 0.1535 0.5504
vn 0.8382 -0.0227 0.5450
vn 0.8602 -0.3774 0.3429
vn 0.6857 -0.7142 0.1405
vn -0.8457 0.0368 -0.5325
vn -0.6754 0.3182 -0.6653
vn -0.6894 0.0567 -0.7222
vn -0.8447 0.2401 -0.4783
vn -0.6754 0.5160 -0.5270
vn -0.8471 0.4865 -0.2140
vn -0.6796 0.6746 -0.2881
vn -0.8527 0.5213 -0.0328
vn -0.6875 0.7250 -0.0429
vn -0.8568 0.4989 0.1302
vn -0.7013 0.6879 0.1872
vn -0.8640 0.4158 0.2841
vn -0.7182 0.5670 0.4034
vn -0.8698 0.2709 0.4123
vn -0.7355 0.3612 0.5732
vn -0.8752 0.0684 0.4790
vn -0.7503 0.0826 0.6559
vn -0.8784 -0.1440 0.4557
vn -0.7576 -0.2009 0.6211
vn -0.7575 -0.4096 0.5083
vn -0.8790 -0.2973 0.3728
vn -0.7559 -0.5408 0.3689
vn -0.8765 -0.3984 0.2702
vn -0.7472 -0.6375 0.1879
vn -0.8724 -0.4727 0.1245
vn -0.7367 -0.6759 0.0228
vn -0.8591 -0.5118 0.0065
vn -0.7236 -0.6725 -0.1556
vn -0.8522 -0.5089 -0.1211
vn -0.7063 -0.5723 -0.4168
vn -0.8484 -0.4259 -0.3143
vn -0.6890 -0.4004 -0.6042
vn -0.8459 -0.2856 -0.4504
vn -0.6735 -0.3058 -0.6730
vn -0.8292 -0.2274 -0.5106
vn -0.6768 -0.1954 -0.7098
vn -0.8402 -0.1465 -0.5222
vn -0.6691 -0.0971 -0.7368
vn -0.9830 0.0001 -0.1835
vn -0.9847 0.0914 -0.1485
vn -0.8409 0.3858 -0.3794
vn -0.9860 0.1315 -0.1028
vn -0.9863 0.1509 -0.0662
vn -0.9865 0.1636 -0.0102
vn -0.9864 0.1571 0.0481
vn -0.9871 0.1301 0.0931
vn -0.9875 0.0853 0.1323
vn -0.9877 0.0225 0.1546
vn -0.9871 -0.0403 0.1552
vn -0.9853 -0.0923 0.1439
vn -0.9850 -0.1393 0.1014
vn -0.9837 -0.1768 0.0331
vn -0.9786 -0.2054 -0.0131
vn -0.9817 -0.1812 -0.0586
vn -0.9822 -0.1590 -0.1000
vn -0.9807 -0.1226 -0.1520
vn -0.9773 -0.0915 -0.1911
vn -0.9823 -0.0575 -0.1782
vn -0.9777 -0.0443 -0.2053
vn -0.8365 -0.0830 -0.5416
vn -0.9991 -0.0011 -0.0429
vn -0.9992 0.0278 -0.0283
vn -0.9990 0.0418 -0.0168
vn -0.9989 0.0464 -0.0064
vn -0.9988 0.0473 0.0077
vn -0.9988 0.0439 0.0208
vn -0.9988 0.0375 0.0313
vn -0.9989 0.0259 0.0388
vn -0.9989 0.0111 0.0447
vn -0.9989 -0.0032 0.0459
vn -0.9989 -0.0157 0.0440
vn -0.9991 -0.0306 0.0290
vn -0.9988 -0.0478 0.0078
vn -0.9983 -0.0575 -0.0058
vn -0.9984 -0.0553 -0.0135
vn -0.9985 -0.0487 -0.0261
vn -0.9984 -0.0378 -0.0410
vn -0.9982 -0.0318 -0.0507
vn -0.9984 -0.0282 -0.0494
vn -0.9984 -0.0203 -0.0521
vn -1.0000 -0.0004 0.0045
vn -0.9337 -0.1566 -0.3220
vn -0.9167 -0.0401 -0.3975
vn -0.9157 -0.2054 -0.3454
vn -0.9324 0.0917 -0.3495
vn -0.9109 0.1131 -0.3969
vn -0.9375 0.2005 -0.2844
vn -0.9197 0.2554 -0.2981
vn -0.9268 0.3255 -0.1873
vn -0.8981 0.3985 -0.1860
vn -0.8897 0.4506 -0.0735
vn -0.9201 0.3879 -0.0538
vn -0.8875 0.4545 0.0759
vn -0.9176 0.3902 0.0751
vn -0.8866 0.4079 0.2181
vn -0.9139 0.3556 0.1958
vn -0.8803 0.3210 0.3493
vn -0.8798 0.2520 0.4032
vn -0.8340 0.2191 0.5064
vn -0.8796 0.1619 0.4473
vn -0.8186 0.1188 0.5619
vn -0.8692 0.0556 0.4914
vn -0.7970 0.0375 0.6028
vn -0.7934 -0.0039 0.6087
vn -0.8698 -0.0417 0.4916
vn -0.8178 -0.0934 0.5678
vn -0.8853 -0.1265 0.4475
vn -0.8421 -0.2017 0.5002
vn -0.8955 -0.2306 0.3806
vn -0.8661 -0.3154 0.3879
vn -0.9011 -0.3096 0.3036
vn -0.8776 -0.4174 0.2356
vn -0.9000 -0.4196 0.1179
vn -0.8754 -0.4800 0.0582
vn -0.9035 -0.4272 -0.0351
vn -0.8723 -0.4726 -0.1252
vn -0.8402 -0.5036 -0.2009
vn -0.9025 -0.3858 -0.1914
vn -0.8834 -0.3843 -0.2682
vn -0.9259 -0.2826 -0.2509
vn -0.9743 -0.0267 -0.2237
vn -0.9344 -0.0353 -0.3544
vn -0.9746 0.0526 -0.2179
vn -0.9757 0.1256 -0.1797
vn -0.9746 0.1923 -0.1152
vn -0.9720 0.2327 -0.0328
vn -0.9697 0.2390 0.0514
vn -0.9670 0.2214 0.1259
vn -0.9103 0.2804 0.3044
vn -0.9618 0.1480 0.2305
vn -0.9613 0.0956 0.2584
vn -0.9600 0.0351 0.2779
vn -0.9595 -0.0247 0.2806
vn -0.9612 -0.0844 0.2626
vn -0.9616 -0.1464 0.2322
vn -0.9621 -0.2338 0.1405
vn -0.9019 -0.3784 0.2085
vn -0.9645 -0.2537 0.0739
vn -0.9679 -0.2510 -0.0143
vn -0.9685 -0.2259 -0.1043
vn -0.9725 -0.1683 -0.1612
vn -0.9743 -0.1018 -0.2012
vn -0.9966 -0.0130 -0.0809
vn -0.9968 0.0154 -0.0783
vn -0.9970 0.0432 -0.0644
vn -0.9969 0.0679 -0.0396
vn -0.9965 0.0828 -0.0082
vn -0.9960 0.0864 0.0239
vn -0.9954 0.0801 0.0523
vn -0.9655 0.1827 0.1854
vn -0.9949 0.0679 0.0744
vn -0.9945 0.0330 0.0994
vn -0.9943 0.0123 0.1056
vn -0.9943 -0.0082 0.1064
vn -0.9944 -0.0311 0.1012
vn -0.9944 -0.0553 0.0903
vn -0.9599 -0.2024 0.1940
vn -0.9946 -0.0882 0.0547
vn -0.9951 -0.0947 0.0292
vn -0.9956 -0.0933 -0.0038
vn -0.9960 -0.0820 -0.0363
vn -0.9962 -0.0635 -0.0589
vn -0.9965 -0.0398 -0.0728
vn -1.0000 -0.0036 0.0085
vn -0.9947 0.0507 0.0891
vn -0.9943 -0.0752 0.0750
vn -0.9970 0.0511 0.0578
vn -0.9899 0.1254 0.0662
vn -0.9939 0.0379 0.1037
vn -0.9892 0.0453 0.1396
vn -0.9854 0.1669 0.0323
vn -0.9791 0.2002 0.0372
vn -0.9854 0.1618 0.0525
vn -0.9920 0.0835 0.0943
vn -0.9932 0.0806 0.0846
vn -0.9913 0.1042 0.0799
vn -0.9926 0.0626 0.1043
vn -0.9915 0.0952 0.0886
vn -0.9932 0.0363 0.1107
vn -0.9912 0.0858 0.1008
vn -0.9925 0.0598 0.1070
vn -0.9915 0.0746 0.1065
vn -0.9945 0.0094 0.1042
vn -0.9946 0.0376 0.0969
vn -0.9938 -0.0064 0.1111
vn -0.9775 0.1208 0.1731
vn -0.9689 0.1436 0.2015
vn -0.9747 0.0963 0.2016
vn -0.9889 0.0605 0.1360
vn -0.9543 0.2282 0.1928
vn -0.9919 0.0883 0.0912
vn -0.9870 0.0928 0.1313
vn -0.9940 0.0749 0.0791
vn -0.9913 0.0771 0.1066
vn -0.9937 0.0496 0.1002
vn -0.9927 0.0889 0.0818
vn -0.9951 0.0013 0.0993
vn -0.9919 0.0805 0.0983
vn -0.9938 0.0478 0.1007
vn -0.9931 0.0609 0.1005
vn -0.9930 0.0057 0.1183
vn -0.9938 -0.0168 0.1096
vn 0.8386 0.3073 -0.4499
vn 0.9120 0.3315 -0.2415
vn 0.9094 0.2315 -0.3455
vn 0.8440 0.4366 -0.3115
vn 0.9150 0.3888 -0.1075
vn 0.8494 0.5101 -0.1354
vn 0.9182 0.3941 0.0403
vn 0.8551 0.5152 0.0578
vn 0.9213 0.3421 0.1851
vn 0.8604 0.4463 0.2461
vn 0.9236 0.2336 0.3041
vn 0.9246 0.0836 0.3716
vn 0.8640 0.3053 0.4003
vn 0.8649 0.1109 0.4896
vn 0.8636 -0.1062 0.4929
vn 0.8599 -0.3101 0.4054
vn 0.9243 -0.0828 0.3726
vn 0.8542 -0.4622 0.2381
vn 0.9226 -0.2376 0.3040
vn 0.8467 -0.5314 0.0251
vn 0.9195 -0.3518 0.1753
vn 0.8404 -0.5073 -0.1910
vn 0.9158 -0.4013 0.0139
vn 0.8356 -0.4015 -0.3750
vn 0.9123 -0.3820 -0.1479
vn 0.8330 -0.2385 -0.4993
vn 0.9095 -0.3024 -0.2853
vn 0.8324 -0.0484 -0.5520
vn 0.9076 -0.1804 -0.3790
vn 0.9077 0.1041 -0.4066
vn 0.9070 -0.0378 -0.4194
vn 0.8344 0.1401 -0.5331
vn 0.9905 0.1098 -0.0824
vn 0.9903 0.0763 -0.1158
vn 0.9909 0.1289 -0.0383
vn 0.9913 0.1308 0.0104
vn 0.9918 0.1136 0.0582
vn 0.9923 0.0775 0.0970
vn 0.9926 0.0280 0.1182
vn 0.9927 -0.0260 0.1177
vn 0.9926 -0.0755 0.0948
vn 0.9923 -0.1117 0.0532
vn 0.9919 -0.1269 0.0016
vn 0.9914 -0.1208 -0.0499
vn 0.9910 -0.0958 -0.0940
vn 0.9906 -0.0571 -0.1246
vn 0.9903 -0.0115 -0.1383
vn 0.9903 0.0345 -0.1349
vn 1.0000 -0.0000 -0.0033
vn -0.4799 0.6099 0.6307
vn -0.5199 0.6830 0.5131
vn -0.5278 0.7055 0.4730
vn -0.3411 0.6468 0.6821
vn -0.4382 0.5894 0.6787
vn -0.5720 0.7292 0.3757
vn -0.5887 0.7474 0.3080
vn -0.5841 0.7493 0.3120
vn -0.5724 0.7242 0.3847
vn -0.5862 0.7760 0.2326
vn -0.5686 0.7927 0.2198
vn -0.6222 0.7757 0.1055
vn -0.6085 0.7935 0.0020
vn -0.6014 0.7989 0.0020
vn -0.6160 0.7790 0.1171
vn 0.3173 0.8918 0.3226
vn 0.3250 0.9313 0.1644
vn 0.3174 0.8802 0.3529
vn 0.2023 0.7932 0.5743
vn 0.2793 0.7411 0.6105
vn 0.2194 0.6392 0.7371
vn 0.2956 0.8279 0.4766
vn 0.2922 0.9555 0.0413
vn 0.3212 0.9470 -0.0011
vn 0.3159 0.9480 0.0380
vn 0.3108 0.9366 0.1617
vn 0.4333 0.7935 0.4273
vn 0.4758 0.6865 0.5499
vn 0.3728 0.8910 0.2590
vn 0.3506 0.9295 0.1143
vn 0.3433 0.9388 0.0269
vn 0.3428 0.9394 -0.0011
vn 0.5189 0.8356 0.1805
vn 0.3987 0.8992 0.1799
vn 0.3473 0.9291 0.1271
vn 0.3282 0.9426 0.0609
vn 0.3394 0.9407 -0.0011
vn 0.3340 0.9424 0.0158
vn 0.5026 0.8550 0.1282
vn 0.4308 0.8939 0.1241
vn 0.3615 0.9299 0.0683
vn 0.3261 0.9452 0.0149
vn 0.0356 0.3269 0.9444
vn 0.0341 0.3199 0.9468
vn 0.0292 0.3142 0.9489
vn -0.0022 0.3316 0.9434
vn -0.0066 0.3371 0.9415
vn -0.0048 0.3346 0.9424
vn 0.0179 0.3340 0.9424
vn -0.0030 0.3314 0.9435
vn 0.0141 0.3221 0.9466
vn 0.0301 0.2792 0.9598
vn 0.0220 0.2801 0.9597
vn -0.0007 0.3306 0.9438
vn 0.0150 0.3105 0.9505
vn -0.0074 0.3375 0.9413
vn -0.0081 0.3374 0.9413
vn -0.0086 0.3670 0.9302
vn 0.0231 0.3401 0.9401
vn 0.0667 0.2701 0.9605
vn 0.1402 0.2141 0.9667
vn 0.1273 0.1332 0.9829
vn -0.0233 -0.0010 0.9997
vn 0.0161 0.1434 0.9895
vn -0.0236 0.1831 0.9828
vn 0.0956 0.2854 0.9536
vn 0.0695 0.2358 0.9693
vn 0.0933 0.2873 0.9533
vn 0.1241 0.3554 0.9264
vn 0.0820 0.1886 0.9786
vn -0.0021 0.1779 0.9841
vn 0.3377 0.9413 -0.0011
vn 0.0535 0.5236 0.8503
vn 0.0492 0.5906 0.8055
vn 0.0921 0.5148 0.8524
vn -0.0056 0.5199 0.8542
vn 0.0327 0.6242 0.7806
vn -0.0491 0.5665 0.8226
vn -0.0054 0.6049 0.7963
vn -0.0134 0.5972 0.8020
vn -0.0735 0.5846 0.8080
vn 0.0575 0.5683 0.8208
vn 0.0449 0.5947 0.8027
vn 0.2307 0.5976 0.7679
vn 0.1244 0.5791 0.8057
vn 0.4495 0.5134 0.7310
vn 0.2848 0.5893 0.7560
vn 0.6612 0.5922 0.4605
vn 0.4877 0.5759 0.6561
vn 0.6803 0.5652 0.4667
vn 0.8677 0.4945 0.0502
vn 0.8190 0.5722 -0.0437
vn 0.7834 0.4907 0.3814
vn 0.6866 0.1568 -0.7100
vn 0.6871 0.2742 -0.6728
vn 0.2642 -0.2238 -0.9382
vn 0.5608 -0.0281 -0.8275
vn 0.1525 -0.2992 -0.9419
vn 0.2874 -0.2552 -0.9232
vn 0.1570 -0.2898 -0.9441
vn 0.1546 -0.3188 -0.9351
vn 0.1556 -0.3010 -0.9408
vn 0.1437 -0.3585 -0.9224
vn 0.1389 -0.4416 -0.8864
vn 0.1306 -0.3503 -0.9275
vn 0.1502 -0.5141 -0.8445
vn 0.1581 -0.4276 -0.8900
vn 0.1458 -0.5261 -0.8378
vn 0.1474 -0.4864 -0.8612
vn 0.1582 -0.5191 -0.8399
vn 0.2199 -0.4924 -0.8421
vn 0.1414 -0.4917 -0.8592
vn 0.4325 -0.7647 -0.4776
vn 0.4609 -0.7509 -0.4730
vn 0.6516 -0.7521 -0.0988
vn 0.7318 -0.6318 0.2555
vn 0.6576 -0.7442 -0.1176
vn 0.5355 -0.1628 0.8287
vn 0.6622 -0.4815 0.5742
vn 0.0962 0.4837 0.8699
vn 0.3855 0.0524 0.9212
vn 0.1263 0.4085 0.9040
vn 0.0700 0.3528 0.9331
vn 0.1338 0.4062 0.9039
vn 0.1885 -0.2965 -0.9363
vn 0.1687 -0.3528 -0.9204
vn 0.1696 -0.4427 -0.8805
vn 0.1607 -0.4957 -0.8535
vn 0.2377 0.5840 0.7762
vn 0.2050 0.5741 0.7927
vn 0.1704 0.5542 0.8148
vn 0.3927 0.4172 0.8196
vn 0.4593 0.5284 0.7140
vn 0.4739 0.6016 0.6430
vn 0.6343 0.1587 0.7566
vn 0.1746 0.3357 0.9256
vn 0.7476 0.3911 0.5368
vn 0.6674 0.5938 0.4495
vn 0.8493 0.5273 0.0259
vn 0.9551 0.2726 0.1163
vn 0.8804 -0.2069 0.4268
vn 0.7299 -0.4229 0.5370
vn 0.3470 -0.1801 -0.9204
vn 0.3773 -0.3090 -0.8730
vn 0.4205 -0.5742 -0.7025
vn 0.3781 -0.6744 -0.6342
vn 0.7525 0.1268 -0.6462
vn 0.8696 -0.0071 -0.4938
vn 0.8642 -0.4453 -0.2340
vn 0.7064 -0.6968 -0.1244
vn 0.4110 0.0093 0.9116
vn -0.6710 0.3182 0.6698
vn -0.8414 0.0337 0.5393
vn -0.6846 0.0567 0.7267
vn -0.6719 0.5159 0.5314
vn -0.8419 0.2406 0.4830
vn -0.8456 0.4866 0.2197
vn -0.8384 0.3819 0.3888
vn -0.6778 0.6746 0.2922
vn -0.8525 0.5214 0.0383
vn -0.6873 0.7248 0.0475
vn -0.8572 0.4996 -0.1247
vn -0.7025 0.6879 -0.1825
vn -0.8657 0.4157 -0.2787
vn -0.7208 0.5670 -0.3986
vn -0.8725 0.2710 -0.4065
vn -0.7393 0.3612 -0.5683
vn -0.8783 0.0684 -0.4732
vn -0.7546 0.0826 -0.6510
vn -0.8814 -0.1440 -0.4499
vn -0.7609 -0.4096 -0.5033
vn -0.7617 -0.2009 -0.6160
vn -0.7584 -0.5408 -0.3639
vn -0.8818 -0.2958 -0.3674
vn -0.7484 -0.6375 -0.1829
vn -0.8789 -0.3974 -0.2639
vn -0.7368 -0.6759 -0.0179
vn -0.8731 -0.4725 -0.1202
vn -0.7225 -0.6725 0.1604
vn -0.8598 -0.5106 -0.0000
vn -0.7034 -0.5724 0.4214
vn -0.8510 -0.5094 0.1277
vn -0.6850 -0.4004 0.6087
vn -0.8456 -0.4272 0.3200
vn -0.6690 -0.3058 0.6774
vn -0.8429 -0.2896 0.4534
vn -0.6722 -0.1954 0.7141
vn -0.8292 -0.2234 0.5124
vn -0.6642 -0.0971 0.7412
vn -0.8349 -0.1474 0.5303
vn -0.8336 -0.0698 0.5479
vn -0.9818 0.0001 0.1900
vn -0.9850 0.0875 0.1487
vn -0.9857 0.1518 0.0735
vn -0.9861 0.1657 0.0146
vn -0.9868 0.1565 -0.0422
vn -0.9878 0.1301 -0.0859
vn -0.9884 0.0853 -0.1258
vn -0.9885 0.0237 -0.1496
vn -0.9874 -0.0435 -0.1523
vn -0.9858 -0.0989 -0.1356
vn -0.9859 -0.1393 -0.0924
vn -0.9833 -0.1795 -0.0295
vn -0.9812 -0.1916 0.0233
vn -0.9821 -0.1794 0.0572
vn -0.9783 -0.1238 0.1662
vn -0.9770 -0.0831 0.1965
vn -0.9767 -0.0369 0.2115
vn -0.9988 -0.0011 0.0496
vn -0.9845 0.1346 0.1121
vn -0.9991 0.0252 0.0342
vn -0.9989 0.0452 0.0134
vn -0.9989 0.0462 -0.0002
vn -0.9990 0.0433 -0.0131
vn -0.9990 0.0369 -0.0235
vn -0.9992 0.0261 -0.0317
vn -0.9992 0.0104 -0.0391
vn -0.9991 -0.0061 -0.0412
vn -0.9992 -0.0184 -0.0367
vn -0.9992 -0.0325 -0.0225
vn -0.9986 -0.0532 0.0003
vn -0.9982 -0.0587 0.0141
vn -0.9816 -0.1563 0.1095
vn -0.9983 -0.0548 0.0197
vn -0.9979 -0.0381 0.0514
vn -0.9978 -0.0303 0.0590
vn -0.9980 -0.0289 0.0559
vn -0.9797 -0.0534 0.1930
vn -0.9982 -0.0214 0.0552
vn -1.0000 -0.0004 0.0021
vn -0.9988 0.0420 0.0252
vn -0.9983 -0.0476 0.0335
vn -0.9140 -0.0401 0.4036
vn -0.9335 -0.1571 0.3222
vn -0.9134 -0.2054 0.3514
vn -0.9301 0.0917 0.3557
vn -0.9315 -0.0417 0.3614
vn -0.9082 0.1131 0.4029
vn -0.9356 0.2005 0.2906
vn -0.9177 0.2554 0.3042
vn -0.9255 0.3255 0.1934
vn -0.8892 0.4506 0.0794
vn -0.8969 0.3985 0.1919
vn -0.8880 0.4545 -0.0700
vn -0.9204 0.3865 0.0593
vn -0.8880 0.4079 -0.2122
vn -0.9182 0.3902 -0.0678
vn -0.8826 0.3210 -0.3435
vn -0.9148 0.3566 -0.1896
vn -0.8824 0.2520 -0.3973
vn -0.9048 0.3094 -0.2925
vn -0.8374 0.2191 -0.5008
vn -0.8825 0.1619 -0.4415
vn -0.8223 0.1188 -0.5566
vn -0.8724 0.0556 -0.4856
vn -0.7974 -0.0039 -0.6034
vn -0.8010 0.0374 -0.5975
vn -0.8215 -0.0934 -0.5625
vn -0.8749 -0.0402 -0.4827
vn -0.8455 -0.2016 -0.4945
vn -0.8902 -0.1162 -0.4405
vn -0.8686 -0.3154 -0.3822
vn -0.9001 -0.2253 -0.3730
vn -0.8792 -0.4174 -0.2298
vn -0.9029 -0.3105 -0.2972
vn -0.9008 -0.4196 -0.1120
vn -0.9025 -0.3684 -0.2229
vn -0.8757 -0.4800 -0.0524
vn -0.9032 -0.4272 0.0411
vn -0.8389 -0.5036 0.2064
vn -0.8715 -0.4726 0.1310
vn -0.8816 -0.3842 0.2741
vn -0.9028 -0.3830 0.1956
vn -0.9247 -0.2865 0.2508
vn -0.9728 -0.0267 0.2301
vn -0.9725 -0.0999 0.2104
vn -0.9731 0.0527 0.2243
vn -0.9745 0.1257 0.1861
vn -0.9738 0.1923 0.1217
vn -0.9718 0.2325 0.0386
vn -0.9699 0.2393 -0.0446
vn -0.9677 0.2218 -0.1198
vn -0.9633 0.1480 -0.2241
vn -0.9650 0.1901 -0.1808
vn -0.9630 0.0957 -0.2520
vn -0.9618 0.0351 -0.2715
vn -0.9620 -0.0233 -0.2720
vn -0.9635 -0.0806 -0.2555
vn -0.9634 -0.1439 -0.2262
vn -0.9630 -0.2338 -0.1342
vn -0.9625 -0.1984 -0.1851
vn -0.9649 -0.2537 -0.0675
vn -0.9678 -0.2510 0.0207
vn -0.9678 -0.2259 0.1107
vn -0.9716 -0.1698 0.1645
vn -0.9961 -0.0130 0.0875
vn -0.9960 -0.0393 0.0803
vn -0.9963 0.0155 0.0849
vn -0.9965 0.0432 0.0710
vn -0.9966 0.0682 0.0464
vn -0.9964 0.0832 0.0149
vn -0.9961 0.0869 -0.0173
vn -0.9957 0.0801 -0.0457
vn -0.9953 0.0678 -0.0686
vn -0.9951 0.0330 -0.0928
vn -0.9951 0.0513 -0.0840
vn -0.9950 0.0118 -0.0990
vn -0.9950 -0.0078 -0.0993
vn -0.9951 -0.0299 -0.0942
vn -0.9950 -0.0544 -0.0838
vn -0.9949 -0.0882 -0.0486
vn -0.9948 -0.0752 -0.0684
vn -0.9952 -0.0947 -0.0226
vn -0.9956 -0.0933 0.0105
vn -0.9957 -0.0820 0.0429
vn -0.9958 -0.0636 0.0655
vn -1.0000 -0.0036 -0.0019
vn -0.9944 0.0726 -0.0769
vn -0.9903 0.1254 -0.0597
vn -0.9818 0.1865 -0.0367
vn -0.9901 0.0453 -0.1330
vn -0.9858 0.1618 -0.0460
vn -0.9793 0.2002 -0.0307
vn -0.9926 0.0835 -0.0878
vn -0.9922 0.0980 -0.0773
vn -0.9937 0.0806 -0.0780
vn -0.9921 0.0934 -0.0832
vn -0.9932 0.0626 -0.0977
vn -0.9918 0.0850 -0.0951
vn -0.9939 0.0363 -0.1041
vn -0.9931 0.0599 -0.1004
vn -0.9952 0.0094 -0.0976
vn -0.9952 0.0376 -0.0903
vn -0.9945 -0.0063 -0.1045
vn -0.9786 0.1208 -0.1665
vn -0.9760 0.0964 -0.1952
vn -0.9702 0.1436 -0.1951
vn -0.9744 0.1772 -0.1384
vn -0.9897 0.0605 -0.1294
vn -0.9879 0.0964 -0.1216
vn -0.9925 0.0883 -0.0846
vn -0.9909 0.0840 -0.1055
vn -0.9946 0.0749 -0.0725
vn -0.9932 0.0872 -0.0774
vn -0.9944 0.0496 -0.0936
vn -0.9927 0.0782 -0.0922
vn -0.9957 0.0012 -0.0927
vn -0.9944 0.0478 -0.0941
vn -0.9937 0.0058 -0.1118
vn -0.9949 0.0445 -0.0909
vn -0.9945 -0.0168 -0.1030
vn -0.9940 0.0632 -0.0898
vn -0.9916 0.0784 -0.1029
vn 0.8415 0.3073 0.4443
vn 0.9136 0.3316 0.2355
vn 0.8460 0.4367 0.3059
vn 0.9157 0.3888 0.1014
vn 0.8503 0.5101 0.1298
vn 0.9179 0.3941 -0.0464
vn 0.8547 0.5152 -0.0635
vn 0.9200 0.3421 -0.1912
vn 0.8587 0.4463 -0.2518
vn 0.9215 0.2336 -0.3102
vn 0.8613 0.3053 -0.4060
vn 0.9221 0.0836 -0.3777
vn 0.8603 -0.1062 -0.4986
vn 0.8617 0.1109 -0.4952
vn 0.9218 -0.0828 -0.3788
vn 0.8572 -0.3101 -0.4111
vn 0.9205 -0.2376 -0.3101
vn 0.8526 -0.4622 -0.2437
vn 0.9183 -0.3518 -0.1814
vn 0.8466 -0.5314 -0.0307
vn 0.9157 -0.4013 -0.0200
vn 0.8416 -0.5072 0.1854
vn 0.9132 -0.3820 0.1418
vn 0.8380 -0.4015 0.3694
vn 0.9113 -0.3024 0.2793
vn 0.8362 -0.2385 0.4938
vn 0.9101 -0.1804 0.3730
vn 0.8361 -0.0484 0.5465
vn 0.9103 0.1042 0.4005
vn 0.8379 0.1401 0.5275
vn 0.9117 0.2315 0.3394
vn 0.9911 0.1098 0.0758
vn 0.9911 0.1289 0.0317
vn 0.9913 0.1308 -0.0170
vn 0.9914 0.1136 -0.0648
vn 0.9916 0.0775 -0.1036
vn 0.9918 0.0280 -0.1248
vn 0.9919 -0.0260 -0.1242
vn 0.9920 -0.0755 -0.1014
vn 0.9919 -0.1117 -0.0598
vn 0.9919 -0.1269 -0.0081
vn 0.9917 -0.1209 0.0434
vn 0.9916 -0.0958 0.0874
vn 0.9914 -0.0571 0.1180
vn 0.9098 -0.0378 0.4134
vn 0.9912 -0.0115 0.1317
vn 0.9911 0.0764 0.1093
vn 0.9911 0.0345 0.1283
vn -0.4841 0.6099 -0.6275
vn -0.5291 0.6821 -0.5048
vn -0.4225 0.5908 -0.6874
vn -0.3456 0.6468 -0.6798
vn -0.3575 0.5962 -0.7188
vn -0.5744 0.7292 -0.3719
vn -0.5854 0.7472 -0.3147
vn -0.5749 0.7262 -0.3770
vn -0.5309 0.7055 -0.4695
vn -0.5862 0.7493 -0.3081
vn -0.5851 0.7796 -0.2233
vn -0.6229 0.7757 -0.1014
vn -0.6157 0.7802 -0.1104
vn -0.5700 0.7927 -0.2160
vn 0.3151 0.8918 -0.3247
vn 0.3239 0.9313 -0.1665
vn 0.3097 0.9366 -0.1638
vn 0.1985 0.7933 -0.5756
vn 0.2754 0.7410 -0.6124
vn 0.2924 0.8279 -0.4786
vn 0.3028 0.8908 -0.3387
vn 0.2920 0.9555 -0.0433
vn 0.2979 0.9546 -0.0010
vn 0.3243 0.9453 -0.0356
vn 0.2145 0.6392 -0.7386
vn 0.4304 0.7935 -0.4302
vn 0.3711 0.8910 -0.2615
vn 0.3499 0.9295 -0.1166
vn 0.3432 0.9388 -0.0292
vn 0.5177 0.8356 -0.1840
vn 0.4335 0.8836 -0.1771
vn 0.3604 0.9257 -0.1149
vn 0.3264 0.9441 -0.0455
vn 0.5017 0.8550 -0.1315
vn 0.4300 0.8939 -0.1270
vn 0.3610 0.9299 -0.0707
vn 0.3260 0.9452 -0.0170
vn 0.3439 0.9389 -0.0146
vn 0.0293 0.3269 -0.9446
vn 0.0278 0.3199 -0.9470
vn 0.0275 0.3196 -0.9471
vn -0.0085 0.3316 -0.9434
vn -0.0128 0.3371 -0.9414
vn -0.0139 0.3337 -0.9426
vn 0.0117 0.3340 -0.9425
vn 0.0210 0.3124 -0.9497
vn -0.0093 0.3314 -0.9434
vn -0.0110 0.3346 -0.9423
vn 0.0237 0.2792 -0.9599
vn 0.0156 0.2801 -0.9598
vn -0.0069 0.3306 -0.9437
vn -0.0317 0.2743 -0.9611
vn 0.0087 0.3105 -0.9505
vn -0.0136 0.3375 -0.9412
vn -0.0144 0.3375 -0.9412
vn -0.0226 0.3526 -0.9355
vn -0.0176 0.3418 -0.9396
vn -0.0148 0.3670 -0.9301
vn 0.0168 0.3401 -0.9402
vn 0.1279 0.2573 -0.9578
vn 0.1207 0.1332 -0.9837
vn 0.1338 0.2141 -0.9676
vn -0.0300 -0.0010 -0.9995
vn 0.0599 0.0288 -0.9978
vn -0.0301 0.1831 -0.9826
vn 0.0892 0.2854 -0.9542
vn -0.0742 0.3119 -0.9472
vn 0.0688 0.2321 -0.9703
vn 0.0870 0.2874 -0.9538
vn 0.0334 0.1411 -0.9894
vn -0.0086 0.1779 -0.9840
vn 0.1180 0.3554 -0.9272
vn 0.0096 0.1434 -0.9896
vn -0.3527 0.5962 0.7212
vn 0.0338 0.3196 0.9470
vn -0.0077 0.3337 0.9427
vn -0.0253 0.2743 0.9613
vn -0.0115 0.3418 0.9397
vn 0.0666 0.0288 0.9974
vn -0.0679 0.3119 0.9477
vn 0.4721 0.6865 -0.5531
vt 0.210700 0.652600
vt 0.210200 0.656100
vt 0.209700 0.652600
vt 0.006600 0.431600
vt 0.015600 0.436100
vt 0.005000 0.436800
vt 0.134500 0.319700
vt 0.122400 0.311000
vt 0.134600 0.306600
vt 0.751000 0.412400
vt 0.771100 0.407000
vt 0.770900 0.412300
vt 0.628500 0.838800
vt 0.601400 0.824200
vt 0.606900 0.816700
vt 0.206400 0.681400
vt 0.200300 0.680100
vt 0.206500 0.676800
vt 0.094700 0.325200
vt 0.094500 0.324100
vt 0.110200 0.322700
vt 0.212000 0.658300
vt 0.210700 0.658600
vt 0.673600 0.406200
vt 0.664300 0.388800
vt 0.679500 0.398800
vt 0.236500 0.651100
vt 0.252400 0.648200
vt 0.250600 0.652000
vt 0.098900 0.434900
vt 0.122200 0.429400
vt 0.127900 0.433900
vt 0.045200 0.408400
vt 0.047800 0.415500
vt 0.043300 0.412100
vt 0.263100 0.422300
vt 0.249600 0.427000
vt 0.249400 0.422900
vt 0.749100 0.406500
vt 0.770000 0.398300
vt 0.360500 0.302300
vt 0.405100 0.299100
vt 0.404200 0.306000
vt 0.648500 0.293900
vt 0.656800 0.289200
vt 0.654000 0.297500
vt 0.122500 0.292000
vt 0.114300 0.282400
vt 0.129100 0.289200
vt 0.614800 0.312200
vt 0.595500 0.305700
vt 0.616400 0.305900
vt 0.536800 0.412900
vt 0.542100 0.442700
vt 0.531900 0.442100
vt 0.747700 0.399400
vt 0.769300 0.392600
vt 0.628900 0.323900
vt 0.614600 0.320300
vt 0.629200 0.320400
vt 0.236000 0.423200
vt 0.226200 0.679200
vt 0.230600 0.677000
vt 0.231700 0.678300
vt 0.875600 0.254100
vt 0.880900 0.270400
vt 0.873500 0.273300
vt 0.209400 0.643600
vt 0.217000 0.647300
vt 0.209100 0.647600
vt 0.652400 0.321100
vt 0.642400 0.313200
vt 0.652000 0.309300
vt 0.344800 0.317100
vt 0.359100 0.319500
vt 0.344000 0.319400
vt 0.107800 0.311400
vt 0.120600 0.304500
vt 0.069400 0.258500
vt 0.079600 0.224200
vt 0.080900 0.264200
vt 0.220800 0.674100
vt 0.223900 0.676100
vt 0.220600 0.675300
vt 0.673300 0.411200
vt 0.195100 0.645800
vt 0.200400 0.641100
vt 0.201400 0.644600
vt 0.068400 0.432100
vt 0.061300 0.427800
vt 0.074800 0.426800
vt 0.469700 0.322000
vt 0.464400 0.319500
vt 0.469900 0.319900
vt 0.187800 0.644000
vt 0.180500 0.644200
vt 0.187300 0.641900
vt 0.334700 0.299700
vt 0.337500 0.290300
vt 0.343400 0.291400
vt 0.428200 0.083400
vt 0.427900 0.064700
vt 0.431400 0.065000
vt 0.540600 0.398900
vt 0.548700 0.412700
vt 0.235500 0.667400
vt 0.238600 0.662800
vt 0.237500 0.668700
vt 0.212200 0.663400
vt 0.212900 0.661900
vt 0.213000 0.663300
vt 0.078300 0.417300
vt 0.098300 0.425300
vt 0.216800 0.671000
vt 0.213100 0.671300
vt 0.213400 0.668700
vt 0.778300 0.309400
vt 0.750800 0.321300
vt 0.747900 0.309300
vt 0.212600 0.666700
vt 0.214700 0.667900
vt 0.627700 0.830500
vt 0.233000 0.678000
vt 0.089900 0.279600
vt 0.099500 0.275700
vt 0.100100 0.279600
vt 0.047000 0.290200
vt 0.059800 0.282600
vt 0.058300 0.289800
vt 0.607800 0.560100
vt 0.594000 0.576200
vt 0.592500 0.575300
vt 0.065900 0.290000
vt 0.531200 0.321100
vt 0.469900 0.313000
vt 0.573100 0.325800
vt 0.577500 0.328900
vt 0.572800 0.327200
vt 0.065000 0.410900
vt 0.210000 0.660600
vt 0.209100 0.658500
vt 0.685000 0.303700
vt 0.685700 0.309500
vt 0.573100 0.597000
vt 0.569000 0.603900
vt 0.567400 0.603000
vt 0.295500 0.405400
vt 0.344600 0.420600
vt 0.295600 0.421500
vt 0.128800 0.425600
vt 0.129000 0.429100
vt 0.230000 0.672700
vt 0.234400 0.672500
vt 0.230500 0.675300
vt 0.185600 0.659200
vt 0.179200 0.665300
vt 0.180800 0.656500
vt 0.614800 0.399600
vt 0.634400 0.376700
vt 0.651200 0.393300
vt 0.786200 0.410900
vt 0.774800 0.417800
vt 0.237500 0.657200
vt 0.234700 0.653000
vt 0.516300 0.398300
vt 0.009700 0.409700
vt 0.006000 0.412700
vt 0.005700 0.409200
vt 0.629600 0.312600
vt 0.641100 0.321000
vt 0.748600 0.286700
vt 0.757600 0.275900
vt 0.768300 0.285000
vt 0.327500 0.279400
vt 0.340500 0.283300
vt 0.889300 0.987400
vt 0.890600 0.977900
vt 0.894100 0.980800
vt 0.347300 0.300900
vt 0.183500 0.681700
vt 0.188600 0.680000
vt 0.185900 0.686700
vt 0.791700 0.413200
vt 0.786500 0.413900
vt 0.235000 0.674200
vt 0.192700 0.682200
vt 0.193700 0.684800
vt 0.191800 0.682300
vt 0.873100 0.276500
vt 0.878600 0.287300
vt 0.871000 0.288200
vt 0.168200 0.392800
vt 0.188700 0.409000
vt 0.145700 0.411800
vt 0.620800 0.895700
vt 0.605300 0.916700
vt 0.616600 0.893700
vt 0.406300 0.438300
vt 0.412800 0.416900
vt 0.412000 0.437900
vt 0.624700 0.712700
vt 0.610100 0.710600
vt 0.624600 0.709400
vt 0.215400 0.653400
vt 0.213600 0.650200
vt 0.640100 0.305300
vt 0.209400 0.649700
vt 0.084400 0.324200
vt 0.085400 0.325700
vt 0.084300 0.325300
vt 0.687200 0.321300
vt 0.654600 0.325800
vt 0.219900 0.677100
vt 0.225700 0.677900
vt 0.606100 0.553800
vt 0.610900 0.557300
vt 0.116500 0.268200
vt 0.131400 0.278400
vt 0.116000 0.277200
vt 0.233100 0.670800
vt 0.727800 0.321400
vt 0.729200 0.309100
vt 0.193400 0.684900
vt 0.191300 0.682700
vt 0.322900 0.285000
vt 0.678900 0.346800
vt 0.679400 0.371600
vt 0.668800 0.356600
vt 0.101200 0.266500
vt 0.280500 0.407400
vt 0.207800 0.318400
vt 0.522800 0.382200
vt 0.541300 0.384000
vt 0.207700 0.688100
vt 0.201500 0.687400
vt 0.207700 0.687200
vt 0.865800 0.317900
vt 0.874300 0.312000
vt 0.876700 0.314300
vt 0.896600 0.254200
vt 0.902400 0.252300
vt 0.900200 0.256800
vt 0.687300 0.325700
vt 0.727500 0.328500
vt 0.687000 0.328400
vt 0.629100 0.852400
vt 0.625300 0.864100
vt 0.625600 0.851100
vt 0.212100 0.659600
vt 0.211400 0.660200
vt 0.127400 0.435300
vt 0.099200 0.437500
vt 0.185700 0.669900
vt 0.184700 0.664900
vt 0.212300 0.660900
vt 0.213100 0.660100
vt 0.256300 0.641200
vt 0.253500 0.636900
vt 0.260100 0.635800
vt 0.609400 0.322800
vt 0.595200 0.311500
vt 0.530800 0.323700
vt 0.531100 0.325700
vt 0.149800 0.434400
vt 0.181000 0.681800
vt 0.181800 0.677600
vt 0.122100 0.321900
vt 0.109000 0.316100
vt 0.629200 0.064900
vt 0.625200 0.051200
vt 0.638100 0.058000
vt 0.568100 0.618000
vt 0.199600 0.648300
vt 0.195000 0.648200
vt 0.235400 0.658400
vt 0.429600 0.056100
vt 0.433400 0.056200
vt 0.577300 0.716500
vt 0.610200 0.713700
vt 0.626200 0.712400
vt 0.628300 0.709500
vt 0.628400 0.712800
vt 0.129400 0.297300
vt 0.136800 0.298000
vt 0.007300 0.418200
vt 0.016100 0.423000
vt 0.007700 0.423600
vt 0.125700 0.301900
vt 0.241100 0.662700
vt 0.239400 0.670000
vt 0.360700 0.294100
vt 0.405000 0.294100
vt 0.572200 0.305200
vt 0.532300 0.310200
vt 0.531700 0.303900
vt 0.345000 0.433700
vt 0.399400 0.418200
vt 0.259300 0.361600
vt 0.266500 0.395200
vt 0.249400 0.396100
vt 0.565100 0.055600
vt 0.583200 0.047500
vt 0.584800 0.054600
vt 0.283600 0.425000
vt 0.276500 0.421500
vt 0.221300 0.672400
vt 0.842700 0.260700
vt 0.843300 0.278900
vt 0.190900 0.394500
vt 0.186000 0.371600
vt 0.201900 0.377900
vt 0.274700 0.272300
vt 0.286300 0.256300
vt 0.304100 0.273600
vt 0.865100 0.314800
vt 0.838800 0.322500
vt 0.838200 0.319600
vt 0.179900 0.678100
vt 0.179900 0.671700
vt 0.610700 0.559500
vt 0.608700 0.561500
vt 0.576000 0.716900
vt 0.574200 0.714600
vt 0.575700 0.714200
vt 0.194400 0.640800
vt 0.200200 0.639800
vt 0.189100 0.649100
vt 0.189000 0.655800
vt 0.184700 0.650900
vt 0.235800 0.675000
vt 0.750500 0.326300
vt 0.041900 0.438000
vt 0.062000 0.439100
vt 0.041300 0.440300
vt 0.092400 0.321600
vt 0.101200 0.317600
vt 0.275200 0.282200
vt 0.738600 0.280300
vt 0.748400 0.277500
vt 0.200000 0.676700
vt 0.205200 0.674600
vt 0.210500 0.669000
vt 0.615000 0.601900
vt 0.616700 0.583400
vt 0.617900 0.602700
vt 0.231000 0.682100
vt 0.231900 0.679300
vt 0.232400 0.679300
vt 0.781000 0.452000
vt 0.789500 0.455900
vt 0.781100 0.455000
vt 0.087300 0.277900
vt 0.082900 0.280600
vt 0.072900 0.275800
vt 0.866400 0.304900
vt 0.840300 0.296200
vt 0.869800 0.295100
vt 0.576600 0.305300
vt 0.574600 0.311600
vt 0.254900 0.645100
vt 0.252700 0.639300
vt 0.085200 0.281300
vt 0.785100 0.398600
vt 0.786000 0.404900
vt 0.201600 0.691200
vt 0.201200 0.688500
vt 0.686100 0.295300
vt 0.730300 0.302700
vt 0.577600 0.592500
vt 0.874400 0.301800
vt 0.221000 0.408900
vt 0.176400 0.665500
vt 0.688800 0.385400
vt 0.668900 0.380700
vt 0.784100 0.392100
vt 0.086200 0.324200
vt 0.887600 0.251800
vt 0.888600 0.268800
vt 0.885600 0.269000
vt 0.562800 0.047600
vt 0.554800 0.055800
vt 0.551700 0.047900
vt 0.216700 0.673100
vt 0.212800 0.673500
vt 0.219600 0.653600
vt 0.216300 0.654600
vt 0.219300 0.652400
vt 0.227800 0.675900
vt 0.202500 0.287800
vt 0.251600 0.275800
vt 0.258100 0.293400
vt 0.756000 0.426100
vt 0.739100 0.425900
vt 0.068400 0.272800
vt 0.061700 0.259200
vt 0.239000 0.691300
vt 0.244900 0.687100
vt 0.245400 0.691600
vt 0.221300 0.426700
vt 0.235700 0.426800
vt 0.210700 0.666800
vt 0.210400 0.663300
vt 0.882800 0.252300
vt 0.578800 0.593800
vt 0.574400 0.598400
vt 0.154100 0.281900
vt 0.015300 0.439700
vt 0.004700 0.440900
vt 0.609300 0.812000
vt 0.626500 0.820700
vt 0.283600 0.431800
vt 0.273100 0.425600
vt 0.209700 0.638900
vt 0.220900 0.640200
vt 0.209600 0.640300
vt 0.236500 0.662700
vt 0.816400 0.317700
vt 0.779300 0.324900
vt 0.778600 0.320200
vt 0.884700 0.276800
vt 0.886200 0.287300
vt 0.883200 0.287400
vt 0.111700 0.288100
vt 0.062100 0.437300
vt 0.042000 0.434500
vt 0.062200 0.432400
vt 0.429500 0.050400
vt 0.434800 0.049000
vt 0.623500 0.306100
vt 0.629900 0.305500
vt 0.648600 0.369300
vt 0.043900 0.257400
vt 0.060700 0.224000
vt 0.783200 0.383700
vt 0.043500 0.280400
vt 0.060600 0.273300
vt 0.838300 0.307000
vt 0.819200 0.297800
vt 0.211900 0.655900
vt 0.895100 0.250300
vt 0.899300 0.249300
vt 0.228100 0.673300
vt 0.619300 0.312400
vt 0.200600 0.681600
vt 0.196600 0.680700
vt 0.609800 0.564100
vt 0.595200 0.577800
vt 0.571800 0.728700
vt 0.574500 0.717400
vt 0.575700 0.728700
vt 0.209600 0.674000
vt 0.210800 0.673500
vt 0.015400 0.430500
vt 0.877800 0.306300
vt 0.873200 0.305100
vt 0.766000 0.453900
vt 0.760000 0.441900
vt 0.768400 0.446200
vt 0.687400 0.392700
vt 0.641300 0.324600
vt 0.179500 0.655800
vt 0.183400 0.649800
vt 0.516900 0.441600
vt 0.471700 0.414300
vt 0.518700 0.413800
vt 0.565100 0.595700
vt 0.571700 0.596000
vt 0.565700 0.602400
vt 0.206800 0.320200
vt 0.135200 0.322100
vt 0.188500 0.647200
vt 0.562100 0.602100
vt 0.194600 0.642800
vt 0.219800 0.423600
vt 0.189100 0.423700
vt 0.599100 0.607100
vt 0.616700 0.606600
vt 0.599700 0.611700
vt 0.817200 0.322300
vt 0.837000 0.314700
vt 0.405300 0.317400
vt 0.359200 0.317200
vt 0.266800 0.258500
vt 0.566800 0.621500
vt 0.566500 0.618100
vt 0.071600 0.288200
vt 0.078500 0.283600
vt 0.077900 0.287200
vt 0.041300 0.425500
vt 0.197300 0.687500
vt 0.231400 0.686900
vt 0.227800 0.691300
vt 0.225600 0.687400
vt 0.315600 0.298600
vt 0.259100 0.317200
vt 0.212100 0.661800
vt 0.031000 0.187200
vt 0.039900 0.164700
vt 0.041100 0.186900
vt 0.865700 0.310800
vt 0.015400 0.416900
vt 0.421100 0.116600
vt 0.424800 0.082900
vt 0.118900 0.425900
vt 0.128100 0.416800
vt 0.358100 0.286800
vt 0.361100 0.288600
vt 0.233500 0.678700
vt 0.043400 0.270600
vt 0.553900 0.398600
vt 0.612500 0.380700
vt 0.792400 0.410200
vt 0.612900 0.557400
vt 0.150800 0.428000
vt 0.150400 0.425300
vt 0.611500 0.562400
vt 0.614000 0.583800
vt 0.244000 0.663200
vt 0.240100 0.656200
vt 0.246700 0.657600
vt 0.067500 0.282200
vt 0.071900 0.282100
vt 0.210100 0.361200
vt 0.238900 0.372800
vt 0.089100 0.265500
vt 0.233400 0.396600
vt 0.195800 0.652500
vt 0.193200 0.655000
vt 0.192000 0.653500
vt 0.603000 0.047100
vt 0.605600 0.052800
vt 0.041700 0.190700
vt 0.054100 0.185900
vt 0.059800 0.190500
vt 0.221300 0.431400
vt 0.235200 0.433900
vt 0.221300 0.433000
vt 0.116300 0.418500
vt 0.097800 0.418500
vt 0.193200 0.680400
vt 0.592900 0.328300
vt 0.232700 0.655000
vt 0.231300 0.651200
vt 0.208600 0.656100
vt 0.205700 0.650800
vt 0.199500 0.652900
vt 0.750600 0.433900
vt 0.738300 0.440400
vt 0.314700 0.274500
vt 0.229700 0.684500
vt 0.226500 0.686100
vt 0.624400 0.079100
vt 0.610000 0.102000
vt 0.613900 0.077000
vt 0.247100 0.640900
vt 0.243500 0.645000
vt 0.018700 0.405300
vt 0.064300 0.403200
vt 0.197700 0.686700
vt 0.194100 0.684500
vt 0.205000 0.653900
vt 0.208400 0.652800
vt 0.120900 0.323300
vt 0.795600 0.398400
vt 0.796600 0.390700
vt 0.469400 0.373800
vt 0.510500 0.374600
vt 0.476800 0.397200
vt 0.465500 0.305800
vt 0.469400 0.301400
vt 0.470600 0.306000
vt 0.746100 0.393100
vt 0.746400 0.385500
vt 0.181300 0.646400
vt 0.089500 0.282600
vt 0.083800 0.283700
vt 0.080100 0.282100
vt 0.238900 0.678900
vt 0.011000 0.413600
vt 0.237700 0.683800
vt 0.237500 0.687000
vt 0.574500 0.748700
vt 0.578300 0.748200
vt 0.016900 0.409300
vt 0.248900 0.409100
vt 0.334000 0.316700
vt 0.878000 0.996100
vt 0.884400 0.985700
vt 0.626200 0.709200
vt 0.622900 0.647400
vt 0.213500 0.658800
vt 0.248400 0.432300
vt 0.262800 0.434400
vt 0.247900 0.434600
vt 0.613100 0.328600
vt 0.604100 0.328500
vt 0.627200 0.817300
vt 0.629800 0.817600
vt 0.242400 0.186700
vt 0.261900 0.167000
vt 0.262600 0.187500
vt 0.901600 0.964100
vt 0.893800 0.971800
vt 0.897300 0.962700
vt 0.883600 0.301800
vt 0.881500 0.308700
vt 0.219100 0.680000
vt 0.216700 0.675600
vt 0.898000 0.973700
vt 0.582600 0.805300
vt 0.582800 0.790700
vt 0.353200 0.293100
vt 0.576900 0.713300
vt 0.204700 0.655700
vt 0.256900 0.236400
vt 0.062000 0.164900
vt 0.070500 0.190900
vt 0.617800 0.063700
vt 0.226500 0.685500
vt 0.229000 0.683800
vt 0.229500 0.684100
vt 0.656900 0.364800
vt 0.217100 0.670000
vt 0.214600 0.680700
vt 0.209200 0.681300
vt 0.498600 0.344400
vt 0.505000 0.365500
vt 0.274000 0.232600
vt 0.613700 0.326100
vt 0.820000 0.280500
vt 0.613400 0.555200
vt 0.608600 0.550100
vt 0.613100 0.548800
vt 0.745200 0.368800
vt 0.264600 0.426100
vt 0.226100 0.674700
vt 0.010700 0.405400
vt 0.817500 0.324800
vt 0.189700 0.433400
vt 0.619400 0.606900
vt 0.621700 0.647300
vt 0.618300 0.606800
vt 0.192000 0.690400
vt 0.698100 0.347800
vt 0.014700 0.441800
vt 0.003900 0.443000
vt 0.229500 0.638600
vt 0.247400 0.637400
vt 0.085500 0.323000
vt 0.087800 0.322900
vt 0.232200 0.648200
vt 0.466200 0.300800
vt 0.464600 0.312500
vt 0.589800 0.570700
vt 0.622500 0.104500
vt 0.610300 0.144000
vt 0.821200 0.264900
vt 0.225800 0.673300
vt 0.184500 0.677200
vt 0.668500 0.448600
vt 0.740000 0.452100
vt 0.870900 0.309800
vt 0.768800 0.384500
vt 0.264200 0.408500
vt 0.652400 0.303900
vt 0.671000 0.424300
vt 0.619100 0.602400
vt 0.618100 0.583400
vt 0.099100 0.430300
vt 0.876500 0.295600
vt 0.879800 0.301100
vt 0.570600 0.717800
vt 0.622100 0.044800
vt 0.563300 0.618600
vt 0.748400 0.304200
vt 0.777300 0.301700
vt 0.272300 0.431800
vt 0.263400 0.431900
vt 0.196100 0.359400
vt 0.292400 0.253200
vt 0.655200 0.328300
vt 0.642700 0.299600
vt 0.629100 0.773600
vt 0.424000 0.117300
vt 0.419600 0.165800
vt 0.333900 0.319100
vt 0.314000 0.316300
vt 0.196200 0.653900
vt 0.313700 0.319000
vt 0.189600 0.426700
vt 0.579000 0.767800
vt 0.590900 0.782900
vt 0.587300 0.785200
vt 0.582300 0.766000
vt 0.199400 0.654300
vt 0.629100 0.866000
vt 0.330800 0.692900
vt 0.304500 0.695500
vt 0.304200 0.691800
vt 0.795900 0.379200
vt 0.257600 0.319500
vt 0.085000 0.326400
vt 0.043300 0.223800
vt 0.099300 0.283400
vt 0.239900 0.675100
vt 0.614200 0.562100
vt 0.641300 0.327200
vt 0.195900 0.682000
vt 0.754600 0.453100
vt 0.753700 0.437200
vt 0.779400 0.326700
vt 0.615600 0.562400
vt 0.750500 0.328300
vt 0.573400 0.587600
vt 0.220700 0.691300
vt 0.221100 0.687500
vt 0.188900 0.688800
vt 0.241500 0.670800
vt 0.235600 0.431800
vt 0.209100 0.671600
vt 0.210800 0.671200
vt 0.298900 0.430900
vt 0.182600 0.685800
vt 0.612800 0.808300
vt 0.569500 0.621400
vt 0.568400 0.621700
vt 0.213700 0.666100
vt 0.631100 0.773600
vt 0.549000 0.047900
vt 0.576200 0.591600
vt 0.569300 0.591800
vt 0.880300 0.277000
vt 0.233400 0.691100
vt 0.081300 0.285200
vt 0.080800 0.287700
vt 0.264300 0.689300
vt 0.264600 0.692900
vt 0.188300 0.674000
vt 0.189500 0.679200
vt 0.185400 0.676500
vt 0.622200 0.846100
vt 0.881700 0.295800
vt 0.884900 0.296200
vt 0.070400 0.223400
vt 0.405400 0.320100
vt 0.464100 0.322200
vt 0.573600 0.693300
vt 0.574700 0.693300
vt 0.760000 0.368100
vt 0.552200 0.383900
vt 0.470700 0.440000
vt 0.623200 0.165800
vt 0.623000 0.143800
vt 0.817400 0.307900
vt 0.348500 0.285100
vt 0.907000 0.255100
vt 0.906500 0.260100
vt 0.196500 0.677000
vt 0.193700 0.677100
vt 0.188500 0.660500
vt 0.187100 0.664900
vt 0.187800 0.669300
vt 0.190400 0.657200
vt 0.204500 0.673400
vt 0.190900 0.676000
vt 0.194200 0.675600
vt 0.207900 0.670800
vt 0.189900 0.672800
vt 0.191700 0.674500
vt 0.209800 0.668900
vt 0.196600 0.676000
vt 0.199700 0.675800
vt 0.208400 0.659100
vt 0.209200 0.663500
vt 0.209200 0.661000
vt 0.193600 0.655700
vt 0.204300 0.656500
vt 0.196400 0.654800
vt 0.199500 0.655100
vt 0.189400 0.660800
vt 0.188200 0.665000
vt 0.188800 0.669000
vt 0.191200 0.657900
vt 0.199500 0.674700
vt 0.204000 0.672500
vt 0.192400 0.673800
vt 0.194500 0.674700
vt 0.206900 0.670100
vt 0.190700 0.672200
vt 0.208400 0.668300
vt 0.196600 0.674900
vt 0.209100 0.666500
vt 0.218900 0.650600
vt 0.222800 0.646800
vt 0.222700 0.649400
vt 0.223000 0.653000
vt 0.222800 0.651500
vt 0.227500 0.647000
vt 0.227200 0.649600
vt 0.226900 0.653000
vt 0.227100 0.651600
vt 0.229900 0.653400
vt 0.216700 0.642200
vt 0.221900 0.645700
vt 0.229400 0.640700
vt 0.227600 0.646900
vt 0.233400 0.644800
vt 0.221000 0.638700
vt 0.887500 0.276700
vt 0.913000 0.259400
vt 0.912000 0.262700
vt 0.923800 0.265700
vt 0.927300 0.263600
vt 0.927800 0.265700
vt 0.919200 0.265000
vt 0.923900 0.263400
vt 0.919700 0.262500
vt 0.231400 0.682500
vt 0.236600 0.682400
vt 0.233000 0.679700
vt 0.230500 0.681900
vt 0.237300 0.680700
vt 0.240500 0.684500
vt 0.238900 0.681800
vt 0.941300 0.240000
vt 0.935300 0.258400
vt 0.939800 0.239100
vt 0.936800 0.259400
vt 0.932600 0.262200
vt 0.929900 0.263400
vt 0.933800 0.263900
vt 0.930900 0.265700
vt 0.080600 0.412800
vt 0.097800 0.414200
vt 0.143500 0.406100
vt 0.164300 0.389300
vt 0.181700 0.369100
vt 0.115700 0.412800
vt 0.127500 0.411400
vt 0.190800 0.357500
vt 0.069500 0.408100
vt 0.563200 0.621900
vt 0.571200 0.664200
vt 0.572400 0.664100
vt 0.569700 0.664500
vt 0.565900 0.664900
vt 0.572000 0.693500
vt 0.567800 0.694100
vt 0.221000 0.686200
vt 0.226300 0.685200
vt 0.896000 0.211100
vt 0.897400 0.229500
vt 0.896500 0.229600
vt 0.687200 0.337000
vt 0.704000 0.338100
vt 0.744500 0.348200
vt 0.745800 0.341500
vt 0.625600 0.370800
vt 0.671300 0.340400
vt 0.529800 0.373800
vt 0.542100 0.377100
vt 0.640400 0.363100
vt 0.607700 0.374800
vt 0.517200 0.360300
vt 0.522500 0.368400
vt 0.661300 0.348300
vt 0.511700 0.343000
vt 0.650000 0.357000
vt 0.552200 0.377300
vt 0.677500 0.335400
vt 0.206600 0.344200
vt 0.216800 0.344100
vt 0.259500 0.343100
vt 0.200900 0.344200
vt 0.346500 0.404600
vt 0.301300 0.393100
vt 0.349600 0.392100
vt 0.286300 0.395200
vt 0.311400 0.358400
vt 0.359500 0.356800
vt 0.296400 0.360500
vt 0.277900 0.361200
vt 0.413400 0.401600
vt 0.398400 0.401500
vt 0.416600 0.381700
vt 0.396200 0.384100
vt 0.418300 0.353100
vt 0.461800 0.346100
vt 0.394200 0.355900
vt 0.562300 0.432000
vt 0.562300 0.443300
vt 0.618100 0.434100
vt 0.618200 0.445400
vt 0.571500 0.422300
vt 0.618100 0.424200
vt 0.670200 0.436400
vt 0.565700 0.412200
vt 0.617800 0.411400
vt 0.566500 0.406400
vt 0.617600 0.406300
vt 0.109600 0.324500
vt 0.086000 0.326600
vt 0.154200 0.273900
vt 0.204400 0.274000
vt 0.133800 0.254800
vt 0.133200 0.269600
vt 0.115600 0.246000
vt 0.089400 0.234200
vt 0.246000 0.260800
vt 0.100700 0.240200
vt 0.154400 0.259200
vt 0.134600 0.231900
vt 0.118300 0.230400
vt 0.091500 0.227400
vt 0.204400 0.259500
vt 0.239500 0.235600
vt 0.103200 0.228500
vt 0.155000 0.236400
vt 0.204400 0.236900
vt 0.080600 0.192300
vt 0.130600 0.190300
vt 0.113700 0.192900
vt 0.090700 0.193200
vt 0.228600 0.187700
vt 0.100700 0.194200
vt 0.150700 0.188900
vt 0.196000 0.187100
vt 0.081100 0.165100
vt 0.229300 0.166700
vt 0.243300 0.166800
vt 0.114400 0.165500
vt 0.131400 0.165700
vt 0.102100 0.165400
vt 0.090100 0.165200
vt 0.197600 0.166400
vt 0.152000 0.165900
vt 0.189100 0.431700
vt 0.727600 0.326100
vt 0.149900 0.432900
vt 0.734500 0.288600
vt 0.686700 0.287600
vt 0.451000 0.055100
vt 0.454800 0.047400
vt 0.451400 0.047200
vt 0.498100 0.047500
vt 0.457300 0.054700
vt 0.527000 0.055700
vt 0.527500 0.048400
vt 0.544400 0.055600
vt 0.584600 0.065200
vt 0.564800 0.065500
vt 0.554200 0.065000
vt 0.604600 0.063700
vt 0.542700 0.065100
vt 0.448600 0.065000
vt 0.458800 0.064600
vt 0.498200 0.055300
vt 0.526200 0.065100
vt 0.498000 0.065300
vt 0.584300 0.079900
vt 0.564500 0.080200
vt 0.553900 0.079800
vt 0.604200 0.078500
vt 0.542400 0.079900
vt 0.448600 0.079600
vt 0.458800 0.079300
vt 0.526000 0.079800
vt 0.497900 0.080100
vt 0.584300 0.103200
vt 0.564400 0.103500
vt 0.553800 0.103100
vt 0.604300 0.101800
vt 0.542300 0.103200
vt 0.446800 0.109800
vt 0.458800 0.108000
vt 0.498100 0.105800
vt 0.525900 0.103200
vt 0.584100 0.145200
vt 0.564200 0.145400
vt 0.553800 0.145000
vt 0.604000 0.144100
vt 0.544200 0.142700
vt 0.446500 0.127900
vt 0.458800 0.130700
vt 0.496900 0.136200
vt 0.525800 0.141100
vt 0.564800 0.165800
vt 0.554900 0.165800
vt 0.603600 0.165800
vt 0.584100 0.165800
vt 0.610300 0.165800
vt 0.544900 0.165800
vt 0.423100 0.165800
vt 0.447000 0.165800
vt 0.458300 0.165800
vt 0.496400 0.165800
vt 0.526800 0.165800
vt 0.266400 0.167100
vt 0.266200 0.187900
vt 0.278000 0.231800
vt 0.581300 0.955000
vt 0.561100 0.962700
vt 0.578500 0.948900
vt 0.610000 0.919400
vt 0.614500 0.807600
vt 0.577300 0.728500
vt 0.584000 0.765600
vt 0.592500 0.782300
vt 0.579900 0.747800
vt 0.625500 0.815500
vt 0.626600 0.819100
vt 0.578600 0.728300
vt 0.593800 0.781400
vt 0.585400 0.764900
vt 0.614800 0.805700
vt 0.625700 0.814800
vt 0.627800 0.773500
vt 0.277300 0.342500
vt 0.497200 0.335800
vt 0.509100 0.335600
vt 0.312300 0.341600
vt 0.359000 0.340000
vt 0.296600 0.341900
vt 0.418400 0.337900
vt 0.461900 0.336800
vt 0.394000 0.338600
vt 0.734200 0.650600
vt 0.736400 0.652700
vt 0.735000 0.653000
vt 0.736700 0.664100
vt 0.733700 0.649100
vt 0.735700 0.650300
vt 0.737400 0.668700
vt 0.738200 0.663900
vt 0.738800 0.668500
vt 0.738700 0.726800
vt 0.741200 0.718100
vt 0.740100 0.727000
vt 0.739400 0.729700
vt 0.738100 0.729600
vt 0.739000 0.690700
vt 0.739600 0.677900
vt 0.740500 0.690600
vt 0.738200 0.678000
vt 0.739300 0.673700
vt 0.737900 0.673800
vt 0.741300 0.706600
vt 0.739700 0.718000
vt 0.739900 0.706600
vt 0.741100 0.700100
vt 0.739600 0.700100
vt 0.751300 0.649500
vt 0.752800 0.661900
vt 0.735200 0.648900
vt 0.751100 0.646500
vt 0.753300 0.667000
vt 0.755800 0.719700
vt 0.755600 0.730100
vt 0.755700 0.733600
vt 0.754100 0.677000
vt 0.755000 0.690300
vt 0.753800 0.672500
vt 0.755700 0.707200
vt 0.755500 0.700200
vt 0.777600 0.646200
vt 0.778000 0.661200
vt 0.777600 0.644800
vt 0.751000 0.644800
vt 0.778100 0.666100
vt 0.779500 0.719500
vt 0.779700 0.729600
vt 0.779800 0.732900
vt 0.778400 0.676200
vt 0.778700 0.689600
vt 0.778300 0.671700
vt 0.779200 0.706900
vt 0.779000 0.699800
vt 0.753800 0.622800
vt 0.765100 0.600600
vt 0.753600 0.586600
vt 0.768800 0.587100
vt 0.751500 0.599900
vt 0.740900 0.593900
vt 0.741800 0.592300
vt 0.747300 0.581800
vt 0.747000 0.584500
vt 0.754900 0.583600
vt 0.743000 0.586200
vt 0.745100 0.581700
vt 0.750700 0.812400
vt 0.747800 0.811100
vt 0.759000 0.802700
vt 0.743000 0.788000
vt 0.756900 0.782100
vt 0.757300 0.785900
vt 0.781000 0.780700
vt 0.744100 0.792500
vt 0.757700 0.789600
vt 0.781000 0.781100
vt 0.746100 0.804100
vt 0.903400 0.941600
vt 0.907900 0.941500
vt 0.914700 0.901400
vt 0.911200 0.857700
vt 0.915800 0.857700
vt 0.909600 0.901400
vt 0.089900 0.402400
vt 0.088600 0.396500
vt 0.090400 0.396700
vt 0.084100 0.400600
vt 0.084000 0.394500
vt 0.086500 0.395800
vt 0.087200 0.402000
vt 0.107500 0.388400
vt 0.101100 0.390600
vt 0.102300 0.387200
vt 0.096000 0.401600
vt 0.094600 0.396100
vt 0.105600 0.393500
vt 0.099100 0.393500
vt 0.102500 0.397600
vt 0.105200 0.376300
vt 0.097200 0.375400
vt 0.099600 0.371000
vt 0.092400 0.374000
vt 0.092700 0.368600
vt 0.107500 0.382200
vt 0.102300 0.383000
vt 0.074700 0.381800
vt 0.080200 0.388200
vt 0.074700 0.389600
vt 0.082200 0.371100
vt 0.082800 0.377500
vt 0.078700 0.373900
vt 0.076700 0.394400
vt 0.100800 0.379100
vt 0.086000 0.369300
vt 0.085300 0.375600
vt 0.087900 0.374500
vt 0.081700 0.391700
vt 0.078700 0.396700
vt 0.076600 0.377000
vt 0.079900 0.382800
vt 0.080600 0.398700
vt 0.090400 0.392100
vt 0.086700 0.390900
vt 0.088200 0.391600
vt 0.089400 0.392000
vt 0.097300 0.386600
vt 0.092900 0.391800
vt 0.096600 0.388600
vt 0.095400 0.390200
vt 0.096500 0.381900
vt 0.094300 0.379800
vt 0.091600 0.378900
vt 0.097400 0.384200
vt 0.084400 0.384100
vt 0.084500 0.387300
vt 0.087400 0.379900
vt 0.086000 0.381000
vt 0.089000 0.379200
vt 0.086000 0.390100
vt 0.082800 0.393300
vt 0.081200 0.379700
vt 0.085100 0.382300
vt 0.090600 0.385300
vt 0.085400 0.389200
vt 0.235400 0.662800
vt 0.214000 0.663200
vt 0.215500 0.667300
vt 0.232400 0.670100
vt 0.234500 0.667000
vt 0.213900 0.661800
vt 0.234400 0.658900
vt 0.232100 0.655600
vt 0.221600 0.671400
vt 0.216800 0.655400
vt 0.219900 0.654500
vt 0.217200 0.656000
vt 0.229400 0.671800
vt 0.229500 0.654100
vt 0.214600 0.659000
vt 0.217700 0.669200
vt 0.227900 0.672100
vt 0.225700 0.672300
vt 0.214000 0.660500
vt 0.214600 0.665700
vt 0.223000 0.653800
vt 0.226600 0.653900
vt 0.567500 0.354800
vt 0.562300 0.359200
vt 0.564500 0.354000
vt 0.538000 0.349000
vt 0.534600 0.350100
vt 0.534900 0.348100
vt 0.537800 0.353600
vt 0.535200 0.356800
vt 0.534600 0.354000
vt 0.560300 0.365600
vt 0.554200 0.364600
vt 0.558500 0.362800
vt 0.564800 0.361200
vt 0.538500 0.347100
vt 0.535400 0.346100
vt 0.567500 0.347800
vt 0.561800 0.343200
vt 0.564500 0.341100
vt 0.541800 0.365600
vt 0.539800 0.358900
vt 0.543600 0.362900
vt 0.544600 0.336100
vt 0.542400 0.341400
vt 0.540100 0.338900
vt 0.554800 0.367800
vt 0.551800 0.364900
vt 0.558400 0.340100
vt 0.560200 0.337200
vt 0.536400 0.343800
vt 0.538300 0.355900
vt 0.536800 0.360600
vt 0.552100 0.368300
vt 0.548800 0.365000
vt 0.548200 0.368100
vt 0.539100 0.345700
vt 0.549800 0.334800
vt 0.546000 0.339200
vt 0.555600 0.335300
vt 0.550200 0.338200
vt 0.554800 0.338600
vt 0.557800 0.356000
vt 0.543500 0.350200
vt 0.537800 0.350500
vt 0.543400 0.352900
vt 0.555600 0.358200
vt 0.543800 0.349100
vt 0.558900 0.349600
vt 0.564300 0.348500
vt 0.544600 0.355900
vt 0.546100 0.345700
vt 0.559000 0.352900
vt 0.551600 0.359500
vt 0.557400 0.346600
vt 0.544200 0.348200
vt 0.543700 0.354200
vt 0.549900 0.359300
vt 0.546800 0.358200
vt 0.543400 0.351100
vt 0.550600 0.343700
vt 0.553300 0.343900
vt 0.555300 0.344900
vt 0.554700 0.353300
vt 0.555300 0.351900
vt 0.547700 0.351000
vt 0.547900 0.352500
vt 0.552300 0.354900
vt 0.553600 0.354400
vt 0.547700 0.350500
vt 0.555200 0.350300
vt 0.554500 0.348800
vt 0.549400 0.354400
vt 0.548100 0.344300
vt 0.549000 0.348400
vt 0.553000 0.359300
vt 0.551700 0.355000
vt 0.553500 0.347900
vt 0.548100 0.349600
vt 0.548300 0.353300
vt 0.550800 0.355000
vt 0.547900 0.350000
vt 0.547700 0.351800
vt 0.550000 0.347700
vt 0.551200 0.347400
vt 0.552500 0.347500
vt 0.550900 0.351200
vt 0.200700 0.682100
vt 0.231200 0.678600
vt 0.226100 0.679500
vt 0.193300 0.682500
vt 0.194400 0.684400
vt 0.207500 0.686900
vt 0.231400 0.679400
vt 0.195900 0.682400
vt 0.219200 0.680400
vt 0.228700 0.683500
vt 0.214600 0.681100
vt 0.198000 0.686400
vt 0.206500 0.681800
vt 0.226100 0.684900
vt 0.220900 0.685800
vt 0.804800 0.358000
vt 0.807000 0.362800
vt 0.805200 0.364000
vt 0.804700 0.338100
vt 0.807600 0.335900
vt 0.806500 0.338900
vt 0.811100 0.370400
vt 0.808800 0.368400
vt 0.810900 0.368300
vt 0.815600 0.357300
vt 0.813300 0.362400
vt 0.813700 0.357300
vt 0.810700 0.334000
vt 0.808100 0.335900
vt 0.807700 0.332900
vt 0.807800 0.366900
vt 0.806500 0.368700
vt 0.804300 0.344900
vt 0.806200 0.345200
vt 0.814100 0.367000
vt 0.812500 0.365900
vt 0.804500 0.349600
vt 0.806300 0.349600
vt 0.814800 0.338500
vt 0.811600 0.337300
vt 0.813100 0.335600
vt 0.806600 0.355000
vt 0.804700 0.355200
vt 0.815200 0.363300
vt 0.806700 0.357700
vt 0.808100 0.371100
vt 0.806600 0.333200
vt 0.810200 0.336600
vt 0.815600 0.344100
vt 0.812600 0.339500
vt 0.813300 0.344600
vt 0.570000 0.617100
vt 0.619900 0.647600
vt 0.117700 0.293100
vt 0.111400 0.289700
vt 0.106200 0.309200
vt 0.118000 0.301600
vt 0.118600 0.301900
vt 0.776000 0.419400
vt 0.787800 0.414900
vt 0.080800 0.323800
vt 0.081000 0.322800
vt 0.119900 0.299600
vt 0.120600 0.296600
vt 0.120600 0.299900
vt 0.120000 0.296700
vt 0.088400 0.317500
vt 0.096400 0.313800
vt 0.088400 0.317900
vt 0.790500 0.455800
vt 0.782200 0.448800
vt 0.792500 0.452300
vt 0.754500 0.430500
vt 0.751000 0.431100
vt 0.098200 0.285100
vt 0.761600 0.439300
vt 0.769900 0.443200
vt 0.757500 0.427700
vt 0.754000 0.433600
vt 0.084200 0.285300
vt 0.082000 0.321500
vt 0.081000 0.325900
vt 0.089800 0.284100
vt 0.755900 0.436300
vt 0.082900 0.286300
vt 0.082200 0.287700
vt 0.105800 0.308900
vt 0.320400 0.120000
vt 0.318400 0.114800
vt 0.321300 0.119500
vt 0.321500 0.126600
vt 0.317400 0.136800
vt 0.320600 0.125900
vt 0.300200 0.095600
vt 0.302800 0.107500
vt 0.301400 0.108100
vt 0.301800 0.093700
vt 0.301300 0.096000
vt 0.319900 0.166100
vt 0.320500 0.165100
vt 0.320900 0.166000
vt 0.321200 0.124200
vt 0.322400 0.122500
vt 0.322100 0.124700
vt 0.321400 0.122400
vt 0.319400 0.148300
vt 0.319400 0.155700
vt 0.318000 0.146900
vt 0.316100 0.153900
vt 0.318300 0.164600
vt 0.314400 0.154200
vt 0.301100 0.125800
vt 0.301500 0.128300
vt 0.300200 0.128200
vt 0.312000 0.104300
vt 0.312700 0.103500
vt 0.305400 0.135400
vt 0.310200 0.140200
vt 0.309500 0.141800
vt 0.302400 0.125500
vt 0.301500 0.129800
vt 0.300300 0.130400
vt 0.308300 0.096700
vt 0.304200 0.093400
vt 0.304200 0.092800
vt 0.321200 0.164400
vt 0.321000 0.164100
vt 0.319800 0.165300
vt 0.308000 0.097400
vt 0.301700 0.132500
vt 0.306300 0.134300
vt 0.302800 0.092300
vt 0.301400 0.092500
vt 0.303100 0.093000
vt 0.302500 0.131400
vt 0.318500 0.137800
vt 0.320100 0.157000
vt 0.081800 0.321300
vt 0.091200 0.319900
vt 0.099700 0.315800
vt 0.317100 0.115300
vt 0.314500 0.118600
vt 0.313300 0.114200
vt 0.316000 0.128200
vt 0.315700 0.124700
vt 0.315400 0.121600
vt 0.317500 0.147000
vt 0.306500 0.126600
vt 0.310500 0.104200
vt 0.310000 0.134500
vt 0.311900 0.139800
vt 0.303300 0.112000
vt 0.305900 0.123800
vt 0.307500 0.129400
vt 0.308400 0.131800
vt 0.316000 0.137300
vt 0.301900 0.096200
vt 0.306300 0.103700
vt 0.303300 0.107000
vt 0.303300 0.093600
vt 0.304400 0.096700
vt 0.316500 0.153300
vt 0.319700 0.163200
vt 0.319400 0.163600
vt 0.320300 0.164600
vt 0.319900 0.164700
vt 0.308200 0.112700
vt 0.303800 0.111700
vt 0.306600 0.123500
vt 0.311200 0.123400
vt 0.307200 0.126300
vt 0.312500 0.139100
vt 0.313300 0.134100
vt 0.313400 0.139200
vt 0.310400 0.120400
vt 0.311300 0.126500
vt 0.308300 0.128900
vt 0.309200 0.131200
vt 0.310500 0.134200
vt 0.312800 0.128900
vt 0.316600 0.148700
vt 0.307400 0.097900
vt 0.310000 0.104100
vt 0.304000 0.094000
vt 0.320600 0.163900
vt 0.312700 0.114100
vt 0.314600 0.121700
vt 0.315600 0.137300
vt 0.313800 0.118700
vt 0.315100 0.124800
vt 0.315300 0.128200
vt 0.317200 0.147200
vt 0.302300 0.094200
vt 0.319200 0.163900
vt 0.117200 0.293600
vt 0.111200 0.290200
vt 0.089900 0.284700
vt 0.098000 0.285600
vt 0.084500 0.285800
vt 0.083400 0.286600
vt 0.082600 0.287800
vt 0.791500 0.414600
vt 0.788000 0.415400
vt 0.757800 0.428000
vt 0.776100 0.419800
vt 0.754800 0.430600
vt 0.754600 0.433600
vt 0.756500 0.436000
vt 0.761800 0.438900
vt 0.782300 0.448400
vt 0.770100 0.442800
vt 0.792600 0.452100
vt 0.080700 0.325900
vt 0.080500 0.323700
vt 0.032500 0.291700
vt 0.033200 0.281200
vt 0.033200 0.257600
vt 0.031800 0.222000
vt 0.779800 0.367000
vt 0.033300 0.268900
vt 0.757700 0.348600
vt 0.015000 0.282500
vt 0.014900 0.222500
vt 0.772700 0.349300
vt 0.015500 0.270300
vt 0.015900 0.259400
vt 0.780600 0.349400
vt 0.790600 0.365500
vt 0.013400 0.185700
vt 0.746800 0.807600
vt 0.760900 0.811700
vt 0.754700 0.812200
vt 0.766200 0.802400
vt 0.767600 0.810900
vt 0.774700 0.802700
vt 0.776200 0.810600
vt 0.781200 0.786500
vt 0.003900 0.164300
vt 0.012800 0.164400
vt 0.758100 0.342500
vt 0.013600 0.291000
vt 0.007000 0.283100
vt 0.007100 0.246000
vt 0.005900 0.220100
vt 0.770700 0.343800
vt 0.007200 0.269000
vt 0.774900 0.343700
vt 0.004700 0.186700
vt 0.731200 0.770400
vt 0.748100 0.762500
vt 0.749500 0.767000
vt 0.740700 0.784000
vt 0.754000 0.777000
vt 0.755700 0.779900
vt 0.728700 0.744700
vt 0.729900 0.740700
vt 0.731400 0.741000
vt 0.733500 0.775000
vt 0.751000 0.771000
vt 0.729600 0.764900
vt 0.747600 0.748700
vt 0.732900 0.735300
vt 0.733100 0.738500
vt 0.731200 0.738000
vt 0.738200 0.781200
vt 0.752300 0.773500
vt 0.736300 0.731100
vt 0.734900 0.735900
vt 0.735500 0.777800
vt 0.747500 0.746100
vt 0.728100 0.747900
vt 0.742500 0.785500
vt 0.738500 0.731900
vt 0.725900 0.600100
vt 0.739700 0.608100
vt 0.724600 0.602000
vt 0.738400 0.610600
vt 0.721100 0.611000
vt 0.722800 0.605500
vt 0.738400 0.625400
vt 0.726500 0.634200
vt 0.720900 0.626600
vt 0.741200 0.631500
vt 0.730600 0.641200
vt 0.737400 0.618700
vt 0.720300 0.621000
vt 0.720300 0.617000
vt 0.737600 0.614600
vt 0.737500 0.621500
vt 0.745200 0.637300
vt 0.733300 0.644600
vt 0.741400 0.606200
vt 0.740800 0.606800
vt 0.742000 0.605800
vt 0.726200 0.599000
vt 0.726800 0.598300
vt 0.727400 0.597700
vt 0.729900 0.596100
vt 0.742500 0.605400
vt 0.733400 0.595000
vt 0.744200 0.604100
vt 0.746200 0.602900
vt 0.750600 0.738800
vt 0.749100 0.740800
vt 0.748200 0.743000
vt 0.730500 0.645700
vt 0.728100 0.642100
vt 0.724000 0.634900
vt 0.747900 0.640600
vt 0.759500 0.757800
vt 0.807800 0.345900
vt 0.808900 0.340800
vt 0.808900 0.346000
vt 0.811700 0.341200
vt 0.809900 0.345800
vt 0.810000 0.340800
vt 0.807900 0.340400
vt 0.809200 0.338200
vt 0.811200 0.339100
vt 0.812000 0.356500
vt 0.810100 0.348200
vt 0.811900 0.345200
vt 0.808200 0.355100
vt 0.809000 0.349200
vt 0.810000 0.355600
vt 0.811500 0.364300
vt 0.809900 0.361700
vt 0.811900 0.361200
vt 0.810300 0.364700
vt 0.808600 0.361900
vt 0.807900 0.349800
vt 0.808400 0.357700
vt 0.810000 0.357500
vt 0.810600 0.366300
vt 0.809000 0.365200
vt 0.810300 0.338400
vt 0.808400 0.338000
vt 0.809400 0.366600
vt 0.769000 0.583700
vt 0.776200 0.586800
vt 0.776500 0.600400
vt 0.777100 0.622500
vt 0.946400 0.200200
vt 0.945000 0.200000
vt 0.055700 0.164900
vt 0.946100 0.173400
vt 0.947900 0.173400
vt 0.780400 0.757600
vt 0.781600 0.803500
vt 0.781800 0.810400
vt 0.030000 0.164600
vt 0.781000 0.780300
vt 0.449600 0.650500
vt 0.450300 0.654000
vt 0.448500 0.653800
vt 0.802700 0.540200
vt 0.793600 0.544700
vt 0.793900 0.539100
vt 0.137800 0.011700
vt 0.125500 0.020200
vt 0.125300 0.009300
vt 0.058300 0.519800
vt 0.038200 0.514400
vt 0.060200 0.513900
vt 0.942900 0.453300
vt 0.915800 0.468000
vt 0.936600 0.446000
vt 0.454600 0.679400
vt 0.460700 0.678000
vt 0.460400 0.679600
vt 0.098000 0.005400
vt 0.113500 0.008300
vt 0.097900 0.006600
vt 0.448500 0.656200
vt 0.135700 0.513700
vt 0.145100 0.496400
vt 0.158100 0.500900
vt 0.423900 0.649700
vt 0.407800 0.647800
vt 0.427900 0.646600
vt 0.710400 0.543300
vt 0.687000 0.537800
vt 0.710200 0.538700
vt 0.764100 0.517000
vt 0.761500 0.524000
vt 0.744300 0.519400
vt 0.546200 0.530500
vt 0.559600 0.535200
vt 0.544600 0.534200
vt 0.039300 0.505600
vt 0.061600 0.506800
vt 0.363200 0.033800
vt 0.407600 0.038000
vt 0.363200 0.042100
vt 0.650600 0.048100
vt 0.658800 0.052900
vt 0.655200 0.054700
vt 0.125200 0.039200
vt 0.116800 0.048600
vt 0.114300 0.042800
vt 0.617200 0.029200
vt 0.597900 0.035400
vt 0.597700 0.029600
vt 0.272500 0.520700
vt 0.267200 0.550400
vt 0.260600 0.520400
vt 0.040000 0.500000
vt 0.063200 0.500500
vt 0.631500 0.017700
vt 0.617200 0.021200
vt 0.612100 0.018500
vt 0.573300 0.531400
vt 0.573600 0.535000
vt 0.435000 0.677400
vt 0.430600 0.675300
vt 0.435400 0.676100
vt 0.876900 0.091500
vt 0.882500 0.075300
vt 0.884100 0.093500
vt 0.450800 0.641400
vt 0.443400 0.645300
vt 0.443500 0.640100
vt 0.654900 0.020900
vt 0.644800 0.028700
vt 0.643700 0.020800
vt 0.347800 0.018700
vt 0.362100 0.016600
vt 0.362200 0.018900
vt 0.110800 0.019500
vt 0.112200 0.014800
vt 0.071400 0.071500
vt 0.080900 0.106100
vt 0.071700 0.106600
vt 0.440200 0.672300
vt 0.437200 0.674300
vt 0.435000 0.672900
vt 0.136000 0.518700
vt 0.465300 0.643500
vt 0.460000 0.638800
vt 0.465800 0.640500
vt 0.740900 0.540600
vt 0.748000 0.536300
vt 0.747100 0.540900
vt 0.472700 0.016500
vt 0.467300 0.018900
vt 0.467000 0.016200
vt 0.472600 0.641700
vt 0.479900 0.641900
vt 0.479100 0.644000
vt 0.337400 0.035900
vt 0.345900 0.044400
vt 0.340000 0.045300
vt 0.901400 0.100600
vt 0.896400 0.099900
vt 0.900500 0.096700
vt 0.428200 0.248300
vt 0.427900 0.267000
vt 0.424800 0.248800
vt 0.268700 0.506600
vt 0.255400 0.506300
vt 0.425500 0.665900
vt 0.422400 0.661500
vt 0.424400 0.661200
vt 0.447800 0.659900
vt 0.448600 0.661400
vt 0.447800 0.661400
vt 0.731000 0.525800
vt 0.711000 0.533800
vt 0.711500 0.526900
vt 0.444100 0.669100
vt 0.447800 0.669400
vt 0.444200 0.671300
vt 0.780600 0.034600
vt 0.753300 0.022300
vt 0.781100 0.023800
vt 0.448300 0.664700
vt 0.446200 0.666000
vt 0.447300 0.664200
vt 0.921400 0.475500
vt 0.942100 0.461600
vt 0.923700 0.480200
vt 0.428300 0.676400
vt 0.426200 0.672600
vt 0.092400 0.050900
vt 0.101900 0.055000
vt 0.089700 0.052500
vt 0.049700 0.039300
vt 0.062300 0.047200
vt 0.045900 0.049100
vt 0.907100 0.716300
vt 0.920200 0.732800
vt 0.905500 0.717100
vt 0.068600 0.039900
vt 0.070000 0.047800
vt 0.472800 0.018500
vt 0.534000 0.018800
vt 0.472700 0.025500
vt 0.575800 0.015000
vt 0.580300 0.012000
vt 0.595600 0.012800
vt 0.768000 0.534000
vt 0.449800 0.656500
vt 0.450700 0.658500
vt 0.449200 0.658100
vt 0.654400 0.032700
vt 0.687200 0.038700
vt 0.654600 0.038100
vt 0.887000 0.694900
vt 0.883000 0.688000
vt 0.888300 0.693600
vt 0.513800 0.513500
vt 0.464700 0.528700
vt 0.462800 0.512700
vt 0.680400 0.534000
vt 0.690400 0.534300
vt 0.431100 0.671000
vt 0.426800 0.670900
vt 0.428100 0.669100
vt 0.475000 0.656800
vt 0.481400 0.662800
vt 0.475900 0.662500
vt 0.194500 0.507200
vt 0.174900 0.484300
vt 0.196800 0.488300
vt 0.023000 0.518200
vt 0.034500 0.525100
vt 0.022800 0.521200
vt 0.423200 0.655800
vt 0.420600 0.654900
vt 0.293000 0.506000
vt 0.290600 0.521500
vt 0.799600 0.518200
vt 0.803300 0.521300
vt 0.798200 0.522200
vt 0.632000 0.029000
vt 0.750500 0.056800
vt 0.759400 0.067700
vt 0.750100 0.066000
vt 0.329700 0.056000
vt 0.325300 0.050300
vt 0.889300 0.728100
vt 0.890600 0.737600
vt 0.884400 0.729800
vt 0.350000 0.035000
vt 0.355700 0.042900
vt 0.477400 0.679200
vt 0.472300 0.677600
vt 0.476300 0.674700
vt 0.017500 0.520600
vt 0.016900 0.517600
vt 0.430700 0.673600
vt 0.468300 0.680000
vt 0.467400 0.682600
vt 0.467000 0.682400
vt 0.874800 0.069100
vt 0.880500 0.058400
vt 0.882000 0.068700
vt 0.641100 0.501100
vt 0.620600 0.517300
vt 0.618400 0.502800
vt 0.935000 0.396400
vt 0.919400 0.375500
vt 0.924100 0.372800
vt 0.403000 0.546300
vt 0.396500 0.524800
vt 0.409900 0.526100
vt 0.938700 0.579500
vt 0.924300 0.581500
vt 0.924400 0.578400
vt 0.444900 0.651400
vt 0.441400 0.648500
vt 0.642400 0.036500
vt 0.632200 0.036100
vt 0.451200 0.645400
vt 0.446800 0.648200
vt 0.087700 0.006200
vt 0.088700 0.004800
vt 0.089500 0.006300
vt 0.689700 0.021200
vt 0.657200 0.016200
vt 0.689800 0.016900
vt 0.441200 0.675300
vt 0.440400 0.673500
vt 0.918300 0.738900
vt 0.923200 0.735700
vt 0.920600 0.742800
vt 0.118700 0.062800
vt 0.133800 0.053000
vt 0.135400 0.061800
vt 0.423700 0.667300
vt 0.750200 0.034200
vt 0.730300 0.021800
vt 0.469200 0.680100
vt 0.467700 0.682800
vt 0.318200 0.036600
vt 0.130500 0.454300
vt 0.129900 0.479100
vt 0.111300 0.455300
vt 0.103300 0.064200
vt 0.513600 0.529700
vt 0.528800 0.515500
vt 0.532700 0.529700
vt 0.137600 0.024900
vt 0.210900 0.014600
vt 0.205000 0.045100
vt 0.286500 0.490000
vt 0.453600 0.686100
vt 0.459700 0.685300
vt 0.460000 0.686500
vt 0.868200 0.027600
vt 0.876700 0.033700
vt 0.867400 0.030600
vt 0.898000 0.091800
vt 0.903700 0.093700
vt 0.730100 0.014700
vt 0.730200 0.017100
vt 0.943400 0.439700
vt 0.939600 0.428100
vt 0.943500 0.426100
vt 0.448400 0.657600
vt 0.342800 0.052400
vt 0.350900 0.050800
vt 0.681800 0.543700
vt 0.681400 0.542300
vt 0.474900 0.667500
vt 0.448400 0.658900
vt 0.448600 0.659800
vt 0.403500 0.641000
vt 0.405900 0.636600
vt 0.406900 0.639000
vt 0.533600 0.016200
vt 0.659400 0.542800
vt 0.659300 0.541300
vt 0.479900 0.679200
vt 0.479000 0.675200
vt 0.480900 0.675500
vt 0.629200 0.266800
vt 0.625200 0.280500
vt 0.617800 0.268000
vt 0.881900 0.673900
vt 0.883800 0.674800
vt 0.460800 0.646000
vt 0.458900 0.642300
vt 0.425300 0.656900
vt 0.425800 0.651500
vt 0.427900 0.653300
vt 0.431400 0.266700
vt 0.429600 0.275600
vt 0.891600 0.575700
vt 0.942400 0.582800
vt 0.940300 0.579800
vt 0.942500 0.579500
vt 0.132100 0.034000
vt 0.128600 0.029400
vt 0.802000 0.526800
vt 0.793100 0.531600
vt 0.793800 0.525500
vt 0.123500 0.026700
vt 0.419900 0.661400
vt 0.407400 0.042900
vt 0.363500 0.047500
vt 0.574600 0.035600
vt 0.534800 0.029800
vt 0.577100 0.029300
vt 0.131700 0.042100
vt 0.139600 0.033500
vt 0.464200 0.541700
vt 0.550100 0.469700
vt 0.542800 0.503300
vt 0.531500 0.469300
vt 0.565100 0.276100
vt 0.583200 0.284200
vt 0.562800 0.284100
vt 0.525700 0.533100
vt 0.536200 0.533700
vt 0.439700 0.670600
vt 0.443800 0.668100
vt 0.844200 0.084400
vt 0.875100 0.072300
vt 0.623400 0.479900
vt 0.276900 0.062100
vt 0.288200 0.078300
vt 0.268700 0.075700
vt 0.841300 0.022500
vt 0.480800 0.669300
vt 0.483400 0.669700
vt 0.923000 0.733500
vt 0.890400 0.575300
vt 0.888500 0.577600
vt 0.888900 0.574900
vt 0.466000 0.638500
vt 0.471300 0.646800
vt 0.471600 0.653400
vt 0.468500 0.651200
vt 0.425400 0.673400
vt 0.427700 0.677000
vt 0.023300 0.512200
vt 0.753000 0.017300
vt 0.767300 0.546500
vt 0.747300 0.547600
vt 0.747200 0.545800
vt 0.104400 0.013200
vt 0.095700 0.009000
vt 0.277600 0.052100
vt 0.306200 0.061300
vt 0.740400 0.063100
vt 0.736400 0.054700
vt 0.454500 0.674900
vt 0.460900 0.674600
vt 0.450300 0.667100
vt 0.450100 0.669300
vt 0.928700 0.690800
vt 0.929600 0.709600
vt 0.927000 0.709100
vt 0.156500 0.050000
vt 0.430300 0.680400
vt 0.429400 0.677600
vt 0.430800 0.680200
vt 0.028200 0.559300
vt 0.019800 0.563300
vt 0.018700 0.563100
vt 0.083000 0.066100
vt 0.091200 0.064900
vt 0.085400 0.049800
vt 0.075300 0.054300
vt 0.082600 0.048200
vt 0.868600 0.040600
vt 0.842300 0.048800
vt 0.840500 0.038000
vt 0.579100 0.035600
vt 0.405100 0.644900
vt 0.412600 0.640100
vt 0.087700 0.049100
vt 0.024300 0.505900
vt 0.459700 0.689200
vt 0.453800 0.689600
vt 0.688200 0.047200
vt 0.732500 0.040500
vt 0.891400 0.699500
vt 0.890000 0.700400
vt 0.871800 0.050400
vt 0.876500 0.043800
vt 0.878600 0.050000
vt 0.588300 0.517200
vt 0.575900 0.504800
vt 0.484200 0.663000
vt 0.120500 0.492900
vt 0.140400 0.488200
vt 0.121900 0.500200
vt 0.025300 0.499400
vt 0.888900 0.094000
vt 0.890200 0.077100
vt 0.892000 0.094500
vt 0.554800 0.275900
vt 0.448200 0.671600
vt 0.444300 0.673800
vt 0.440600 0.651400
vt 0.444000 0.652500
vt 0.443500 0.653300
vt 0.433400 0.674100
vt 0.253800 0.058100
vt 0.206600 0.058900
vt 0.053300 0.533500
vt 0.070200 0.533300
vt 0.058300 0.538500
vt 0.070700 0.057200
vt 0.063700 0.070600
vt 0.062900 0.056500
vt 0.422500 0.689700
vt 0.416500 0.685700
vt 0.423900 0.685400
vt 0.588000 0.534900
vt 0.589500 0.531800
vt 0.450200 0.664800
vt 0.887200 0.076700
vt 0.892600 0.698200
vt 0.804200 0.545400
vt 0.794000 0.548200
vt 0.940900 0.471400
vt 0.927200 0.483900
vt 0.525700 0.539900
vt 0.536900 0.540000
vt 0.450500 0.636700
vt 0.439100 0.638200
vt 0.438900 0.636700
vt 0.710000 0.545900
vt 0.873000 0.057300
vt 0.845100 0.066200
vt 0.818800 0.026900
vt 0.781800 0.019100
vt 0.819700 0.022300
vt 0.886400 0.069000
vt 0.888100 0.058500
vt 0.889200 0.069200
vt 0.337000 0.018900
vt 0.102500 0.051100
vt 0.101900 0.047200
vt 0.767200 0.543000
vt 0.433400 0.275500
vt 0.429500 0.281300
vt 0.625800 0.035400
vt 0.621700 0.029100
vt 0.160700 0.476800
vt 0.045900 0.072100
vt 0.062000 0.105800
vt 0.044600 0.105700
vt 0.026100 0.491100
vt 0.040500 0.491900
vt 0.045700 0.058900
vt 0.821300 0.046900
vt 0.819700 0.036800
vt 0.450900 0.647500
vt 0.896400 0.095600
vt 0.433100 0.671500
vt 0.631800 0.021300
vt 0.464300 0.678500
vt 0.465100 0.679800
vt 0.922300 0.728900
vt 0.921100 0.731400
vt 0.886100 0.563600
vt 0.884900 0.574400
vt 0.451300 0.672100
vt 0.451800 0.679400
vt 0.801600 0.532200
vt 0.880100 0.039300
vt 0.882000 0.044600
vt 0.043200 0.561200
vt 0.049200 0.549300
vt 0.054600 0.560500
vt 0.481000 0.653400
vt 0.475700 0.648600
vt 0.477100 0.647500
vt 0.292300 0.549400
vt 0.337600 0.522200
vt 0.338500 0.547800
vt 0.879000 0.696100
vt 0.885600 0.695900
vt 0.883100 0.700100
vt 0.209900 0.012800
vt 0.471900 0.644900
vt 0.876100 0.689900
vt 0.875100 0.695100
vt 0.912900 0.685200
vt 0.930500 0.686100
vt 0.839300 0.030300
vt 0.408200 0.019700
vt 0.248000 0.073000
vt 0.455700 0.672600
vt 0.451800 0.669700
vt 0.880600 0.670400
vt 0.882100 0.670200
vt 0.074300 0.041900
vt 0.081000 0.046700
vt 0.074400 0.048000
vt 0.469700 0.680400
vt 0.463900 0.685500
vt 0.465600 0.689000
vt 0.430000 0.685200
vt 0.433600 0.689500
vt 0.428000 0.689500
vt 0.262200 0.016900
vt 0.317100 0.018900
vt 0.450400 0.661300
vt 0.031500 0.141900
vt 0.840700 0.025400
vt 0.766000 0.520600
vt 0.421100 0.215100
vt 0.424000 0.214400
vt 0.681200 0.525200
vt 0.693000 0.526900
vt 0.360500 0.049300
vt 0.428900 0.677600
vt 0.428300 0.678000
vt 0.257100 0.491600
vt 0.014700 0.511700
vt 0.925100 0.735600
vt 0.925600 0.737900
vt 0.260700 0.040600
vt 0.620100 0.532000
vt 0.658500 0.536400
vt 0.619700 0.535000
vt 0.923900 0.730600
vt 0.038300 0.519700
vt 0.417000 0.662100
vt 0.414100 0.656800
vt 0.599300 0.469500
vt 0.570400 0.481000
vt 0.607500 0.486100
vt 0.464500 0.650200
vt 0.467300 0.652700
vt 0.464200 0.651600
vt 0.584800 0.277100
vt 0.603000 0.284600
vt 0.054600 0.143800
vt 0.042200 0.138700
vt 0.060400 0.139300
vt 0.588000 0.539600
vt 0.574000 0.542100
vt 0.573700 0.540000
vt 0.118400 0.053900
vt 0.467800 0.678100
vt 0.471400 0.676800
vt 0.606900 0.012800
vt 0.429200 0.649400
vt 0.430700 0.651400
vt 0.451400 0.656300
vt 0.454700 0.648500
vt 0.460900 0.650600
vt 0.455400 0.651600
vt 0.058700 0.541300
vt 0.881400 0.688900
vt 0.879700 0.689500
vt 0.316900 0.060700
vt 0.435800 0.685600
vt 0.431600 0.682800
vt 0.434900 0.684300
vt 0.624400 0.252600
vt 0.610000 0.229700
vt 0.622500 0.227200
vt 0.129800 0.506300
vt 0.790600 0.513900
vt 0.792400 0.517900
vt 0.441900 0.678200
vt 0.463500 0.684600
vt 0.451900 0.650600
vt 0.124200 0.007800
vt 0.112900 0.006500
vt 0.013700 0.505700
vt 0.340000 0.481700
vt 0.298900 0.482400
vt 0.304400 0.473300
vt 0.450700 0.650500
vt 0.451900 0.653900
vt 0.409800 0.651500
vt 0.688700 0.054900
vt 0.471900 0.037000
vt 0.468100 0.032600
vt 0.473100 0.032500
vt 0.092000 0.047800
vt 0.086300 0.046600
vt 0.422400 0.677400
vt 0.421400 0.673700
vt 0.440900 0.650200
vt 0.423700 0.682200
vt 0.938600 0.582800
vt 0.940300 0.583000
vt 0.888700 0.543500
vt 0.890000 0.563500
vt 0.560400 0.517300
vt 0.559900 0.531100
vt 0.878000 0.719400
vt 0.875100 0.722900
vt 0.936900 0.645200
vt 0.447000 0.656800
vt 0.688100 0.033000
vt 0.447500 0.658100
vt 0.560800 0.540500
vt 0.546500 0.542500
vt 0.545900 0.540100
vt 0.615800 0.012800
vt 0.616400 0.015300
vt 0.941600 0.474900
vt 0.941000 0.473000
vt 0.242800 0.147000
vt 0.643900 0.017300
vt 0.901600 0.751400
vt 0.893800 0.743700
vt 0.898000 0.741700
vt 0.885800 0.043900
vt 0.446400 0.678800
vt 0.894100 0.734700
vt 0.868000 0.034700
vt 0.880200 0.673800
vt 0.897000 0.486900
vt 0.890100 0.578000
vt 0.138300 0.531800
vt 0.455800 0.653400
vt 0.263000 0.146600
vt 0.258300 0.097600
vt 0.275400 0.101700
vt 0.465300 0.645900
vt 0.071000 0.139100
vt 0.434900 0.683700
vt 0.432300 0.682100
vt 0.435000 0.683400
vt 0.152400 0.472400
vt 0.663600 0.520100
vt 0.479700 0.654100
vt 0.447500 0.666800
vt 0.310800 0.452200
vt 0.347600 0.453900
vt 0.631200 0.015500
vt 0.821800 0.064200
vt 0.064100 0.476200
vt 0.063000 0.492900
vt 0.435300 0.671400
vt 0.803600 0.517800
vt 0.798600 0.514000
vt 0.804500 0.513700
vt 0.931700 0.690200
vt 0.932200 0.686000
vt 0.883700 0.037100
vt 0.879100 0.031300
vt 0.820000 0.019900
vt 0.619500 0.541700
vt 0.620100 0.540000
vt 0.933300 0.685900
vt 0.935700 0.645200
vt 0.469300 0.688100
vt 0.064900 0.455600
vt 0.804500 0.549500
vt 0.794600 0.550400
vt 0.430200 0.636900
vt 0.430500 0.638900
vt 0.088800 0.007500
vt 0.138500 0.009300
vt 0.559900 0.504300
vt 0.468600 0.037600
vt 0.467300 0.025900
vt 0.902600 0.721600
vt 0.610300 0.187700
vt 0.623000 0.187900
vt 0.822800 0.079800
vt 0.140700 0.556200
vt 0.070900 0.547800
vt 0.139100 0.544000
vt 0.873200 0.035700
vt 0.875400 0.040500
vt 0.907000 0.095600
vt 0.545100 0.516700
vt 0.932800 0.690500
vt 0.883700 0.049900
vt 0.605600 0.278900
vt 0.622100 0.286900
vt 0.877000 0.673500
vt 0.680200 0.537500
vt 0.658900 0.533600
vt 0.431900 0.682400
vt 0.750600 0.039400
vt 0.613300 0.467600
vt 0.332600 0.505100
vt 0.294200 0.081500
vt 0.657800 0.013800
vt 0.689700 0.014100
vt 0.644900 0.042200
vt 0.943900 0.518600
vt 0.419600 0.165900
vt 0.337000 0.016500
vt 0.316800 0.016100
vt 0.656100 0.044500
vt 0.534100 0.036100
vt 0.461000 0.652000
vt 0.260700 0.014500
vt 0.893200 0.524400
vt 0.905300 0.509200
vt 0.896600 0.526100
vt 0.892400 0.544000
vt 0.930800 0.398400
vt 0.908300 0.714700
vt 0.357000 0.695000
vt 0.357300 0.691400
vt 0.012800 0.498000
vt 0.575500 0.013600
vt 0.534000 0.014300
vt 0.734400 0.535200
vt 0.088400 0.004100
vt 0.089400 0.003900
vt 0.421700 0.668600
vt 0.419700 0.669500
vt 0.347100 0.016400
vt 0.926600 0.731000
vt 0.643900 0.014700
vt 0.055600 0.544600
vt 0.069300 0.559500
vt 0.782000 0.017300
vt 0.928100 0.730700
vt 0.887100 0.704200
vt 0.908400 0.091000
vt 0.429600 0.676600
vt 0.770100 0.058800
vt 0.779500 0.042300
vt 0.440700 0.689500
vt 0.472300 0.686400
vt 0.618700 0.035500
vt 0.473100 0.639600
vt 0.931000 0.709700
vt 0.561300 0.542800
vt 0.450100 0.671600
vt 0.510400 0.539100
vt 0.478500 0.683300
vt 0.475200 0.684300
vt 0.901600 0.507000
vt 0.745000 0.511600
vt 0.739800 0.516600
vt 0.883300 0.670500
vt 0.277300 0.549800
vt 0.412000 0.636700
vt 0.944200 0.474500
vt 0.549000 0.283800
vt 0.544400 0.276100
vt 0.767900 0.548800
vt 0.885100 0.058400
vt 0.080500 0.043000
vt 0.083800 0.045100
vt 0.416100 0.690100
vt 0.397200 0.688200
vt 0.472400 0.671700
vt 0.469900 0.673700
vt 0.897200 0.501400
vt 0.940000 0.441100
vt 0.408300 0.017000
vt 0.406900 0.031100
vt 0.891200 0.578900
vt 0.888000 0.598900
vt 0.049300 0.475500
vt 0.731500 0.034100
vt 0.475400 0.674100
vt 0.268000 0.491700
vt 0.028100 0.562300
vt 0.901600 0.089300
vt 0.464300 0.674800
vt 0.467100 0.674900
vt 0.472200 0.658100
vt 0.473500 0.662500
vt 0.470200 0.654900
vt 0.456300 0.671500
vt 0.461100 0.673600
vt 0.466600 0.673400
vt 0.469000 0.672300
vt 0.453000 0.668900
vt 0.470800 0.670500
vt 0.472800 0.666900
vt 0.451000 0.667000
vt 0.464200 0.673800
vt 0.452100 0.656900
vt 0.451500 0.658800
vt 0.451700 0.661500
vt 0.466800 0.653400
vt 0.463900 0.652500
vt 0.456100 0.654300
vt 0.460900 0.652800
vt 0.471300 0.658400
vt 0.472400 0.662500
vt 0.469400 0.655600
vt 0.461300 0.672500
vt 0.468400 0.671500
vt 0.453900 0.668100
vt 0.470000 0.669900
vt 0.471800 0.666600
vt 0.452400 0.666500
vt 0.464200 0.672700
vt 0.451800 0.664600
vt 0.437700 0.644300
vt 0.437300 0.650600
vt 0.437400 0.649100
vt 0.437600 0.646900
vt 0.432600 0.644700
vt 0.433600 0.650700
vt 0.433300 0.649300
vt 0.433000 0.647300
vt 0.438300 0.643600
vt 0.432600 0.645000
vt 0.426500 0.643300
vt 0.416500 0.644000
vt 0.450600 0.638100
vt 0.460100 0.637500
vt 0.886900 0.049600
vt 0.907900 0.086000
vt 0.914400 0.086900
vt 0.925300 0.080700
vt 0.928800 0.082900
vt 0.925400 0.083000
vt 0.920800 0.081300
vt 0.921100 0.083800
vt 0.913500 0.083500
vt 0.927900 0.085400
vt 0.925200 0.085400
vt 0.921300 0.086400
vt 0.915000 0.090100
vt 0.909600 0.093700
vt 0.429900 0.680900
vt 0.424800 0.680800
vt 0.424000 0.679100
vt 0.420800 0.683000
vt 0.422400 0.680300
vt 0.942400 0.106700
vt 0.936700 0.088200
vt 0.938300 0.087200
vt 0.934000 0.084400
vt 0.935300 0.082700
vt 0.931400 0.083100
vt 0.932400 0.080800
vt 0.929400 0.080700
vt 0.940900 0.107600
vt 0.934900 0.089900
vt 0.932500 0.086900
vt 0.930100 0.085700
vt 0.728700 0.521300
vt 0.665800 0.514500
vt 0.627700 0.477400
vt 0.645000 0.497600
vt 0.693500 0.521200
vt 0.711500 0.522600
vt 0.681800 0.519800
vt 0.618600 0.465800
vt 0.510100 0.583600
vt 0.538100 0.594500
vt 0.537400 0.596000
vt 0.885300 0.627900
vt 0.886500 0.628000
vt 0.877000 0.670000
vt 0.883800 0.627600
vt 0.889200 0.598900
vt 0.880000 0.627100
vt 0.886400 0.598700
vt 0.440400 0.684400
vt 0.440300 0.685600
vt 0.453600 0.685300
vt 0.900800 0.109400
vt 0.898300 0.116400
vt 0.897400 0.116300
vt 0.122200 0.444500
vt 0.105400 0.445600
vt 0.183800 0.478400
vt 0.201600 0.482500
vt 0.140600 0.464100
vt 0.138100 0.447900
vt 0.148100 0.455800
vt 0.279500 0.481500
vt 0.168900 0.470600
vt 0.257100 0.485000
vt 0.292200 0.468100
vt 0.159300 0.464600
vt 0.297700 0.450800
vt 0.286900 0.476100
vt 0.267300 0.484900
vt 0.131900 0.442900
vt 0.602800 0.452500
vt 0.592600 0.452400
vt 0.608500 0.452400
vt 0.508000 0.501200
vt 0.523000 0.503300
vt 0.459700 0.500100
vt 0.498000 0.466500
vt 0.513000 0.468600
vt 0.395900 0.509500
vt 0.410900 0.509400
vt 0.392800 0.489600
vt 0.413200 0.492100
vt 0.391100 0.461000
vt 0.415200 0.463900
vt 0.449800 0.464800
vt 0.247000 0.539700
vt 0.246900 0.551000
vt 0.191100 0.541700
vt 0.191100 0.553000
vt 0.237800 0.529900
vt 0.191200 0.531800
vt 0.243600 0.519900
vt 0.191500 0.519100
vt 0.242800 0.514100
vt 0.191700 0.513900
vt 0.097800 0.004500
vt 0.102900 0.015000
vt 0.156400 0.058000
vt 0.135700 0.076600
vt 0.117300 0.085000
vt 0.102300 0.090500
vt 0.090900 0.096200
vt 0.206300 0.073400
vt 0.156400 0.072600
vt 0.240900 0.098000
vt 0.136000 0.099500
vt 0.119600 0.100600
vt 0.104500 0.102200
vt 0.092900 0.103100
vt 0.205900 0.096000
vt 0.156500 0.095400
vt 0.081100 0.138000
vt 0.229100 0.145700
vt 0.131100 0.141000
vt 0.114300 0.138100
vt 0.101300 0.136500
vt 0.091200 0.137300
vt 0.196400 0.145600
vt 0.151200 0.142900
vt 0.071200 0.165000
vt 0.753100 0.015200
vt 0.882200 0.598100
vt 0.884600 0.577100
vt 0.434800 0.282700
vt 0.451000 0.276600
vt 0.451400 0.284500
vt 0.454800 0.284300
vt 0.457300 0.277000
vt 0.498100 0.284200
vt 0.498200 0.276400
vt 0.527000 0.276000
vt 0.527500 0.283300
vt 0.584600 0.266500
vt 0.564800 0.266200
vt 0.604600 0.267900
vt 0.554200 0.266700
vt 0.448600 0.266700
vt 0.458800 0.267100
vt 0.498000 0.266400
vt 0.526200 0.266600
vt 0.542700 0.266600
vt 0.584300 0.251800
vt 0.553900 0.251900
vt 0.564500 0.251500
vt 0.604200 0.253200
vt 0.613900 0.254700
vt 0.448600 0.252100
vt 0.458800 0.252400
vt 0.497900 0.251600
vt 0.526000 0.251800
vt 0.542400 0.251800
vt 0.584300 0.228500
vt 0.553800 0.228600
vt 0.564400 0.228200
vt 0.604300 0.229900
vt 0.446800 0.221900
vt 0.458800 0.223700
vt 0.498100 0.225900
vt 0.525900 0.228500
vt 0.542300 0.228500
vt 0.584100 0.186500
vt 0.553800 0.186700
vt 0.564200 0.186200
vt 0.604000 0.187600
vt 0.544200 0.189000
vt 0.446500 0.203800
vt 0.458800 0.201000
vt 0.496900 0.195500
vt 0.525800 0.190600
vt 0.266600 0.146200
vt 0.279400 0.102600
vt 0.895300 0.337300
vt 0.875100 0.329600
vt 0.878800 0.324700
vt 0.892500 0.343400
vt 0.928900 0.484500
vt 0.891600 0.563700
vt 0.898200 0.526600
vt 0.894100 0.544300
vt 0.906900 0.509900
vt 0.939900 0.476700
vt 0.929300 0.486500
vt 0.892900 0.563900
vt 0.908100 0.510700
vt 0.899600 0.527300
vt 0.942600 0.518700
vt 0.940100 0.477300
vt 0.549900 0.451300
vt 0.312200 0.443500
vt 0.347500 0.444700
vt 0.300300 0.443400
vt 0.497100 0.449700
vt 0.512800 0.450000
vt 0.532100 0.450600
vt 0.391000 0.445800
vt 0.415400 0.446500
vt 0.450400 0.448000
vt 0.821200 0.648400
vt 0.819100 0.650700
vt 0.819800 0.648200
vt 0.819400 0.662000
vt 0.820600 0.650800
vt 0.821700 0.647000
vt 0.820200 0.646800
vt 0.819000 0.666700
vt 0.817900 0.661900
vt 0.820500 0.724700
vt 0.817700 0.716200
vt 0.819100 0.716000
vt 0.820000 0.727700
vt 0.821300 0.727500
vt 0.818400 0.688700
vt 0.817200 0.676000
vt 0.818600 0.676000
vt 0.817300 0.671800
vt 0.818800 0.671800
vt 0.817600 0.666600
vt 0.816900 0.704700
vt 0.818400 0.704600
vt 0.816800 0.698200
vt 0.818300 0.698100
vt 0.817000 0.688700
vt 0.804100 0.648200
vt 0.804200 0.645100
vt 0.804200 0.643500
vt 0.803200 0.660700
vt 0.819100 0.725000
vt 0.803100 0.718500
vt 0.803800 0.728900
vt 0.802700 0.675800
vt 0.802800 0.671300
vt 0.803000 0.665800
vt 0.802600 0.706000
vt 0.802400 0.699100
vt 0.802500 0.689100
vt 0.804000 0.732400
vt 0.800300 0.621600
vt 0.788000 0.600000
vt 0.798800 0.585500
vt 0.801500 0.598700
vt 0.810700 0.590600
vt 0.811800 0.592200
vt 0.804700 0.580400
vt 0.797200 0.582600
vt 0.783600 0.586800
vt 0.784000 0.583400
vt 0.809300 0.584600
vt 0.805200 0.583000
vt 0.808500 0.581600
vt 0.806900 0.580200
vt 0.813100 0.810800
vt 0.816000 0.809300
vt 0.815300 0.810200
vt 0.819300 0.786100
vt 0.805200 0.780900
vt 0.819800 0.783500
vt 0.805000 0.784700
vt 0.818400 0.790500
vt 0.804900 0.788500
vt 0.817200 0.802200
vt 0.804200 0.801600
vt 0.903400 0.773900
vt 0.897300 0.752800
vt 0.914700 0.814100
vt 0.909600 0.814100
vt 0.907900 0.773900
vt 0.350800 0.208700
vt 0.349500 0.214500
vt 0.348200 0.209100
vt 0.345000 0.210500
vt 0.344900 0.216500
vt 0.341500 0.212400
vt 0.368400 0.222700
vt 0.362000 0.220400
vt 0.366600 0.217500
vt 0.356900 0.209500
vt 0.351400 0.214400
vt 0.360000 0.217600
vt 0.363400 0.213400
vt 0.355500 0.215000
vt 0.358100 0.235600
vt 0.366100 0.234800
vt 0.360500 0.240000
vt 0.353300 0.237100
vt 0.368400 0.228900
vt 0.363300 0.223900
vt 0.335600 0.229200
vt 0.341100 0.222900
vt 0.340900 0.228200
vt 0.343100 0.240000
vt 0.343800 0.233600
vt 0.346200 0.235500
vt 0.337700 0.216700
vt 0.335600 0.221400
vt 0.363200 0.228000
vt 0.346900 0.241800
vt 0.348800 0.236600
vt 0.353600 0.242400
vt 0.339700 0.214400
vt 0.342600 0.219400
vt 0.337500 0.234100
vt 0.339600 0.237200
vt 0.342100 0.231400
vt 0.343700 0.217800
vt 0.351400 0.218900
vt 0.350300 0.219100
vt 0.347400 0.215200
vt 0.347600 0.220200
vt 0.349100 0.219500
vt 0.358300 0.224500
vt 0.357600 0.222400
vt 0.353800 0.219300
vt 0.356300 0.220800
vt 0.357400 0.229200
vt 0.361700 0.231900
vt 0.355200 0.231200
vt 0.358300 0.226900
vt 0.345300 0.226900
vt 0.348400 0.231200
vt 0.345400 0.223800
vt 0.349900 0.231900
vt 0.352500 0.232200
vt 0.346900 0.220900
vt 0.346300 0.221800
vt 0.346900 0.230100
vt 0.346000 0.228800
vt 0.351500 0.225800
vt 0.425500 0.661300
vt 0.426500 0.665400
vt 0.446800 0.661300
vt 0.445500 0.665400
vt 0.446400 0.663900
vt 0.428700 0.668300
vt 0.431700 0.670000
vt 0.446800 0.659900
vt 0.426400 0.657300
vt 0.439400 0.669600
vt 0.443300 0.667300
vt 0.440300 0.652300
vt 0.433200 0.670400
vt 0.428600 0.653900
vt 0.445900 0.657100
vt 0.435400 0.670400
vt 0.446600 0.658500
vt 0.437300 0.651500
vt 0.433900 0.651500
vt 0.431200 0.652200
vt 0.897200 0.023900
vt 0.902300 0.028300
vt 0.899800 0.030400
vt 0.930000 0.019200
vt 0.926700 0.018100
vt 0.929800 0.017200
vt 0.929500 0.025900
vt 0.926800 0.022700
vt 0.930100 0.023100
vt 0.904400 0.034700
vt 0.910500 0.033700
vt 0.909900 0.037000
vt 0.906200 0.032000
vt 0.926200 0.016300
vt 0.929300 0.015200
vt 0.897200 0.016900
vt 0.902900 0.012300
vt 0.900300 0.017600
vt 0.922800 0.034700
vt 0.924900 0.028000
vt 0.927800 0.029800
vt 0.920100 0.005200
vt 0.922200 0.010500
vt 0.918700 0.008300
vt 0.900200 0.023200
vt 0.912900 0.034100
vt 0.912500 0.037500
vt 0.900200 0.010200
vt 0.906200 0.009200
vt 0.928300 0.012900
vt 0.924500 0.008000
vt 0.926300 0.025000
vt 0.915900 0.034100
vt 0.916500 0.037300
vt 0.925500 0.014800
vt 0.926900 0.019700
vt 0.914800 0.003900
vt 0.914500 0.007300
vt 0.909000 0.004500
vt 0.909800 0.007800
vt 0.904500 0.006400
vt 0.906900 0.025100
vt 0.921200 0.019300
vt 0.921200 0.022000
vt 0.909100 0.027300
vt 0.911600 0.028400
vt 0.920900 0.018200
vt 0.905800 0.018800
vt 0.921100 0.032000
vt 0.920100 0.025100
vt 0.918600 0.014800
vt 0.916500 0.013500
vt 0.905600 0.022000
vt 0.913100 0.028600
vt 0.907300 0.015700
vt 0.920500 0.017300
vt 0.920900 0.023300
vt 0.914800 0.028500
vt 0.917800 0.027300
vt 0.921300 0.020200
vt 0.914100 0.012800
vt 0.911400 0.013000
vt 0.909300 0.014000
vt 0.910000 0.022500
vt 0.917000 0.020100
vt 0.916900 0.019700
vt 0.916800 0.021600
vt 0.916900 0.021000
vt 0.912300 0.024100
vt 0.911100 0.023500
vt 0.916800 0.019100
vt 0.909500 0.019400
vt 0.915300 0.023500
vt 0.916400 0.022400
vt 0.915700 0.017500
vt 0.914700 0.016800
vt 0.909400 0.021000
vt 0.913000 0.024200
vt 0.910200 0.017900
vt 0.916600 0.018700
vt 0.913900 0.024100
vt 0.913500 0.016500
vt 0.912200 0.016600
vt 0.911200 0.017000
vt 0.913800 0.020300
vt 0.460300 0.680000
vt 0.430000 0.676900
vt 0.467700 0.680300
vt 0.453800 0.684900
vt 0.459700 0.684900
vt 0.429800 0.677700
vt 0.431200 0.680000
vt 0.441800 0.678600
vt 0.466700 0.682300
vt 0.432600 0.681800
vt 0.435200 0.683200
vt 0.446500 0.679200
vt 0.463200 0.684300
vt 0.454500 0.679900
vt 0.465100 0.680300
vt 0.440500 0.684000
vt 0.850500 0.369600
vt 0.848300 0.374400
vt 0.848700 0.369300
vt 0.850600 0.349700
vt 0.847800 0.347500
vt 0.848700 0.344800
vt 0.844300 0.382000
vt 0.846500 0.380000
vt 0.847300 0.382700
vt 0.839700 0.368900
vt 0.842100 0.374100
vt 0.840100 0.374900
vt 0.844600 0.345600
vt 0.847200 0.347500
vt 0.845200 0.348200
vt 0.850200 0.375600
vt 0.847500 0.378500
vt 0.851000 0.356500
vt 0.848800 0.350500
vt 0.841200 0.378600
vt 0.844400 0.379900
vt 0.850800 0.361300
vt 0.849100 0.356800
vt 0.840600 0.350200
vt 0.843700 0.348900
vt 0.842700 0.351100
vt 0.848800 0.366700
vt 0.850700 0.366800
vt 0.842800 0.377500
vt 0.848900 0.380300
vt 0.847600 0.344500
vt 0.842200 0.347200
vt 0.839700 0.355700
vt 0.842000 0.356200
vt 0.841700 0.368900
vt 0.913600 0.680700
vt 0.933800 0.644900
vt 0.120400 0.038000
vt 0.109200 0.021600
vt 0.120900 0.029500
vt 0.108800 0.022000
vt 0.033200 0.526700
vt 0.021500 0.522300
vt 0.017800 0.521900
vt 0.084100 0.006600
vt 0.087700 0.005200
vt 0.122800 0.031500
vt 0.123400 0.034600
vt 0.122700 0.034400
vt 0.121500 0.029200
vt 0.119900 0.037500
vt 0.099500 0.016800
vt 0.091600 0.013000
vt 0.091600 0.012700
vt 0.027000 0.556100
vt 0.054800 0.537900
vt 0.114100 0.041200
vt 0.040800 0.553500
vt 0.047700 0.546600
vt 0.051700 0.535100
vt 0.055200 0.541000
vt 0.086800 0.045100
vt 0.092400 0.046300
vt 0.085300 0.008900
vt 0.084300 0.007600
vt 0.084300 0.004400
vt 0.100800 0.045500
vt 0.053300 0.543700
vt 0.083400 0.042600
vt 0.085500 0.044100
vt 0.039400 0.550500
vt 0.099100 0.017200
vt 0.937500 0.323900
vt 0.939500 0.318800
vt 0.940400 0.319300
vt 0.940700 0.312100
vt 0.936500 0.302000
vt 0.937600 0.301000
vt 0.919300 0.343200
vt 0.921900 0.331300
vt 0.920400 0.342700
vt 0.920900 0.345100
vt 0.920600 0.346300
vt 0.939000 0.272700
vt 0.939700 0.273700
vt 0.939000 0.273500
vt 0.941600 0.316200
vt 0.940400 0.314600
vt 0.941200 0.314100
vt 0.939700 0.312900
vt 0.940500 0.316300
vt 0.938500 0.290500
vt 0.938500 0.283100
vt 0.939200 0.281800
vt 0.937500 0.274200
vt 0.935200 0.284900
vt 0.933500 0.284600
vt 0.920200 0.312900
vt 0.920600 0.310500
vt 0.921500 0.313300
vt 0.931100 0.334500
vt 0.936200 0.323500
vt 0.924500 0.303300
vt 0.929300 0.298600
vt 0.925400 0.304500
vt 0.920500 0.330700
vt 0.919300 0.310600
vt 0.920600 0.308900
vt 0.927400 0.342100
vt 0.923300 0.345400
vt 0.927100 0.341400
vt 0.940400 0.274300
vt 0.940000 0.272800
vt 0.938300 0.274900
vt 0.931800 0.335300
vt 0.920900 0.306300
vt 0.921700 0.307400
vt 0.921900 0.346400
vt 0.923300 0.346000
vt 0.922200 0.345800
vt 0.919500 0.308300
vt 0.928600 0.297000
vt 0.937100 0.291900
vt 0.940100 0.274700
vt 0.085100 0.009100
vt 0.091100 0.007600
vt 0.094500 0.010700
vt 0.933600 0.320200
vt 0.935100 0.310600
vt 0.935100 0.301500
vt 0.934800 0.314100
vt 0.934500 0.317200
vt 0.936600 0.291800
vt 0.925700 0.312200
vt 0.925100 0.315000
vt 0.932400 0.324600
vt 0.929100 0.304200
vt 0.922400 0.326800
vt 0.927500 0.307000
vt 0.926600 0.309300
vt 0.931100 0.299000
vt 0.921100 0.342600
vt 0.925400 0.335100
vt 0.923500 0.342100
vt 0.922400 0.345200
vt 0.921400 0.344600
vt 0.935700 0.285500
vt 0.938900 0.275600
vt 0.935700 0.290100
vt 0.938500 0.275200
vt 0.939500 0.274200
vt 0.927300 0.326100
vt 0.922400 0.331800
vt 0.923000 0.327100
vt 0.925700 0.315300
vt 0.930300 0.315300
vt 0.929600 0.318400
vt 0.931600 0.299600
vt 0.932400 0.304700
vt 0.929600 0.304500
vt 0.926300 0.312500
vt 0.930500 0.312300
vt 0.928300 0.307600
vt 0.927400 0.309800
vt 0.931900 0.309900
vt 0.932500 0.299600
vt 0.926500 0.340900
vt 0.923100 0.344800
vt 0.939700 0.274900
vt 0.936300 0.291600
vt 0.929100 0.334600
vt 0.933700 0.317100
vt 0.933000 0.320100
vt 0.934800 0.301500
vt 0.931800 0.324700
vt 0.934200 0.314000
vt 0.934500 0.310600
vt 0.929600 0.334600
vt 0.939000 0.274100
vt 0.123400 0.031300
vt 0.113900 0.040800
vt 0.100600 0.045100
vt 0.092500 0.045800
vt 0.087100 0.044600
vt 0.086000 0.043700
vt 0.085200 0.042500
vt 0.021200 0.522700
vt 0.017900 0.522300
vt 0.051400 0.535400
vt 0.033100 0.527100
vt 0.054400 0.538000
vt 0.054600 0.541000
vt 0.052800 0.543400
vt 0.047400 0.546200
vt 0.039100 0.550200
vt 0.026900 0.555800
vt 0.016600 0.559400
vt 0.084100 0.004500
vt 0.083800 0.006600
vt 0.083900 0.007700
vt 0.035200 0.037600
vt 0.035200 0.071600
vt 0.029600 0.474300
vt 0.035700 0.048100
vt 0.035500 0.060300
vt 0.013400 0.486500
vt 0.033100 0.107200
vt 0.051700 0.455900
vt 0.017600 0.046300
vt 0.016300 0.037800
vt 0.016100 0.106300
vt 0.017900 0.069500
vt 0.036700 0.456700
vt 0.017700 0.058500
vt 0.028800 0.456800
vt 0.816700 0.805700
vt 0.809100 0.810800
vt 0.802800 0.810700
vt 0.796900 0.801700
vt 0.796000 0.810300
vt 0.788500 0.802400
vt 0.013900 0.143000
vt 0.005100 0.141900
vt 0.063600 0.448900
vt 0.009600 0.045500
vt 0.008200 0.037800
vt 0.008900 0.082700
vt 0.038700 0.451200
vt 0.051300 0.449900
vt 0.009500 0.059600
vt 0.034500 0.451000
vt 0.007100 0.108500
vt 0.830300 0.767800
vt 0.812900 0.760800
vt 0.831600 0.762300
vt 0.821400 0.781900
vt 0.807800 0.775700
vt 0.823800 0.779000
vt 0.831500 0.742100
vt 0.828600 0.738600
vt 0.830000 0.738100
vt 0.828200 0.772500
vt 0.811800 0.765400
vt 0.812800 0.747000
vt 0.832200 0.745200
vt 0.826800 0.732900
vt 0.826700 0.736100
vt 0.824800 0.733600
vt 0.809400 0.772000
vt 0.826400 0.775500
vt 0.823200 0.728900
vt 0.821000 0.729800
vt 0.810600 0.769400
vt 0.828600 0.735500
vt 0.812800 0.744500
vt 0.806300 0.778700
vt 0.805800 0.734000
vt 0.827000 0.597600
vt 0.813700 0.606200
vt 0.812500 0.605000
vt 0.832400 0.608300
vt 0.815100 0.608700
vt 0.830400 0.602900
vt 0.815800 0.623500
vt 0.828200 0.631600
vt 0.813300 0.629700
vt 0.824400 0.638800
vt 0.809600 0.635700
vt 0.833700 0.618200
vt 0.816500 0.616800
vt 0.833500 0.614200
vt 0.816100 0.612600
vt 0.833400 0.623800
vt 0.816500 0.619600
vt 0.821800 0.642400
vt 0.807100 0.639200
vt 0.828400 0.599400
vt 0.811800 0.604500
vt 0.826700 0.596500
vt 0.811300 0.604100
vt 0.826100 0.595800
vt 0.825400 0.595300
vt 0.810800 0.603700
vt 0.822900 0.593800
vt 0.809000 0.602500
vt 0.819300 0.592900
vt 0.806900 0.601400
vt 0.824700 0.643300
vt 0.809300 0.737300
vt 0.810900 0.739200
vt 0.811900 0.741300
vt 0.826900 0.639600
vt 0.830700 0.632200
vt 0.801400 0.756700
vt 0.847500 0.357500
vt 0.846400 0.352400
vt 0.847400 0.352000
vt 0.843700 0.352900
vt 0.845400 0.357400
vt 0.843400 0.356900
vt 0.846200 0.349800
vt 0.846900 0.349600
vt 0.845300 0.352500
vt 0.844100 0.350700
vt 0.845100 0.350000
vt 0.843300 0.368100
vt 0.845300 0.359900
vt 0.845300 0.367200
vt 0.847100 0.366800
vt 0.846300 0.360900
vt 0.847400 0.361400
vt 0.843900 0.376000
vt 0.845500 0.373300
vt 0.845000 0.376400
vt 0.846800 0.373500
vt 0.846400 0.376800
vt 0.846400 0.357600
vt 0.847000 0.369300
vt 0.845300 0.369100
vt 0.843500 0.372900
vt 0.844800 0.377900
vt 0.845900 0.378300
vt 0.849000 0.361300
vt 0.783200 0.583400
vt 0.776100 0.583300
vt 0.397000 0.691800
vt 0.946900 0.146600
vt 0.041600 0.142500
vt 0.787300 0.810300
vt 0.653200 0.287300
vt 0.177300 0.672100
vt 0.207600 0.691500
vt 0.890700 0.251300
vt 0.895200 0.246100
vt 0.561100 0.596800
vt 0.195700 0.691100
vt 0.794600 0.404400
vt 0.875100 0.992600
vt 0.628600 0.326200
vt 0.004800 0.405200
vt 0.570300 0.715200
vt 0.330800 0.696400
vt 0.896600 0.211200
vt 0.094500 0.326100
vt 0.564800 0.967600
vt 0.581400 0.747700
vt 0.777700 0.649100
vt 0.768200 0.583800
vt 0.743700 0.583200
vt 0.748500 0.812000
vt 0.201500 0.686900
vt 0.230100 0.681700
vt 0.209200 0.681800
vt 0.096000 0.313500
vt 0.791400 0.415000
vt 0.080600 0.322600
vt 0.005500 0.290800
vt 0.753900 0.735300
vt 0.897100 0.173000
vt 0.894900 0.106700
vt 0.061000 0.039900
vt 0.397300 0.545900
vt 0.399300 0.635900
vt 0.638100 0.273700
vt 0.551700 0.283800
vt 0.587900 0.541200
vt 0.925000 0.744300
vt 0.805300 0.551600
vt 0.945900 0.518700
vt 0.456800 0.670500
vt 0.466300 0.672400
vt 0.895600 0.544500
vt 0.443100 0.654000
vt 0.435000 0.677700
vt 0.451800 0.679800
vt 0.016700 0.559700
vt 0.084800 0.042600
vt 0.018800 0.472800
vt 0.945500 0.146800
vt 0.059300 0.859800
vt 0.029500 0.851400
vt 0.025400 0.840500
vt 0.023000 0.850900
vt 0.017100 0.838300
vt 0.016400 0.852500
vt 0.009300 0.842600
vt 0.006800 0.855300
vt 0.013700 0.861900
vt 0.008400 0.875100
vt 0.014900 0.878100
vt 0.009500 0.909900
vt 0.015800 0.912300
vt 0.005300 0.929700
vt 0.009200 0.942100
vt 0.003900 0.945100
vt 0.010700 0.946300
vt 0.005000 0.949100
vt 0.007300 0.952400
vt 0.015700 0.948800
vt 0.017400 0.953300
vt 0.026200 0.947300
vt 0.053600 0.954800
vt 0.098800 0.957100
vt 0.110600 0.966900
vt 0.109900 0.956100
vt 0.122500 0.966200
vt 0.116500 0.951600
vt 0.129000 0.960100
vt 0.129100 0.951100
vt 0.117600 0.944100
vt 0.122600 0.935300
vt 0.115100 0.934300
vt 0.115500 0.914400
vt 0.114700 0.884500
vt 0.121300 0.881300
vt 0.123300 0.854200
vt 0.129100 0.849900
vt 0.122900 0.849400
vt 0.129000 0.843300
vt 0.126800 0.841300
vt 0.120500 0.848100
vt 0.122100 0.842500
vt 0.115700 0.849800
vt 0.101600 0.851800
vt 0.096400 0.861100
vt 0.081000 0.862000
vt 0.074300 0.871000
vt 0.080500 0.936200
vt 0.058900 0.947200
vt 0.090500 0.931000
vt 0.093200 0.923600
vt 0.095100 0.915700
vt 0.109500 0.916000
vt 0.033600 0.896500
vt 0.039100 0.888900
vt 0.045500 0.881600
vt 0.058700 0.890000
vt 0.055400 0.868500
vt 0.068400 0.880400
vt 0.051900 0.898800
vt 0.043000 0.909300
vt 0.009800 0.930100
vt 0.064600 0.895500
vt 0.078000 0.885300
vt 0.058100 0.903900
vt 0.045600 0.915100
vt 0.048200 0.920600
vt 0.062300 0.908800
vt 0.069300 0.900900
vt 0.080500 0.892200
vt 0.065700 0.925200
vt 0.076200 0.917800
vt 0.080900 0.909900
vt 0.087200 0.901200
vt 0.057400 0.922900
vt 0.067400 0.912900
vt 0.073200 0.905800
vt 0.080900 0.896900
vt 0.907100 0.214100
vt 0.902800 0.206300
vt 0.909300 0.207300
vt 0.902000 0.213400
vt 0.887900 0.208200
vt 0.877100 0.222100
vt 0.872100 0.217100
vt 0.870700 0.230000
vt 0.864200 0.226700
vt 0.866900 0.239800
vt 0.859500 0.239000
vt 0.866500 0.251900
vt 0.859200 0.253800
vt 0.870700 0.263500
vt 0.864300 0.268000
vt 0.881100 0.274400
vt 0.877000 0.281300
vt 0.894800 0.279300
vt 0.893800 0.287300
vt 0.910000 0.286200
vt 0.908000 0.278300
vt 0.919400 0.282100
vt 0.915700 0.275100
vt 0.927900 0.275400
vt 0.922600 0.269500
vt 0.933400 0.268000
vt 0.926900 0.263500
vt 0.937900 0.256600
vt 0.930500 0.254200
vt 0.937900 0.238000
vt 0.930500 0.238900
vt 0.933300 0.226600
vt 0.926700 0.229700
vt 0.929100 0.220700
vt 0.923400 0.224900
vt 0.924500 0.216300
vt 0.919600 0.221400
vt 0.916600 0.211000
vt 0.905900 0.222600
vt 0.901100 0.222100
vt 0.890100 0.214800
vt 0.893200 0.223800
vt 0.885000 0.228300
vt 0.879800 0.234100
vt 0.877000 0.241300
vt 0.876900 0.249700
vt 0.880100 0.258100
vt 0.887200 0.265400
vt 0.896700 0.269000
vt 0.905700 0.268700
vt 0.911800 0.266400
vt 0.916600 0.262600
vt 0.919900 0.257700
vt 0.922200 0.250600
vt 0.922100 0.241200
vt 0.919900 0.234400
vt 0.917300 0.230400
vt 0.914200 0.227500
vt 0.910100 0.224800
vt 0.913100 0.217100
vt 0.903800 0.233300
vt 0.901100 0.233100
vt 0.897500 0.234100
vt 0.893700 0.236200
vt 0.891100 0.239200
vt 0.889700 0.242800
vt 0.889800 0.246900
vt 0.891500 0.250900
vt 0.894800 0.254300
vt 0.899200 0.256100
vt 0.903500 0.256200
vt 0.906700 0.255100
vt 0.909200 0.253300
vt 0.910900 0.250700
vt 0.911900 0.247100
vt 0.912000 0.242900
vt 0.911000 0.239500
vt 0.909700 0.237200
vt 0.908100 0.235600
vt 0.906100 0.234300
vt 0.902100 0.244000
vt 0.793800 0.350500
vt 0.807900 0.340900
vt 0.801200 0.356000
vt 0.798600 0.326300
vt 0.807900 0.324400
vt 0.794100 0.314600
vt 0.801100 0.308400
vt 0.786500 0.306600
vt 0.791100 0.299300
vt 0.780600 0.294600
vt 0.777300 0.302300
vt 0.766800 0.293100
vt 0.766900 0.301400
vt 0.754500 0.296000
vt 0.757000 0.303800
vt 0.743900 0.302500
vt 0.742100 0.315800
vt 0.734800 0.314000
vt 0.738800 0.321200
vt 0.732400 0.319300
vt 0.737200 0.325900
vt 0.731000 0.324100
vt 0.730200 0.328900
vt 0.736500 0.330900
vt 0.730400 0.338000
vt 0.737000 0.337100
vt 0.731900 0.344600
vt 0.739000 0.343500
vt 0.736000 0.353400
vt 0.743500 0.350700
vt 0.747300 0.365000
vt 0.761100 0.362900
vt 0.762000 0.371200
vt 0.769400 0.364500
vt 0.771100 0.371900
vt 0.777300 0.371100
vt 0.777000 0.363300
vt 0.790200 0.366000
vt 0.786000 0.358800
vt 0.789300 0.337300
vt 0.798500 0.339000
vt 0.789400 0.328300
vt 0.786300 0.320000
vt 0.780900 0.314000
vt 0.774100 0.310700
vt 0.766600 0.310100
vt 0.759500 0.311900
vt 0.748500 0.308800
vt 0.748800 0.320000
vt 0.746000 0.324100
vt 0.744600 0.327900
vt 0.744200 0.331700
vt 0.744700 0.336100
vt 0.746400 0.341000
vt 0.755400 0.351200
vt 0.751400 0.358100
vt 0.761900 0.354700
vt 0.768300 0.356000
vt 0.774500 0.355000
vt 0.780700 0.351600
vt 0.786100 0.345500
vt 0.777900 0.335200
vt 0.778000 0.330500
vt 0.776400 0.326100
vt 0.773600 0.322900
vt 0.769900 0.321200
vt 0.766000 0.320800
vt 0.762200 0.321700
vt 0.753300 0.315400
vt 0.758900 0.323600
vt 0.755000 0.328200
vt 0.754200 0.330200
vt 0.753900 0.332300
vt 0.754200 0.334700
vt 0.755200 0.337300
vt 0.749900 0.346200
vt 0.760000 0.342600
vt 0.763400 0.344500
vt 0.766800 0.345200
vt 0.770200 0.344700
vt 0.773500 0.342800
vt 0.776300 0.339500
vt 0.764800 0.332900
vt 0.756500 0.325900
vt 0.757100 0.340100
vt 0.302600 0.198900
vt 0.297300 0.194900
vt 0.307900 0.190000
vt 0.302600 0.201900
vt 0.297600 0.201900
vt 0.295600 0.197600
vt 0.296000 0.205100
vt 0.295600 0.183700
vt 0.295500 0.166000
vt 0.297300 0.181700
vt 0.295500 0.158000
vt 0.297200 0.165000
vt 0.295400 0.141300
vt 0.297200 0.157400
vt 0.297100 0.128300
vt 0.297100 0.141600
vt 0.295400 0.127200
vt 0.297200 0.109500
vt 0.295500 0.107300
vt 0.297100 0.095600
vt 0.298100 0.092300
vt 0.295400 0.092700
vt 0.304900 0.096700
vt 0.299200 0.095300
vt 0.310300 0.101500
vt 0.304300 0.099500
vt 0.313700 0.109700
vt 0.308300 0.104000
vt 0.315000 0.125400
vt 0.310800 0.111800
vt 0.314400 0.164900
vt 0.311800 0.126600
vt 0.310000 0.180300
vt 0.311400 0.163900
vt 0.312600 0.182300
vt 0.309800 0.192400
vt 0.037400 0.023800
vt 0.032700 0.027600
vt 0.034300 0.023100
vt 0.035400 0.029300
vt 0.029500 0.031400
vt 0.031500 0.034000
vt 0.025100 0.033900
vt 0.026000 0.037100
vt 0.019700 0.034600
vt 0.019400 0.037900
vt 0.014300 0.033000
vt 0.009800 0.029200
vt 0.012600 0.036000
vt 0.007100 0.031300
vt 0.003900 0.024600
vt 0.003900 0.017100
vt 0.007200 0.023800
vt 0.007100 0.010400
vt 0.007200 0.017700
vt 0.012700 0.005800
vt 0.009800 0.012300
vt 0.019400 0.003900
vt 0.014300 0.008600
vt 0.026000 0.004700
vt 0.019800 0.007100
vt 0.031400 0.007800
vt 0.025100 0.007800
vt 0.035300 0.012400
vt 0.029500 0.010200
vt 0.034200 0.018400
vt 0.032600 0.014000
vt 0.037300 0.018000
vt 0.028600 0.025200
vt 0.029600 0.022300
vt 0.026600 0.027600
vt 0.023800 0.029200
vt 0.020400 0.029600
vt 0.016900 0.028600
vt 0.014000 0.026200
vt 0.012400 0.022700
vt 0.012400 0.018800
vt 0.014000 0.015400
vt 0.016900 0.013000
vt 0.020400 0.012000
vt 0.023800 0.012500
vt 0.026600 0.014100
vt 0.028600 0.016500
vt 0.029600 0.019300
vt 0.021500 0.020800
vt 0.228100 0.825600
vt 0.224600 0.797200
vt 0.245000 0.799800
vt 0.202200 0.850200
vt 0.208200 0.823100
vt 0.253600 0.780500
vt 0.242800 0.749000
vt 0.263400 0.751800
vt 0.233500 0.777800
vt 0.259400 0.686000
vt 0.279700 0.686200
vt 0.295500 0.561600
vt 0.275500 0.427000
vt 0.299300 0.427000
vt 0.274200 0.563400
vt 0.380700 0.622200
vt 0.413600 0.545100
vt 0.445300 0.618100
vt 0.474900 0.717500
vt 0.483900 0.693900
vt 0.493200 0.716100
vt 0.441800 0.695000
vt 0.311600 0.428800
vt 0.377800 0.360700
vt 0.380000 0.428000
vt 0.342400 0.553600
vt 0.572600 0.671400
vt 0.584100 0.701100
vt 0.543900 0.597800
vt 0.517000 0.521700
vt 0.497700 0.427500
vt 0.492800 0.360700
vt 0.663600 0.685600
vt 0.663200 0.642800
vt 0.655900 0.566800
vt 0.649700 0.472500
vt 0.650000 0.360700
vt 0.646800 0.431600
vt 0.692300 0.666700
vt 0.708800 0.624200
vt 0.717100 0.547300
vt 0.717300 0.427800
vt 0.902300 0.616400
vt 0.849600 0.501800
vt 0.898800 0.494700
vt 0.995500 0.753000
vt 0.944300 0.779800
vt 0.963000 0.727600
vt 0.996100 0.593800
vt 0.995300 0.682100
vt 0.966500 0.671000
vt 0.849700 0.310700
vt 0.892500 0.310200
vt 0.993700 0.372000
vt 0.995200 0.462100
vt 0.902200 0.743200
vt 0.923400 0.697100
vt 0.995500 0.637300
vt 0.995200 0.662100
vt 0.814000 0.188900
vt 0.837500 0.329100
vt 0.836700 0.331400
vt 0.754600 0.209100
vt 0.733300 0.155000
vt 0.725400 0.040200
vt 0.822900 0.009900
vt 0.817100 0.126100
vt 0.865700 0.012700
vt 0.850400 0.200900
vt 0.784100 0.129200
vt 0.726900 0.100600
vt 0.716900 0.360700
vt 0.623200 0.805500
vt 0.593300 0.814000
vt 0.619200 0.796900
vt 0.589200 0.824900
vt 0.586900 0.814500
vt 0.581000 0.827200
vt 0.580200 0.812900
vt 0.570600 0.810100
vt 0.573100 0.822800
vt 0.572300 0.790300
vt 0.577600 0.803500
vt 0.573400 0.755500
vt 0.578700 0.787300
vt 0.569200 0.735700
vt 0.579600 0.753100
vt 0.573000 0.723300
vt 0.573600 0.735300
vt 0.567700 0.720300
vt 0.574500 0.719100
vt 0.571100 0.713000
vt 0.568800 0.716300
vt 0.581200 0.712100
vt 0.579500 0.716600
vt 0.617400 0.710600
vt 0.590000 0.718100
vt 0.662600 0.708300
vt 0.622700 0.718200
vt 0.674400 0.698500
vt 0.673700 0.709300
vt 0.686300 0.699200
vt 0.680400 0.713800
vt 0.692900 0.714300
vt 0.692800 0.705300
vt 0.686400 0.730100
vt 0.681400 0.721300
vt 0.679300 0.751000
vt 0.678900 0.731100
vt 0.678500 0.780900
vt 0.673300 0.749400
vt 0.685200 0.784100
vt 0.687100 0.811200
vt 0.692900 0.815500
vt 0.686800 0.816000
vt 0.690600 0.824100
vt 0.692800 0.822100
vt 0.685900 0.822900
vt 0.684300 0.817300
vt 0.665400 0.813600
vt 0.679600 0.815600
vt 0.644900 0.803300
vt 0.660300 0.804300
vt 0.638200 0.794300
vt 0.644300 0.729200
vt 0.654300 0.734400
vt 0.657100 0.741800
vt 0.658900 0.749700
vt 0.597400 0.768900
vt 0.602900 0.776500
vt 0.609300 0.783800
vt 0.622500 0.775400
vt 0.615700 0.766600
vt 0.606800 0.756100
vt 0.628400 0.769900
vt 0.632200 0.785000
vt 0.621900 0.761500
vt 0.609400 0.750300
vt 0.612000 0.744800
vt 0.626100 0.756600
vt 0.633100 0.764500
vt 0.644300 0.773200
vt 0.629500 0.740200
vt 0.640000 0.747500
vt 0.644700 0.755500
vt 0.651000 0.764200
vt 0.621200 0.742500
vt 0.631200 0.752500
vt 0.637000 0.759600
vt 0.644700 0.768400
vt 0.641900 0.780100
vt 0.310300 0.084900
vt 0.314600 0.077200
vt 0.316800 0.083900
vt 0.295500 0.083000
vt 0.309600 0.077900
vt 0.284600 0.069100
vt 0.297600 0.076400
vt 0.279600 0.074200
vt 0.278200 0.061300
vt 0.271800 0.064500
vt 0.274400 0.051400
vt 0.267000 0.052300
vt 0.274100 0.039300
vt 0.266700 0.037400
vt 0.278200 0.027800
vt 0.271900 0.023200
vt 0.288600 0.016900
vt 0.284600 0.010000
vt 0.302300 0.011900
vt 0.317500 0.005100
vt 0.301300 0.003900
vt 0.327000 0.009100
vt 0.315500 0.012900
vt 0.335400 0.015900
vt 0.323200 0.016200
vt 0.340900 0.023200
vt 0.330100 0.021700
vt 0.345500 0.034700
vt 0.334400 0.027700
vt 0.345500 0.053300
vt 0.338100 0.037100
vt 0.340800 0.064600
vt 0.338100 0.052400
vt 0.336700 0.070600
vt 0.334300 0.061500
vt 0.332000 0.075000
vt 0.330900 0.066300
vt 0.324100 0.080300
vt 0.327100 0.069900
vt 0.320600 0.074100
vt 0.313400 0.068700
vt 0.308600 0.069100
vt 0.292600 0.062900
vt 0.287300 0.057100
vt 0.284600 0.049900
vt 0.284500 0.041500
vt 0.287600 0.033200
vt 0.294700 0.025900
vt 0.304200 0.022300
vt 0.313200 0.022500
vt 0.319300 0.024900
vt 0.324100 0.028700
vt 0.327400 0.033500
vt 0.329700 0.040700
vt 0.327400 0.056800
vt 0.324800 0.060800
vt 0.317600 0.066500
vt 0.311400 0.058000
vt 0.300700 0.067400
vt 0.308700 0.058100
vt 0.301300 0.055000
vt 0.298600 0.052100
vt 0.297300 0.048400
vt 0.297300 0.044400
vt 0.299000 0.040300
vt 0.302400 0.037000
vt 0.306700 0.035200
vt 0.311000 0.035100
vt 0.314200 0.036100
vt 0.316700 0.038000
vt 0.318400 0.040600
vt 0.329600 0.050000
vt 0.319500 0.044100
vt 0.318600 0.051800
vt 0.317300 0.054000
vt 0.315600 0.055600
vt 0.321800 0.063700
vt 0.313600 0.057000
vt 0.309600 0.047300
vt 0.305000 0.057200
vt 0.319500 0.048400
vt 0.730200 0.427200
vt 0.744200 0.436800
vt 0.736900 0.442300
vt 0.739400 0.412600
vt 0.739500 0.425300
vt 0.730200 0.410700
vt 0.743900 0.400900
vt 0.736900 0.394700
vt 0.751500 0.392900
vt 0.757500 0.380900
vt 0.747000 0.385600
vt 0.771200 0.379400
vt 0.760700 0.388600
vt 0.783600 0.382300
vt 0.771100 0.387700
vt 0.794100 0.388800
vt 0.781100 0.390100
vt 0.795900 0.402100
vt 0.789500 0.395200
vt 0.803300 0.400300
vt 0.799200 0.407500
vt 0.805700 0.405600
vt 0.800900 0.412200
vt 0.807900 0.415200
vt 0.807100 0.410400
vt 0.807600 0.424400
vt 0.801500 0.417200
vt 0.806100 0.430900
vt 0.801000 0.423400
vt 0.802000 0.439700
vt 0.799000 0.429800
vt 0.790700 0.451300
vt 0.794600 0.437000
vt 0.777000 0.449300
vt 0.786700 0.444400
vt 0.776000 0.457500
vt 0.768600 0.450800
vt 0.760800 0.457400
vt 0.767000 0.458200
vt 0.747800 0.452300
vt 0.761000 0.449600
vt 0.752000 0.445100
vt 0.748800 0.423600
vt 0.752000 0.431800
vt 0.748700 0.414600
vt 0.751700 0.406300
vt 0.757100 0.400300
vt 0.763900 0.397000
vt 0.771400 0.396400
vt 0.778600 0.398200
vt 0.789300 0.406300
vt 0.784700 0.401800
vt 0.792000 0.410400
vt 0.793400 0.414200
vt 0.793900 0.418000
vt 0.793400 0.422500
vt 0.791600 0.427300
vt 0.782700 0.437500
vt 0.788100 0.432500
vt 0.776100 0.441000
vt 0.769700 0.442300
vt 0.763600 0.441400
vt 0.757300 0.437900
vt 0.760100 0.421500
vt 0.761800 0.425800
vt 0.760100 0.416800
vt 0.761600 0.412500
vt 0.764500 0.409200
vt 0.768100 0.407500
vt 0.772100 0.407100
vt 0.775900 0.408100
vt 0.779100 0.409900
vt 0.783100 0.414500
vt 0.781600 0.412200
vt 0.783900 0.416600
vt 0.784100 0.418700
vt 0.783800 0.421000
vt 0.782800 0.423600
vt 0.778100 0.429000
vt 0.780900 0.426400
vt 0.774700 0.430800
vt 0.771200 0.431500
vt 0.767800 0.431000
vt 0.764500 0.429100
vt 0.773200 0.419200
vt 0.316900 0.538000
vt 0.311600 0.542000
vt 0.312000 0.535000
vt 0.317000 0.535000
vt 0.310400 0.531900
vt 0.309900 0.539300
vt 0.310000 0.553200
vt 0.311600 0.555200
vt 0.309800 0.570900
vt 0.311500 0.571900
vt 0.309800 0.579000
vt 0.311500 0.579600
vt 0.309700 0.595600
vt 0.311400 0.608600
vt 0.309700 0.609700
vt 0.311600 0.627500
vt 0.309800 0.629600
vt 0.311500 0.641300
vt 0.309700 0.644300
vt 0.312400 0.644600
vt 0.313500 0.641600
vt 0.319300 0.640200
vt 0.318600 0.637400
vt 0.324600 0.635400
vt 0.322600 0.632900
vt 0.328100 0.627200
vt 0.325200 0.625200
vt 0.329400 0.611500
vt 0.326200 0.610300
vt 0.328800 0.572100
vt 0.324400 0.556600
vt 0.327000 0.554700
vt 0.322300 0.547000
vt 0.324200 0.544500
vt 0.325700 0.573000
vt 0.311500 0.595300
vt 0.391000 0.018100
vt 0.386300 0.014200
vt 0.389000 0.012500
vt 0.383100 0.010500
vt 0.385100 0.007900
vt 0.378600 0.008000
vt 0.379600 0.004800
vt 0.373300 0.007300
vt 0.372900 0.003900
vt 0.367800 0.008800
vt 0.366200 0.005800
vt 0.363300 0.012600
vt 0.357500 0.017200
vt 0.360600 0.010500
vt 0.360800 0.018100
vt 0.357500 0.024700
vt 0.360800 0.024100
vt 0.360700 0.031500
vt 0.363400 0.029600
vt 0.366300 0.036100
vt 0.367900 0.033300
vt 0.373000 0.037900
vt 0.373300 0.034800
vt 0.379500 0.037100
vt 0.378600 0.034100
vt 0.385000 0.034100
vt 0.383100 0.031600
vt 0.388900 0.029400
vt 0.387800 0.023400
vt 0.390900 0.023900
vt 0.387800 0.018700
vt 0.382200 0.016700
vt 0.380200 0.014300
vt 0.377300 0.012700
vt 0.373900 0.012300
vt 0.370500 0.013200
vt 0.367600 0.015700
vt 0.366000 0.019100
vt 0.366000 0.023000
vt 0.367600 0.026500
vt 0.370500 0.028800
vt 0.374000 0.029800
vt 0.377400 0.029400
vt 0.380200 0.027800
vt 0.386200 0.027900
vt 0.382200 0.025400
vt 0.383200 0.019600
vt 0.375100 0.021000
vt 0.383200 0.022500
vt 0.228100 0.028500
vt 0.224600 0.056900
vt 0.208200 0.031000
vt 0.202200 0.003900
vt 0.188400 0.004400
vt 0.253600 0.073600
vt 0.242800 0.105100
vt 0.233500 0.076300
vt 0.245000 0.054300
vt 0.263400 0.102300
vt 0.259400 0.168100
vt 0.295500 0.292400
vt 0.274200 0.290700
vt 0.279700 0.167900
vt 0.380700 0.099200
vt 0.413600 0.176300
vt 0.342400 0.167800
vt 0.474900 0.003900
vt 0.483900 0.027500
vt 0.441800 0.026300
vt 0.445300 0.103200
vt 0.311600 0.292600
vt 0.309700 0.360700
vt 0.380000 0.293400
vt 0.493200 0.005300
vt 0.572600 0.050000
vt 0.543900 0.123600
vt 0.517000 0.199700
vt 0.497700 0.293800
vt 0.663600 0.035800
vt 0.663200 0.078600
vt 0.655900 0.154600
vt 0.649700 0.248900
vt 0.692300 0.054700
vt 0.708800 0.097200
vt 0.717100 0.174000
vt 0.717300 0.293600
vt 0.646800 0.289800
vt 0.348000 0.688300
vt 0.295400 0.802800
vt 0.295400 0.676200
vt 0.966800 0.066100
vt 0.915600 0.039300
vt 0.966700 0.003900
vt 0.441800 0.710900
vt 0.344600 0.809900
vt 0.966600 0.137000
vt 0.934400 0.091500
vt 0.295400 0.994000
vt 0.338300 0.994500
vt 0.439400 0.932700
vt 0.436900 0.994700
vt 0.440900 0.842500
vt 0.873500 0.075900
vt 0.894700 0.121900
vt 0.937800 0.148100
vt 0.933600 0.206700
vt 0.966800 0.181700
vt 0.966500 0.157000
vt 0.794900 0.620500
vt 0.817700 0.477800
vt 0.818500 0.480200
vt 0.735500 0.600200
vt 0.791000 0.515200
vt 0.706300 0.769100
vt 0.803800 0.799400
vt 0.706300 0.805400
vt 0.798000 0.683200
vt 0.846600 0.796600
vt 0.765000 0.680100
vt 0.707800 0.708700
vt 0.831300 0.608400
vt 0.714200 0.654300
vt 0.188400 0.849700
vt 0.849600 0.628500
vt 0.995400 0.815200
vt 0.991100 0.309900
vt 0.962300 0.612400
vt 0.809900 0.294100
vt 0.725400 0.003900
vt 0.584100 0.020300
s 1
g off
g LowBody_Body
usemtl Body
f 1/1/1 3/2/2 4/3/3
f 5/4/4 7/5/5 8/6/6
f 9/7/7 11/8/8 12/9/9
f 13/10/10 15/11/11 16/12/12
f 17/13/13 19/14/14 20/15/15
f 21/16/16 23/17/17 24/18/18
f 25/19/19 26/20/20 27/21/21
f 3/2/2 28/22/22 29/23/23
f 30/24/24 32/25/25 33/26/26
f 34/27/27 36/28/28 37/29/29
f 38/30/30 40/31/31 41/32/32
f 42/33/33 44/34/34 45/35/35
f 46/36/36 48/37/37 49/38/38
f 14/39/39 53/40/40 15/11/11
f 54/41/41 56/42/42 57/43/43
f 58/44/44 60/45/45 61/46/46
f 62/47/47 64/48/48 65/49/49
f 66/50/50 68/51/51 69/52/52
f 70/53/53 72/54/54 73/55/55
f 52/56/56 75/57/57 53/40/40
f 76/58/58 78/59/59 79/60/60
f 48/37/37 81/61/61 49/38/38
f 82/62/62 84/63/63 85/64/64
f 86/65/65 88/66/66 89/67/67
f 90/68/68 92/69/69 93/70/70
f 94/71/71 96/72/72 97/73/73
f 98/74/74 100/75/75 73/76/55
f 11/8/8 102/77/76 103/78/77
f 104/79/78 106/80/79 107/81/80
f 108/82/81 110/83/82 111/84/83
f 112/85/84 14/39/39 13/10/10
f 113/86/85 115/87/86 116/88/87
f 117/89/88 119/90/89 120/91/90
f 121/92/91 123/93/92 124/94/93
f 125/95/94 127/96/95 128/97/96
f 129/98/97 130/99/98 131/100/99
f 135/101/100 137/102/101 138/103/102
f 140/104/103 71/105/104 70/53/53
f 142/106/105 144/107/106 145/108/107
f 146/109/108 148/110/109 149/111/110
f 150/112/111 152/113/112 120/91/90
f 153/114/113 155/115/114 156/116/115
f 157/117/116 159/118/117 160/119/118
f 161/120/119 163/121/120 156/116/115
f 20/15/15 165/122/121 17/13/13
f 84/63/63 169/123/122 85/64/64
f 170/124/123 172/125/124 173/126/125
f 174/127/126 176/128/127 177/129/128
f 178/130/129 180/131/130 181/132/131
f 176/128/127 183/133/132 177/129/128
f 184/134/133 124/94/93 186/135/134
f 187/136/135 189/137/136 190/138/137
f 119/90/89 44/34/34 43/139/138
f 29/23/23 193/140/139 194/141/140
f 97/73/73 196/142/141 197/143/142
f 198/144/143 200/145/144 201/146/145
f 202/147/146 204/148/147 205/149/148
f 40/31/31 207/150/149 208/151/150
f 209/152/151 211/153/152 212/154/153
f 213/155/154 215/156/155 216/157/156
f 217/158/157 219/159/158 31/160/159
f 220/161/160 222/162/161 16/12/12
f 34/27/27 224/163/162 225/164/163
f 70/53/53 227/165/164 140/104/103
f 228/166/165 230/167/166 231/168/167
f 234/169/168 95/170/169 79/60/60
f 235/171/170 237/172/171 238/173/172
f 130/99/98 240/174/173 17/175/13
f 241/176/174 243/177/175 58/178/44
f 131/100/99 245/179/176 129/98/97
f 246/180/177 248/181/178 233/182/179
f 220/161/160 250/183/180 221/184/181
f 212/154/153 168/185/182 84/63/63
f 251/186/183 253/187/184 254/188/185
f 255/189/186 257/190/187 258/191/188
f 259/192/189 261/193/190 262/194/191
f 263/195/192 265/196/193 266/197/194
f 121/198/91 268/199/195 122/200/196
f 271/201/197 273/202/198 274/203/199
f 92/69/69 276/204/200 277/205/201
f 234/169/168 279/206/202 96/72/72
f 93/70/70 277/205/201 280/207/203
f 281/208/204 283/209/205 284/210/206
f 285/211/207 287/212/208 94/71/71
f 288/213/209 110/83/82 83/214/210
f 289/215/211 291/216/212 178/130/129
f 292/217/213 294/218/214 295/219/215
f 145/108/107 210/220/216 142/106/105
f 160/119/118 298/221/217 299/222/218
f 254/188/185 300/223/219 301/224/220
f 129/98/97 239/225/221 130/99/98
f 303/226/222 305/227/223 306/228/224
f 292/217/213 172/125/124 307/229/225
f 205/149/148 309/230/226 202/147/146
f 12/9/9 311/231/227 9/7/7
f 140/104/103 312/232/228 313/233/229
f 314/234/230 316/235/231 317/236/232
f 318/237/233 320/238/234 127/239/95
f 36/240/28 321/241/235 37/242/29
f 286/243/236 323/244/237 324/245/238
f 240/246/173 326/247/239 327/248/240
f 29/23/23 328/249/241 192/250/242
f 17/175/13 131/100/99 130/99/98
f 38/30/30 329/251/243 330/252/244
f 331/253/245 215/156/155 214/254/246
f 148/110/109 333/255/247 334/256/248
f 133/257/249 336/258/250 134/259/251
f 66/50/50 77/260/252 67/261/253
f 121/92/91 185/262/254 337/263/255
f 41/32/32 323/264/237 329/251/243
f 231/265/167 339/266/256 246/180/177
f 10/267/257 101/268/258 11/8/8
f 340/269/259 342/270/260 343/271/261
f 200/145/144 345/272/262 201/146/145
f 113/86/85 346/273/263 347/274/264
f 348/275/265 225/164/163 224/163/162
f 138/103/102 350/276/266 351/277/267
f 352/278/268 273/202/198 272/279/269
f 354/280/270 356/281/271 357/282/272
f 12/9/9 359/283/273 360/284/274
f 361/285/275 363/286/276 364/287/277
f 11/8/8 358/288/278 12/9/9
f 145/108/107 365/289/279 366/290/280
f 55/291/281 368/292/282 56/42/42
f 369/293/283 371/294/284 372/295/285
f 65/49/49 359/283/273 62/47/47
f 337/296/255 267/297/286 121/198/91
f 373/298/287 375/299/288 376/300/289
f 377/301/290 379/302/291 380/303/292
f 381/304/293 308/305/294 205/149/148
f 153/114/113 384/306/295 108/82/81
f 385/307/296 89/67/67 386/308/297
f 260/309/298 387/310/299 388/311/300
f 390/312/301 392/313/302 393/314/303
f 319/315/304 394/316/305 395/317/306
f 230/318/166 332/319/307 339/266/256
f 178/130/129 396/320/308 179/321/309
f 397/322/310 399/323/311 400/324/312
f 115/87/86 401/325/313 402/326/314
f 403/327/315 405/328/316 406/329/317
f 407/330/318 169/123/122 168/185/182
f 15/11/11 220/161/160 16/12/12
f 410/331/319 298/221/217 159/118/117
f 411/332/320 413/333/321 394/334/305
f 26/20/20 414/335/322 415/336/323
f 416/337/324 393/314/303 239/225/221
f 235/171/170 418/338/325 236/339/326
f 24/18/18 419/340/327 420/341/328
f 155/115/114 422/342/329 156/116/115
f 423/343/330 425/344/331 426/345/332
f 294/218/214 360/284/274 65/49/49
f 430/346/333 432/347/334 433/348/335
f 434/349/336 436/350/337 437/351/338
f 107/81/80 171/352/339 439/353/340
f 439/353/340 441/354/341 107/81/80
f 442/355/342 444/356/343 445/357/344
f 369/293/283 446/358/345 370/359/346
f 447/360/347 335/361/348 133/257/249
f 171/352/339 449/362/349 439/353/340
f 15/11/11 450/363/350 409/364/351
f 314/234/230 427/365/352 315/366/353
f 452/367/354 453/368/355 196/142/141
f 454/369/356 181/132/131 180/131/130
f 445/357/344 457/370/357 442/355/342
f 260/309/298 459/371/358 261/193/190
f 93/70/70 116/88/87 90/68/68
f 332/319/307 364/372/277 215/156/155
f 460/373/359 462/374/360 305/227/223
f 53/40/40 463/375/361 450/363/350
f 282/376/362 25/19/19 283/209/205
f 139/377/363 465/378/364 466/379/365
f 378/380/366 467/381/367 468/382/368
f 154/383/369 470/384/370 155/115/114
f 471/385/371 473/386/372 474/387/373
f 84/63/63 475/388/374 212/154/153
f 310/389/375 477/390/376 478/391/377
f 479/392/378 481/393/379 13/10/10
f 482/394/380 484/395/381 104/79/78
f 389/396/382 486/397/383 487/398/384
f 488/399/385 81/61/61 80/400/386
f 146/109/108 490/401/387 491/402/388
f 87/403/389 466/379/365 88/66/66
f 198/144/143 492/404/390 199/405/391
f 12/9/9 429/406/392 310/389/375
f 8/6/6 493/407/393 126/408/394
f 164/409/395 495/410/396 165/122/121
f 188/411/397 382/412/398 381/304/293
f 497/413/399 499/414/400 500/415/401
f 348/275/265 144/107/106 143/416/402
f 413/333/321 38/30/30 330/252/244
f 258/191/188 386/308/297 255/189/186
f 501/417/403 503/418/404 158/419/405
f 504/420/406 497/421/399 505/422/407
f 98/74/74 129/98/97 245/179/176
f 63/423/408 173/126/125 64/48/48
f 412/424/409 508/425/410 118/426/411
f 351/277/267 509/427/412 510/428/413
f 234/169/168 512/429/414 278/430/415
f 31/160/159 513/431/416 32/25/25
f 514/432/417 516/433/418 484/395/381
f 75/57/57 518/434/419 463/375/361
f 175/435/420 483/436/421 176/128/127
f 443/437/422 521/438/423 444/356/343
f 2/439/424 277/205/201 276/204/200
f 280/207/203 1/1/1 4/3/3
f 447/440/347 132/441/425 36/240/28
f 212/154/153 522/442/426 209/152/151
f 79/60/60 511/443/427 234/169/168
f 22/444/428 524/445/429 23/17/17
f 180/131/130 525/446/430 526/447/431
f 378/448/366 398/449/432 527/450/433
f 470/384/370 529/451/434 530/452/435
f 6/453/436 364/287/277 363/286/276
f 457/370/357 532/454/437 533/455/438
f 534/456/439 536/457/440 537/458/441
f 461/459/442 52/56/56 33/26/26
f 76/58/58 95/170/169 538/460/443
f 406/329/317 5/461/4 8/462/6
f 100/463/75 540/464/444 226/465/445
f 541/466/446 543/467/447 544/468/448
f 9/7/7 545/469/449 546/470/450
f 547/471/451 406/329/317 8/462/6
f 510/472/413 541/466/446 544/468/448
f 547/471/451 114/473/452 113/86/85
f 261/193/190 489/474/453 548/475/454
f 549/476/455 550/477/456 551/478/457
f 502/479/458 552/480/459 395/317/306
f 553/481/460 100/75/75 99/482/461
f 477/390/376 391/483/462 390/312/301
f 420/341/328 529/451/434 24/18/18
f 345/272/262 557/484/463 558/485/464
f 559/486/465 561/487/466 249/488/467
f 119/90/89 508/425/410 191/489/468
f 248/181/178 254/188/185 301/224/220
f 427/365/352 563/490/469 315/366/353
f 564/491/470 270/492/471 565/493/472
f 302/494/473 567/495/474 478/391/377
f 147/496/475 491/402/388 193/140/139
f 568/497/476 570/498/477 571/499/478
f 319/315/304 552/480/459 572/500/479
f 45/35/35 363/286/276 362/501/480
f 135/101/100 574/502/481 136/503/482
f 206/504/483 577/505/484 207/150/149
f 55/291/281 495/506/396 367/507/485
f 408/508/486 433/348/335 169/123/122
f 159/118/117 503/418/404 410/331/319
f 484/395/381 519/509/487 514/432/417
f 141/510/488 218/511/489 217/158/157
f 409/364/351 249/512/467 220/161/160
f 291/216/212 580/513/490 396/320/308
f 416/337/324 477/390/376 390/312/301
f 548/475/454 582/514/491 583/515/492
f 584/516/493 425/344/331 424/517/494
f 16/12/12 479/392/378 13/10/10
f 586/518/495 223/519/496 587/520/497
f 182/521/498 441/354/341 560/522/499
f 108/82/81 154/383/369 153/114/113
f 588/523/500 589/524/501 388/311/300
f 172/125/124 438/525/502 307/229/225
f 388/311/300 458/526/503 260/309/298
f 590/527/504 592/528/505 404/529/506
f 380/303/292 593/530/507 594/531/508
f 595/532/509 596/533/510 597/534/511
f 598/535/512 600/536/513 601/537/514
f 64/48/48 294/218/214 65/49/49
f 576/538/515 152/113/112 151/539/516
f 254/188/185 602/540/517 251/186/183
f 77/260/252 188/541/397 67/261/253
f 224/163/162 365/289/279 144/107/106
f 157/117/116 501/417/403 158/419/405
f 349/542/518 604/543/519 225/164/163
f 3/2/2 194/141/140 605/544/520
f 606/545/521 608/546/522 346/273/263
f 481/393/379 609/547/523 610/548/524
f 201/146/145 543/467/447 198/144/143
f 239/225/221 325/549/525 240/174/173
f 611/550/526 565/493/472 612/551/527
f 311/231/227 478/391/377 567/495/474
f 613/552/528 615/553/529 616/554/530
f 448/555/531 36/28/28 617/556/532
f 33/26/26 462/374/360 461/459/442
f 363/286/276 191/489/468 6/453/436
f 42/33/33 619/557/533 620/558/534
f 173/126/125 295/219/215 64/48/48
f 82/62/62 288/213/209 83/214/210
f 623/559/535 253/187/184 252/560/536
f 607/561/537 624/562/538 605/544/520
f 535/563/539 27/21/21 10/267/257
f 183/564/132 463/375/361 177/565/128
f 625/566/540 627/567/541 628/568/542
f 4/3/3 605/544/520 624/562/538
f 587/520/497 34/27/27 37/29/29
f 60/45/45 452/367/354 61/46/46
f 630/569/543 356/570/271 631/571/544
f 74/572/545 460/373/359 632/573/546
f 126/574/394 547/471/451 8/462/6
f 633/575/547 449/362/349 170/124/123
f 439/353/340 634/576/548 440/577/549
f 407/330/318 636/578/550 408/508/486
f 229/579/551 361/285/275 230/167/166
f 276/204/200 474/387/373 473/386/372
f 564/491/470 637/580/552 485/581/553
f 274/203/199 354/280/270 271/201/197
f 379/582/291 527/450/433 638/583/554
f 229/579/551 618/584/555 362/501/480
f 641/585/556 49/38/38 81/61/61
f 107/81/80 482/394/380 104/79/78
f 506/586/557 302/494/473 129/98/97
f 483/436/421 182/521/498 176/128/127
f 278/587/415 242/588/558 241/176/174
f 355/589/559 372/590/285 356/281/271
f 473/386/372 643/591/560 28/22/22
f 94/71/71 197/143/142 285/211/207
f 328/249/241 333/255/247 192/250/242
f 644/592/561 646/593/562 647/594/563
f 77/260/252 645/595/564 496/596/565
f 495/410/396 649/597/566 367/598/485
f 650/599/567 652/600/568 653/601/569
f 94/71/71 538/460/443 95/170/169
f 51/602/570 654/603/571 655/604/572
f 532/454/437 401/605/313 128/606/96
f 621/607/573 469/608/574 288/213/209
f 59/609/575 243/177/175 654/603/571
f 443/437/422 572/500/479 552/480/459
f 201/146/145 558/485/464 544/468/448
f 20/15/15 343/610/261 342/611/260
f 54/41/41 244/612/576 55/291/281
f 352/278/268 400/324/312 353/613/577
f 481/393/379 112/85/84 13/10/10
f 658/614/578 605/544/520 194/141/140
f 653/601/569 660/615/579 650/599/567
f 347/274/264 404/529/506 403/327/315
f 661/616/580 663/617/581 597/534/511
f 341/618/582 613/552/528 616/554/530
f 664/619/583 666/620/584 667/621/585
f 305/227/223 668/622/586 306/228/224
f 207/150/149 262/194/191 583/515/492
f 216/157/156 405/328/316 213/155/154
f 156/116/115 383/623/587 153/114/113
f 470/384/370 656/624/588 528/625/589
f 625/566/540 670/626/590 626/627/591
f 179/321/309 584/516/493 525/446/430
f 631/571/544 184/134/133 186/135/134
f 391/483/462 659/628/592 392/313/302
f 76/58/58 646/629/562 77/260/252
f 671/630/593 444/356/343 521/438/423
f 512/631/414 290/632/594 278/633/415
f 672/634/595 460/373/359 305/227/223
f 46/36/36 382/412/398 47/635/596
f 109/636/597 522/442/426 475/388/374
f 231/168/167 622/637/598 228/166/165
f 426/345/332 550/477/456 423/343/330
f 128/606/96 320/238/234 532/454/437
f 413/638/321 395/317/306 394/316/305
f 324/639/238 598/535/512 601/537/514
f 369/640/283 642/641/599 675/642/600
f 563/490/469 640/643/601 300/223/219
f 304/644/602 672/634/595 305/227/223
f 126/408/394 318/645/233 127/646/95
f 448/555/531 465/647/364 464/648/603
f 282/376/362 679/649/604 680/650/605
f 10/267/257 546/470/450 535/563/539
f 376/300/289 589/524/501 373/298/287
f 225/164/163 35/651/606 34/27/27
f 56/42/42 357/652/272 630/569/543
f 56/42/42 681/653/607 57/43/43
f 178/130/129 682/654/608 289/215/211
f 111/84/83 469/608/574 154/383/369
f 614/655/609 684/656/610 615/553/529
f 575/657/611 386/308/297 671/630/593
f 83/214/210 109/636/597 475/388/374
f 315/366/353 623/559/535 316/235/231
f 108/82/81 674/658/612 109/636/597
f 186/135/134 630/569/543 631/571/544
f 247/659/613 339/266/256 332/319/307
f 545/660/449 610/548/524 546/661/450
f 643/591/560 328/249/241 28/22/22
f 442/355/342 686/662/614 572/500/479
f 67/261/253 446/358/345 68/51/51
f 641/585/556 458/526/503 376/300/289
f 75/57/57 632/573/546 517/663/615
f 347/274/264 547/471/451 113/86/85
f 687/664/616 308/305/294 46/36/36
f 622/637/598 618/584/555 228/166/165
f 97/73/73 279/206/202 195/665/617
f 610/548/524 657/666/618 481/393/379
f 24/18/18 528/625/589 21/16/16
f 446/667/345 425/344/331 68/668/51
f 39/669/619 206/504/483 40/31/31
f 123/93/92 186/135/134 124/94/93
f 456/670/620 531/671/621 457/370/357
f 468/672/368 399/323/311 398/449/432
f 594/531/508 690/673/622 342/270/260
f 544/468/448 691/674/623 510/472/413
f 208/151/150 583/515/492 582/514/491
f 93/70/70 606/545/521 346/273/263
f 664/619/583 611/550/526 612/551/527
f 7/5/5 411/332/320 493/407/393
f 157/117/116 692/675/624 693/676/625
f 47/635/596 496/677/565 645/678/564
f 694/679/626 388/311/300 387/310/299
f 226/465/445 628/568/542 227/165/164
f 263/680/192 393/314/303 392/313/302
f 286/243/236 601/681/514 287/212/208
f 279/206/202 241/682/174 195/665/617
f 357/282/272 695/683/627 354/280/270
f 573/684/628 697/685/629 574/502/481
f 72/686/54 566/687/630 506/586/557
f 61/46/46 196/142/141 195/665/617
f 372/295/285 631/571/544 356/570/271
f 608/546/522 591/688/631 590/527/504
f 698/689/632 567/495/474 566/687/630
f 489/474/453 581/690/633 548/475/454
f 593/691/507 702/692/634 690/693/622
f 379/582/291 701/694/635 593/691/507
f 2/439/424 473/386/372 28/22/22
f 607/561/537 699/695/636 608/546/522
f 376/300/289 687/664/616 641/585/556
f 266/197/194 325/696/525 263/195/192
f 526/447/431 454/369/356 180/131/130
f 704/697/637 706/698/638 707/699/639
f 177/565/128 518/434/419 174/700/126
f 311/231/227 700/701/640 545/469/449
f 190/138/137 337/263/255 185/262/254
f 39/669/619 120/91/90 152/113/112
f 283/209/205 435/702/641 284/210/206
f 641/585/556 46/36/36 49/38/38
f 597/534/511 515/703/642 595/532/509
f 422/342/329 161/120/119 156/116/115
f 184/134/133 190/138/137 185/262/254
f 188/541/397 370/359/346 67/261/253
f 507/704/643 170/124/123 173/126/125
f 366/290/280 635/705/644 407/330/318
f 45/35/35 618/584/555 42/33/33
f 73/76/55 506/586/557 98/74/74
f 396/320/308 585/706/645 584/516/493
f 513/431/416 462/374/360 32/25/25
f 287/212/208 600/707/513 538/460/443
f 81/61/61 459/371/358 641/585/556
f 602/540/517 523/708/646 251/186/183
f 302/494/473 416/337/324 239/225/221
f 6/453/436 508/425/410 7/5/5
f 535/709/539 710/710/647 536/457/440
f 502/479/458 330/711/244 503/418/404
f 580/513/490 69/712/52 585/706/645
f 426/345/332 369/640/283 675/642/600
f 410/331/319 330/711/244 329/713/243
f 183/564/132 409/364/351 450/363/350
f 181/132/131 711/714/648 682/654/608
f 48/37/37 645/678/564 644/592/561
f 366/290/280 211/153/152 145/108/107
f 85/64/64 433/348/335 432/347/334
f 238/173/172 692/675/624 235/171/170
f 673/715/649 314/234/230 713/716/650
f 5/461/4 215/156/155 364/372/277
f 300/223/219 639/717/651 301/224/220
f 69/52/52 511/443/427 66/50/50
f 125/95/94 401/325/313 114/473/452
f 681/653/607 553/481/460 57/43/43
f 14/39/39 33/26/26 52/56/56
f 69/712/52 425/344/331 585/706/645
f 40/31/31 208/151/150 41/32/32
f 365/289/279 709/718/652 366/290/280
f 599/719/653 647/594/563 600/536/513
f 530/452/435 555/720/654 421/721/655
f 189/722/136 204/148/147 337/296/255
f 246/180/177 232/723/656 231/265/167
f 690/693/622 494/724/657 164/409/395
f 620/558/534 43/139/138 42/33/33
f 345/272/262 715/725/658 556/726/659
f 27/21/21 415/336/323 101/268/258
f 146/109/108 162/727/660 161/120/119
f 73/55/55 226/465/445 70/53/53
f 600/707/513 76/58/58 538/460/443
f 335/361/348 464/648/603 336/258/250
f 367/598/485 695/683/627 368/728/282
f 147/496/475 192/250/242 333/255/247
f 120/91/90 43/139/138 150/112/111
f 467/381/367 689/729/661 468/382/368
f 261/193/190 583/515/492 262/194/191
f 493/407/393 394/334/305 318/645/233
f 455/730/662 542/731/663 711/714/648
f 624/562/538 280/207/203 4/3/3
f 256/732/664 505/422/407 257/190/187
f 269/733/665 485/581/553 389/396/382
f 249/488/467 717/734/666 250/735/180
f 195/665/617 58/44/44 61/46/46
f 487/398/384 718/736/667 703/737/668
f 719/738/669 562/739/670 721/740/671
f 371/294/284 187/136/135 184/134/133
f 99/482/461 245/179/176 54/41/41
f 342/611/260 164/409/395 20/15/15
f 38/30/30 117/89/88 39/669/619
f 240/246/173 18/741/672 17/13/13
f 319/315/304 686/662/614 320/238/234
f 347/274/264 608/546/522 590/527/504
f 401/605/313 688/742/673 402/743/314
f 440/577/549 717/734/666 561/487/466
f 610/548/524 710/710/647 546/661/450
f 105/744/674 597/534/511 663/617/581
f 539/745/675 123/93/92 122/746/196
f 57/43/43 99/482/461 54/41/41
f 233/182/179 301/224/220 639/717/651
f 353/613/577 722/747/676 723/748/677
f 632/573/546 724/749/678 517/663/615
f 104/79/78 516/433/418 105/744/674
f 227/165/164 627/567/541 312/232/228
f 160/119/118 453/368/355 692/675/624
f 457/370/357 533/455/438 442/355/342
f 331/253/245 721/740/671 332/319/307
f 140/104/103 579/750/679 141/510/488
f 644/592/561 80/400/386 48/37/37
f 268/199/195 539/751/675 122/200/196
f 470/384/370 421/721/655 155/115/114
f 412/424/409 118/426/411 117/89/88
f 725/752/680 684/656/610 683/753/681
f 552/480/459 520/754/682 443/437/422
f 320/238/234 533/455/438 532/454/437
f 440/577/549 560/522/499 441/354/341
f 182/521/498 559/486/465 183/133/132
f 165/755/121 244/612/576 131/100/99
f 534/456/439 434/349/336 437/351/338
f 37/242/29 712/756/683 587/757/497
f 253/187/184 563/490/469 300/223/219
f 188/411/397 205/149/148 189/722/136
f 421/721/655 555/720/654 422/342/329
f 729/758/684 602/540/517 730/759/685
f 729/758/684 23/17/17 524/445/429
f 248/181/178 721/740/671 562/739/670
f 721/740/671 247/659/613 332/319/307
f 562/739/670 730/759/685 602/540/517
f 214/254/246 731/760/686 732/761/687
f 331/253/245 732/761/687 733/762/688
f 404/529/506 734/763/689 405/328/316
f 419/340/327 736/764/690 420/341/328
f 720/765/691 738/766/692 730/759/685
f 420/341/328 739/767/693 555/720/654
f 405/328/316 731/760/686 213/155/154
f 720/765/691 740/768/694 737/769/695
f 719/738/669 733/762/688 740/768/694
f 555/720/654 741/770/696 422/342/329
f 729/758/684 738/766/692 742/771/697
f 729/758/684 735/772/698 419/340/327
f 422/342/329 741/770/696 490/401/387
f 193/140/139 744/773/699 194/141/140
f 490/401/387 746/774/700 491/402/388
f 491/402/388 743/775/701 193/140/139
f 591/688/631 748/776/702 592/528/505
f 194/141/140 749/777/703 658/614/578
f 699/695/636 747/778/704 591/688/631
f 658/614/578 750/779/705 699/695/636
f 751/780/706 732/761/687 731/760/686
f 733/762/688 752/781/707 753/782/708
f 592/528/505 754/783/709 734/763/689
f 736/764/690 755/784/710 756/785/711
f 738/766/692 757/786/712 758/787/713
f 736/764/690 759/788/714 739/767/693
f 734/763/689 751/780/706 731/760/686
f 737/769/695 760/789/715 757/786/712
f 740/768/694 753/782/708 760/789/715
f 739/767/693 761/790/716 741/770/696
f 738/766/692 762/791/717 742/771/697
f 742/771/697 755/784/710 735/772/698
f 741/770/696 745/792/718 490/401/387
f 275/793/719 763/794/720 764/795/721
f 474/387/373 766/796/722 471/385/371
f 275/793/719 765/797/723 474/387/373
f 764/795/721 767/798/724 768/799/725
f 765/797/723 770/800/726 766/796/722
f 764/795/721 769/801/727 765/797/723
f 768/799/725 35/651/606 604/543/519
f 769/801/727 603/802/728 770/800/726
f 769/801/727 768/799/725 604/543/519
f 91/803/729 771/804/730 92/69/69
f 678/805/731 771/804/730 499/414/400
f 772/806/732 773/807/733 35/651/606
f 617/556/532 35/651/606 773/807/733
f 448/555/531 773/807/733 678/805/731
f 678/805/731 498/808/734 465/647/364
f 498/809/734 466/379/365 465/378/364
f 504/420/406 88/66/66 466/379/365
f 256/732/664 89/67/67 88/66/66
f 89/67/67 255/189/186 386/308/297
f 500/415/401 402/326/314 497/413/399
f 402/743/314 505/422/407 497/421/399
f 688/742/673 257/190/187 505/422/407
f 456/670/620 258/191/188 257/190/187
f 258/191/188 445/357/344 444/356/343
f 91/803/729 500/415/401 499/414/400
f 116/88/87 500/415/401 90/68/68
f 587/757/497 774/810/735 586/811/495
f 635/812/644 776/813/736 636/814/550
f 709/815/652 775/816/737 635/812/644
f 586/811/495 777/817/738 709/815/652
f 637/580/552 778/818/739 779/819/740
f 578/820/741 779/819/740 778/818/739
f 578/820/741 430/346/333 433/348/335
f 667/621/585 431/821/742 430/346/333
f 667/621/585 778/818/739 611/550/526
f 780/822/743 408/508/486 636/578/550
f 485/581/553 781/823/744 486/397/383
f 637/580/552 782/824/745 781/823/744
f 780/822/743 782/824/745 779/819/740
f 718/825/667 783/826/746 784/827/747
f 486/828/383 785/829/748 783/826/746
f 786/830/749 781/831/744 782/832/745
f 636/814/550 786/830/749 782/832/745
f 151/539/516 790/833/750 791/834/751
f 259/192/189 792/835/752 793/836/753
f 259/192/189 794/837/754 387/310/299
f 577/505/484 795/838/755 796/839/756
f 151/539/516 795/838/755 576/538/515
f 262/194/191 796/839/756 792/835/752
f 387/310/299 797/840/757 694/679/626
f 150/112/111 714/841/758 790/833/750
f 198/144/143 455/730/662 454/369/356
f 691/674/623 557/484/463 805/842/759
f 806/843/760 557/484/463 556/726/659
f 808/844/761 556/726/659 715/725/658
f 805/842/759 807/845/762 809/846/763
f 807/845/762 722/747/676 810/847/764
f 723/748/677 806/843/760 808/844/761
f 809/846/763 810/847/764 811/848/765
f 565/493/472 673/715/649 713/716/650
f 812/849/766 565/493/472 713/716/650
f 317/236/232 713/716/650 314/234/230
f 612/551/527 812/849/766 664/619/583
f 812/849/766 665/850/767 664/619/583
s 2
f 789/851/768 813/852/769 787/853/770
s 1
f 304/644/602 815/854/771 816/855/772
f 677/856/773 816/855/772 817/857/774
f 218/511/489 819/858/775 219/159/158
f 306/228/224 821/859/776 303/226/222
f 313/233/229 822/860/777 823/861/778
f 219/159/158 824/862/779 513/431/416
f 579/750/679 818/863/780 218/511/489
f 627/567/541 826/864/781 827/865/782
f 668/622/586 820/866/783 306/228/224
f 626/627/591 829/867/784 826/864/781
f 513/431/416 828/868/785 668/622/586
f 312/232/228 827/865/782 822/860/777
f 579/750/679 823/861/778 825/869/786
f 303/226/222 830/870/787 815/854/771
f 588/523/500 831/871/788 832/872/789
f 373/298/287 832/872/789 833/873/790
f 694/679/626 834/874/791 831/871/788
f 203/875/792 835/876/793 836/877/794
f 202/147/146 837/878/795 835/876/793
f 309/230/226 375/299/288 837/878/795
f 836/877/794 838/879/796 839/880/797
f 835/876/793 840/881/798 838/879/796
f 837/878/795 374/882/799 840/881/798
f 540/464/444 841/883/800 628/568/542
f 268/199/195 842/884/801 841/883/800
f 267/297/286 203/875/792 842/884/801
f 843/885/802 628/568/542 841/883/800
f 844/886/803 841/883/800 842/884/801
f 842/884/801 836/877/794 844/886/803
f 625/566/540 845/887/804 669/888/805
f 843/885/802 846/889/806 845/887/804
f 844/886/803 839/880/797 846/889/806
f 72/54/54 847/890/807 698/891/632
f 698/891/632 848/892/808 700/893/640
f 848/892/808 545/660/449 700/893/640
f 848/892/808 849/894/809 850/895/810
f 685/896/811 850/895/810 657/666/618
f 851/897/812 847/890/807 71/105/104
f 849/894/809 852/898/813 850/895/810
f 657/666/618 852/898/813 112/85/84
f 851/897/812 141/510/488 853/899/814
f 852/898/813 853/899/814 854/900/815
f 854/900/815 112/85/84 852/898/813
f 853/899/814 217/158/157 854/900/815
f 854/900/815 31/160/159 30/24/24
f 534/901/439 25/19/19 27/21/21
f 25/19/19 436/902/337 283/209/205
f 415/336/323 102/77/76 101/268/258
f 294/218/214 856/903/816 429/406/392
f 310/389/375 856/903/816 476/904/817
f 292/217/213 858/905/818 293/906/819
f 307/229/225 857/907/820 292/217/213
f 107/81/80 860/908/821 438/525/502
f 476/904/817 554/909/822 477/390/376
f 438/525/502 859/910/823 307/229/225
f 293/906/819 862/911/824 856/903/816
f 862/911/824 476/904/817 856/903/816
f 554/909/822 660/615/579 391/483/462
f 857/907/820 865/912/825 858/905/818
f 859/910/823 864/913/826 857/907/820
f 860/908/821 106/80/79 867/914/827
f 861/915/828 863/916/829 554/909/822
f 860/908/821 866/917/830 859/910/823
f 858/905/818 869/918/831 862/911/824
f 862/911/824 868/919/832 861/915/828
f 105/744/674 870/920/833 106/80/79
f 863/916/829 650/599/567 660/615/579
f 864/913/826 873/921/834 865/912/825
f 866/917/830 872/922/835 864/913/826
f 106/80/79 875/923/836 867/914/827
f 868/919/832 871/924/837 863/916/829
f 867/914/827 874/925/838 866/917/830
f 865/912/825 877/926/839 869/918/831
f 869/918/831 876/927/840 868/919/832
f 663/617/581 878/928/841 870/920/833
f 650/599/567 879/929/842 651/930/843
f 873/921/834 880/931/844 881/932/845
f 872/922/835 882/933/846 880/931/844
f 870/920/833 883/934/847 875/923/836
f 871/924/837 884/935/848 879/929/842
f 875/923/836 882/933/846 874/925/838
f 877/926/839 881/932/845 885/936/849
f 876/927/840 885/936/849 884/935/848
f 676/937/850 582/514/491 581/690/633
f 488/399/385 599/719/653 598/535/512
f 598/535/512 581/690/633 488/399/385
f 298/221/217 197/143/142 299/222/218
f 322/938/851 329/713/243 323/244/237
f 676/937/850 323/264/237 338/939/852
f 322/938/851 285/211/207 298/221/217
f 417/940/853 629/941/854 418/338/325
f 417/940/853 692/675/624 453/368/355
f 299/222/218 196/142/141 453/368/355
f 338/939/852 208/151/150 582/514/491
f 66/50/50 511/443/427 78/59/59
f 575/657/611 238/173/172 237/172/171
f 671/630/593 693/676/625 238/173/172
f 693/676/625 520/754/682 157/117/116
f 400/324/312 810/847/764 722/747/676
f 399/323/311 811/848/765 810/847/764
f 510/428/413 886/942/855 351/277/267
f 805/943/759 886/942/855 691/944/623
f 809/945/763 887/946/856 805/943/759
f 889/947/857 809/945/763 811/948/765
f 811/948/765 716/949/858 889/947/857
f 377/301/290 890/950/859 891/951/860
f 467/381/367 891/951/860 892/952/861
f 380/303/292 893/953/862 890/950/859
f 594/531/508 341/618/582 893/953/862
f 716/949/858 892/952/861 894/954/863
f 351/277/267 895/955/864 138/103/102
f 886/942/855 896/956/865 895/955/864
f 888/957/866 896/956/865 887/946/856
f 888/957/866 898/958/867 897/959/868
f 889/947/857 894/954/863 898/958/867
f 891/951/860 899/960/869 900/961/870
f 891/951/860 901/962/871 892/952/861
f 890/950/859 902/963/872 899/960/869
f 893/953/862 616/554/530 902/963/872
f 894/954/863 901/962/871 903/964/873
f 138/103/102 904/965/874 135/101/100
f 895/955/864 905/966/875 904/965/874
f 897/959/868 905/966/875 896/956/865
f 897/959/868 907/967/876 906/968/877
f 898/958/867 903/964/873 907/967/876
f 900/961/870 908/969/878 909/970/879
f 900/961/870 910/971/880 901/962/871
f 899/960/869 911/972/881 908/969/878
f 902/963/872 615/553/529 911/972/881
f 903/964/873 910/971/880 912/973/882
f 135/101/100 913/974/883 573/684/628
f 904/965/874 914/975/884 913/974/883
f 905/966/875 915/976/885 914/975/884
f 906/968/877 916/977/886 915/976/885
f 912/973/882 907/967/876 903/964/873
f 909/970/879 917/978/887 918/979/888
f 909/970/879 919/980/889 910/971/880
f 908/969/878 920/981/890 917/978/887
f 684/656/610 911/972/881 615/553/529
f 910/971/880 921/982/891 912/973/882
f 913/974/883 922/983/892 573/684/628
f 914/975/884 922/983/892 913/974/883
f 915/976/885 923/984/893 914/975/884
f 916/977/886 924/985/894 915/976/885
f 912/973/882 925/986/895 916/977/886
f 917/978/887 927/987/896 918/979/888
f 918/979/888 928/988/897 919/980/889
f 917/978/887 929/989/898 926/990/899
f 920/981/890 726/991/900 929/989/898
f 919/980/889 930/992/901 921/982/891
f 922/983/892 696/993/902 573/684/628
f 923/984/893 931/994/903 922/983/892
f 924/985/894 932/995/904 923/984/893
f 925/986/895 933/996/905 924/985/894
f 921/982/891 934/997/906 925/986/895
f 653/601/569 935/998/907 936/999/908
f 659/628/592 936/999/908 264/1000/909
f 392/313/302 264/1000/909 263/680/192
f 936/1001/908 937/1002/910 938/1003/911
f 264/1004/909 938/1003/911 265/196/193
f 939/1005/912 495/410/396 494/724/657
f 398/449/432 940/1006/913 527/450/433
f 940/1006/913 638/583/554 527/450/433
f 702/692/634 942/1007/914 943/1008/915
f 941/1009/916 701/694/635 638/583/554
f 494/724/657 943/1008/915 939/1005/912
f 939/1005/912 945/1010/917 648/1011/918
f 397/322/310 946/1012/919 940/1006/913
f 946/1012/919 941/1009/916 940/1006/913
f 942/1007/914 949/1013/920 943/1008/915
f 941/1009/916 948/1014/921 942/1007/914
f 943/1008/915 944/1015/922 939/1005/912
f 649/597/566 945/1010/917 950/1016/923
f 951/1017/924 354/280/270 695/683/627
f 695/683/627 950/1016/923 951/1017/924
f 374/882/799 833/873/790 952/1018/925
f 669/888/805 954/1019/926 670/626/590
f 670/626/590 955/1020/927 829/867/784
f 839/880/797 956/1021/928 957/1022/929
f 838/879/796 958/1023/930 956/1021/928
f 840/881/798 952/1018/925 958/1023/930
f 669/888/805 959/1024/931 953/1025/932
f 845/887/804 960/1026/933 959/1024/931
f 846/889/806 957/1022/929 960/1026/933
f 831/1027/788 962/1028/934 832/1029/789
f 962/1028/934 833/1030/790 832/1029/789
f 834/1031/791 961/1032/935 831/1027/788
f 952/1033/925 963/1034/936 965/1035/937
f 954/1036/926 966/1037/938 967/1038/939
f 954/1036/926 968/1039/940 955/1040/927
f 957/1041/929 969/1042/941 970/1043/942
f 956/1044/928 971/1045/943 969/1042/941
f 958/1046/930 965/1035/937 971/1045/943
f 972/1047/944 953/1048/932 959/1049/931
f 959/1049/931 973/1050/945 972/1047/944
f 960/1051/933 970/1043/942 973/1050/945
f 961/1032/935 975/1052/946 962/1028/934
f 963/1034/936 975/1052/946 976/1053/947
f 964/1054/948 974/1055/949 961/1032/935
f 965/1035/937 976/1053/947 978/1056/947
f 967/1038/939 979/1057/950 980/1058/951
f 968/1039/940 980/1058/951 981/1059/952
f 970/1043/942 982/1060/947 983/1061/953
f 969/1042/941 984/1062/947 982/1060/947
f 971/1045/943 978/1056/947 984/1062/947
f 966/1037/938 985/1063/954 979/1057/950
f 972/1047/944 986/1064/955 985/1063/954
f 973/1050/945 983/1061/953 986/1064/955
f 987/1065/956 975/1052/946 974/1055/949
f 975/1052/946 989/1066/957 976/1053/947
f 990/1067/958 974/1055/949 977/1068/959
f 976/1053/947 991/1069/957 978/1056/947
f 980/1058/951 992/1070/960 993/1071/961
f 981/1059/952 993/1071/961 994/1072/962
f 983/1061/953 995/1073/963 996/1074/964
f 984/1062/947 995/1073/963 982/1060/947
f 978/1056/947 997/1075/957 984/1062/947
f 979/1057/950 998/1076/965 992/1070/960
f 985/1063/954 999/1077/966 998/1076/965
f 986/1064/955 996/1074/964 999/1077/966
f 1000/1078/967 990/1067/958 977/1068/959
f 1002/1079/968 1004/1080/969 1005/1081/970
f 1003/1082/971 804/1083/972 803/1084/973
f 166/1085/974 1004/1080/969 1006/1086/975
f 296/1087/976 1005/1081/970 1004/1080/969
f 728/1088/977 1003/1082/971 803/1084/973
f 728/1088/977 1006/1086/975 1004/1080/969
f 1006/1086/975 167/1089/978 166/1085/974
f 1007/1090/979 1009/1091/980 1010/1092/981
f 815/1093/771 1011/1094/982 1012/1095/983
f 1011/1094/982 1014/1096/984 1012/1095/983
f 816/1097/772 1012/1095/983 1015/1098/985
f 1012/1095/983 1016/1099/986 1015/1098/985
f 1017/1092/987 817/1100/774 1015/1098/985
f 51/602/570 1018/1101/988 50/1102/989
f 708/1103/990 1020/1104/991 1021/1105/992
f 50/1102/989 1019/1106/993 708/1103/990
f 744/1107/699 1022/1108/994 1023/1109/995
f 746/1110/700 1024/1111/996 1025/1112/997
f 746/1110/700 1022/1108/994 743/1113/701
f 748/1114/702 1026/1115/998 1027/1116/999
f 749/1117/703 1023/1109/995 1028/1118/1000
f 747/1119/704 1029/1120/1001 1026/1115/998
f 750/1121/705 1028/1118/1000 1029/1120/1001
f 751/1122/706 1031/1123/1002 752/1124/707
f 752/1124/707 1032/1125/1003 753/1126/708
f 754/1127/709 1027/1116/999 1033/1128/1004
f 755/1129/710 1035/1130/1005 756/1131/711
f 757/1132/712 1037/1133/1006 758/1134/713
f 1035/1130/1005 759/1135/714 756/1131/711
f 751/1122/706 1033/1128/1004 1030/1136/1007
f 760/1137/715 1036/1138/1008 757/1132/712
f 753/1126/708 1039/1139/1009 760/1137/715
f 1038/1140/1010 761/1141/716 759/1135/714
f 1037/1133/1006 762/1142/717 758/1134/713
f 762/1142/717 1034/1143/1011 755/1129/710
f 761/1141/716 1024/1111/996 745/1144/718
f 1022/1108/994 1043/1145/1012 1023/1109/995
f 1025/1112/997 1044/1146/1013 1045/1147/1014
f 1025/1112/997 1042/1148/1015 1022/1108/994
f 1026/1115/998 1047/1149/1016 1027/1116/999
f 1023/1109/995 1048/1150/1017 1028/1118/1000
f 1029/1120/1001 1046/1151/1018 1026/1115/998
f 1028/1118/1000 1049/1152/1019 1029/1120/1001
f 1050/1153/1020 1031/1123/1002 1030/1136/1007
f 1032/1125/1003 1051/1154/1021 1052/1155/1022
f 1027/1116/999 1053/1156/1023 1033/1128/1004
f 1035/1130/1005 1054/1157/1024 1055/1158/1025
f 1037/1133/1006 1056/1159/1026 1057/1160/1027
f 1055/1158/1025 1038/1140/1010 1035/1130/1005
f 1033/1128/1004 1050/1153/1020 1030/1136/1007
f 1036/1138/1008 1059/1161/1028 1056/1159/1026
f 1039/1139/1009 1052/1155/1022 1059/1161/1028
f 1038/1140/1010 1060/1162/1029 1040/1163/1030
f 1041/1164/1031 1057/1160/1027 1061/1165/1032
f 1034/1143/1011 1061/1165/1032 1054/1157/1024
f 1040/1163/1030 1044/1146/1013 1024/1111/996
f 1043/1145/1012 1042/1148/1015 1062/1166/1033
f 1045/1147/1014 1044/1146/1013 1062/1166/1033
f 1042/1148/1015 1045/1147/1014 1062/1166/1033
f 1047/1149/1016 1046/1151/1018 1062/1166/1033
f 1048/1150/1017 1043/1145/1012 1062/1166/1033
f 1046/1151/1018 1049/1152/1019 1062/1166/1033
f 1049/1152/1019 1048/1150/1017 1062/1166/1033
f 1051/1154/1021 1050/1153/1020 1062/1166/1033
f 1052/1155/1022 1051/1154/1021 1062/1166/1033
f 1053/1156/1023 1047/1149/1016 1062/1166/1033
f 1055/1158/1025 1054/1157/1024 1062/1166/1033
f 1057/1160/1027 1056/1159/1026 1062/1166/1033
f 1058/1167/1034 1055/1158/1025 1062/1166/1033
f 1050/1153/1020 1053/1156/1023 1062/1166/1033
f 1056/1159/1026 1059/1161/1028 1062/1166/1033
f 1059/1161/1028 1052/1155/1022 1062/1166/1033
f 1060/1162/1029 1058/1167/1034 1062/1166/1033
f 1061/1165/1032 1057/1160/1027 1062/1166/1033
f 1054/1157/1024 1061/1165/1032 1062/1166/1033
f 1044/1146/1013 1060/1162/1029 1062/1166/1033
f 142/106/105 1064/1168/1035 143/416/402
f 148/110/109 1066/1169/1036 149/111/110
f 162/727/660 1068/1170/1037 163/121/120
f 209/152/151 1070/1171/1038 210/220/216
f 210/220/216 1063/1172/1039 142/106/105
f 334/256/248 1065/1173/1040 148/110/109
f 349/542/518 1072/1174/1041 1073/1175/1042
f 383/623/587 1075/1176/1043 384/306/295
f 472/1177/1044 1076/1178/1045 1077/1179/1046
f 1064/1168/1035 348/275/265 143/416/402
f 522/442/426 1069/1180/1047 209/152/151
f 603/802/728 1073/1175/1042 1079/1181/1048
f 472/1177/1044 1080/1182/1049 643/591/560
f 163/121/120 1074/1183/1050 383/623/587
f 674/658/612 1078/1184/1051 522/442/426
f 384/306/295 1081/1185/1052 674/658/612
f 643/591/560 1071/1186/1053 334/256/248
f 149/111/110 1067/1187/1054 162/727/660
f 471/385/371 1082/1188/1055 1076/1178/1045
f 766/796/722 1083/1189/1056 1082/1188/1055
f 770/800/726 1079/1181/1048 1083/1189/1056
f 1064/1190/1035 1084/1191/1057 1085/1192/1058
f 1086/1193/1059 1066/1194/1036 1065/1195/1040
f 1088/1196/1060 1068/1197/1037 1067/1198/1054
f 1070/1199/1038 1090/1200/1061 1091/1201/1062
f 1063/1202/1039 1091/1201/1062 1084/1191/1057
f 1092/1203/1063 1065/1195/1040 1071/1204/1053
f 1072/1205/1041 1094/1206/1064 1073/1207/1042
f 1075/1208/1043 1095/1209/1065 1096/1210/1066
f 1076/1211/1045 1098/1212/1067 1077/1213/1046
f 1085/1192/1058 1072/1205/1041 1064/1190/1035
f 1069/1214/1047 1099/1215/1068 1090/1200/1061
f 1073/1207/1042 1100/1216/1069 1079/1217/1048
f 1098/1212/1067 1080/1218/1049 1077/1213/1046
f 1089/1219/1070 1074/1220/1050 1068/1197/1037
f 1078/1221/1051 1102/1222/1071 1099/1215/1068
f 1075/1208/1043 1102/1222/1071 1081/1223/1052
f 1101/1224/1072 1071/1204/1053 1080/1218/1049
f 1066/1194/1036 1088/1196/1060 1067/1198/1054
f 1082/1225/1055 1097/1226/1073 1076/1211/1045
f 1083/1227/1056 1103/1228/1074 1082/1225/1055
f 1079/1217/1048 1104/1229/1075 1083/1227/1056
f 1105/1230/1076 1085/1192/1058 1084/1191/1057
f 1107/1231/1077 1087/1232/1078 1086/1193/1059
f 1109/1233/1079 1089/1219/1070 1088/1196/1060
f 1090/1200/1061 1112/1234/1080 1091/1201/1062
f 1091/1201/1062 1105/1230/1076 1084/1191/1057
f 1113/1235/1081 1086/1193/1059 1092/1203/1063
f 1114/1236/1082 1094/1206/1064 1093/1237/1083
f 1116/1238/1084 1096/1210/1066 1095/1209/1065
f 1097/1226/1073 1119/1239/1085 1098/1212/1067
f 1106/1240/1086 1093/1237/1083 1085/1192/1058
f 1120/1241/1087 1090/1200/1061 1099/1215/1068
f 1115/1242/1088 1100/1216/1069 1094/1206/1064
f 1098/1212/1067 1122/1243/1089 1101/1224/1072
f 1110/1244/1090 1095/1209/1065 1089/1219/1070
f 1099/1215/1068 1123/1245/1091 1120/1241/1087
f 1117/1246/1092 1102/1222/1071 1096/1210/1066
f 1101/1224/1072 1113/1235/1081 1092/1203/1063
f 1108/1247/1093 1088/1196/1060 1087/1232/1078
f 1124/1248/1094 1097/1226/1073 1103/1228/1074
f 1125/1249/1095 1103/1228/1074 1104/1229/1075
f 1104/1229/1075 1121/1250/1096 1125/1249/1095
f 1106/1240/1086 1126/1251/1097 1127/1252/1098
f 1107/1231/1077 1129/1253/1099 1108/1247/1093
f 1109/1233/1079 1131/1254/1100 1110/1244/1090
f 1112/1234/1080 1132/1255/1101 1133/1256/1102
f 1105/1230/1076 1133/1256/1102 1126/1251/1097
f 1113/1235/1081 1128/1257/1103 1107/1231/1077
f 1115/1242/1088 1135/1258/1104 1136/1259/1105
f 1116/1238/1084 1138/1260/1106 1117/1246/1092
f 1118/1261/1107 1140/1262/1108 1119/1239/1085
f 1114/1236/1082 1127/1252/1098 1135/1258/1104
f 1111/1263/1109 1141/1264/1110 1132/1255/1101
f 1121/1250/1096 1136/1259/1105 1142/1265/1111
f 1119/1239/1085 1143/1266/1112 1122/1243/1089
f 1110/1244/1090 1137/1267/1113 1116/1238/1084
f 1120/1241/1087 1144/1268/1114 1141/1264/1110
f 1123/1245/1091 1138/1260/1106 1144/1268/1114
f 1122/1243/1089 1134/1269/1115 1113/1235/1081
f 1108/1247/1093 1130/1270/1116 1109/1233/1079
f 1124/1248/1094 1139/1271/1117 1118/1261/1107
f 1125/1249/1095 1145/1272/1118 1124/1248/1094
f 1121/1250/1096 1146/1273/1119 1125/1249/1095
f 1127/1252/1098 1126/1251/1097 1147/1274/1120
f 1129/1253/1099 1128/1257/1103 1147/1274/1120
f 1131/1254/1100 1130/1270/1116 1147/1274/1120
f 1133/1256/1102 1132/1255/1101 1147/1274/1120
f 1126/1251/1097 1133/1256/1102 1147/1274/1120
f 1128/1257/1103 1134/1269/1115 1147/1274/1120
f 1136/1259/1105 1135/1258/1104 1147/1274/1120
f 1138/1260/1106 1137/1267/1113 1147/1274/1120
f 1140/1262/1108 1139/1271/1117 1147/1274/1120
f 1135/1258/1104 1127/1252/1098 1147/1274/1120
f 1132/1255/1101 1141/1264/1110 1147/1274/1120
f 1142/1265/1111 1136/1259/1105 1147/1274/1120
f 1143/1266/1112 1140/1262/1108 1147/1274/1120
f 1137/1267/1113 1131/1254/1100 1147/1274/1120
f 1141/1264/1110 1144/1268/1114 1147/1274/1120
f 1144/1268/1114 1138/1260/1106 1147/1274/1120
f 1134/1269/1115 1143/1266/1112 1147/1274/1120
f 1130/1270/1116 1129/1253/1099 1147/1274/1120
f 1139/1271/1117 1145/1272/1118 1147/1274/1120
f 1145/1272/1118 1146/1273/1119 1147/1274/1120
f 1146/1273/1119 1142/1265/1111 1147/1274/1120
f 21/16/16 1149/1275/1121 22/444/428
f 82/62/62 1150/1276/1122 1151/1277/1123
f 252/560/536 1152/1278/1124 1153/1279/1125
f 316/235/231 1155/1280/1126 317/236/232
f 431/821/742 1157/1281/1127 432/347/334
f 523/708/646 1149/1275/1121 1158/1282/1128
f 82/62/62 1159/1283/1129 621/607/573
f 1153/1279/1125 623/559/535 252/560/536
f 1159/1283/1129 656/624/588 621/607/573
f 665/850/767 1163/1284/1130 666/620/584
f 1161/1285/1131 528/625/589 656/624/588
f 1160/1286/1132 316/235/231 623/559/535
f 528/625/589 1148/1287/1133 21/16/16
f 523/708/646 1152/1278/1124 251/186/183
f 432/347/334 1150/1276/1122 85/64/64
f 1163/1284/1130 431/821/742 666/620/584
f 812/849/766 1162/1288/1134 665/850/767
f 317/236/232 1165/1289/1135 812/849/766
f 1148/1290/1133 1167/1291/1136 1149/1292/1121
f 1151/1293/1123 1168/1294/1137 1169/1295/1138
f 1153/1296/1125 1170/1297/1139 1171/1298/1140
f 1155/1299/1126 1172/1300/1141 1173/1301/1142
f 1156/1302/1143 1175/1303/1144 1157/1304/1127
f 1149/1292/1121 1176/1305/1145 1158/1306/1128
f 1159/1307/1129 1169/1295/1138 1177/1308/1146
f 1160/1309/1132 1171/1298/1140 1178/1310/1147
f 1161/1311/1131 1177/1308/1146 1179/1312/1148
f 1162/1313/1134 1181/1314/1149 1163/1315/1130
f 1161/1311/1131 1182/1316/1150 1164/1317/1151
f 1154/1318/1152 1178/1310/1147 1172/1300/1141
f 1164/1317/1151 1166/1319/1153 1148/1290/1133
f 1158/1306/1128 1170/1297/1139 1152/1320/1124
f 1157/1304/1127 1168/1294/1137 1150/1321/1122
f 1163/1315/1130 1174/1322/1154 1156/1302/1143
f 1165/1323/1135 1180/1324/1155 1162/1313/1134
f 1155/1299/1126 1183/1325/1156 1165/1323/1135
f 551/478/457 344/1326/1157 549/476/455
f 675/642/600 1184/1327/1158 550/477/456
f 274/203/199 642/641/599 355/589/559
f 525/446/430 584/516/493 424/517/494
f 63/423/408 1185/1328/1159 1186/1329/1160
f 1187/1330/1161 1189/1331/1162 1190/1332/1163
f 221/184/181 1192/1333/1164 222/162/161
f 250/183/180 1191/1334/1165 221/184/181
f 281/208/204 1194/1335/1166 1195/1336/1167
f 1196/1337/1168 1198/1338/1169 1199/1339/1170
f 1190/1332/1163 1196/1337/1168 1199/1339/1170
f 1197/1340/1171 1185/1328/1159 1198/1338/1169
f 1201/1341/1172 1203/1342/1173 1204/1343/1174
f 435/1344/641 1205/1345/1175 1206/1346/1176
f 479/392/378 1208/1347/1177 480/1348/1178
f 507/704/643 1186/1329/1160 1209/1349/1179
f 537/458/441 1210/1350/1180 1211/1351/1181
f 222/162/161 1207/1352/1182 479/392/378
f 480/1348/1178 1212/1353/1183 609/547/523
f 633/575/547 1214/1354/1184 634/576/548
f 281/208/204 1215/1355/1185 679/649/604
f 284/210/206 1206/1356/1176 1194/1335/1166
f 633/575/547 1209/1349/1179 1213/1357/1186
f 536/457/440 1216/1358/1187 1210/1350/1180
f 250/735/180 1217/1359/1188 1193/1360/1189
f 634/576/548 1217/1359/1188 717/734/666
f 710/710/647 1212/1353/1183 1216/1358/1187
f 537/458/441 1205/1345/1175 434/349/336
f 1203/1342/1173 1188/1361/1190 1187/1330/1161
f 1218/1362/1191 1220/1363/1192 1200/1364/1193
f 1189/1365/1162 1221/1366/1194 1222/1367/1195
f 1223/1368/1196 1225/1369/1197 1226/1370/1198
f 1223/1368/1196 1228/1371/1199 1224/1372/1200
f 1229/1373/1201 1231/1374/1202 1232/1375/1203
f 1233/1376/1204 1197/1377/1171 1196/1378/1168
f 1196/1378/1168 1222/1367/1195 1233/1376/1204
f 1234/1379/1205 1200/1364/1193 1197/1377/1171
f 1202/1380/1206 1235/1381/1207 1236/1382/1208
f 1237/1383/1209 1239/1384/1210 1240/1385/1211
f 1241/1386/1212 1243/1387/1213 1244/1388/1214
f 1220/1363/1192 1245/1389/1215 1246/1390/1216
f 1247/1391/1217 1249/1392/1218 1250/1393/1219
f 1226/1370/1198 1242/1394/1220 1241/1386/1212
f 1244/1388/1214 1251/1395/1221 1252/1396/1222
f 1253/1397/1223 1255/1398/1224 1256/1399/1225
f 1257/1400/1226 1231/1374/1202 1258/1401/1227
f 1239/1384/1210 1230/1402/1228 1229/1373/1201
f 1246/1390/1216 1254/1403/1229 1253/1397/1223
f 1259/1404/1230 1248/1405/1231 1247/1391/1217
f 1261/1406/1232 1228/1371/1199 1227/1407/1233
f 1256/1399/1225 1262/1408/1234 1261/1406/1232
f 1252/1396/1222 1260/1409/1235 1259/1404/1230
f 1250/1393/1219 1237/1383/1209 1240/1385/1211
f 1188/1410/1190 1236/1382/1208 1221/1366/1194
f 1258/1401/1227 1201/1411/1172 1257/1400/1226
f 1204/1343/1174 1257/1412/1226 1201/1341/1172
f 680/650/605 26/20/20 282/376/362
f 680/650/605 1263/1413/1236 414/335/322
f 414/335/322 855/1414/1237 415/336/323
f 1219/1415/1238 1264/1416/1239 1265/1417/1240
f 1221/1366/1194 1267/1418/1241 1222/1367/1195
f 1234/1379/1205 1268/1419/1242 1269/1420/1243
f 1222/1367/1195 1268/1419/1242 1233/1376/1204
f 1218/1362/1191 1269/1420/1243 1264/1416/1239
f 1236/1382/1208 1235/1381/1207 1270/1421/1244
f 1242/1394/1220 1272/1422/1245 1243/1387/1213
f 1245/1389/1215 1265/1417/1240 1273/1423/1246
f 1249/1392/1218 1274/1424/1247 1275/1425/1248
f 1242/1394/1220 1276/1426/1249 1271/1427/1250
f 1251/1395/1221 1272/1422/1245 1277/1428/1251
f 1248/1405/1231 1278/1429/1252 1274/1424/1247
f 1260/1409/1235 1277/1428/1251 1278/1429/1252
f 1249/1392/1218 1275/1425/1248 1237/1383/1209
f 1236/1382/1208 1266/1430/1253 1221/1366/1194
f 1279/1431/1254 1281/1432/1255 1282/1433/1256
f 1279/1431/1254 1284/1434/1257 1280/1435/1258
f 1285/1436/1259 1287/1437/1260 1288/1438/1261
f 1288/1438/1261 1289/1439/1262 1290/1440/1263
f 1282/1433/1256 1291/1441/1264 1292/1442/1265
f 1293/1443/1266 1295/1444/1267 1296/1445/1268
f 1297/1446/1269 1299/1447/1270 1300/1448/1271
f 1292/1442/1265 1294/1449/1272 1293/1443/1266
f 1296/1445/1268 1301/1450/1273 1302/1451/1274
f 1303/1452/1275 1299/1447/1270 1298/1453/1276
f 1302/1451/1274 1304/1454/1277 1303/1452/1275
f 1297/1446/1269 1286/1455/1278 1285/1436/1259
f 1281/1432/1255 1305/1456/1279 1306/1457/1280
f 1280/1435/1258 1307/1458/1281 1305/1456/1279
f 1286/1455/1278 1309/1459/1282 1287/1437/1260
f 1289/1439/1262 1287/1437/1260 1309/1459/1282
f 1291/1441/1264 1306/1457/1280 1310/1460/1283
f 1294/1449/1272 1312/1461/1284 1295/1444/1267
f 1300/1448/1271 1299/1447/1270 1313/1462/1285
f 1294/1449/1272 1310/1460/1283 1311/1463/1286
f 1295/1444/1267 1314/1464/1287 1301/1450/1273
f 1299/1447/1270 1315/1465/1288 1313/1462/1285
f 1301/1450/1273 1315/1465/1288 1304/1454/1277
f 1300/1448/1271 1308/1466/1289 1286/1455/1278
f 1245/1389/1215 1273/1423/1246 1254/1403/1229
f 1224/1372/1200 1282/1433/1256 1225/1369/1197
f 1224/1372/1200 1283/1467/1290 1279/1431/1254
f 1262/1408/1234 1283/1467/1290 1228/1371/1199
f 1255/1398/1224 1284/1434/1257 1262/1408/1234
f 1254/1403/1229 1307/1458/1281 1255/1398/1224
f 1306/1457/1280 1254/1403/1229 1273/1423/1246
f 1310/1460/1283 1273/1423/1246 1265/1417/1240
f 1311/1463/1286 1265/1417/1240 1264/1416/1239
f 1312/1461/1284 1264/1416/1239 1269/1420/1243
f 1314/1464/1287 1269/1420/1243 1268/1419/1242
f 1267/1418/1241 1314/1464/1287 1268/1419/1242
f 1266/1430/1253 1315/1465/1288 1267/1418/1241
f 1270/1421/1244 1313/1462/1285 1266/1430/1253
f 1270/1421/1244 1309/1459/1282 1308/1466/1289
f 1258/1401/1227 1289/1439/1262 1309/1459/1282
f 1231/1374/1202 1290/1440/1263 1289/1439/1262
f 1238/1468/1291 1290/1440/1263 1230/1402/1228
f 1237/1383/1209 1288/1438/1261 1238/1468/1291
f 1275/1425/1248 1285/1436/1259 1237/1383/1209
f 1274/1424/1247 1297/1446/1269 1275/1425/1248
f 1303/1452/1275 1274/1424/1247 1278/1429/1252
f 1278/1429/1252 1302/1451/1274 1303/1452/1275
f 1272/1422/1245 1302/1451/1274 1277/1428/1251
f 1271/1427/1250 1296/1445/1268 1272/1422/1245
f 1276/1426/1249 1293/1443/1266 1271/1427/1250
f 1225/1369/1197 1292/1442/1265 1276/1426/1249
f 62/47/47 1198/1338/1169 1185/1328/1159
f 358/288/278 1198/1338/1169 359/283/273
f 1199/1339/1170 103/78/77 1190/1332/1163
f 1190/1332/1163 102/77/76 1187/1330/1161
f 1187/1330/1161 855/1414/1237 1203/1342/1173
f 1203/1342/1173 1263/1413/1236 1204/1343/1174
f 1204/1343/1174 679/649/604 1215/1355/1185
f 1200/1469/1193 1186/1329/1160 1185/1328/1159
f 1220/1470/1192 1209/1349/1179 1186/1329/1160
f 1253/1471/1223 1209/1349/1179 1246/1472/1216
f 1213/1357/1186 1256/1473/1225 1214/1354/1184
f 1214/1354/1184 1261/1474/1232 1217/1359/1188
f 1227/1475/1233 1217/1359/1188 1261/1474/1232
f 1193/1476/1189 1223/1477/1196 1191/1334/1165
f 1223/1477/1196 1192/1333/1164 1191/1334/1165
f 1241/1478/1212 1192/1333/1164 1226/1479/1198
f 1207/1352/1182 1244/1480/1214 1208/1347/1177
f 1208/1347/1177 1252/1481/1222 1212/1353/1183
f 1252/1481/1222 1216/1358/1187 1212/1353/1183
f 1259/1482/1230 1210/1350/1180 1216/1358/1187
f 1247/1483/1217 1211/1351/1181 1210/1350/1180
f 1240/1484/1211 1211/1351/1181 1250/1485/1219
f 1239/1486/1210 1205/1345/1175 1240/1484/1211
f 1239/1487/1210 1194/1335/1166 1206/1356/1176
f 1229/1488/1201 1195/1336/1167 1194/1335/1166
f 1195/1336/1167 1257/1412/1226 1215/1355/1185
f 175/435/420 1316/1489/1292 1317/1490/1293
f 515/703/642 1318/1491/1294 1319/1492/1295
f 517/663/615 1320/1493/1296 518/434/419
f 519/509/487 1317/1490/1293 1321/1494/1297
f 514/432/417 1321/1494/1297 1318/1491/1294
f 1320/1493/1296 174/700/126 518/434/419
f 595/532/509 1319/1492/1295 568/497/476
f 672/634/595 1322/1495/1298 724/749/678
f 1316/1489/1292 1324/1496/1299 1317/1490/1293
f 1318/1491/1294 1326/1497/1300 1319/1492/1295
f 724/749/678 1327/1498/1301 1320/1493/1296
f 1317/1490/1293 1328/1499/1302 1321/1494/1297
f 1321/1494/1297 1325/1500/1303 1318/1491/1294
f 1320/1493/1296 1323/1501/1304 1316/1502/1292
f 568/497/476 1326/1497/1300 1329/1503/1305
f 1330/1504/1306 817/1100/774 1010/1092/981
f 1017/1092/987 1331/1505/1307 1332/1506/1308
f 1017/1092/987 1007/1090/979 1010/1092/981
f 1010/1092/981 1009/1091/980 1330/1504/1306
f 1331/1505/1307 1333/1507/1309 1334/1508/1310
f 1333/1507/1309 1017/1092/987 1015/1098/985
f 1334/1508/1310 1335/1509/1311 1336/1510/1312
f 1337/1511/1313 1335/1509/1311 1333/1507/1309
f 1329/1503/1305 1338/1512/1314 1339/1513/1315
f 1322/1495/1298 817/857/774 1330/1514/1306
f 1323/1515/1304 1007/1516/979 1324/1496/1299
f 1326/1497/1300 1331/1517/1307 1334/1518/1310
f 1322/1495/1298 1009/1519/980 1327/1498/1301
f 1328/1499/1302 1007/1516/979 1332/1520/1308
f 1325/1500/1303 1332/1520/1308 1331/1517/1307
f 1327/1498/1301 1008/1521/1316 1323/1501/1304
f 1329/1503/1305 1334/1518/1310 1336/1522/1312
f 819/1523/775 1340/1524/1317 1341/1525/1318
f 821/1526/776 1342/1527/1319 1343/1528/1320
f 823/1529/778 822/1530/777 1344/1531/1321
f 824/1532/779 1341/1525/1318 1345/1533/1322
f 818/1534/780 1346/1535/1323 1340/1524/1317
f 826/1536/781 1348/1537/1324 827/1538/782
f 820/1539/783 1349/1540/1325 1342/1527/1319
f 829/1541/784 1347/1542/1326 826/1536/781
f 828/1543/785 1345/1533/1322 1349/1540/1325
f 827/1538/782 1344/1531/1321 822/1530/777
f 1351/1544/1327 825/1545/786 823/1529/778
f 830/1546/787 1343/1528/1320 1011/1094/982
f 981/1059/952 1350/1547/1328 968/1039/940
f 620/1548/534 1354/1549/1329 714/1550/758
f 1355/1551/1330 791/1552/751 790/1553/750
f 1357/1554/1331 1359/1555/1332 792/1556/752
f 1358/1557/1333 1361/1558/1334 1359/1555/1332
f 1362/1559/1335 796/1560/756 795/1561/755
f 1356/1562/1336 795/1561/755 791/1552/751
f 1363/1563/1337 792/1556/752 796/1560/756
f 1360/1564/1338 1365/1565/1339 1361/1558/1334
f 714/1550/758 1355/1551/1330 790/1553/750
f 620/1548/534 1366/1566/1340 1353/1567/1341
f 1367/1568/1342 798/1569/1343 799/1570/1344
f 800/1571/1345 1367/1568/1342 799/1570/1344
f 801/1572/1346 1368/1573/1347 800/1571/1345
f 802/1574/1348 1369/1575/1349 801/1572/1346
f 804/1083/972 1370/1576/1350 802/1574/1348
f 834/1031/791 1365/1565/1339 964/1054/948
f 1350/1547/1328 955/1040/927 968/1039/940
f 1350/1547/1328 1371/1577/1351 1347/1542/1326
f 1347/1542/1326 1372/1578/1352 1348/1537/1324
f 1348/1537/1324 1373/1579/1353 1344/1531/1321
f 1344/1531/1321 1351/1544/1327 823/1529/778
f 1365/1565/1339 977/1068/959 964/1054/948
f 797/1580/757 1361/1558/1334 1365/1565/1339
f 794/1581/754 1359/1555/1332 1361/1558/1334
f 1359/1555/1332 793/1582/753 792/1556/752
f 1000/1078/967 1364/1583/1354 1360/1564/1338
f 1011/1094/982 1343/1528/1320 1374/1584/1355
f 1003/1082/971 1002/1079/968 1000/1078/967
f 1369/1575/1349 1003/1082/971 1000/1078/967
f 1367/1568/1342 1369/1575/1349 1000/1078/967
f 1353/1567/1341 1367/1568/1342 1000/1078/967
f 1355/1551/1330 1353/1567/1341 1000/1078/967
f 1362/1559/1335 1355/1551/1330 1000/1078/967
f 1357/1554/1331 1362/1559/1335 1000/1078/967
f 1360/1564/1338 1357/1554/1331 1000/1078/967
f 1371/1577/1351 981/1059/952 1374/1584/1355
f 1373/1579/1353 1371/1577/1351 1374/1584/1355
f 1346/1535/1323 1373/1579/1353 1374/1584/1355
f 1340/1524/1317 1374/1584/1355 1341/1525/1318
f 1349/1540/1325 1341/1525/1318 1374/1584/1355
f 1343/1528/1320 1349/1540/1325 1374/1584/1355
f 1375/1585/1356 1377/1586/1357 1378/1587/1358
f 1379/1588/1359 1381/1589/1360 1382/1590/1361
f 1376/1591/1362 1384/1592/1363 1377/1586/1357
f 1382/1590/1361 1386/1593/1364 1379/1588/1359
f 1387/1594/1365 1389/1595/1366 1380/1596/1367
f 1390/1597/1368 1392/1598/1369 1388/1599/1370
f 1393/1600/1371 1395/1601/1372 1396/1602/1373
f 1394/1603/1374 1398/1604/1375 1395/1601/1372
f 1375/1585/1356 1392/1598/1369 1391/1605/1376
f 1389/1595/1366 1381/1589/1360 1380/1596/1367
f 1399/1606/1377 1388/1599/1370 1400/1607/1378
f 1400/1607/1378 1388/1599/1370 1387/1594/1365
f 1399/1606/1377 1395/1601/1372 1398/1604/1375
f 1400/1607/1378 1396/1602/1373 1395/1601/1372
f 1393/1600/1371 1401/1608/1379 1394/1603/1374
f 1401/1608/1379 1397/1609/1380 1394/1603/1374
f 1385/1610/1381 1377/1586/1357 1384/1592/1363
f 1377/1586/1357 1381/1589/1360 1378/1587/1358
f 1378/1587/1358 1389/1595/1366 1392/1598/1369
f 1392/1598/1369 1389/1595/1366 1388/1599/1370
f 1166/1319/1153 1398/1604/1375 1167/1291/1136
f 1166/1319/1153 1390/1597/1368 1399/1606/1377
f 1182/1316/1150 1391/1605/1376 1390/1597/1368
f 1179/1312/1148 1375/1585/1356 1391/1605/1376
f 1177/1308/1146 1376/1591/1362 1375/1585/1356
f 1169/1295/1138 1383/1611/1382 1376/1591/1362
f 1175/1303/1144 1383/1611/1382 1168/1294/1137
f 1174/1322/1154 1384/1592/1363 1175/1303/1144
f 1181/1314/1149 1385/1610/1381 1174/1322/1154
f 1180/1324/1155 1386/1593/1364 1181/1314/1149
f 1183/1325/1156 1379/1588/1359 1180/1324/1155
f 1183/1325/1156 1387/1594/1365 1380/1596/1367
f 1173/1301/1142 1396/1602/1373 1387/1594/1365
f 1172/1300/1141 1393/1600/1371 1396/1602/1373
f 1178/1310/1147 1401/1608/1379 1393/1600/1371
f 1171/1298/1140 1402/1612/1383 1401/1608/1379
f 1176/1305/1145 1402/1612/1383 1170/1297/1139
f 1167/1291/1136 1397/1609/1380 1176/1305/1145
f 1404/1613/1384 1405/1614/1385 1005/1081/970
f 1005/1081/970 1406/1615/1386 1002/1079/968
f 1002/1079/968 1001/1616/1387 1000/1078/967
f 703/737/668 707/699/639 706/698/638
f 707/1617/639 784/827/747 1407/1618/1388
f 571/499/478 595/532/509 568/497/476
f 661/616/580 596/533/510 1408/1619/1389
f 1408/1619/1389 571/499/478 570/498/477
f 707/1617/639 1409/1620/1390 704/1621/637
f 1374/1584/1355 994/1072/962 1410/1622/1391
f 1336/1510/1312 1411/1623/1392 1338/1624/1314
f 1411/1623/1392 1335/1509/1311 1337/1511/1313
f 569/1625/1393 1329/1503/1305 1339/1513/1315
f 1013/1626/1394 1374/1584/1355 1410/1622/1391
f 1412/1627/1395 1414/1628/1396 1415/1629/1397
f 1416/1630/1398 1418/1631/1399 1419/1632/1400
f 1420/1633/1401 1422/1634/1402 1423/1635/1403
f 1424/1636/1404 1426/1637/1405 1427/1638/1406
f 1428/1639/1407 1430/1640/1408 1431/1641/1409
f 1432/1642/1410 1434/1643/1411 1435/1644/1412
f 1436/1645/1413 1437/1646/1414 1438/1647/1415
f 1414/1628/1396 1440/1648/1416 1415/1629/1397
f 1441/1649/1417 1443/1650/1418 1444/1651/1419
f 1445/1652/1420 1447/1653/1421 1448/1654/1422
f 1449/1655/1423 1451/1656/1424 1452/1657/1425
f 1453/1658/1426 1455/1659/1427 1456/1660/1428
f 1457/1661/1429 1459/1662/1430 1460/1663/1431
f 1427/1638/1406 1463/1664/1432 1464/1665/1433
f 1465/1666/1434 1467/1667/1435 1468/1668/1436
f 1469/1669/1437 1471/1670/1438 1472/1671/1439
f 1473/1672/1440 1475/1673/1441 1476/1674/1442
f 1477/1675/1443 1479/1676/1444 1480/1677/1445
f 1481/1678/1446 1483/1679/1447 1484/1680/1448
f 1464/1665/1433 1485/1681/1449 1486/1682/1450
f 1487/1683/1451 1489/1684/1452 1490/1685/1453
f 1459/1662/1430 1491/1686/1454 1492/1687/1455
f 1493/1688/1456 1495/1689/1457 1496/1690/1458
f 1497/1691/1459 1499/1692/1460 1500/1693/1461
f 1501/1694/1462 1503/1695/1463 1504/1696/1464
f 1505/1697/1465 1507/1698/1466 1508/1699/1467
f 1509/1700/1468 1510/1701/1469 1511/1702/1470
f 1422/1634/1402 1513/1703/1471 1514/1704/1472
f 1515/1705/1473 1517/1706/1474 1518/1707/1475
f 1519/1708/1476 1521/1709/1477 1522/1710/1478
f 1523/1711/1479 1427/1638/1406 1441/1649/1417
f 1524/1712/1480 1526/1713/1481 1527/1714/1482
f 1528/1715/1483 1530/1716/1484 1531/1717/1485
f 1532/1718/1486 1534/1719/1487 1535/1720/1488
f 1536/1721/1489 1538/1722/1490 1539/1723/1491
f 1540/1724/1492 1541/1725/1493 1542/1726/1494
f 1543/1727/1495 1545/1728/1496 1546/1729/1497
f 1547/1730/1498 1549/1731/1499 1550/1732/1500
f 1552/1733/1501 1484/1680/1448 1553/1734/1502
f 1554/1735/1503 1556/1736/1504 1557/1737/1505
f 1558/1738/1506 1560/1739/1507 1561/1740/1508
f 1562/1741/1509 1563/1742/1510 1564/1743/1511
f 1565/1744/1512 1567/1745/1513 1568/1746/1514
f 1569/1747/1515 1571/1748/1516 1572/1749/1517
f 1573/1750/1518 1574/1751/1519 1575/1752/1520
f 1429/1753/1521 1576/1754/1522 1577/1755/1523
f 1495/1689/1457 1580/1756/1524 1581/1757/1525
f 1582/1758/1526 1584/1759/1527 1585/1760/1528
f 1586/1761/1529 1588/1762/1530 1589/1763/1531
f 1590/1764/1532 1592/1765/1533 1593/1766/1534
f 1588/1762/1530 1594/1767/1535 1595/1768/1536
f 1533/1769/1537 1597/1770/1538 1598/1771/1539
f 1599/1772/1540 1601/1773/1541 1602/1774/1542
f 1530/1716/1484 1455/1659/1427 1603/1775/1543
f 1439/1776/1544 1605/1777/1545 1606/1778/1546
f 1506/1779/1547 1608/1780/1548 1609/1781/1549
f 1610/1782/1550 1612/1783/1551 1613/1784/1552
f 1614/1785/1553 1616/1786/1554 1617/1787/1555
f 1451/1656/1424 1619/1788/1556 1620/1789/1557
f 1621/1790/1558 1623/1791/1559 1624/1792/1560
f 1625/1793/1561 1627/1794/1562 1628/1795/1563
f 1629/1796/1564 1630/1797/1565 1631/1798/1566
f 1632/1799/1567 1633/1800/1568 1634/1801/1569
f 1445/1652/1420 1636/1802/1570 1637/1803/1571
f 1481/1678/1446 1638/1804/1572 1639/1805/1573
f 1640/1806/1574 1642/1807/1575 1643/1808/1576
f 1646/1809/1577 1508/1699/1467 1507/1698/1466
f 1647/1810/1578 1649/1811/1579 1650/1812/1580
f 1542/1726/1494 1651/1813/1581 1652/1814/1582
f 1653/1815/1583 1654/1816/1584 1655/1817/1585
f 1541/1725/1493 1656/1818/1586 1657/1819/1587
f 1658/1820/1588 1659/1821/1589 1660/1822/1590
f 1632/1799/1567 1661/1823/1591 1662/1824/1592
f 1622/1825/1593 1581/1757/1525 1623/1791/1559
f 1663/1826/1594 1665/1827/1595 1666/1828/1596
f 1667/1829/1597 1669/1830/1598 1670/1831/1599
f 1671/1832/1600 1673/1833/1601 1674/1834/1602
f 1675/1835/1603 1677/1836/1604 1678/1837/1605
f 1532/1838/1486 1679/1839/1606 1680/1840/1607
f 1683/1841/1608 1685/1842/1609 1686/1843/1610
f 1503/1695/1463 1688/1844/1611 1689/1845/1612
f 1646/1809/1577 1690/1846/1613 1691/1847/1614
f 1502/1848/1615 1687/1849/1616 1503/1695/1463
f 1693/1850/1617 1695/1851/1618 1696/1852/1619
f 1697/1853/1620 1698/1854/1621 1699/1855/1622
f 1700/1856/1623 1521/1709/1477 1520/1857/1624
f 1701/1858/1625 1702/1859/1626 1703/1860/1627
f 1704/1861/1628 1706/1862/1629 1707/1863/1630
f 1555/1864/1631 1624/1792/1560 1623/1791/1559
f 1570/1865/1632 1711/1866/1633 1571/1748/1516
f 1664/1867/1634 1713/1868/1635 1665/1827/1595
f 1540/1724/1492 1652/1814/1582 1714/1869/1636
f 1715/1870/1637 1717/1871/1638 1718/1872/1639
f 1584/1759/1527 1704/1861/1628 1719/1873/1640
f 1615/1874/1641 1720/1875/1642 1721/1876/1643
f 1421/1877/1644 1722/1878/1645 1723/1879/1646
f 1552/1733/1501 1725/1880/1647 1638/1804/1572
f 1726/1881/1648 1728/1882/1649 1729/1883/1650
f 1730/1884/1651 1731/1885/1652 1732/1886/1653
f 1447/1887/1421 1733/1888/1654 1546/1729/1497
f 1699/1855/1622 1735/1889/1655 1736/1890/1656
f 1651/1891/1581 1738/1892/1657 1739/1893/1658
f 1439/1776/1544 1740/1894/1659 1440/1648/1416
f 1428/1895/1407 1541/1725/1493 1576/1896/1522
f 1449/1655/1423 1742/1897/1660 1450/1898/1661
f 1627/1794/1562 1744/1899/1662 1628/1795/1563
f 1558/1738/1506 1746/1900/1663 1559/1901/1664
f 1545/1902/1496 1747/1903/1665 1748/1904/1666
f 1477/1675/1443 1490/1685/1453 1489/1684/1452
f 1532/1718/1486 1596/1905/1667 1533/1769/1537
f 1450/1898/1661 1735/1906/1655 1750/1907/1668
f 1641/1908/1669 1751/1909/1670 1642/1910/1575
f 1423/1635/1403 1514/1704/1472 1437/1646/1414
f 1752/1911/1671 1754/1912/1672 1755/1913/1673
f 1612/1783/1551 1756/1914/1674 1757/1915/1675
f 1524/1712/1480 1759/1916/1676 1525/1917/1677
f 1760/1918/1678 1635/1919/1679 1761/1920/1680
f 1548/1921/1681 1763/1922/1682 1549/1731/1499
f 1685/1842/1609 1765/1923/1683 1686/1843/1610
f 1766/1924/1684 1768/1925/1685 1769/1926/1686
f 1421/1877/1644 1771/1927/1687 1772/1928/1688
f 1773/1929/1689 1775/1930/1690 1776/1931/1691
f 1422/1634/1402 1772/1928/1688 1512/1932/1692
f 1555/1864/1631 1778/1933/1693 1556/1736/1504
f 1468/1668/1436 1779/1934/1694 1780/1935/1695
f 1781/1936/1696 1783/1937/1697 1784/1938/1698
f 1474/1939/1699 1771/1927/1687 1770/1940/1700
f 1749/1941/1701 1680/1840/1607 1616/1786/1554
f 1785/1942/1702 1787/1943/1703 1788/1944/1704
f 1789/1945/1705 1791/1946/1706 1792/1947/1707
f 1793/1948/1708 1721/1876/1643 1794/1949/1709
f 1565/1744/1512 1795/1950/1710 1796/1951/1711
f 1797/1952/1712 1498/1953/1713 1497/1691/1459
f 1674/1834/1602 1800/1954/1714 1671/1832/1600
f 1802/1955/1715 1804/1956/1716 1805/1957/1717
f 1732/1886/1653 1807/1958/1718 1730/1884/1651
f 1642/1910/1575 1743/1959/1719 1773/1960/1689
f 1592/1765/1533 1808/1961/1720 1702/1859/1626
f 1809/1962/1721 1811/1963/1722 1812/1964/1723
f 1526/1713/1481 1814/1965/1724 1527/1714/1482
f 1815/1966/1725 1817/1967/1726 1818/1968/1727
f 1819/1969/1728 1580/1756/1524 1820/1970/1729
f 1426/1637/1405 1632/1799/1567 1821/1971/1730
f 1822/1972/1731 1711/1866/1633 1736/1890/1656
f 1823/1973/1732 1824/1974/1733 1825/1975/1734
f 1438/1647/1415 1826/1976/1735 1827/1977/1736
f 1828/1978/1737 1803/1979/1738 1802/1955/1715
f 1647/1810/1578 1829/1980/1739 1830/1981/1740
f 1433/1982/1741 1832/1983/1742 1434/1643/1411
f 1567/1745/1513 1833/1984/1743 1834/1985/1744
f 1835/1986/1745 1837/1987/1746 1838/1988/1747
f 1706/1862/1629 1770/1940/1700 1841/1989/1748
f 1842/1990/1749 1844/1991/1750 1845/1992/1751
f 1846/1993/1752 1848/1994/1753 1849/1995/1754
f 1516/1996/1755 1585/1760/1528 1851/1997/1756
f 1850/1998/1757 1852/1999/1758 1853/2000/1759
f 1854/2001/1760 1856/2002/1761 1857/2003/1762
f 1781/1936/1696 1784/1938/1698 1858/2004/1763
f 1859/2005/1764 1748/1904/1666 1860/2006/1765
f 1585/1760/1528 1861/2007/1766 1582/1758/1526
f 1426/1637/1405 1862/2008/1767 1463/1664/1432
f 1726/1881/1648 1839/2009/1768 1863/2010/1769
f 1864/2011/1770 1865/2012/1771 1830/1981/1740
f 1866/2013/1772 1593/1766/1534 1867/2014/1773
f 1855/2015/1774 1868/2016/1775 1869/2017/1776
f 1674/1834/1602 1870/2018/1777 1871/2019/1778
f 1502/1848/1615 1525/1917/1677 1759/1916/1676
f 1743/1959/1719 1774/2020/1779 1773/1960/1689
f 1872/2021/1780 1873/2022/1781 1874/2023/1782
f 1463/1664/1432 1875/2024/1783 1485/1681/1449
f 1696/1852/1619 1436/1645/1413 1438/1647/1415
f 1551/2025/1784 1877/2026/1785 1878/2027/1786
f 1792/1947/1707 1880/2028/1787 1789/1945/1705
f 1568/1746/1514 1881/2029/1788 1882/2030/1789
f 1883/2031/1790 1885/2032/1791 1886/2033/1792
f 1495/1689/1457 1887/2034/1793 1496/1690/1458
f 1723/1879/1646 1889/2035/1794 1890/2036/1795
f 1891/2037/1796 1892/2038/1797 1893/2039/1798
f 1894/2040/1799 1895/2041/1800 1896/2042/1801
f 1801/2043/1802 1898/2044/1803 1899/2045/1804
f 1900/2046/1805 1491/1686/1454 1901/2047/1806
f 1560/1739/1507 1903/2048/1807 1573/1750/1518
f 1500/1693/1461 1876/2049/1808 1551/2025/1784
f 1610/1782/1550 1904/2050/1809 1866/2013/1772
f 1421/1877/1644 1841/1989/1748 1770/1940/1700
f 1417/2051/1810 1905/2052/1811 1418/1631/1399
f 1577/1755/1523 1906/2053/1812 1907/2054/1813
f 1602/2055/1542 1794/1949/1709 1908/2056/1814
f 1909/2057/1815 1911/2058/1816 1912/2059/1817
f 1556/1736/1504 1760/1918/1678 1557/1737/1505
f 1449/1655/1423 1824/1974/1733 1741/2060/1818
f 1668/2061/1819 1798/2062/1820 1856/2002/1761
f 1913/2063/1821 1914/2064/1822 1915/2065/1823
f 1916/2066/1824 1909/2067/1815 1912/2068/1817
f 1509/1700/1468 1540/1724/1492 1918/2069/1825
f 1476/1674/1442 1583/2070/1826 1919/2071/1827
f 1825/1975/1734 1920/2072/1828 1823/1973/1732
f 1762/2073/1829 1922/2074/1830 1763/1922/1682
f 1646/1809/1577 1923/2075/1831 1924/2076/1832
f 1444/1651/1419 1925/2077/1833 1630/1797/1565
f 1926/2078/1834 1927/2079/1835 1928/2080/1836
f 1485/1681/1449 1929/2081/1837 1930/2082/1838
f 1589/1763/1531 1896/2042/1801 1931/2083/1839
f 1857/2003/1762 1932/2084/1840 1933/2085/1841
f 1415/1629/1397 1687/1849/1616 1412/1627/1395
f 1692/2086/1842 1412/1627/1395 1687/1849/1616
f 1859/2087/1764 1546/1729/1497 1545/1728/1496
f 1622/1825/1593 1934/2088/1843 1887/2034/1793
f 1488/2089/1844 1924/2076/1832 1489/1684/1452
f 1435/1644/1412 1935/2090/1845 1936/2091/1846
f 1590/1764/1532 1938/2092/1847 1591/2093/1848
f 1792/2094/1707 1812/1964/1723 1879/2095/1849
f 1881/2029/1788 1941/2096/1850 1942/2097/1851
f 1419/1632/1400 1774/2098/1779 1416/1630/1398
f 1868/2016/1775 1944/2099/1852 1945/2100/1853
f 1946/2101/1854 1948/2102/1855 1949/2103/1856
f 1874/2023/1782 1464/1665/1433 1486/1682/1450
f 1487/1683/1451 1508/1699/1467 1488/2089/1844
f 1416/2104/1398 1816/2105/1857 1417/2106/1810
f 1510/2107/1469 1951/2108/1858 1952/2109/1859
f 1953/2110/1860 1955/2111/1861 1956/2112/1862
f 1420/1633/1401 1958/2113/1863 1722/1878/1645
f 1959/2114/1864 1816/2105/1857 1815/1966/1725
f 1921/2115/1865 1953/2110/1860 1922/2116/1830
f 1959/2114/1864 1527/1714/1482 1536/1721/1489
f 1673/1833/1601 1901/2047/1806 1870/2018/1777
f 1961/2117/1866 1963/2118/1867 1835/1986/1745
f 1915/2065/1823 1964/2119/1868 1913/2063/1821
f 1510/1701/1469 1965/2120/1869 1511/1702/1470
f 1889/2035/1794 1805/1957/1717 1966/2121/1870
f 1831/2122/1871 1941/2096/1850 1967/2123/1872
f 1756/1914/1674 1969/2124/1873 1970/2125/1874
f 1971/2126/1875 1972/2127/1876 1973/2128/1877
f 1530/1716/1484 1920/2072/1828 1531/1717/1485
f 1664/1867/1634 1659/1821/1589 1712/2129/1878
f 1839/2009/1768 1975/2130/1879 1840/2131/1880
f 1976/2132/1881 1682/2133/1882 1681/2134/1883
f 1714/1869/1636 1978/2135/1884 1979/2136/1885
f 1559/1901/1664 1902/2137/1886 1560/1739/1507
f 1980/2138/1887 570/498/477 569/1625/1393
f 1732/1886/1653 1964/2119/1868 1806/2139/1888
f 1454/2140/1889 1775/1930/1690 1455/1659/1427
f 1547/1730/1498 1983/2141/1890 1984/2142/1891
f 1620/1789/1557 1986/2143/1892 1987/2144/1893
f 1468/1668/1436 1906/2145/1812 1657/1819/1587
f 1820/1970/1729 1843/2146/1894 1988/2147/1895
f 1571/1748/1516 1914/2064/1822 1572/1749/1517
f 1895/2041/1800 1931/2083/1839 1896/2042/1801
f 1553/1734/1502 1631/1798/1566 1989/2148/1896
f 1821/1971/1730 1662/1824/1592 1971/2149/1875
f 1702/1859/1626 1990/2150/1897 1923/2151/1831
f 1828/1978/1737 1889/2035/1794 1888/2152/1898
f 1960/2153/1899 1992/2154/1900 1993/2155/1901
f 1837/1987/1746 1995/2156/1902 1838/1988/1747
f 1425/2157/1903 1891/2037/1796 1633/1800/1568
f 1637/1803/1571 1996/2158/1904 1997/2159/1905
f 1595/1768/1536 1852/1999/1758 1894/2040/1799
f 1519/1708/1476 1568/1746/1514 1520/1857/1624
f 1998/2160/1906 1999/2161/1907 1785/1942/1702
f 1584/1759/1527 1851/1997/1756 1585/1760/1528
f 1799/2162/1908 1871/2019/1778 1999/2161/1907
f 2000/2163/1909 2001/2164/1910 2002/2165/1911
f 1790/2166/1912 2004/2167/1913 1791/1946/1706
f 2005/2168/1914 2006/2169/1915 2007/2170/1916
f 2008/2171/1917 2010/2172/1918 2011/2173/1919
f 1475/1673/1441 1706/1862/1629 1705/2174/1920
f 1987/2144/1893 1563/1742/1510 1620/1789/1557
f 1664/1867/1634 2012/2175/1921 1974/2176/1922
f 1490/1685/1453 1602/1774/1542 1908/2177/1814
f 1636/1802/1570 1778/1933/1693 1637/1803/1571
f 1569/1747/1515 1913/2063/1821 1933/2085/1841
f 1761/1920/1680 2013/2178/1923 2014/2179/1924
f 1414/1628/1396 1604/2180/1925 1439/1776/1544
f 2016/2181/1926 2017/2182/1927 2018/2183/1928
f 1892/2038/1797 2020/2184/1929 1893/2039/1798
f 1611/2185/1930 1955/2111/1861 1954/2186/1931
f 1652/1814/1582 1739/2187/1658 1803/1979/1738
f 1977/2188/1932 2021/2189/1933 2022/2190/1934
f 1722/1878/1645 1888/2152/1898 1723/1879/1646
f 2023/2191/1935 2025/2192/1936 2026/2193/1937
f 1860/2006/1765 1447/1653/1421 1859/2005/1764
f 1442/2194/1938 1873/2022/1781 1443/1650/1418
f 1775/1930/1690 1603/1775/1543 1455/1659/1427
f 1453/1658/1426 2029/2195/1939 2030/2196/1940
f 1583/2070/1826 1705/2174/1920 1584/1759/1527
f 1493/1688/1456 1700/1856/1623 2031/2197/1941
f 1665/1827/1595 2033/2198/1942 1666/1828/1596
f 2018/2183/1928 2034/2199/1943 2016/2181/1926
f 1949/2200/1856 1437/1646/1414 1946/2201/1854
f 1594/2202/1535 1875/2024/1783 1862/2008/1767
f 2035/2203/1944 2037/2204/1945 2038/2205/1946
f 1413/2206/1947 2015/2207/1948 1414/1628/1396
f 1445/1652/1420 1997/2159/1905 1446/2208/1949
f 1471/1670/1438 1864/2011/1770 2039/2209/1950
f 1766/2210/1684 2040/2211/1951 2041/2212/1952
f 1486/1682/1450 1872/2021/1780 1874/2023/1782
f 1959/2114/1864 1539/1723/1491 1417/2106/1810
f 2043/2213/1953 1861/2007/1766 2044/2214/1954
f 1850/1998/1757 2044/2214/1954 1861/2007/1766
f 1819/1969/1728 2045/2215/1955 2046/2216/1956
f 1643/1808/1576 1773/1929/1689 1776/1931/1691
f 1688/1844/1611 1884/2217/1957 1689/1845/1612
f 1976/2132/1881 2047/2218/1958 2021/2189/1933
f 1684/2219/1959 1768/1925/1685 1767/2220/1960
f 1791/2221/1706 1939/2222/1961 1792/2094/1707
f 1643/1808/1576 2030/2196/1940 1640/1806/1574
f 2051/2223/1962 1491/1686/1454 1458/2224/1963
f 1516/1996/1755 1894/2040/1799 1852/1999/1758
f 1918/2069/1825 1714/1869/1636 1979/2136/1885
f 1896/2042/1801 1595/1768/1536 1894/2040/1799
f 1691/2225/1614 1655/1817/1585 1703/2226/1627
f 1782/2227/1964 1767/2220/1960 1766/1924/1684
f 1885/2032/1791 2053/2228/1965 1886/2033/1792
f 1505/1697/1465 1607/2229/1966 1506/1779/1547
f 1740/1894/1659 1746/1900/1663 1745/2230/1967
f 2054/2231/1968 2056/2232/1969 2057/2233/1970
f 1490/1685/1453 2057/2234/1970 2056/2235/1969
f 1906/2053/1812 2058/2236/1971 2059/2237/1972
f 2060/2238/1973 652/600/568 651/930/843
f 1505/1697/1465 1950/2239/1974 1698/1854/1621
f 1462/2240/1975 2063/2241/1976 1472/2242/1439
f 1944/2099/1852 1814/2243/1724 1945/2100/1853
f 2031/2197/1941 1882/2030/1789 2064/2244/1977
f 1472/2242/1439 1654/1816/1584 1469/2245/1437
f 1857/2003/1762 1982/2246/1978 1854/2001/1760
f 1611/2185/1930 1968/2247/1979 1756/1914/1674
f 1429/1753/1521 1753/2248/1980 1430/1640/1408
f 1465/1666/1434 1657/1819/1587 1656/1818/1586
f 1765/1923/1683 1810/2249/1981 1809/1962/1721
f 1892/2038/1797 1523/1711/1479 2065/2250/1982
f 2066/2251/1983 2015/2207/1948 2018/2183/1928
f 2061/2252/1984 2067/2253/1985 2068/2254/1986
f 1758/2255/1987 1818/1968/1727 2000/2163/1909
f 2069/2256/1988 661/616/580 2007/2170/1916
f 1755/1913/1673 2023/2191/1935 1752/1911/1671
f 2070/2257/1989 2072/2258/1990 2073/2259/1991
f 1717/1871/1638 2074/2260/1992 1873/2022/1781
f 1619/1788/1556 1672/2261/1993 1986/2143/1892
f 1626/2262/1994 1817/1967/1726 1816/2105/1857
f 1566/2263/1995 1796/1951/1711 1574/1751/1519
f 1881/2029/1788 2064/2244/1977 1882/2030/1789
f 2035/2203/1944 2075/2264/1996 2076/2265/1997
f 1591/2093/1848 1995/2156/1902 1808/1961/1720
f 1597/1770/1538 2041/2212/1952 1598/1771/1539
f 1805/1957/1717 2068/2254/1986 2067/2253/1985
f 1487/1683/1451 2056/2235/1969 2055/2266/1998
f 2077/2267/1999 1856/2002/1761 1798/2062/1820
f 1923/2151/1831 1703/1860/1627 1702/1859/1626
f 2078/2268/2000 1872/2021/1780 2042/2269/2001
f 1457/1661/1429 1794/1949/1709 1721/1876/1643
f 1522/1710/1478 1934/2088/1843 2080/2270/2002
f 1641/2271/1669 2032/2272/2003 1645/2273/2004
f 1836/2274/2005 1963/2118/1867 2081/2275/2006
f 1537/2276/2007 1731/1885/1652 1538/2277/1490
f 1806/2139/1888 1824/2278/1733 1807/1958/1718
f 1734/2279/2008 2008/2171/1917 2082/2280/2009
f 1781/2281/1696 2052/2282/2010 1782/2227/1964
f 1975/2130/1879 2049/2283/2011 1840/2131/1880
f 1718/1872/1639 2078/2268/2000 2083/2284/2012
f 1539/2285/1491 1730/2286/1651 1905/2052/1811
f 1860/2006/1765 1877/2287/1785 2084/2288/2013
f 1696/1852/1619 2086/2289/2014 1693/1850/1617
f 1423/1635/1403 1957/2290/2015 1420/1633/1401
f 1786/2291/2016 1999/2161/1907 1871/2019/1778
f 1635/1919/1679 1448/1654/1422 2013/2178/1923
f 1467/1667/1435 1769/2292/1686 1779/1934/1694
f 1467/1667/1435 2087/2293/2017 2040/2211/1951
f 1592/1765/1533 2088/2294/2018 1593/1766/1534
f 1520/1857/1624 1882/2030/1789 1700/1856/1623
f 2026/2193/1937 2089/2295/2019 2090/2296/2020
f 1985/2297/2021 1798/2062/1820 1797/1952/1712
f 1496/1690/1458 1522/1710/1478 1521/1709/1477
f 1729/1883/1650 2033/2198/1942 1975/2130/1879
f 1519/1708/1476 2080/2270/2002 1795/1950/1710
f 1598/1771/1539 2040/2211/1951 2087/2293/2017
f 1660/1822/1590 1751/1909/1670 1658/1820/1588
f 1958/2298/1863 2019/2299/2022 2091/2300/2023
f 2053/2228/1965 1740/1894/1659 1745/2230/1967
f 1854/2001/1760 2092/2301/2024 1943/2302/2025
f 1480/1677/1445 1858/2004/1763 1784/1938/1698
f 2051/2223/1962 1871/2019/1778 1870/2018/1777
f 1485/1681/1449 2042/2269/2001 1486/1682/1450
f 1758/2255/1987 1959/2114/1864 1815/1966/1725
f 1546/1729/1497 2093/2303/2026 1543/1727/1495
f 2094/2304/2027 1721/1876/1643 1720/1875/1642
f 2032/2272/2003 2030/2196/1940 2029/2195/1939
f 1506/1779/1547 1690/1846/1613 1507/1698/1466
f 2065/2250/1982 2019/2299/2022 1892/2038/1797
f 1433/1982/1741 1942/2097/1851 1941/2096/1850
f 1858/2305/1763 1837/1987/1746 1836/2274/2005
f 1452/1657/1425 1620/1789/1557 1563/1742/1510
f 1534/1719/1487 1598/1771/1539 2087/2293/2017
f 1869/2017/1776 1945/2100/1853 2095/2306/2028
f 1811/1963/1722 1879/2095/1849 1812/1964/1723
f 2003/2307/2029 2097/2308/2030 2004/2167/1913
f 1954/2186/1931 2098/2309/2031 1968/2247/1979
f 1618/2310/2032 1991/2311/2033 1619/1788/1556
f 1502/1848/1615 2016/2181/1926 1692/2086/1842
f 2070/2257/1989 2021/2189/1933 2071/2312/2034
f 1418/1631/1399 1823/1973/1732 1920/2072/1828
f 1569/1747/1515 2100/2313/2035 1570/1865/1632
f 1460/1663/1431 1908/2056/1814 1794/1949/1709
f 2101/2314/2036 1799/2162/1908 1998/2160/1906
f 1639/1805/1573 2036/2315/2037 1951/2108/1858
f 1675/2316/1603 1803/1979/1738 1739/2187/1658
f 1699/1855/1622 2009/2317/2038 1734/2318/2008
f 1690/1846/1613 1653/2319/1583 1691/1847/1614
f 2102/2320/2039 1769/1926/1686 1768/1925/1685
f 1984/2142/1891 2103/2321/2040 696/993/902
f 1483/2322/1447 1979/2136/1885 2104/2323/2041
f 1470/2324/2042 1608/1780/1548 1864/2011/1770
f 1782/2325/1964 2041/2212/1952 1783/1937/1697
f 2017/2182/1927 2002/2165/1911 2105/2326/2043
f 2104/2323/2041 1978/2135/1884 2106/2327/2044
f 1901/2047/1806 1993/2155/1901 1900/2046/1805
f 2004/2328/1913 2107/2329/2045 2108/2330/2046
f 1791/2221/1706 2108/2330/2046 2048/2331/2047
f 1415/1629/1397 1885/2032/1791 1688/1844/1611
f 2018/2183/1928 2105/2326/2043 2066/2251/1983
f 1786/2291/2016 2094/2304/2027 1787/1943/1703
f 1676/2332/2048 1739/1893/1658 1738/1892/1657
f 1937/2333/2049 1866/2013/1772 1904/2050/1809
f 2110/2334/2050 704/697/637 2111/2335/2051
f 1587/2336/2052 1929/2081/1837 1875/2024/1783
f 1722/1878/1645 2106/2327/2044 1978/2135/1884
f 1600/2337/2053 1749/2338/1701 1601/1773/1541
f 1452/1657/1425 1529/2339/2054 1528/1715/1483
f 1695/1851/1618 1849/2340/1754 1848/2341/1753
f 2051/2223/1962 1457/1661/1429 2094/2304/2027
f 2007/2170/1916 1928/2080/1836 1927/2079/1835
f 1833/1984/1743 1573/1750/1518 1903/2048/1807
f 1597/1770/1538 1600/2337/2053 1599/1772/1540
f 1602/1774/1542 1784/1938/1698 1599/1772/1540
f 1919/2071/1827 1582/1758/1526 2043/2213/1953
f 1777/2342/2055 2046/2216/1956 2113/2343/2056
f 1454/2140/1889 2030/2196/1940 1776/1931/1691
f 1482/2344/2057 1918/2069/1825 1483/2322/1447
f 1808/1961/1720 1994/2345/2058 1990/2150/1897
f 1925/2077/1833 1873/2022/1781 2074/2260/1992
f 1698/1854/1621 2010/2346/1918 2009/2317/2038
f 1491/1686/1454 1870/2018/1777 1901/2047/1806
f 2012/2175/1921 1936/2091/1846 1935/2090/1845
f 1714/1869/1636 1828/1978/1737 1888/2152/1898
f 1419/1632/1400 1920/2072/1828 1603/1775/1543
f 1949/2103/1856 2114/2347/2059 1957/2348/2015
f 1741/2349/1818 1915/2065/1823 1914/2064/1822
f 1478/2350/2060 1990/2150/1897 1994/2345/2058
f 1781/2281/1696 1836/2274/2005 2081/2275/2006
f 1822/1972/1731 1741/2349/1818 1914/2064/1822
f 1594/2202/1535 1821/1971/1730 1971/2149/1875
f 1593/1766/1534 2115/2351/2061 1867/2014/1773
f 1459/1662/1430 2057/2233/1970 1460/1663/1431
f 2116/2352/2062 2093/2303/2026 1733/1888/1654
f 1777/2342/2055 1623/1791/1559 1581/1757/1525
f 1494/2353/2063 1843/2146/1894 1580/1756/1524
f 1648/2354/2064 2100/2313/2035 2099/2355/2065
f 2079/2356/2066 1726/1881/1648 1863/2010/1769
f 1416/2104/1398 1627/1794/1562 1626/2262/1994
f 1713/1868/1635 2050/2357/2067 2049/2283/2011
f 1478/2358/2060 1924/2076/1832 1923/2075/1831
f 1536/1721/1489 1814/1965/1724 1537/2359/2007
f 2087/2293/2017 1965/2120/1869 1534/1719/1487
f 1427/1638/1406 1442/2194/1938 1441/1649/1417
f 1478/2350/2060 1837/1987/1746 1479/2360/1444
f 1451/1656/1424 1450/1898/1661 1618/2310/2032
f 1778/1933/1693 2113/2343/2056 1996/2158/1904
f 2011/2173/1919 2055/2361/1998 2054/2231/1968
f 1940/2362/2068 1967/2123/1872 1941/2096/1850
f 1601/2363/1541 1616/1786/1554 1615/1874/1641
f 1658/1820/1588 1645/2364/2004 1644/2365/2069
f 1907/2054/1813 2097/2366/2030 1577/1755/1523
f 2028/2367/2070 1456/1660/1428 2119/2368/2071
f 1756/1914/1674 2120/2369/2072 1757/1915/1675
f 1437/1646/1414 1826/1976/1735 1438/1647/1415
f 1560/1739/1507 1575/1752/1520 1561/1740/1508
f 1482/2370/2057 1639/1805/1573 1510/2107/1469
f 1487/1683/1451 2010/2346/1918 1950/2239/1974
f 1748/1904/1666 1878/2371/1786 1860/2006/1765
f 1780/2372/1695 2102/2320/2039 2058/2236/1971
f 1559/1901/1664 1606/1778/1546 1605/1777/1545
f 1529/2339/2054 1456/1660/1428 1530/1716/1484
f 1880/2028/1787 2096/2373/2073 2121/2374/2074
f 1673/1833/1601 1991/2311/2033 1960/2153/1899
f 1905/2052/1811 1807/2375/1718 1823/1973/1732
f 1867/2014/1773 1956/2112/1862 1955/2111/1861
f 2034/2199/1943 1692/2086/1842 2016/2181/1926
f 1670/1831/1599 1917/2376/2075 1916/2066/1824
f 1681/2134/1883 1899/2045/1804 1976/2132/1881
f 1662/2377/1592 2122/2378/2076 1972/2127/1876
f 1609/1781/1549 1469/1669/1437 1653/2319/1583
f 1897/2379/2077 2123/2380/2078 1898/2044/1803
f 2124/2381/2079 1974/2176/1922 2126/2382/2080
f 1783/1937/1697 1599/1772/1540 1784/1938/1698
f 1511/1702/1470 1656/1818/1586 1509/1700/1468
f 1754/2383/1672 1577/1755/1523 2097/2366/2030
f 1449/1655/1423 1528/1715/1483 1825/1975/1734
f 1651/1891/1581 1431/1641/1409 1737/2384/2081
f 1732/1886/1653 2092/2301/2024 1982/2246/1978
f 1758/2255/1987 2017/2182/1927 1759/1916/1676
f 1814/2243/1724 2095/2306/2028 1945/2100/1853
f 1853/2000/1759 2122/2378/2076 2044/2214/1954
f 2019/2299/2022 2114/2347/2059 2020/2184/1929
f 2007/2170/1916 1518/1707/1475 2069/2256/1988
f 1534/1719/1487 1952/2385/1859 1535/1720/1488
f 1466/2386/2082 1511/1702/1470 1965/2120/1869
f 1644/2365/2069 1712/2129/1878 1659/1821/1589
f 1764/2387/2083 2128/2388/2084 1810/2249/1981
f 2042/2269/2001 2129/2389/2085 2078/2268/2000
f 1515/1705/1473 1927/2079/1835 1895/2041/1800
f 1638/1804/1572 2037/2204/1945 2036/2315/2037
f 1570/1865/1632 1865/2012/1771 1710/2390/2086
f 1868/2016/1775 1854/2001/1760 1943/2302/2025
f 1744/1899/1662 2125/2391/2087 2124/2381/2079
f 1552/1733/1501 1989/2148/1896 1724/2392/2088
f 2054/2231/1968 1492/1687/1455 2011/2173/1919
f 1679/1839/1606 1952/2109/1859 1951/2108/1858
f 1881/2029/1788 1834/1985/1744 1940/2362/2068
f 1825/1975/1734 1528/1715/1483 1531/1717/1485
f 2089/2295/2019 725/752/680 2090/2296/2020
f 1964/2119/1868 1933/2085/1841 1913/2063/1821
f 1731/1885/1652 1943/2302/2025 2092/2301/2024
f 1853/2000/1759 1973/2128/1877 1972/2127/1876
f 1595/1768/1536 1971/2126/1875 1973/2128/1877
f 1576/1896/1522 1657/1819/1587 1906/2145/1812
f 1846/1993/1752 1946/2101/1854 1847/2393/2089
f 1446/2394/1949 2116/2352/2062 1733/1888/1654
f 1665/1827/1595 1713/1868/1635 1975/2130/1879
f 1602/2055/1542 1615/1874/1641 1793/1948/1708
f 1834/1985/1744 1833/1984/1743 1967/2123/1872
f 2132/2395/2090 2012/2175/1921 1935/2090/1845
f 2132/2395/2090 1434/1643/1411 1832/1983/1742
f 1659/1821/1589 2125/2391/2087 1660/1822/1590
f 2125/2391/2087 1743/1959/1719 1660/1822/1590
f 1974/2176/1922 2133/2396/2091 2126/2382/2080
f 1628/1795/1563 2135/2397/2092 1625/1793/1561
f 1744/1899/1662 2134/2398/2093 1628/1795/1563
f 1818/1968/1727 2137/2399/2094 2001/2164/1910
f 1832/1983/1742 2138/2400/2095 2139/2401/2096
f 2126/2382/2080 2140/2402/2097 2141/2403/2098
f 1831/2122/1871 2142/2404/2099 2138/2400/2095
f 1817/1967/1726 2135/2397/2092 2137/2399/2094
f 2126/2382/2080 2143/2405/2100 2124/2381/2079
f 2124/2381/2079 2136/2406/2101 1744/1899/1662
f 2144/2407/2102 1967/2123/1872 1833/1984/1743
f 2132/2395/2090 2140/2402/2097 2133/2396/2091
f 2132/2395/2090 2139/2401/2096 2145/2408/2103
f 1833/1984/1743 1903/2048/1807 2144/2407/2102
f 1605/1777/1545 2146/2409/2104 2147/2410/2105
f 2148/2411/2106 1903/2048/1807 1902/2137/1886
f 1902/2137/1886 2147/2410/2105 2148/2411/2106
f 2002/2165/1911 2150/2412/2107 2151/2413/2108
f 1604/2180/1925 2152/2414/2109 2146/2409/2104
f 2105/2326/2043 2151/2413/2108 2153/2415/2110
f 2066/2251/1983 2153/2415/2110 2152/2414/2109
f 2134/2398/2093 2155/2416/2111 2135/2397/2092
f 2136/2406/2101 2154/2417/2112 2134/2398/2093
f 2001/2164/1910 2157/2418/2113 2150/2412/2107
f 2138/2400/2095 2159/2419/2114 2139/2401/2096
f 2140/2402/2097 2161/2420/2115 2141/2403/2098
f 2162/2421/2116 2138/2400/2095 2142/2404/2099
f 2137/2399/2094 2155/2416/2111 2157/2418/2113
f 2141/2403/2098 2163/2422/2117 2143/2405/2100
f 2143/2405/2100 2156/2423/2118 2136/2406/2101
f 2142/2404/2099 2164/2424/2119 2162/2421/2116
f 2165/2425/2120 2140/2402/2097 2145/2408/2103
f 2159/2419/2114 2145/2408/2103 2139/2401/2096
f 2144/2407/2102 2149/2426/2121 2164/2424/2119
f 1689/1845/1612 2167/2427/2122 1503/1695/1463
f 1884/2217/1957 2168/2428/2123 2169/2429/2124
f 1689/1845/1612 2169/2429/2124 2166/2430/2125
f 2166/2430/2125 2171/2431/2126 2167/2427/2122
f 2169/2429/2124 2172/2432/2127 2173/2433/2128
f 2166/2430/2125 2173/2433/2128 2170/2434/2129
f 2170/2434/2129 1448/1654/1422 2171/2431/2126
f 2173/2433/2128 2014/2179/1924 2013/2178/1923
f 2173/2433/2128 2013/2178/1923 2170/2434/2129
f 1504/1696/1464 2174/2435/2130 1911/2058/1816
f 2174/2435/2130 2084/2288/2013 1911/2058/1816
f 2175/2436/2131 2176/2437/2132 2084/2288/2013
f 2027/2438/2133 1448/1654/1422 1447/1653/1421
f 1860/2006/1765 2176/2437/2132 2027/2438/2133
f 2084/2288/2013 1912/2059/1817 1911/2058/1816
f 1912/2068/1817 1876/2049/1808 1916/2066/1824
f 1916/2066/1824 1499/1692/1460 1670/1831/1599
f 1670/1831/1599 1498/1953/1713 1667/1829/1597
f 1498/1953/1713 1798/2062/1820 1667/1829/1597
f 1910/2439/2134 1813/2440/2135 1526/1713/1481
f 1813/2441/2135 1917/2376/2075 2095/2306/2028
f 2095/2306/2028 1669/1830/1598 1869/2017/1776
f 1869/2017/1776 1668/2061/1819 1855/2015/1774
f 1668/2061/1819 1856/2002/1761 1855/2015/1774
f 1504/1696/1464 1910/2439/2134 1501/1694/1462
f 1525/1917/1677 1910/2439/2134 1526/1713/1481
f 1997/2442/1905 2177/2443/2136 2116/2352/2062
f 2046/2444/1956 2178/2445/2137 2179/2446/2138
f 2113/2447/2056 2179/2446/2138 2180/2448/2139
f 1996/2449/1904 2180/2448/2139 2177/2443/2136
f 2179/2446/2138 2181/2450/2140 2182/2451/2141
f 2180/2448/2139 2182/2451/2141 2183/2452/2142
f 2177/2443/2136 2183/2452/2142 2184/2453/2143
f 2116/2352/2062 2184/2453/2143 2117/2454/2144
f 2047/2218/1958 2186/2455/2145 2021/2189/1933
f 1988/2147/1895 2185/2456/2146 2187/2457/2147
f 1988/2147/1895 1842/1990/1749 2186/2455/2145
f 2071/2312/2034 1845/1992/1751 2072/2258/1990
f 2071/2312/2034 2186/2455/2145 1842/1990/1749
f 2187/2457/2147 1820/1970/1729 1988/2147/1895
f 1899/2045/1804 2188/2458/2148 2047/2218/1958
f 2047/2218/1958 2189/2459/2149 2185/2456/2146
f 2187/2457/2147 2189/2459/2149 2045/2215/1955
f 2123/2460/2078 2191/2461/2150 1898/2462/1803
f 1898/2462/1803 2192/2463/2151 2188/2464/2148
f 2188/2464/2148 2193/2465/2152 2189/2466/2149
f 2045/2467/1955 2193/2465/2152 2178/2445/2137
f 2190/2468/2153 2194/2469/2154 2191/2461/2150
f 2191/2461/2150 2195/2470/2155 2192/2463/2151
f 2193/2465/2152 2195/2470/2155 2196/2471/2156
f 2178/2445/2137 2196/2471/2156 2181/2450/2140
f 1564/1743/1511 2200/2472/2157 1562/1741/1509
f 1671/1832/1600 2202/2473/2158 1672/2261/1993
f 1671/1832/1600 2203/2474/2159 2201/2475/2160
f 1986/2143/1892 2205/2476/2161 1987/2144/1893
f 1564/1743/1511 2205/2476/2161 2199/2477/2162
f 1672/2261/1993 2204/2478/2163 1986/2143/1892
f 1800/1954/1714 2206/2479/2164 2203/2474/2159
f 1562/1741/1509 2119/2368/2071 1456/1660/1428
s 3
f 2208/2480/2165 2207/2481/2166 2209/2482/2167
s 1
f 1610/1782/1550 1867/2014/1773 1955/2111/1861
f 2098/2309/2031 1969/2124/1873 1968/2247/1979
f 1969/2124/1873 2219/2483/2168 1970/2125/1874
f 1970/2125/1874 2220/2484/2169 2120/2369/2072
f 2217/2485/2170 2218/2486/2171 1969/2124/1873
f 2218/2486/2171 2128/2388/2084 2219/2483/2168
f 2219/2483/2168 2127/2487/2172 2220/2484/2169
f 2221/2488/2173 2222/2489/2174 2218/2486/2171
f 1977/2188/1932 2079/2356/2066 1682/2133/1882
f 2224/2490/2175 1977/2188/1932 2022/2190/1934
f 2118/2491/2176 1727/2492/2177 1726/1881/1648
f 2022/2190/1934 2070/2257/1989 2224/2490/2175
f 2224/2490/2175 2070/2257/1989 2073/2259/1991
s 4
f 2197/2493/2178 2225/2494/2179 2198/2495/2180
s 1
f 1718/1872/1639 2227/2496/2181 1715/1870/1637
f 2083/2284/2012 2226/2497/2182 1718/1872/1639
f 1631/1798/1566 2229/2498/2183 2230/2499/2184
f 1716/2500/2185 2231/2501/2186 2232/2502/2187
f 1724/2392/2088 2234/2503/2188 1725/1880/1647
f 1630/1797/1565 2235/2504/2189 2229/2498/2183
f 1989/2148/1896 2230/2499/2184 2236/2505/2190
f 2037/2204/1945 2238/2506/2191 2038/2205/1946
f 2074/2260/1992 2232/2502/2187 2239/2507/2192
f 2038/2205/1946 2240/2508/2193 2075/2264/1996
f 1925/2077/1833 2239/2507/2192 2235/2504/2189
f 1725/1880/1647 2237/2509/2194 2037/2204/1945
f 1989/2148/1896 2233/2510/2195 1724/2392/2088
f 1715/1870/1637 2241/2511/2196 2231/2501/2186
f 1998/2160/1906 2243/2512/2197 2101/2314/2036
f 1785/1942/1702 2242/2513/2198 1998/2160/1906
f 2101/2314/2036 2245/2514/2199 2206/2479/2164
f 1617/1787/1555 2247/2515/2200 1614/1785/1553
f 1614/1785/1553 2248/2516/2201 1720/1875/1642
f 1720/1875/1642 1787/1943/1703 2094/2304/2027
f 2246/2517/2202 2250/2518/2203 2247/2515/2200
f 2247/2515/2200 2251/2519/2204 2248/2516/2201
f 2248/2516/2201 1788/1944/1704 1787/1943/1703
f 1951/2108/1858 2252/2520/2205 1679/1839/1606
f 1679/1839/1606 2253/2521/2206 1680/1840/1607
f 1680/1840/1607 1617/1787/1555 1616/1786/1554
f 2036/2315/2037 2254/2522/2207 2252/2520/2205
f 2252/2520/2205 2255/2523/2208 2253/2521/2206
f 2253/2521/2206 2246/2517/2202 1617/1787/1555
f 2035/2203/1944 2256/2524/2209 2254/2522/2207
f 2254/2522/2207 2257/2525/2210 2255/2523/2208
f 2255/2523/2208 2249/2526/2211 2246/2517/2202
f 1483/1679/1447 2258/2527/2212 1484/1680/1448
f 2104/2528/2041 2259/2529/2213 2258/2527/2212
f 1958/2298/1863 2259/2529/2213 2106/2530/2044
f 2259/2529/2213 2261/2531/2214 2258/2527/2212
f 2091/2300/2023 2260/2532/2215 2259/2529/2213
f 2262/2533/2216 2258/2527/2212 2261/2531/2214
f 2261/2531/2214 2263/2534/2217 2262/2533/2216
f 2065/2250/1982 2263/2534/2217 2260/2532/2215
f 2262/2533/2216 1553/1734/1502 1484/1680/1448
f 2263/2534/2217 2264/2535/2218 2262/2533/2216
f 1523/1711/1479 2265/2536/2219 2263/2534/2217
f 2264/2535/2218 1629/1796/1564 1553/1734/1502
f 2265/2536/2219 1444/1651/1419 1629/1796/1564
f 1946/2201/1854 1436/1645/1413 1847/2537/2089
f 1436/1645/1413 1848/2341/1753 1847/2537/2089
f 1826/1976/1735 1513/1703/1471 2266/2538/2220
f 1706/1862/1629 2267/2539/2221 1707/1863/1630
f 1723/1879/1646 2267/2539/2221 1841/1989/1748
f 1704/1861/1628 2268/2540/2222 2269/2541/2223
f 1719/1873/1640 2269/2541/2223 2270/2542/2224
f 1516/1996/1755 2271/2543/2225 1517/1706/1474
f 1890/2036/1795 1966/2121/1870 2272/2544/2226
f 1851/1997/1756 2270/2542/2224 2271/2543/2225
f 1707/1863/1630 2273/2545/2227 2268/2540/2222
f 1890/2036/1795 2273/2545/2227 2267/2539/2221
f 1966/2121/1870 2067/2253/1985 2274/2546/2228
f 2269/2541/2223 2275/2547/2229 2276/2548/2230
f 2270/2542/2224 2276/2548/2230 2277/2549/2231
f 2271/2543/2225 2278/2550/2232 1517/1706/1474
f 2272/2544/2226 2274/2546/2228 2279/2551/2233
f 2271/2543/2225 2277/2549/2231 2278/2550/2232
f 2268/2540/2222 2280/2552/2234 2275/2547/2229
f 2273/2545/2227 2279/2551/2233 2280/2552/2234
f 1518/1707/1475 2281/2553/2235 2069/2256/1988
f 2274/2546/2228 2060/2238/1973 2282/2554/2236
f 2276/2548/2230 2283/2555/2237 2284/2556/2238
f 2277/2549/2231 2284/2556/2238 2285/2557/2239
f 1517/1706/1474 2286/2558/2240 2281/2553/2235
f 2279/2551/2233 2282/2554/2236 2287/2559/2241
f 2278/2550/2232 2285/2557/2239 2286/2558/2240
f 2275/2547/2229 2288/2560/2242 2283/2555/2237
f 2280/2552/2234 2287/2559/2241 2288/2560/2242
f 2069/2256/1988 878/928/841 662/2561/2243
f 2060/2238/1973 879/929/842 2282/2554/2236
f 2283/2555/2237 880/931/844 2284/2556/2238
f 2284/2556/2238 882/933/846 2285/2557/2239
f 2281/2553/2235 883/934/847 878/928/841
f 2282/2554/2236 884/935/848 2287/2559/2241
f 2286/2558/2240 882/933/846 883/934/847
f 2288/2560/2242 881/932/845 2283/2555/2237
f 2287/2559/2241 885/936/849 2288/2560/2242
f 2082/2280/2009 1992/2154/1900 1750/1907/1668
f 2011/2173/1919 1900/2046/1805 2008/2171/1917
f 2008/2171/1917 1993/2155/1901 2082/2280/2009
f 1711/1866/1633 1607/2229/1966 1697/1853/1620
f 1736/1890/1656 1742/2562/1660 1822/1972/1731
f 2082/2280/2009 1735/1906/1655 1734/2279/2008
f 1736/1890/1656 1697/1853/1620 1699/1855/1622
f 1830/1981/1740 2039/2209/1950 1864/2011/1770
f 1830/1981/1740 2100/2313/2035 1647/1810/1578
f 1710/2390/2086 1608/1780/1548 1607/2229/1966
f 1750/1907/1668 1618/2310/2032 1450/1898/1661
f 1477/1675/1443 1489/1684/1452 1924/2076/1832
f 1985/2297/2021 1648/2354/2064 2077/2267/1999
f 2077/2267/1999 2099/2355/2065 1932/2084/1840
f 2099/2355/2065 1933/2085/1841 1932/2084/1840
f 1810/2249/1981 2222/2489/2174 1811/1963/1722
f 1811/1963/1722 2223/2563/2244 2096/2564/2073
f 1921/2565/1865 2289/2566/2245 2098/2567/2031
f 2217/2568/2170 2289/2566/2245 2290/2569/2246
f 2221/2570/2173 2290/2569/2246 2291/2571/2247
f 2221/2570/2173 2292/2572/2248 2223/2573/2244
f 2223/2573/2244 2121/2374/2074 2096/2373/2073
f 1789/1945/1705 2294/2574/2249 1790/2166/1912
f 1880/2028/1787 2293/2575/2250 1789/1945/1705
f 1790/2166/1912 2296/2576/2251 2003/2307/2029
f 2003/2307/2029 1755/1913/1673 1754/1912/1672
f 2121/2374/2074 2295/2577/2252 1880/2028/1787
f 1762/2073/1829 2298/2578/2253 2289/2566/2245
f 2289/2566/2245 2299/2579/2254 2290/2569/2246
f 2291/2571/2247 2299/2579/2254 2300/2580/2255
f 2291/2571/2247 2301/2581/2256 2292/2572/2248
f 2292/2572/2248 2297/2582/2257 2121/2374/2074
f 2293/2575/2250 2303/2583/2258 2294/2574/2249
f 2293/2575/2250 2304/2584/2259 2302/2585/2260
f 2294/2574/2249 2305/2586/2261 2296/2576/2251
f 2296/2576/2251 2024/2587/2262 1755/1913/1673
f 2297/2582/2257 2304/2584/2259 2295/2577/2252
f 1548/1921/1681 2307/2588/2263 2298/2578/2253
f 2298/2578/2253 2308/2589/2264 2299/2579/2254
f 2300/2580/2255 2308/2589/2264 2309/2590/2265
f 2300/2580/2255 2310/2591/2266 2301/2581/2256
f 2301/2581/2256 2306/2592/2267 2297/2582/2257
f 2302/2585/2260 2312/2593/2268 2303/2583/2258
f 2302/2585/2260 2313/2594/2269 2311/2595/2270
f 2303/2583/2258 2314/2596/2271 2305/2586/2261
f 2305/2586/2261 2025/2192/1936 2024/2587/2262
f 2306/2592/2267 2313/2594/2269 2304/2584/2259
f 1547/1730/1498 2316/2597/2272 2307/2588/2263
f 2307/2588/2263 2317/2598/2273 2308/2589/2264
f 2308/2589/2264 2318/2599/2274 2309/2590/2265
f 2309/2590/2265 2319/2600/2275 2310/2591/2266
f 2310/2591/2266 2315/2601/2276 2306/2592/2267
f 2311/2595/2270 2321/2602/2277 2312/2593/2268
f 2311/2595/2270 2322/2603/2278 2320/2604/2279
f 2312/2593/2268 2323/2605/2280 2314/2596/2271
f 2314/2596/2271 2089/2295/2019 2025/2192/1936
f 2313/2594/2269 2324/2606/2281 2322/2603/2278
f 2316/2597/2272 1984/2142/1891 2325/2607/2282
f 2317/2598/2273 2325/2607/2282 2326/2608/2283
f 2318/2599/2274 2326/2608/2283 2327/2609/2284
f 2319/2600/2275 2327/2609/2284 2328/2610/2285
f 2315/2601/2276 2328/2610/2285 2324/2606/2281
f 2321/2602/2277 927/987/896 926/990/899
f 2320/2604/2279 928/988/897 927/987/896
f 2321/2602/2277 929/989/898 2323/2605/2280
f 2323/2605/2280 726/991/900 2089/2295/2019
f 2322/2603/2278 930/992/901 928/988/897
f 2325/2607/2282 696/993/902 931/994/903
f 2326/2608/2283 931/994/903 932/995/904
f 2327/2609/2284 932/995/904 933/996/905
f 2328/2610/2285 933/996/905 934/997/906
f 2324/2606/2281 934/997/906 930/992/901
f 2061/2252/1984 935/998/907 652/600/568
f 2068/2254/1986 2329/2611/2286 2061/2252/1984
f 1804/1956/1716 1678/2612/1605 2068/2254/1986
f 2329/2613/2286 2331/2614/2287 935/2615/907
f 1678/1837/1605 2330/2616/2288 2329/2613/2286
f 1906/2053/1812 2332/2617/2289 1907/2054/1813
f 1812/1964/1723 2333/2618/2290 1809/1962/1721
f 2048/2331/2047 2333/2618/2290 1939/2222/1961
f 2107/2329/2045 2336/2619/2291 2108/2330/2046
f 2108/2330/2046 2334/2620/2292 2048/2331/2047
f 1907/2054/1813 2335/2621/2293 2107/2329/2045
f 2332/2617/2289 2337/2622/2294 2338/2623/2295
f 1809/1962/1721 2339/2624/2296 1765/1923/1683
f 2334/2620/2292 2339/2624/2296 2333/2618/2290
f 2341/2625/2297 2336/2619/2291 2335/2621/2293
f 2342/2626/2298 2334/2620/2292 2336/2619/2291
f 2338/2623/2295 2335/2621/2293 2332/2617/2289
f 2058/2236/1971 2337/2622/2294 2059/2237/1972
f 1768/1925/1685 2344/2627/2299 2102/2320/2039
f 2102/2320/2039 2343/2628/2300 2058/2236/1971
f 1788/1944/1704 2244/2629/2301 1785/1942/1702
f 2076/2265/1997 2346/2630/2302 2347/2631/2303
f 2075/2264/1996 2348/2632/2304 2346/2630/2302
f 2249/2526/2211 2350/2633/2305 2250/2518/2203
f 2250/2518/2203 2351/2634/2306 2251/2519/2204
f 2251/2519/2204 2345/2635/2307 1788/1944/1704
f 2076/2265/1997 2352/2636/2308 2256/2524/2209
f 2256/2524/2209 2353/2637/2309 2257/2525/2210
f 2257/2525/2210 2349/2638/2310 2249/2526/2211
f 2243/2639/2197 2354/2640/2311 2355/2641/2312
f 2244/2642/2301 2354/2640/2311 2242/2643/2198
f 2245/2644/2199 2355/2641/2312 2357/2645/2313
f 2345/2646/2307 2356/2647/2314 2244/2642/2301
f 2346/2648/2302 2360/2649/2315 2347/2650/2303
f 2361/2651/2316 2346/2648/2302 2348/2652/2304
f 2349/2653/2310 2363/2654/2317 2350/2655/2305
f 2350/2655/2305 2364/2656/2318 2351/2657/2306
f 2351/2657/2306 2358/2658/2319 2345/2646/2307
f 2347/2650/2303 2365/2659/2320 2352/2660/2308
f 2352/2660/2308 2366/2661/2321 2353/2662/2309
f 2353/2662/2309 2362/2663/2322 2349/2653/2310
f 2355/2641/2312 2367/2664/946 2368/2665/2323
f 2356/2647/2314 2367/2664/946 2354/2640/2311
f 2357/2645/2313 2368/2665/2323 2370/2666/2324
f 2358/2658/2319 2369/2667/2325 2356/2647/2314
f 2359/2668/2326 2373/2669/2327 2360/2649/2315
f 2361/2651/2316 2372/2670/951 2359/2668/2326
f 2362/2663/2322 2376/2671/2325 2363/2654/2317
f 2363/2654/2317 2377/2672/2325 2364/2656/2318
f 2364/2656/2318 2371/2673/2325 2358/2658/2319
f 2360/2649/2315 2378/2674/2328 2365/2659/2320
f 2365/2659/2320 2379/2675/2329 2366/2661/2321
f 2366/2661/2321 2375/2676/2330 2362/2663/2322
f 2367/2664/946 987/1065/956 2368/2665/2323
f 989/1066/957 2367/2664/946 2369/2667/2325
f 2368/2665/2323 990/1067/958 2370/2666/2324
f 991/1069/957 2369/2667/2325 2371/2673/2325
f 2372/2670/951 992/1070/960 2373/2669/2327
f 2374/2677/2331 993/1071/961 2372/2670/951
f 2375/2676/2330 995/1073/963 2376/2671/2325
f 995/1073/963 2377/2672/2325 2376/2671/2325
f 997/1075/957 2371/2673/2325 2377/2672/2325
f 2373/2669/2327 998/1076/965 2378/2674/2328
f 2378/2674/2328 999/1077/966 2379/2675/2329
f 2379/2675/2329 996/1074/964 2375/2676/2330
f 990/1067/958 2380/2678/2332 2370/2666/2324
f 2381/2679/2333 2383/2680/2334 2384/2681/2335
f 2384/2681/2335 2215/2682/2336 2216/2683/2337
f 1579/2684/2338 2383/2680/2334 1708/2685/2339
f 1708/2685/2339 2382/2686/2340 1709/2687/2341
f 2131/2688/2342 2384/2681/2335 2383/2680/2334
f 2131/2688/2342 2385/2689/2343 2130/2690/2344
f 2385/2689/2343 1578/2691/2345 2130/2690/2344
f 2386/2692/2346 2388/2693/2347 2389/2694/2348
f 2227/2695/2181 2391/2696/2349 2241/2697/2196
f 1014/1096/984 2391/2696/2349 2390/2698/2350
f 2226/2699/2182 2390/2698/2350 2227/2695/2181
f 1016/1099/986 2390/2698/2350 2392/2700/2351
f 2228/2701/2352 2393/2702/2353 2392/2700/2351
f 1462/2240/1975 2394/2703/2354 2062/2704/2355
f 2112/2705/2356 1020/1104/991 2395/2706/2357
f 1461/2707/2358 2395/2706/2357 2394/2703/2354
f 2146/2708/2104 2397/2709/2359 2147/2710/2105
f 2148/2711/2106 2399/2712/2360 2149/2713/2121
f 2397/2709/2359 2148/2711/2106 2147/2710/2105
f 2150/2714/2107 2401/2715/2361 2151/2716/2108
f 2152/2717/2109 2396/2718/2362 2146/2708/2104
f 2151/2716/2108 2403/2719/2363 2153/2720/2110
f 2153/2720/2110 2402/2721/2364 2152/2717/2109
f 2404/2722/2365 2155/2723/2111 2154/2724/2112
f 2154/2724/2112 2406/2725/2366 2404/2722/2365
f 2157/2726/2113 2400/2727/2367 2150/2714/2107
f 2159/2728/2114 2408/2729/2368 2409/2730/2369
f 2161/2731/2115 2410/2732/2370 2411/2733/2371
f 2162/2734/2116 2408/2729/2368 2158/2735/2372
f 2155/2723/2111 2407/2736/2373 2157/2726/2113
f 2163/2737/2117 2411/2733/2371 2413/2738/2374
f 2156/2739/2118 2413/2738/2374 2406/2725/2366
f 2164/2740/2119 2412/2741/2375 2162/2734/2116
f 2165/2742/2120 2410/2732/2370 2160/2743/2376
f 2165/2742/2120 2409/2730/2369 2415/2744/2377
f 2164/2740/2119 2399/2712/2360 2414/2745/2378
f 2397/2709/2359 2416/2746/2379 2417/2747/2380
f 2398/2748/2381 2419/2749/2382 2399/2712/2360
f 2398/2748/2381 2417/2747/2380 2418/2750/2383
f 2401/2715/2361 2420/2751/2384 2421/2752/2385
f 2396/2718/2362 2422/2753/2386 2416/2746/2379
f 2403/2719/2363 2421/2752/2385 2423/2754/2387
f 2402/2721/2364 2423/2754/2387 2422/2753/2386
f 2404/2722/2365 2425/2755/2388 2405/2756/2389
f 2406/2725/2366 2424/2757/2390 2404/2722/2365
f 2400/2727/2367 2427/2758/2391 2420/2751/2384
f 2408/2729/2368 2429/2759/2392 2409/2730/2369
f 2410/2732/2370 2431/2760/2393 2411/2733/2371
f 2412/2741/2375 2428/2761/2394 2408/2729/2368
f 2407/2736/2373 2425/2755/2388 2427/2758/2391
f 2411/2733/2371 2433/2762/2395 2413/2738/2374
f 2413/2738/2374 2426/2763/2396 2406/2725/2366
f 2412/2741/2375 2434/2764/2397 2432/2765/2398
f 2415/2744/2377 2430/2766/2399 2410/2732/2370
f 2409/2730/2369 2435/2767/2400 2415/2744/2377
f 2414/2745/2378 2419/2749/2382 2434/2764/2397
f 2416/2746/2379 2436/2768/2401 2417/2747/2380
f 2418/2750/2383 2436/2768/2401 2419/2749/2382
f 2417/2747/2380 2436/2768/2401 2418/2750/2383
f 2420/2751/2384 2436/2768/2401 2421/2752/2385
f 2422/2753/2386 2436/2768/2401 2416/2746/2379
f 2421/2752/2385 2436/2768/2401 2423/2754/2387
f 2423/2754/2387 2436/2768/2401 2422/2753/2386
f 2424/2757/2390 2436/2768/2401 2425/2755/2388
f 2426/2763/2396 2436/2768/2401 2424/2757/2390
f 2427/2758/2391 2436/2768/2401 2420/2751/2384
f 2428/2761/2394 2436/2768/2401 2429/2759/2392
f 2430/2766/2399 2436/2768/2401 2431/2760/2393
f 2432/2765/2398 2436/2768/2401 2428/2761/2394
f 2425/2755/2388 2436/2768/2401 2427/2758/2391
f 2431/2760/2393 2436/2768/2401 2433/2762/2395
f 2433/2762/2395 2436/2768/2401 2426/2763/2396
f 2434/2764/2397 2436/2768/2401 2432/2765/2398
f 2435/2767/2400 2436/2768/2401 2430/2766/2399
f 2429/2759/2392 2436/2768/2401 2435/2767/2400
f 2419/2749/2382 2436/2768/2401 2434/2764/2397
f 1554/1735/1503 2437/2769/2402 2438/2770/2403
f 2439/2771/2404 1558/1738/1506 1561/1740/1508
f 1575/1752/1520 2441/2772/2405 2442/2773/2406
f 1621/1790/1558 2443/2774/2407 2444/2775/2408
f 1624/1792/1560 2438/2770/2403 2443/2774/2407
f 2440/2776/2409 1745/2230/1967 1558/1738/1506
f 1761/1920/1680 2447/2777/2410 1760/1918/1678
f 1796/1951/1711 2448/2778/2411 2449/2779/2412
f 1886/2033/1792 2451/2780/2413 1883/2031/1790
f 1760/1918/1678 2437/2769/2402 1557/1737/1505
f 1934/2088/1843 2444/2775/2408 2452/2781/2414
f 2014/2179/1924 2446/2782/2415 1761/1920/1680
f 2454/2783/2416 1886/2033/1792 2053/2228/1965
f 1574/1751/1519 2449/2779/2412 2441/2772/2405
f 2080/2270/2002 2452/2781/2414 2455/2784/2417
f 1795/1950/1710 2455/2784/2417 2448/2778/2411
f 2445/2785/2418 2053/2228/1965 1745/2230/1967
f 1561/1740/1508 2442/2773/2406 2439/2771/2404
f 1883/2031/1790 2456/2786/2419 2168/2428/2123
f 2168/2428/2123 2457/2787/2420 2172/2432/2127
f 2172/2432/2127 2453/2788/2421 2014/2179/1924
f 2437/2789/2402 2459/2790/2422 2438/2791/2403
f 2439/2792/2404 2461/2793/2423 2440/2794/2409
f 2441/2795/2405 2463/2796/2424 2442/2797/2406
f 2443/2798/2407 2465/2799/2425 2444/2800/2408
f 2438/2791/2403 2464/2801/2426 2443/2798/2407
f 2440/2794/2409 2466/2802/2427 2445/2803/2418
f 2447/2804/2410 2467/2805/2428 2468/2806/2429
f 2448/2807/2411 2470/2808/2430 2449/2809/2412
f 2451/2810/2413 2471/2811/2431 2472/2812/2432
f 2447/2804/2410 2458/2813/2433 2437/2789/2402
f 2444/2800/2408 2473/2814/2434 2452/2815/2414
f 2446/2816/2415 2474/2817/2435 2467/2805/2428
f 2454/2818/2416 2471/2811/2431 2450/2819/2436
f 2449/2809/2412 2462/2820/2437 2441/2795/2405
f 2452/2815/2414 2476/2821/2438 2455/2822/2417
f 2476/2821/2438 2448/2807/2411 2455/2822/2417
f 2445/2803/2418 2475/2823/2439 2454/2818/2416
f 2439/2792/2404 2463/2796/2424 2460/2824/2440
f 2456/2825/2419 2472/2812/2432 2477/2826/2441
f 2457/2827/2420 2477/2826/2441 2478/2828/2442
f 2453/2829/2421 2478/2828/2442 2474/2817/2435
f 2458/2813/2433 2480/2830/2443 2459/2790/2422
f 2460/2824/2440 2482/2831/2444 2461/2793/2423
f 2462/2820/2437 2484/2832/2445 2463/2796/2424
f 2465/2799/2425 2485/2833/2446 2486/2834/2447
f 2464/2801/2426 2480/2830/2443 2485/2833/2446
f 2461/2793/2423 2487/2835/2448 2466/2802/2427
f 2467/2805/2428 2489/2836/2449 2468/2806/2429
f 2469/2837/2450 2491/2838/2451 2470/2808/2430
f 2472/2812/2432 2492/2839/2452 2493/2840/2453
f 2468/2806/2429 2479/2841/2454 2458/2813/2433
f 2465/2799/2425 2494/2842/2455 2473/2814/2434
f 2474/2817/2435 2488/2843/2456 2467/2805/2428
f 2471/2811/2431 2496/2844/2457 2492/2839/2452
f 2470/2808/2430 2483/2845/2458 2462/2820/2437
f 2473/2814/2434 2497/2846/2459 2476/2821/2438
f 2476/2821/2438 2490/2847/2460 2469/2837/2450
f 2475/2823/2439 2487/2835/2448 2496/2844/2457
f 2463/2796/2424 2481/2848/2461 2460/2824/2440
f 2472/2812/2432 2498/2849/2462 2477/2826/2441
f 2477/2826/2441 2499/2850/2463 2478/2828/2442
f 2478/2828/2442 2495/2851/2464 2474/2817/2435
f 2479/2841/2454 2501/2852/2465 2480/2830/2443
f 2482/2831/2444 2502/2853/2466 2503/2854/2467
f 2484/2832/2445 2504/2855/2468 2505/2856/2469
f 2485/2833/2446 2507/2857/2470 2486/2834/2447
f 2480/2830/2443 2506/2858/2471 2485/2833/2446
f 2487/2835/2448 2503/2854/2467 2508/2859/2472
f 2488/2843/2456 2510/2860/2473 2489/2836/2449
f 2491/2838/2451 2511/2861/2474 2512/2862/2475
f 2493/2840/2453 2513/2863/2476 2514/2864/2477
f 2489/2836/2449 2500/2865/2478 2479/2841/2454
f 2486/2834/2447 2515/2866/2479 2494/2842/2455
f 2495/2851/2464 2509/2867/2480 2488/2843/2456
f 2492/2839/2452 2517/2868/2481 2513/2863/2476
f 2483/2845/2458 2512/2862/2475 2504/2855/2468
f 2494/2842/2455 2518/2869/2482 2497/2846/2459
f 2497/2846/2459 2511/2861/2474 2490/2847/2460
f 2496/2844/2457 2508/2859/2472 2517/2868/2481
f 2481/2848/2461 2505/2856/2469 2502/2853/2466
f 2498/2849/2462 2514/2864/2477 2519/2870/2483
f 2499/2850/2463 2519/2870/2483 2520/2871/2484
f 2495/2851/2464 2520/2871/2484 2516/2872/2485
f 2500/2865/2478 2521/2873/2486 2501/2852/2465
f 2502/2853/2466 2521/2873/2486 2503/2854/2467
f 2504/2855/2468 2521/2873/2486 2505/2856/2469
f 2506/2858/2471 2521/2873/2486 2507/2857/2470
f 2501/2852/2465 2521/2873/2486 2506/2858/2471
f 2503/2854/2467 2521/2873/2486 2508/2859/2472
f 2509/2867/2480 2521/2873/2486 2510/2860/2473
f 2511/2861/2474 2521/2873/2486 2512/2862/2475
f 2513/2863/2476 2521/2873/2486 2514/2864/2477
f 2510/2860/2473 2521/2873/2486 2500/2865/2478
f 2507/2857/2470 2521/2873/2486 2515/2866/2479
f 2516/2872/2485 2521/2873/2486 2509/2867/2480
f 2517/2868/2481 2521/2873/2486 2513/2863/2476
f 2512/2862/2475 2521/2873/2486 2504/2855/2468
f 2515/2866/2479 2521/2873/2486 2518/2869/2482
f 2518/2869/2482 2521/2873/2486 2511/2861/2474
f 2508/2859/2472 2521/2873/2486 2517/2868/2481
f 2505/2856/2469 2521/2873/2486 2502/2853/2466
f 2514/2864/2477 2521/2873/2486 2519/2870/2483
f 2519/2870/2483 2521/2873/2486 2520/2871/2484
f 2520/2871/2484 2521/2873/2486 2516/2872/2485
f 2522/2874/2487 1432/1642/1410 1435/1644/1412
f 1493/1688/1456 2525/2875/2488 1494/2353/2063
f 1666/1828/1596 2527/2876/2489 1663/1826/1594
f 1728/1882/1649 2528/2877/2490 2529/2878/2491
f 1845/1992/1751 2530/2879/2492 2531/2880/2493
f 1936/2091/1846 2522/2874/2487 1435/1644/1412
f 2533/2881/2494 1493/1688/1456 2031/2197/1941
f 2033/2198/1942 2526/2882/2495 1666/1828/1596
f 2064/2244/1977 2533/2881/2494 2031/2197/1941
f 2073/2259/1991 2536/2883/2496 2537/2884/2497
f 1942/2097/1851 2535/2885/2498 2064/2244/1977
f 1728/1882/1649 2534/2886/2499 2033/2198/1942
f 2523/2887/2500 1942/2097/1851 1432/1642/1410
f 1936/2091/1846 2527/2876/2489 2532/2888/2501
f 1844/1991/1750 2525/2875/2488 2530/2879/2492
f 1845/1992/1751 2536/2883/2496 2072/2258/1990
f 2224/2490/2175 2537/2884/2497 2539/2889/2502
f 1727/2492/2177 2539/2889/2502 2528/2877/2490
f 2523/2890/2500 2540/2891/2503 2541/2892/2504
f 2524/2893/2505 2543/2894/2506 2525/2895/2488
f 2526/2896/2495 2545/2897/2507 2527/2898/2489
f 2528/2899/2490 2547/2900/2508 2529/2901/2491
f 2531/2902/2493 2548/2903/2509 2549/2904/2510
f 2522/2905/2487 2550/2906/2511 2540/2891/2503
f 2533/2907/2494 2542/2908/2512 2524/2893/2505
f 2534/2909/2499 2544/2910/2513 2526/2896/2495
f 2535/2911/2498 2551/2912/2514 2533/2907/2494
f 2537/2913/2497 2554/2914/2515 2555/2915/2516
f 2556/2916/2517 2535/2911/2498 2538/2917/2518
f 2529/2901/2491 2552/2918/2519 2534/2909/2499
f 2538/2917/2518 2541/2892/2504 2556/2916/2517
f 2532/2919/2501 2545/2897/2507 2550/2906/2511
f 2530/2920/2492 2543/2894/2506 2548/2903/2509
f 2536/2921/2496 2549/2904/2510 2554/2914/2515
f 2539/2922/2502 2555/2915/2516 2557/2923/2520
f 2528/2899/2490 2557/2923/2520 2546/2924/2521
f 1962/2925/2522 1757/1915/1675 2120/2369/2072
f 2558/2926/2523 2081/2275/2006 1963/2118/1867
f 2052/2282/2010 1684/2219/1959 1767/2220/1960
f 1938/2092/1847 1838/1988/1747 1995/2156/1902
f 1476/1674/1442 2560/2927/2524 1473/1672/1440
f 2561/2928/2525 2563/2929/2526 2564/2930/2527
f 1634/1801/1569 2565/2931/2528 2566/2932/2529
f 1661/1823/1591 2566/2932/2529 2567/2933/2530
f 1693/1850/1617 2569/2934/2531 1694/2935/2532
f 2570/2936/2533 2572/2937/2534 2573/2938/2535
f 2562/2939/2536 2570/2936/2533 2563/2929/2526
f 2573/2938/2535 2560/2927/2524 2574/2940/2537
f 2575/2941/2538 2577/2942/2539 2578/2943/2540
f 1849/1995/1754 2580/2944/2541 1846/1993/1752
f 2581/2945/2542 1891/2037/1796 1893/2039/1798
f 1919/2071/1827 2559/2946/2543 1476/1674/1442
f 1947/2947/2544 2585/2948/2545 1948/2102/1855
f 1633/1800/1568 2582/2949/2546 2565/2931/2528
f 1893/2039/1798 2586/2950/2547 2581/2945/2542
f 2043/2213/1953 2587/2951/2548 2588/2952/2549
f 1693/1850/1617 2589/2953/2550 2568/2954/2551
f 1694/2935/2532 2579/2955/2552 1849/2340/1754
f 2043/2213/1953 2583/2956/2553 1919/2071/1827
f 1948/2102/1855 2590/2957/2554 2114/2347/2059
f 1661/2958/1591 2591/2959/2555 2122/2378/2076
f 2044/2214/1954 2591/2959/2555 2587/2951/2548
f 2114/2347/2059 2586/2950/2547 2020/2184/1929
f 1947/2947/2544 2580/2944/2541 2584/2960/2556
f 2575/2941/2538 2564/2930/2527 2576/2961/2557
f 2592/2962/2558 2594/2963/2559 2574/2964/2537
f 2563/2965/2526 2596/2966/2560 2564/2967/2527
f 2597/2968/2561 2599/2969/2562 2600/2970/2563
f 2597/2968/2561 2601/2971/2564 2602/2972/2565
f 2603/2973/2566 2605/2974/2567 2606/2975/2568
f 2573/2976/2535 2608/2977/2569 2570/2978/2533
f 2570/2978/2533 2595/2979/2570 2563/2965/2526
f 2574/2964/2537 2607/2980/2571 2573/2976/2535
f 2576/2981/2557 2610/2982/2572 2577/2983/2539
f 2611/2984/2573 2613/2985/2574 2614/2986/2575
f 2615/2987/2576 2617/2988/2577 2618/2989/2578
f 2592/2962/2558 2620/2990/2579 2593/2991/2580
f 2621/2992/2581 2623/2993/2582 2624/2994/2583
f 2598/2995/2584 2618/2989/2578 2599/2969/2562
f 2616/2996/2585 2626/2997/2586 2617/2988/2577
f 2627/2998/2587 2629/2999/2588 2630/3000/2589
f 2631/3001/2590 2605/2974/2567 2604/3002/2591
f 2611/2984/2573 2606/2975/2568 2612/3003/2592
f 2619/3004/2593 2630/3000/2589 2620/2990/2579
f 2633/3005/2594 2624/2994/2583 2634/3006/2595
f 2601/2971/2564 2636/3007/2596 2602/2972/2565
f 2628/3008/2597 2635/3009/2598 2629/2999/2588
f 2625/3010/2599 2634/3006/2595 2626/2997/2586
f 2622/3011/2600 2613/2985/2574 2623/2993/2582
f 2564/2967/2527 2609/3012/2601 2576/2981/2557
f 2632/3013/2602 2577/2983/2539 2610/2982/2572
f 2631/3014/2590 2578/2943/2540 2577/2942/2539
f 2085/3015/2603 1438/1647/1415 1827/1977/1736
f 2085/3015/2603 2637/3016/2604 2086/2289/2014
f 1827/1977/1736 2266/2538/2220 2637/3016/2604
f 2593/2991/2580 2639/3017/2605 2594/2963/2559
f 2596/2966/2560 2640/3018/2606 2641/3019/2607
f 2607/2980/2571 2643/3020/2608 2608/2977/2569
f 2595/2979/2570 2643/3020/2608 2640/3018/2606
f 2594/2963/2559 2642/3021/2609 2607/2980/2571
f 2609/3012/2601 2644/3022/2610 2610/2982/2572
f 2618/2989/2578 2645/3023/2611 2646/3024/2612
f 2620/2990/2579 2638/3025/2613 2593/2991/2580
f 2623/2993/2582 2649/3026/2614 2624/2994/2583
f 2618/2989/2578 2650/3027/2615 2599/2969/2562
f 2626/2997/2586 2645/3023/2611 2617/2988/2577
f 2624/2994/2583 2652/3028/2616 2634/3006/2595
f 2634/3006/2595 2651/3029/2617 2626/2997/2586
f 2623/2993/2582 2613/2985/2574 2648/3030/2618
f 2609/3012/2601 2641/3019/2607 2644/3022/2610
f 2653/3031/2619 2655/3032/2620 2656/3033/2621
f 2653/3031/2619 2657/3034/2622 2658/3035/2623
f 2659/3036/2624 2661/3037/2625 2662/3038/2626
f 2660/3039/2627 2664/3040/2628 2661/3037/2625
f 2665/3041/2629 2654/3042/2630 2666/3043/2631
f 2667/3044/2632 2669/3045/2633 2670/3046/2634
f 2671/3047/2635 2673/3048/2636 2674/3049/2637
f 2666/3043/2631 2670/3046/2634 2665/3041/2629
f 2668/3050/2638 2676/3051/2639 2669/3045/2633
f 2673/3048/2636 2678/3052/2640 2674/3049/2637
f 2675/3053/2641 2677/3054/2642 2676/3051/2639
f 2671/3047/2635 2662/3038/2626 2672/3055/2643
f 2655/3032/2620 2680/3056/2644 2656/3033/2621
f 2656/3033/2621 2681/3057/2645 2657/3034/2622
f 2662/3038/2626 2682/3058/2646 2683/3059/2647
f 2664/3040/2628 2682/3058/2646 2661/3037/2625
f 2665/3041/2629 2679/3060/2648 2655/3032/2620
f 2670/3046/2634 2685/3061/2649 2686/3062/2650
f 2672/3055/2643 2687/3063/2651 2673/3048/2636
f 2670/3046/2634 2684/3064/2652 2665/3041/2629
f 2669/3045/2633 2688/3065/2653 2685/3061/2649
f 2673/3048/2636 2689/3066/2654 2677/3054/2642
f 2676/3051/2639 2689/3066/2654 2688/3065/2653
f 2672/3055/2643 2683/3059/2647 2687/3063/2651
f 2620/2990/2579 2630/3000/2589 2647/3067/2655
f 2600/2970/2563 2654/3042/2630 2653/3031/2619
f 2600/2970/2563 2658/3035/2623 2601/2971/2564
f 2635/3009/2598 2658/3035/2623 2657/3034/2622
f 2629/2999/2588 2657/3034/2622 2681/3057/2645
f 2630/3000/2589 2681/3057/2645 2680/3056/2644
f 2630/3000/2589 2679/3060/2648 2647/3067/2655
f 2647/3067/2655 2684/3064/2652 2638/3025/2613
f 2638/3025/2613 2686/3062/2650 2639/3017/2605
f 2639/3017/2605 2685/3061/2649 2642/3021/2609
f 2642/3021/2609 2688/3065/2653 2643/3020/2608
f 2640/3018/2606 2688/3065/2653 2689/3066/2654
f 2641/3019/2607 2689/3066/2654 2687/3063/2651
f 2644/3022/2610 2687/3063/2651 2683/3059/2647
f 2644/3022/2610 2682/3058/2646 2632/3013/2602
f 2632/3013/2602 2664/3040/2628 2605/2974/2567
f 2605/2974/2567 2663/3068/2656 2606/2975/2568
f 2612/3003/2592 2663/3068/2656 2660/3039/2627
f 2613/2985/2574 2660/3039/2627 2659/3036/2624
f 2648/3030/2618 2659/3036/2624 2671/3047/2635
f 2649/3026/2614 2671/3047/2635 2674/3049/2637
f 2649/3026/2614 2678/3052/2640 2652/3028/2616
f 2652/3028/2616 2675/3053/2641 2651/3029/2617
f 2645/3023/2611 2675/3053/2641 2668/3050/2638
f 2646/3024/2612 2668/3050/2638 2667/3044/2632
f 2650/3027/2615 2667/3044/2632 2666/3043/2631
f 2599/2969/2562 2666/3043/2631 2654/3042/2630
f 1473/1672/1440 2572/2937/2534 1771/1927/1687
f 2572/2937/2534 1772/1928/1688 1771/1927/1687
f 2571/3069/2657 1512/1932/1692 1772/1928/1688
f 2562/2939/2536 1513/1703/1471 1512/1932/1692
f 2561/2928/2525 2266/2538/2220 1513/1703/1471
f 2575/2941/2538 2637/3016/2604 2266/2538/2220
f 2578/2943/2540 2086/2289/2014 2637/3016/2604
f 2574/2940/2537 2559/2946/2543 2592/3070/2558
f 2592/3070/2558 2583/2956/2553 2619/3071/2593
f 2583/2956/2553 2627/3072/2587 2619/3071/2593
f 2588/2952/2549 2628/3073/2597 2627/3072/2587
f 2587/2951/2548 2636/3074/2596 2628/3073/2597
f 2591/2959/2555 2602/3075/2565 2636/3074/2596
f 2567/2933/2530 2597/3076/2561 2602/3077/2565
f 2565/2931/2528 2597/3076/2561 2566/2932/2529
f 2565/2931/2528 2615/3078/2576 2598/3079/2584
f 2582/2949/2546 2616/3080/2585 2615/3078/2576
f 2581/2945/2542 2625/3081/2599 2616/3080/2585
f 2625/3081/2599 2590/2957/2554 2633/3082/2594
f 2633/3082/2594 2585/2948/2545 2621/3083/2581
f 2621/3083/2581 2584/2960/2556 2622/3084/2600
f 2584/2960/2556 2614/3085/2575 2622/3084/2600
f 2580/2944/2541 2611/3086/2573 2614/3085/2575
f 2611/3087/2573 2569/2934/2531 2603/3088/2566
f 2603/3088/2566 2568/2954/2551 2604/3089/2591
f 2568/2954/2551 2631/3014/2590 2604/3089/2591
f 1589/1763/1531 2691/3090/2658 1586/1761/1529
f 1928/2080/1836 2693/3091/2659 1926/2078/1834
f 1930/2082/1838 2694/3092/2660 2129/2389/2085
f 1931/2083/1839 2690/3093/2661 1589/1763/1531
f 1926/2078/1834 2695/3094/2662 1931/2083/1839
f 1586/3095/1529 2694/3092/2660 1929/2081/1837
f 2006/2169/1915 2692/3096/2663 1928/2080/1836
f 2078/2268/2000 2696/3097/2664 2083/2284/2012
f 2691/3090/2658 2697/3098/2665 2698/3099/2666
f 2693/3091/2659 2699/3100/2667 2700/3101/2668
f 2129/2389/2085 2701/3102/2669 2696/3097/2664
f 2690/3093/2661 2702/3103/2670 2697/3098/2665
f 2695/3094/2662 2700/3101/2668 2702/3103/2670
f 2694/3092/2660 2698/3104/2666 2701/3102/2669
f 1980/2138/1887 2699/3100/2667 2692/3096/2663
f 2704/3105/2671 2387/2702/2672 2228/2701/2352
f 2393/2702/2353 2705/3106/2673 2706/3107/2674
f 2387/2702/2672 2705/3106/2673 2393/2702/2353
f 2387/2702/2672 2704/3105/2671 2388/2693/2347
f 2706/3107/2674 2708/3108/2675 2393/2702/2353
f 2708/3108/2675 2392/2700/2351 2393/2702/2353
f 2707/3109/2676 2710/3110/2677 2708/3108/2675
f 2708/3108/2675 1337/1511/1313 2392/2700/2351
f 2703/3111/2678 1338/1512/1314 2709/3112/2679
f 2696/3097/2664 2228/3113/2352 2083/2284/2012
f 2698/3099/2666 2386/3114/2346 2389/3115/2348
f 2699/3100/2667 2706/3116/2674 2700/3101/2668
f 2696/3097/2664 2388/3117/2347 2704/3118/2671
f 2702/3103/2670 2386/3114/2346 2697/3098/2665
f 2700/3101/2668 2705/3119/2673 2702/3103/2670
f 2701/3102/2669 2389/3120/2348 2388/3117/2347
f 2703/3111/2678 2707/3121/2676 2699/3100/2667
f 2229/3122/2183 2712/3123/2680 2230/3124/2184
f 2231/3125/2186 2714/3126/2681 2232/3127/2187
f 2233/3128/2195 2715/3129/2682 2234/3130/2188
f 2235/3131/2189 2711/3132/2683 2229/3122/2183
f 2230/3124/2184 2717/3133/2684 2236/3134/2190
f 2238/3135/2191 2718/3136/2685 2719/3137/2686
f 2232/3127/2187 2720/3138/2687 2239/3139/2192
f 2240/3140/2193 2719/3137/2686 2721/3141/2688
f 2239/3139/2192 2716/3142/2689 2235/3131/2189
f 2237/3143/2194 2715/3129/2682 2718/3136/2685
f 2236/3134/2190 2722/3144/2690 2233/3128/2195
f 2241/2697/2196 2713/3145/2691 2231/3125/2186
f 2374/2677/2331 2721/3141/2688 2723/3146/2692
f 2028/3147/2070 2724/3148/2693 2725/3149/2694
f 2199/3150/2162 2727/3151/2695 2200/3152/2157
f 2728/3153/2696 2729/3154/2697 2730/3155/2698
f 2730/3155/2698 2731/3156/2699 2732/3157/2700
f 2204/3158/2163 2734/3159/2701 2205/3160/2161
f 2205/3160/2161 2726/3161/2702 2199/3150/2162
f 2202/3162/2158 2733/3163/2703 2204/3158/2163
f 2732/3157/2700 2735/3164/2704 2736/3165/2705
f 2119/3166/2071 2727/3151/2695 2724/3148/2693
f 2028/3147/2070 2737/3167/2706 2210/3168/2707
f 2210/3168/2707 2738/3169/2708 2211/3170/2709
f 2212/3171/2710 2738/3169/2708 2739/3172/2711
f 2213/3173/2712 2739/3172/2711 2740/3174/2713
f 2214/3175/2714 2740/3174/2713 2741/3176/2715
f 2216/2683/2337 2741/3176/2715 2384/2681/2335
f 2245/2644/2199 2735/3164/2704 2206/3177/2164
f 2721/3141/2688 2348/2652/2304 2240/3140/2193
f 2721/3141/2688 2742/3178/2716 2723/3146/2692
f 2719/3137/2686 2743/3179/2717 2742/3178/2716
f 2718/3136/2685 2744/3180/2718 2743/3179/2717
f 2715/3129/2682 2722/3144/2690 2744/3180/2718
f 2735/3164/2704 2370/2666/2324 2736/3165/2705
f 2206/3177/2164 2731/3156/2699 2203/3181/2159
f 2203/3181/2159 2729/3154/2697 2201/3182/2160
f 2729/3154/2697 2202/3162/2158 2201/3182/2160
f 2736/3165/2705 2380/2678/2332 2732/3157/2700
f 2391/2696/2349 2745/3183/2719 2713/3145/2691
f 2384/2681/2335 2380/2678/2332 2381/2679/2333
f 2740/3174/2713 2384/2681/2335 2741/3176/2715
f 2738/3169/2708 2740/3174/2713 2739/3172/2711
f 2725/3149/2694 2738/3169/2708 2737/3167/2706
f 2727/3151/2695 2725/3149/2694 2724/3148/2693
f 2734/3159/2701 2727/3151/2695 2726/3161/2702
f 2728/3153/2696 2734/3159/2701 2733/3163/2703
f 2732/3157/2700 2728/3153/2696 2730/3155/2698
f 2742/3178/2716 2374/2677/2331 2723/3146/2692
f 2744/3180/2718 2742/3178/2716 2743/3179/2717
f 2717/3133/2684 2744/3180/2718 2722/3144/2690
f 2712/3123/2680 2745/3183/2719 2717/3133/2684
f 2720/3138/2687 2711/3132/2683 2716/3142/2689
f 2713/3145/2691 2720/3138/2687 2714/3126/2681
f 2746/3184/2720 2748/3185/2721 2749/3186/2722
f 2750/3187/2723 2752/3188/2724 2753/3189/2725
f 2749/3186/2722 2754/3190/2726 2755/3191/2727
f 2751/3192/2728 2756/3193/2729 2757/3194/2730
f 2758/3195/2731 2759/3196/2732 2760/3197/2733
f 2761/3198/2734 2762/3199/2735 2763/3200/2736
f 2764/3201/2737 2766/3202/2738 2767/3203/2739
f 2767/3203/2739 2768/3204/2740 2769/3205/2741
f 2746/3184/2720 2762/3199/2735 2747/3206/2742
f 2759/3196/2732 2753/3189/2725 2752/3188/2724
f 2770/3207/2743 2760/3197/2733 2761/3198/2734
f 2771/3208/2744 2758/3195/2731 2760/3197/2733
f 2770/3207/2743 2766/3202/2738 2771/3208/2744
f 2771/3208/2744 2765/3209/2745 2758/3195/2731
f 2764/3201/2737 2767/3203/2739 2772/3210/2746
f 2772/3210/2746 2769/3205/2741 2773/3211/2747
f 2757/3194/2730 2748/3185/2721 2751/3192/2728
f 2748/3185/2721 2752/3188/2724 2751/3192/2728
f 2747/3206/2742 2759/3196/2732 2752/3188/2724
f 2762/3199/2735 2760/3197/2733 2759/3196/2732
f 2541/2892/2504 2768/3204/2740 2770/3207/2743
f 2541/2892/2504 2761/3198/2734 2556/2916/2517
f 2556/2916/2517 2763/3200/2736 2553/3212/2748
f 2553/3212/2748 2746/3184/2720 2551/2912/2514
f 2551/2912/2514 2749/3186/2722 2542/2908/2512
f 2542/2908/2512 2755/3191/2727 2543/2894/2506
f 2548/2903/2509 2755/3191/2727 2754/3190/2726
f 2549/2904/2510 2754/3190/2726 2757/3194/2730
f 2554/2914/2515 2757/3194/2730 2756/3193/2729
f 2555/2915/2516 2756/3193/2729 2750/3187/2723
f 2557/2923/2520 2750/3187/2723 2753/3189/2725
f 2557/2923/2520 2758/3195/2731 2546/2924/2521
f 2546/2924/2521 2765/3209/2745 2547/2900/2508
f 2547/2900/2508 2764/3201/2737 2552/2918/2519
f 2552/2918/2519 2772/3210/2746 2544/2910/2513
f 2544/2910/2513 2773/3211/2747 2545/2897/2507
f 2550/2906/2511 2773/3211/2747 2769/3205/2741
f 2540/2891/2503 2769/3205/2741 2768/3204/2740
f 2774/3213/2749 1405/1614/1385 1403/3214/2750
f 2382/2686/2340 1406/1615/1386 1405/1614/1385
f 2381/2679/2333 1001/1616/1387 1406/1615/1386
f 2111/2335/2051 2109/3215/2751 2110/2334/2050
f 2111/3216/2051 2190/2468/2153 2123/2460/2078
f 1709/2687/2341 2382/2686/2340 2774/3213/2749
f 1981/3217/2752 1980/2138/1887 2006/2169/1915
f 661/616/580 2005/2168/1914 2007/2170/1916
f 1408/1619/1389 1981/3217/2752 2005/2168/1914
f 1409/1620/1390 2111/3216/2051 704/1621/637
f 994/1072/962 2745/3183/2719 1410/1622/1391
f 1411/1623/1392 2709/3218/2679 1338/1624/1314
f 1411/1623/1392 1337/1511/1313 2710/3110/2677
f 569/1625/1393 2703/3111/2678 1980/2138/1887
f 1013/1626/1394 2745/3183/2719 2391/2696/2349
f 1/1/1 2/439/424 3/2/2
f 5/4/4 6/453/436 7/5/5
f 9/7/7 10/267/257 11/8/8
f 13/10/10 14/39/39 15/11/11
f 17/13/13 18/741/672 19/14/14
f 21/16/16 22/444/428 23/17/17
f 3/2/2 2/439/424 28/22/22
f 30/24/24 31/160/159 32/25/25
f 34/27/27 35/651/606 36/28/28
f 38/30/30 39/669/619 40/31/31
f 42/33/33 43/139/138 44/34/34
f 46/36/36 47/635/596 48/37/37
f 14/39/39 52/56/56 53/40/40
f 54/41/41 55/291/281 56/42/42
f 58/44/44 59/3219/575 60/45/45
f 62/47/47 63/423/408 64/48/48
f 66/50/50 67/261/253 68/51/51
f 70/53/53 71/105/104 72/54/54
f 52/56/56 74/572/545 75/57/57
f 76/58/58 77/260/252 78/59/59
f 48/37/37 80/400/386 81/61/61
f 82/62/62 83/214/210 84/63/63
f 86/65/65 87/403/389 88/66/66
f 90/68/68 91/803/729 92/69/69
f 94/71/71 95/170/169 96/72/72
f 98/74/74 99/482/461 100/75/75
f 11/8/8 101/268/258 102/77/76
f 104/79/78 105/744/674 106/80/79
f 108/82/81 109/636/597 110/83/82
f 112/85/84 30/24/24 14/39/39
f 113/86/85 114/473/452 115/87/86
f 117/89/88 118/426/411 119/90/89
f 121/92/91 122/746/196 123/93/92
f 125/95/94 126/574/394 127/96/95
f 135/101/100 136/503/482 137/102/101
f 140/104/103 141/510/488 71/105/104
f 142/106/105 143/416/402 144/107/106
f 146/109/108 147/496/475 148/110/109
f 150/112/111 151/539/516 152/113/112
f 153/114/113 154/383/369 155/115/114
f 157/117/116 158/419/405 159/118/117
f 161/120/119 162/727/660 163/121/120
f 20/15/15 164/409/395 165/122/121
f 84/63/63 168/185/182 169/123/122
f 170/124/123 171/352/339 172/125/124
f 174/127/126 175/435/420 176/128/127
f 178/130/129 179/321/309 180/131/130
f 176/128/127 182/521/498 183/133/132
f 184/134/133 185/262/254 124/94/93
f 187/136/135 188/541/397 189/137/136
f 119/90/89 191/489/468 44/34/34
f 29/23/23 192/250/242 193/140/139
f 97/73/73 195/665/617 196/142/141
f 198/144/143 199/405/391 200/145/144
f 202/147/146 203/875/792 204/148/147
f 40/31/31 206/504/483 207/150/149
f 209/152/151 210/220/216 211/153/152
f 213/155/154 214/254/246 215/156/155
f 217/158/157 218/511/489 219/159/158
f 220/161/160 221/184/181 222/162/161
f 34/27/27 223/519/496 224/163/162
f 70/53/53 226/465/445 227/165/164
f 228/166/165 229/579/551 230/167/166
f 234/169/168 96/72/72 95/170/169
f 235/171/170 236/339/326 237/172/171
f 130/99/98 239/225/221 240/174/173
f 241/176/174 242/588/558 243/177/175
f 131/100/99 244/612/576 245/179/176
f 246/180/177 247/659/613 248/181/178
f 220/161/160 249/512/467 250/183/180
f 212/154/153 211/153/152 168/185/182
f 251/186/183 252/560/536 253/187/184
f 255/189/186 256/732/664 257/190/187
f 259/192/189 260/309/298 261/193/190
f 263/195/192 264/1004/909 265/196/193
f 121/198/91 267/297/286 268/199/195
f 271/201/197 272/279/269 273/202/198
f 92/69/69 275/793/719 276/204/200
f 234/169/168 278/430/415 279/206/202
f 93/70/70 92/69/69 277/205/201
f 281/208/204 282/376/362 283/209/205
f 285/211/207 286/243/236 287/212/208
f 288/213/209 111/84/83 110/83/82
f 289/215/211 290/632/594 291/216/212
f 292/217/213 293/906/819 294/218/214
f 145/108/107 211/153/152 210/220/216
f 160/119/118 159/118/117 298/221/217
f 254/188/185 253/187/184 300/223/219
f 129/98/97 302/494/473 239/225/221
f 303/226/222 304/644/602 305/227/223
f 292/217/213 295/219/215 172/125/124
f 205/149/148 308/305/294 309/230/226
f 12/9/9 310/389/375 311/231/227
f 140/104/103 227/165/164 312/232/228
f 314/234/230 315/366/353 316/235/231
f 318/237/233 319/315/304 320/238/234
f 36/240/28 132/441/425 321/241/235
f 286/243/236 322/938/851 323/244/237
f 240/246/173 325/696/525 326/247/239
f 29/23/23 28/22/22 328/249/241
f 17/175/13 165/755/121 131/100/99
f 38/30/30 41/32/32 329/251/243
f 331/253/245 332/319/307 215/156/155
f 148/110/109 147/496/475 333/255/247
f 133/257/249 335/361/348 336/258/250
f 66/50/50 78/59/59 77/260/252
f 121/92/91 124/94/93 185/262/254
f 41/32/32 338/939/852 323/264/237
f 231/265/167 230/318/166 339/266/256
f 10/267/257 27/21/21 101/268/258
f 340/269/259 341/618/582 342/270/260
f 200/145/144 344/1326/1157 345/272/262
f 113/86/85 116/88/87 346/273/263
f 348/275/265 349/542/518 225/164/163
f 138/103/102 137/102/101 350/276/266
f 352/278/268 353/613/577 273/202/198
f 354/280/270 355/589/559 356/281/271
f 12/9/9 358/288/278 359/283/273
f 361/285/275 362/501/480 363/286/276
f 11/8/8 103/78/77 358/288/278
f 145/108/107 144/107/106 365/289/279
f 55/291/281 367/507/485 368/292/282
f 369/293/283 370/359/346 371/294/284
f 65/49/49 360/284/274 359/283/273
f 337/296/255 204/148/147 267/297/286
f 373/298/287 374/882/799 375/299/288
f 377/301/290 378/380/366 379/302/291
f 381/304/293 382/412/398 308/305/294
f 153/114/113 383/623/587 384/306/295
f 385/307/296 86/65/65 89/67/67
f 260/309/298 259/192/189 387/310/299
f 390/312/301 391/483/462 392/313/302
f 319/315/304 318/237/233 394/316/305
f 230/318/166 361/3220/275 332/319/307
f 178/130/129 291/216/212 396/320/308
f 397/322/310 398/449/432 399/323/311
f 115/87/86 114/473/452 401/325/313
f 403/327/315 404/529/506 405/328/316
f 407/330/318 408/508/486 169/123/122
f 15/11/11 409/364/351 220/161/160
f 410/331/319 322/938/851 298/221/217
f 411/332/320 412/424/409 413/333/321
f 416/337/324 390/312/301 393/314/303
f 235/171/170 417/940/853 418/338/325
f 24/18/18 23/17/17 419/340/327
f 155/115/114 421/721/655 422/342/329
f 423/343/330 424/517/494 425/344/331
f 294/218/214 429/406/392 360/284/274
f 430/346/333 431/821/742 432/347/334
f 434/349/336 435/1344/641 436/350/337
f 107/81/80 438/525/502 171/352/339
f 439/353/340 440/577/549 441/354/341
f 442/355/342 443/437/422 444/356/343
f 447/360/347 448/555/531 335/361/348
f 171/352/339 170/124/123 449/362/349
f 15/11/11 53/40/40 450/363/350
f 314/234/230 451/3221/2753 427/365/352
f 452/367/354 417/940/853 453/368/355
f 454/369/356 455/730/662 181/132/131
f 445/357/344 456/670/620 457/370/357
f 260/309/298 458/526/503 459/371/358
f 93/70/70 346/273/263 116/88/87
f 332/319/307 361/3220/275 364/372/277
f 460/373/359 461/459/442 462/374/360
f 53/40/40 75/57/57 463/375/361
f 282/376/362 26/20/20 25/19/19
f 139/377/363 464/3222/603 465/378/364
f 378/380/366 377/301/290 467/381/367
f 154/383/369 469/608/574 470/384/370
f 471/385/371 472/1177/1044 473/386/372
f 84/63/63 83/214/210 475/388/374
f 310/389/375 476/904/817 477/390/376
f 479/392/378 480/1348/1178 481/393/379
f 482/394/380 483/436/421 484/395/381
f 389/396/382 485/581/553 486/397/383
f 488/399/385 489/474/453 81/61/61
f 146/109/108 161/120/119 490/401/387
f 87/403/389 139/377/363 466/379/365
f 198/144/143 454/369/356 492/404/390
f 12/9/9 360/284/274 429/406/392
f 8/6/6 7/5/5 493/407/393
f 164/409/395 494/724/657 495/410/396
f 188/411/397 496/677/565 382/412/398
f 497/413/399 498/808/734 499/414/400
f 348/275/265 224/163/162 144/107/106
f 413/333/321 412/424/409 38/30/30
f 258/191/188 444/356/343 386/308/297
f 501/417/403 502/479/458 503/418/404
f 504/420/406 498/809/734 497/421/399
f 98/74/74 506/586/557 129/98/97
f 63/423/408 507/704/643 173/126/125
f 412/424/409 411/332/320 508/425/410
f 351/277/267 350/276/266 509/427/412
f 234/169/168 511/443/427 512/429/414
f 31/160/159 219/159/158 513/431/416
f 514/432/417 515/703/642 516/433/418
f 75/57/57 517/663/615 518/434/419
f 175/435/420 519/509/487 483/436/421
f 443/437/422 520/754/682 521/438/423
f 2/439/424 1/1/1 277/205/201
f 280/207/203 277/205/201 1/1/1
f 447/440/347 133/3223/249 132/441/425
f 212/154/153 475/388/374 522/442/426
f 79/60/60 78/59/59 511/443/427
f 22/444/428 523/708/646 524/445/429
f 180/131/130 179/321/309 525/446/430
f 378/448/366 468/672/368 398/449/432
f 470/384/370 528/625/589 529/451/434
f 6/453/436 5/4/4 364/287/277
f 457/370/357 531/671/621 532/454/437
f 534/456/439 535/709/539 536/457/440
f 461/459/442 74/572/545 52/56/56
f 76/58/58 79/60/60 95/170/169
f 406/329/317 216/157/156 5/461/4
f 100/463/75 539/751/675 540/464/444
f 541/466/446 542/731/663 543/467/447
f 9/7/7 311/231/227 545/469/449
f 547/471/451 403/327/315 406/329/317
f 510/472/413 509/3224/412 541/466/446
f 547/471/451 125/95/94 114/473/452
f 261/193/190 459/371/358 489/474/453
f 549/476/455 423/343/330 550/477/456
f 502/479/458 501/417/403 552/480/459
f 553/481/460 539/745/675 100/75/75
f 477/390/376 554/909/822 391/483/462
f 420/341/328 555/720/654 529/451/434
f 345/272/262 556/726/659 557/484/463
f 559/486/465 560/522/499 561/487/466
f 119/90/89 118/426/411 508/425/410
f 248/181/178 562/739/670 254/188/185
f 427/365/352 428/3225/2754 563/490/469
f 564/491/470 269/733/665 270/492/471
f 302/494/473 566/687/630 567/495/474
f 147/496/475 146/109/108 491/402/388
f 568/497/476 569/1625/1393 570/498/477
f 319/315/304 395/317/306 552/480/459
f 45/35/35 44/34/34 363/286/276
f 135/101/100 573/684/628 574/502/481
f 206/504/483 576/538/515 577/505/484
f 55/291/281 244/612/576 495/506/396
f 408/508/486 578/820/741 433/348/335
f 159/118/117 158/419/405 503/418/404
f 484/395/381 483/436/421 519/509/487
f 141/510/488 579/750/679 218/511/489
f 409/364/351 559/3226/465 249/512/467
f 291/216/212 512/631/414 580/513/490
f 416/337/324 478/391/377 477/390/376
f 548/475/454 581/690/633 582/514/491
f 584/516/493 585/706/645 425/344/331
f 16/12/12 222/162/161 479/392/378
f 586/518/495 365/289/279 223/519/496
f 182/521/498 482/394/380 441/354/341
f 108/82/81 111/84/83 154/383/369
f 588/523/500 373/298/287 589/524/501
f 172/125/124 171/352/339 438/525/502
f 388/311/300 589/524/501 458/526/503
f 590/527/504 591/688/631 592/528/505
f 380/303/292 379/302/291 593/530/507
f 595/532/509 571/499/478 596/533/510
f 598/535/512 599/719/653 600/536/513
f 64/48/48 295/219/215 294/218/214
f 576/538/515 206/504/483 152/113/112
f 254/188/185 562/739/670 602/540/517
f 77/260/252 496/596/565 188/541/397
f 224/163/162 223/519/496 365/289/279
f 157/117/116 520/754/682 501/417/403
f 349/542/518 603/802/728 604/543/519
f 3/2/2 29/23/23 194/141/140
f 606/545/521 607/561/537 608/546/522
f 481/393/379 480/1348/1178 609/547/523
f 201/146/145 544/468/448 543/467/447
f 239/225/221 393/314/303 325/549/525
f 611/550/526 564/491/470 565/493/472
f 311/231/227 310/389/375 478/391/377
f 613/552/528 614/655/609 615/553/529
f 448/555/531 447/360/347 36/28/28
f 33/26/26 32/25/25 462/374/360
f 363/286/276 44/34/34 191/489/468
f 42/33/33 618/584/555 619/557/533
f 173/126/125 172/125/124 295/219/215
f 82/62/62 621/607/573 288/213/209
f 623/559/535 563/490/469 253/187/184
f 607/561/537 606/545/521 624/562/538
f 535/563/539 534/901/439 27/21/21
f 183/564/132 450/363/350 463/375/361
f 625/566/540 626/627/591 627/567/541
f 4/3/3 3/2/2 605/544/520
f 587/520/497 223/519/496 34/27/27
f 60/45/45 629/941/854 452/367/354
f 630/569/543 357/652/272 356/570/271
f 74/572/545 461/459/442 460/373/359
f 126/574/394 125/95/94 547/471/451
f 633/575/547 634/576/548 449/362/349
f 439/353/340 449/362/349 634/576/548
f 407/330/318 635/705/644 636/578/550
f 229/579/551 362/501/480 361/285/275
f 276/204/200 275/793/719 474/387/373
f 564/491/470 611/550/526 637/580/552
f 274/203/199 355/589/559 354/280/270
f 379/582/291 378/448/366 527/450/433
f 229/579/551 228/166/165 618/584/555
f 107/81/80 441/354/341 482/394/380
f 506/586/557 566/687/630 302/494/473
f 483/436/421 482/394/380 182/521/498
f 278/587/415 290/3227/594 242/588/558
f 355/589/559 642/641/599 372/590/285
f 473/386/372 472/1177/1044 643/591/560
f 94/71/71 97/73/73 197/143/142
f 328/249/241 334/256/248 333/255/247
f 644/592/561 645/678/564 646/593/562
f 77/260/252 646/629/562 645/595/564
f 495/410/396 648/1011/918 649/597/566
f 650/599/567 651/930/843 652/600/568
f 94/71/71 287/212/208 538/460/443
f 51/602/570 59/609/575 654/603/571
f 532/454/437 531/671/621 401/605/313
f 621/607/573 656/624/588 469/608/574
f 59/609/575 58/178/44 243/177/175
f 443/437/422 442/355/342 572/500/479
f 201/146/145 345/272/262 558/485/464
f 20/15/15 19/14/14 343/610/261
f 54/41/41 245/179/176 244/612/576
f 352/278/268 397/322/310 400/324/312
f 481/393/379 657/666/618 112/85/84
f 658/614/578 607/561/537 605/544/520
f 653/601/569 659/628/592 660/615/579
f 347/274/264 590/527/504 404/529/506
f 661/616/580 662/2561/2243 663/617/581
f 341/618/582 340/269/259 613/552/528
f 664/619/583 665/850/767 666/620/584
f 305/227/223 462/374/360 668/622/586
f 207/150/149 577/505/484 262/194/191
f 216/157/156 406/329/317 405/328/316
f 156/116/115 163/121/120 383/623/587
f 470/384/370 469/608/574 656/624/588
f 625/566/540 669/888/805 670/626/590
f 179/321/309 396/320/308 584/516/493
f 631/571/544 371/294/284 184/134/133
f 391/483/462 660/615/579 659/628/592
f 76/58/58 647/3228/563 646/629/562
f 671/630/593 386/308/297 444/356/343
f 512/631/414 291/216/212 290/632/594
f 672/634/595 632/573/546 460/373/359
f 46/36/36 308/305/294 382/412/398
f 109/636/597 674/658/612 522/442/426
f 231/168/167 232/3229/656 622/637/598
f 426/345/332 675/642/600 550/477/456
f 128/606/96 127/239/95 320/238/234
f 413/638/321 502/479/458 395/317/306
f 324/639/238 676/937/850 598/535/512
f 369/640/283 372/590/285 642/641/599
f 563/490/469 428/3225/2754 640/643/601
f 304/644/602 677/856/773 672/634/595
f 126/408/394 493/407/393 318/645/233
f 448/555/531 678/805/731 465/647/364
f 282/376/362 281/208/204 679/649/604
f 10/267/257 9/7/7 546/470/450
f 376/300/289 458/526/503 589/524/501
f 225/164/163 604/543/519 35/651/606
f 56/42/42 368/292/282 357/652/272
f 56/42/42 630/569/543 681/653/607
f 178/130/129 181/132/131 682/654/608
f 111/84/83 288/213/209 469/608/574
f 614/655/609 683/753/681 684/656/610
f 575/657/611 385/307/296 386/308/297
f 83/214/210 110/83/82 109/636/597
f 315/366/353 563/490/469 623/559/535
f 108/82/81 384/306/295 674/658/612
f 186/135/134 681/653/607 630/569/543
f 247/659/613 246/180/177 339/266/256
f 545/660/449 685/896/811 610/548/524
f 643/591/560 334/256/248 328/249/241
f 442/355/342 533/455/438 686/662/614
f 67/261/253 370/359/346 446/358/345
f 641/585/556 459/371/358 458/526/503
f 75/57/57 74/572/545 632/573/546
f 347/274/264 403/327/315 547/471/451
f 687/664/616 309/230/226 308/305/294
f 622/637/598 619/557/533 618/584/555
f 97/73/73 96/72/72 279/206/202
f 610/548/524 685/896/811 657/666/618
f 24/18/18 529/451/434 528/625/589
f 446/667/345 426/345/332 425/344/331
f 39/669/619 152/113/112 206/504/483
f 123/93/92 681/653/607 186/135/134
f 456/670/620 688/742/673 531/671/621
f 468/672/368 689/3230/661 399/323/311
f 594/531/508 593/530/507 690/673/622
f 544/468/448 558/485/464 691/674/623
f 208/151/150 207/150/149 583/515/492
f 93/70/70 280/207/203 606/545/521
f 664/619/583 667/621/585 611/550/526
f 7/5/5 508/425/410 411/332/320
f 157/117/116 160/119/118 692/675/624
f 47/635/596 382/412/398 496/677/565
f 694/679/626 588/523/500 388/311/300
f 226/465/445 540/464/444 628/568/542
f 263/680/192 325/549/525 393/314/303
f 286/243/236 324/245/238 601/681/514
f 279/206/202 278/430/415 241/682/174
f 357/282/272 368/728/282 695/683/627
f 573/684/628 696/993/902 697/685/629
f 72/686/54 698/689/632 566/687/630
f 61/46/46 452/367/354 196/142/141
f 372/295/285 371/294/284 631/571/544
f 608/546/522 699/695/636 591/688/631
f 698/689/632 700/701/640 567/495/474
f 489/474/453 488/399/385 581/690/633
f 593/691/507 701/694/635 702/692/634
f 379/582/291 638/583/554 701/694/635
f 2/439/424 276/204/200 473/386/372
f 607/561/537 658/614/578 699/695/636
f 376/300/289 375/299/288 687/664/616
f 266/197/194 326/247/239 325/696/525
f 526/447/431 492/404/390 454/369/356
f 704/697/637 705/3231/2755 706/698/638
f 177/565/128 463/375/361 518/434/419
f 311/231/227 567/495/474 700/701/640
f 190/138/137 189/137/136 337/263/255
f 39/669/619 117/89/88 120/91/90
f 283/209/205 436/902/337 435/702/641
f 641/585/556 687/664/616 46/36/36
f 597/534/511 516/433/418 515/703/642
f 422/342/329 490/401/387 161/120/119
f 184/134/133 187/136/135 190/138/137
f 188/541/397 187/136/135 370/359/346
f 507/704/643 633/575/547 170/124/123
f 366/290/280 709/718/652 635/705/644
f 45/35/35 362/501/480 618/584/555
f 73/76/55 72/686/54 506/586/557
f 396/320/308 580/513/490 585/706/645
f 513/431/416 668/622/586 462/374/360
f 287/212/208 601/681/514 600/707/513
f 81/61/61 489/474/453 459/371/358
f 602/540/517 524/445/429 523/708/646
f 302/494/473 478/391/377 416/337/324
f 6/453/436 191/489/468 508/425/410
f 535/709/539 546/661/450 710/710/647
f 502/479/458 413/638/321 330/711/244
f 580/513/490 512/631/414 69/712/52
f 426/345/332 446/667/345 369/640/283
f 410/331/319 503/418/404 330/711/244
f 183/564/132 559/3226/465 409/364/351
f 181/132/131 455/730/662 711/714/648
f 48/37/37 47/635/596 645/678/564
f 366/290/280 168/185/182 211/153/152
f 85/64/64 169/123/122 433/348/335
f 238/173/172 693/676/625 692/675/624
f 673/715/649 451/3221/2753 314/234/230
f 5/461/4 216/157/156 215/156/155
f 300/223/219 640/643/601 639/717/651
f 69/52/52 512/429/414 511/443/427
f 125/95/94 128/97/96 401/325/313
f 681/653/607 123/93/92 553/481/460
f 14/39/39 30/24/24 33/26/26
f 69/712/52 68/668/51 425/344/331
f 365/289/279 586/518/495 709/718/652
f 599/719/653 644/592/561 647/594/563
f 530/452/435 529/451/434 555/720/654
f 189/722/136 205/149/148 204/148/147
f 246/180/177 233/182/179 232/723/656
f 690/693/622 702/692/634 494/724/657
f 620/558/534 714/841/758 43/139/138
f 345/272/262 344/1326/1157 715/725/658
f 27/21/21 26/20/20 415/336/323
f 146/109/108 149/111/110 162/727/660
f 73/55/55 100/463/75 226/465/445
f 600/707/513 647/3228/563 76/58/58
f 335/361/348 448/555/531 464/648/603
f 367/598/485 649/597/566 695/683/627
f 147/496/475 193/140/139 192/250/242
f 120/91/90 119/90/89 43/139/138
f 467/381/367 716/949/858 689/729/661
f 261/193/190 548/475/454 583/515/492
f 493/407/393 411/332/320 394/334/305
f 455/730/662 543/467/447 542/731/663
f 624/562/538 606/545/521 280/207/203
f 256/732/664 504/420/406 505/422/407
f 269/733/665 564/491/470 485/581/553
f 249/488/467 561/487/466 717/734/666
f 195/665/617 241/682/174 58/44/44
f 487/398/384 486/397/383 718/736/667
f 719/738/669 720/765/691 562/739/670
f 371/294/284 370/359/346 187/136/135
f 99/482/461 98/74/74 245/179/176
f 342/611/260 690/693/622 164/409/395
f 38/30/30 412/424/409 117/89/88
f 240/246/173 327/248/240 18/741/672
f 319/315/304 572/500/479 686/662/614
f 347/274/264 346/273/263 608/546/522
f 401/605/313 531/671/621 688/742/673
f 440/577/549 634/576/548 717/734/666
f 610/548/524 609/547/523 710/710/647
f 105/744/674 516/433/418 597/534/511
f 539/745/675 553/481/460 123/93/92
f 57/43/43 553/481/460 99/482/461
f 233/182/179 248/181/178 301/224/220
f 353/613/577 400/324/312 722/747/676
f 632/573/546 672/634/595 724/749/678
f 104/79/78 484/395/381 516/433/418
f 227/165/164 628/568/542 627/567/541
f 160/119/118 299/222/218 453/368/355
f 331/253/245 719/738/669 721/740/671
f 140/104/103 313/233/229 579/750/679
f 644/592/561 599/719/653 80/400/386
f 268/199/195 540/464/444 539/751/675
f 470/384/370 530/452/435 421/721/655
f 725/752/680 726/991/900 684/656/610
f 552/480/459 501/417/403 520/754/682
f 320/238/234 686/662/614 533/455/438
f 440/577/549 561/487/466 560/522/499
f 182/521/498 560/522/499 559/486/465
f 165/755/121 495/506/396 244/612/576
f 534/456/439 537/458/441 434/349/336
f 37/242/29 321/241/235 712/756/683
f 188/411/397 381/304/293 205/149/148
f 729/758/684 524/445/429 602/540/517
f 729/758/684 419/340/327 23/17/17
f 248/181/178 247/659/613 721/740/671
f 562/739/670 720/765/691 730/759/685
f 214/254/246 213/155/154 731/760/686
f 331/253/245 214/254/246 732/761/687
f 404/529/506 592/528/505 734/763/689
f 419/340/327 735/772/698 736/764/690
f 720/765/691 737/769/695 738/766/692
f 420/341/328 736/764/690 739/767/693
f 405/328/316 734/763/689 731/760/686
f 720/765/691 719/738/669 740/768/694
f 719/738/669 331/253/245 733/762/688
f 555/720/654 739/767/693 741/770/696
f 729/758/684 730/759/685 738/766/692
f 729/758/684 742/771/697 735/772/698
f 193/140/139 743/775/701 744/773/699
f 490/401/387 745/792/718 746/774/700
f 491/402/388 746/774/700 743/775/701
f 591/688/631 747/778/704 748/776/702
f 194/141/140 744/773/699 749/777/703
f 699/695/636 750/779/705 747/778/704
f 658/614/578 749/777/703 750/779/705
f 751/780/706 752/781/707 732/761/687
f 733/762/688 732/761/687 752/781/707
f 592/528/505 748/776/702 754/783/709
f 736/764/690 735/772/698 755/784/710
f 738/766/692 737/769/695 757/786/712
f 736/764/690 756/785/711 759/788/714
f 734/763/689 754/783/709 751/780/706
f 737/769/695 740/768/694 760/789/715
f 740/768/694 733/762/688 753/782/708
f 739/767/693 759/788/714 761/790/716
f 738/766/692 758/787/713 762/791/717
f 742/771/697 762/791/717 755/784/710
f 741/770/696 761/790/716 745/792/718
f 275/793/719 92/69/69 763/794/720
f 474/387/373 765/797/723 766/796/722
f 275/793/719 764/795/721 765/797/723
f 764/795/721 763/794/720 767/798/724
f 765/797/723 769/801/727 770/800/726
f 764/795/721 768/799/725 769/801/727
f 768/799/725 767/798/724 35/651/606
f 769/801/727 604/543/519 603/802/728
f 91/803/729 499/414/400 771/804/730
f 678/805/731 772/806/732 771/804/730
f 772/806/732 678/805/731 773/807/733
f 617/556/532 36/28/28 35/651/606
f 448/555/531 617/556/532 773/807/733
f 678/805/731 499/414/400 498/808/734
f 498/809/734 504/420/406 466/379/365
f 504/420/406 256/732/664 88/66/66
f 256/732/664 255/189/186 89/67/67
f 500/415/401 115/87/86 402/326/314
f 402/743/314 688/742/673 505/422/407
f 688/742/673 456/670/620 257/190/187
f 456/670/620 445/357/344 258/191/188
f 91/803/729 90/68/68 500/415/401
f 116/88/87 115/87/86 500/415/401
f 587/757/497 712/756/683 774/810/735
f 635/812/644 775/816/737 776/813/736
f 709/815/652 777/817/738 775/816/737
f 586/811/495 774/810/735 777/817/738
f 637/580/552 611/550/526 778/818/739
f 578/820/741 780/822/743 779/819/740
f 578/820/741 778/818/739 430/346/333
f 667/621/585 666/620/584 431/821/742
f 667/621/585 430/346/333 778/818/739
f 780/822/743 578/820/741 408/508/486
f 485/581/553 637/580/552 781/823/744
f 637/580/552 779/819/740 782/824/745
f 780/822/743 636/578/550 782/824/745
f 718/825/667 486/828/383 783/826/746
f 486/828/383 781/831/744 785/829/748
f 786/830/749 785/829/748 781/831/744
f 636/814/550 776/813/736 786/830/749
f 151/539/516 150/112/111 790/833/750
f 259/192/189 262/194/191 792/835/752
f 259/192/189 793/836/753 794/837/754
f 577/505/484 576/538/515 795/838/755
f 151/539/516 791/834/751 795/838/755
f 262/194/191 577/505/484 796/839/756
f 387/310/299 794/837/754 797/840/757
f 150/112/111 43/139/138 714/841/758
f 198/144/143 543/467/447 455/730/662
f 691/674/623 558/485/464 557/484/463
f 806/843/760 807/845/762 557/484/463
f 808/844/761 806/843/760 556/726/659
f 805/842/759 557/484/463 807/845/762
f 807/845/762 806/843/760 722/747/676
f 723/748/677 722/747/676 806/843/760
f 809/846/763 807/845/762 810/847/764
f 565/493/472 270/492/471 673/715/649
f 812/849/766 612/551/527 565/493/472
f 317/236/232 812/849/766 713/716/650
s 2
f 789/851/768 814/3232/2756 813/852/769
s 1
f 304/644/602 303/226/222 815/854/771
f 677/856/773 304/644/602 816/855/772
f 218/511/489 818/863/780 819/858/775
f 306/228/224 820/866/783 821/859/776
f 313/233/229 312/232/228 822/860/777
f 219/159/158 819/858/775 824/862/779
f 579/750/679 825/869/786 818/863/780
f 627/567/541 626/627/591 826/864/781
f 668/622/586 828/868/785 820/866/783
f 626/627/591 670/626/590 829/867/784
f 513/431/416 824/862/779 828/868/785
f 312/232/228 627/567/541 827/865/782
f 579/750/679 313/233/229 823/861/778
f 303/226/222 821/859/776 830/870/787
f 588/523/500 694/679/626 831/871/788
f 373/298/287 588/523/500 832/872/789
f 694/679/626 797/840/757 834/874/791
f 203/875/792 202/147/146 835/876/793
f 202/147/146 309/230/226 837/878/795
f 309/230/226 687/664/616 375/299/288
f 836/877/794 835/876/793 838/879/796
f 835/876/793 837/878/795 840/881/798
f 837/878/795 375/299/288 374/882/799
f 540/464/444 268/199/195 841/883/800
f 268/199/195 267/297/286 842/884/801
f 267/297/286 204/148/147 203/875/792
f 843/885/802 625/566/540 628/568/542
f 844/886/803 843/885/802 841/883/800
f 842/884/801 203/875/792 836/877/794
f 625/566/540 843/885/802 845/887/804
f 843/885/802 844/886/803 846/889/806
f 844/886/803 836/877/794 839/880/797
f 72/54/54 71/105/104 847/890/807
f 698/891/632 847/890/807 848/892/808
f 848/892/808 685/896/811 545/660/449
f 848/892/808 847/890/807 849/894/809
f 685/896/811 848/892/808 850/895/810
f 851/897/812 849/894/809 847/890/807
f 849/894/809 851/897/812 852/898/813
f 657/666/618 850/895/810 852/898/813
f 851/897/812 71/105/104 141/510/488
f 852/898/813 851/897/812 853/899/814
f 854/900/815 30/24/24 112/85/84
f 853/899/814 141/510/488 217/158/157
f 854/900/815 217/158/157 31/160/159
f 534/901/439 437/3233/338 25/19/19
f 25/19/19 437/3233/338 436/902/337
f 415/336/323 855/1414/1237 102/77/76
f 294/218/214 293/906/819 856/903/816
f 310/389/375 429/406/392 856/903/816
f 292/217/213 857/907/820 858/905/818
f 307/229/225 859/910/823 857/907/820
f 107/81/80 106/80/79 860/908/821
f 476/904/817 861/915/828 554/909/822
f 438/525/502 860/908/821 859/910/823
f 293/906/819 858/905/818 862/911/824
f 862/911/824 861/915/828 476/904/817
f 554/909/822 863/916/829 660/615/579
f 857/907/820 864/913/826 865/912/825
f 859/910/823 866/917/830 864/913/826
f 861/915/828 868/919/832 863/916/829
f 860/908/821 867/914/827 866/917/830
f 858/905/818 865/912/825 869/918/831
f 862/911/824 869/918/831 868/919/832
f 105/744/674 663/617/581 870/920/833
f 863/916/829 871/924/837 650/599/567
f 864/913/826 872/922/835 873/921/834
f 866/917/830 874/925/838 872/922/835
f 106/80/79 870/920/833 875/923/836
f 868/919/832 876/927/840 871/924/837
f 867/914/827 875/923/836 874/925/838
f 865/912/825 873/921/834 877/926/839
f 869/918/831 877/926/839 876/927/840
f 663/617/581 662/2561/2243 878/928/841
f 650/599/567 871/924/837 879/929/842
f 873/921/834 872/922/835 880/931/844
f 872/922/835 874/925/838 882/933/846
f 870/920/833 878/928/841 883/934/847
f 871/924/837 876/927/840 884/935/848
f 875/923/836 883/934/847 882/933/846
f 877/926/839 873/921/834 881/932/845
f 876/927/840 877/926/839 885/936/849
f 676/937/850 338/939/852 582/514/491
f 488/399/385 80/400/386 599/719/653
f 598/535/512 676/937/850 581/690/633
f 298/221/217 285/211/207 197/143/142
f 322/938/851 410/331/319 329/713/243
f 676/937/850 324/639/238 323/264/237
f 322/938/851 286/243/236 285/211/207
f 417/940/853 452/367/354 629/941/854
f 417/940/853 235/171/170 692/675/624
f 299/222/218 197/143/142 196/142/141
f 338/939/852 41/32/32 208/151/150
f 575/657/611 671/630/593 238/173/172
f 671/630/593 521/438/423 693/676/625
f 693/676/625 521/438/423 520/754/682
f 400/324/312 399/323/311 810/847/764
f 399/323/311 689/3230/661 811/848/765
f 510/428/413 691/944/623 886/942/855
f 805/943/759 887/946/856 886/942/855
f 809/945/763 888/957/866 887/946/856
f 889/947/857 888/957/866 809/945/763
f 811/948/765 689/729/661 716/949/858
f 377/301/290 380/303/292 890/950/859
f 467/381/367 377/301/290 891/951/860
f 380/303/292 594/531/508 893/953/862
f 594/531/508 342/270/260 341/618/582
f 716/949/858 467/381/367 892/952/861
f 351/277/267 886/942/855 895/955/864
f 886/942/855 887/946/856 896/956/865
f 888/957/866 897/959/868 896/956/865
f 888/957/866 889/947/857 898/958/867
f 889/947/857 716/949/858 894/954/863
f 891/951/860 890/950/859 899/960/869
f 891/951/860 900/961/870 901/962/871
f 890/950/859 893/953/862 902/963/872
f 893/953/862 341/618/582 616/554/530
f 894/954/863 892/952/861 901/962/871
f 138/103/102 895/955/864 904/965/874
f 895/955/864 896/956/865 905/966/875
f 897/959/868 906/968/877 905/966/875
f 897/959/868 898/958/867 907/967/876
f 898/958/867 894/954/863 903/964/873
f 900/961/870 899/960/869 908/969/878
f 900/961/870 909/970/879 910/971/880
f 899/960/869 902/963/872 911/972/881
f 902/963/872 616/554/530 615/553/529
f 903/964/873 901/962/871 910/971/880
f 135/101/100 904/965/874 913/974/883
f 904/965/874 905/966/875 914/975/884
f 905/966/875 906/968/877 915/976/885
f 906/968/877 907/967/876 916/977/886
f 912/973/882 916/977/886 907/967/876
f 909/970/879 908/969/878 917/978/887
f 909/970/879 918/979/888 919/980/889
f 908/969/878 911/972/881 920/981/890
f 684/656/610 920/981/890 911/972/881
f 910/971/880 919/980/889 921/982/891
f 914/975/884 923/984/893 922/983/892
f 915/976/885 924/985/894 923/984/893
f 916/977/886 925/986/895 924/985/894
f 912/973/882 921/982/891 925/986/895
f 917/978/887 926/990/899 927/987/896
f 918/979/888 927/987/896 928/988/897
f 917/978/887 920/981/890 929/989/898
f 920/981/890 684/656/610 726/991/900
f 919/980/889 928/988/897 930/992/901
f 922/983/892 931/994/903 696/993/902
f 923/984/893 932/995/904 931/994/903
f 924/985/894 933/996/905 932/995/904
f 925/986/895 934/997/906 933/996/905
f 921/982/891 930/992/901 934/997/906
f 653/601/569 652/600/568 935/998/907
f 659/628/592 653/601/569 936/999/908
f 392/313/302 659/628/592 264/1000/909
f 936/1001/908 935/3234/907 937/1002/910
f 264/1004/909 936/1001/908 938/1003/911
f 939/1005/912 648/1011/918 495/410/396
f 398/449/432 397/322/310 940/1006/913
f 940/1006/913 941/1009/916 638/583/554
f 702/692/634 701/694/635 942/1007/914
f 941/1009/916 942/1007/914 701/694/635
f 494/724/657 702/692/634 943/1008/915
f 939/1005/912 944/1015/922 945/1010/917
f 397/322/310 352/278/268 946/1012/919
f 946/1012/919 947/3235/2757 941/1009/916
f 942/1007/914 948/1014/921 949/1013/920
f 941/1009/916 947/3235/2757 948/1014/921
f 943/1008/915 949/1013/920 944/1015/922
f 649/597/566 648/1011/918 945/1010/917
f 951/1017/924 271/201/197 354/280/270
f 695/683/627 649/597/566 950/1016/923
f 374/882/799 373/298/287 833/873/790
f 669/888/805 953/1025/932 954/1019/926
f 670/626/590 954/1019/926 955/1020/927
f 839/880/797 838/879/796 956/1021/928
f 838/879/796 840/881/798 958/1023/930
f 840/881/798 374/882/799 952/1018/925
f 669/888/805 845/887/804 959/1024/931
f 845/887/804 846/889/806 960/1026/933
f 846/889/806 839/880/797 957/1022/929
f 831/1027/788 961/1032/935 962/1028/934
f 962/1028/934 963/1034/936 833/1030/790
f 834/1031/791 964/1054/948 961/1032/935
f 952/1033/925 833/1030/790 963/1034/936
f 954/1036/926 953/1048/932 966/1037/938
f 954/1036/926 967/1038/939 968/1039/940
f 957/1041/929 956/1044/928 969/1042/941
f 956/1044/928 958/1046/930 971/1045/943
f 958/1046/930 952/1033/925 965/1035/937
f 972/1047/944 966/1037/938 953/1048/932
f 959/1049/931 960/1051/933 973/1050/945
f 960/1051/933 957/1041/929 970/1043/942
f 961/1032/935 974/1055/949 975/1052/946
f 963/1034/936 962/1028/934 975/1052/946
f 964/1054/948 977/1068/959 974/1055/949
f 965/1035/937 963/1034/936 976/1053/947
f 967/1038/939 966/1037/938 979/1057/950
f 968/1039/940 967/1038/939 980/1058/951
f 970/1043/942 969/1042/941 982/1060/947
f 969/1042/941 971/1045/943 984/1062/947
f 971/1045/943 965/1035/937 978/1056/947
f 966/1037/938 972/1047/944 985/1063/954
f 972/1047/944 973/1050/945 986/1064/955
f 973/1050/945 970/1043/942 983/1061/953
f 987/1065/956 988/3236/946 975/1052/946
f 975/1052/946 988/3236/946 989/1066/957
f 990/1067/958 987/1065/956 974/1055/949
f 976/1053/947 989/1066/957 991/1069/957
f 980/1058/951 979/1057/950 992/1070/960
f 981/1059/952 980/1058/951 993/1071/961
f 983/1061/953 982/1060/947 995/1073/963
f 984/1062/947 997/1075/957 995/1073/963
f 978/1056/947 991/1069/957 997/1075/957
f 979/1057/950 985/1063/954 998/1076/965
f 985/1063/954 986/1064/955 999/1077/966
f 986/1064/955 983/1061/953 996/1074/964
f 1000/1078/967 1001/1616/1387 990/1067/958
f 1002/1079/968 1003/1082/971 1004/1080/969
f 166/1085/974 296/1087/976 1004/1080/969
f 296/1087/976 297/3237/2758 1005/1081/970
f 728/1088/977 1004/1080/969 1003/1082/971
f 728/1088/977 727/3238/2759 1006/1086/975
f 1006/1086/975 727/3238/2759 167/1089/978
f 1007/1090/979 1008/3239/1316 1009/1091/980
f 815/1093/771 830/1546/787 1011/1094/982
f 1011/1094/982 1013/1626/1394 1014/1096/984
f 816/1097/772 815/1093/771 1012/1095/983
f 1012/1095/983 1014/1096/984 1016/1099/986
f 1017/1092/987 1010/1092/981 817/1100/774
f 817/1100/774 816/1097/772 1015/1098/985
f 51/602/570 655/604/572 1018/1101/988
f 708/1103/990 1019/1106/993 1020/1104/991
f 50/1102/989 1018/1101/988 1019/1106/993
f 744/1107/699 743/1113/701 1022/1108/994
f 746/1110/700 745/1144/718 1024/1111/996
f 746/1110/700 1025/1112/997 1022/1108/994
f 748/1114/702 747/1119/704 1026/1115/998
f 749/1117/703 744/1107/699 1023/1109/995
f 747/1119/704 750/1121/705 1029/1120/1001
f 750/1121/705 749/1117/703 1028/1118/1000
f 751/1122/706 1030/1136/1007 1031/1123/1002
f 752/1124/707 1031/1123/1002 1032/1125/1003
f 754/1127/709 748/1114/702 1027/1116/999
f 755/1129/710 1034/1143/1011 1035/1130/1005
f 757/1132/712 1036/1138/1008 1037/1133/1006
f 1035/1130/1005 1038/1140/1010 759/1135/714
f 751/1122/706 754/1127/709 1033/1128/1004
f 760/1137/715 1039/1139/1009 1036/1138/1008
f 753/1126/708 1032/1125/1003 1039/1139/1009
f 1038/1140/1010 1040/1163/1030 761/1141/716
f 1037/1133/1006 1041/1164/1031 762/1142/717
f 762/1142/717 1041/1164/1031 1034/1143/1011
f 761/1141/716 1040/1163/1030 1024/1111/996
f 1022/1108/994 1042/1148/1015 1043/1145/1012
f 1025/1112/997 1024/1111/996 1044/1146/1013
f 1025/1112/997 1045/1147/1014 1042/1148/1015
f 1026/1115/998 1046/1151/1018 1047/1149/1016
f 1023/1109/995 1043/1145/1012 1048/1150/1017
f 1029/1120/1001 1049/1152/1019 1046/1151/1018
f 1028/1118/1000 1048/1150/1017 1049/1152/1019
f 1050/1153/1020 1051/1154/1021 1031/1123/1002
f 1032/1125/1003 1031/1123/1002 1051/1154/1021
f 1027/1116/999 1047/1149/1016 1053/1156/1023
f 1035/1130/1005 1034/1143/1011 1054/1157/1024
f 1037/1133/1006 1036/1138/1008 1056/1159/1026
f 1055/1158/1025 1058/1167/1034 1038/1140/1010
f 1033/1128/1004 1053/1156/1023 1050/1153/1020
f 1036/1138/1008 1039/1139/1009 1059/1161/1028
f 1039/1139/1009 1032/1125/1003 1052/1155/1022
f 1038/1140/1010 1058/1167/1034 1060/1162/1029
f 1041/1164/1031 1037/1133/1006 1057/1160/1027
f 1034/1143/1011 1041/1164/1031 1061/1165/1032
f 1040/1163/1030 1060/1162/1029 1044/1146/1013
f 142/106/105 1063/1172/1039 1064/1168/1035
f 148/110/109 1065/1173/1040 1066/1169/1036
f 162/727/660 1067/1187/1054 1068/1170/1037
f 209/152/151 1069/1180/1047 1070/1171/1038
f 210/220/216 1070/1171/1038 1063/1172/1039
f 334/256/248 1071/1186/1053 1065/1173/1040
f 349/542/518 348/275/265 1072/1174/1041
f 383/623/587 1074/1183/1050 1075/1176/1043
f 472/1177/1044 471/385/371 1076/1178/1045
f 1064/1168/1035 1072/1174/1041 348/275/265
f 522/442/426 1078/1184/1051 1069/1180/1047
f 603/802/728 349/542/518 1073/1175/1042
f 472/1177/1044 1077/1179/1046 1080/1182/1049
f 163/121/120 1068/1170/1037 1074/1183/1050
f 674/658/612 1081/1185/1052 1078/1184/1051
f 384/306/295 1075/1176/1043 1081/1185/1052
f 643/591/560 1080/1182/1049 1071/1186/1053
f 149/111/110 1066/1169/1036 1067/1187/1054
f 471/385/371 766/796/722 1082/1188/1055
f 766/796/722 770/800/726 1083/1189/1056
f 770/800/726 603/802/728 1079/1181/1048
f 1064/1190/1035 1063/1202/1039 1084/1191/1057
f 1086/1193/1059 1087/1232/1078 1066/1194/1036
f 1088/1196/1060 1089/1219/1070 1068/1197/1037
f 1070/1199/1038 1069/1214/1047 1090/1200/1061
f 1063/1202/1039 1070/1199/1038 1091/1201/1062
f 1092/1203/1063 1086/1193/1059 1065/1195/1040
f 1072/1205/1041 1093/1237/1083 1094/1206/1064
f 1075/1208/1043 1074/1220/1050 1095/1209/1065
f 1076/1211/1045 1097/1226/1073 1098/1212/1067
f 1085/1192/1058 1093/1237/1083 1072/1205/1041
f 1069/1214/1047 1078/1221/1051 1099/1215/1068
f 1073/1207/1042 1094/1206/1064 1100/1216/1069
f 1098/1212/1067 1101/1224/1072 1080/1218/1049
f 1089/1219/1070 1095/1209/1065 1074/1220/1050
f 1078/1221/1051 1081/1223/1052 1102/1222/1071
f 1075/1208/1043 1096/1210/1066 1102/1222/1071
f 1101/1224/1072 1092/1203/1063 1071/1204/1053
f 1066/1194/1036 1087/1232/1078 1088/1196/1060
f 1082/1225/1055 1103/1228/1074 1097/1226/1073
f 1083/1227/1056 1104/1229/1075 1103/1228/1074
f 1079/1217/1048 1100/1216/1069 1104/1229/1075
f 1105/1230/1076 1106/1240/1086 1085/1192/1058
f 1107/1231/1077 1108/1247/1093 1087/1232/1078
f 1109/1233/1079 1110/1244/1090 1089/1219/1070
f 1090/1200/1061 1111/1263/1109 1112/1234/1080
f 1091/1201/1062 1112/1234/1080 1105/1230/1076
f 1113/1235/1081 1107/1231/1077 1086/1193/1059
f 1114/1236/1082 1115/1242/1088 1094/1206/1064
f 1116/1238/1084 1117/1246/1092 1096/1210/1066
f 1097/1226/1073 1118/1261/1107 1119/1239/1085
f 1106/1240/1086 1114/1236/1082 1093/1237/1083
f 1120/1241/1087 1111/1263/1109 1090/1200/1061
f 1115/1242/1088 1121/1250/1096 1100/1216/1069
f 1098/1212/1067 1119/1239/1085 1122/1243/1089
f 1110/1244/1090 1116/1238/1084 1095/1209/1065
f 1099/1215/1068 1102/1222/1071 1123/1245/1091
f 1117/1246/1092 1123/1245/1091 1102/1222/1071
f 1101/1224/1072 1122/1243/1089 1113/1235/1081
f 1108/1247/1093 1109/1233/1079 1088/1196/1060
f 1124/1248/1094 1118/1261/1107 1097/1226/1073
f 1125/1249/1095 1124/1248/1094 1103/1228/1074
f 1104/1229/1075 1100/1216/1069 1121/1250/1096
f 1106/1240/1086 1105/1230/1076 1126/1251/1097
f 1107/1231/1077 1128/1257/1103 1129/1253/1099
f 1109/1233/1079 1130/1270/1116 1131/1254/1100
f 1112/1234/1080 1111/1263/1109 1132/1255/1101
f 1105/1230/1076 1112/1234/1080 1133/1256/1102
f 1113/1235/1081 1134/1269/1115 1128/1257/1103
f 1115/1242/1088 1114/1236/1082 1135/1258/1104
f 1116/1238/1084 1137/1267/1113 1138/1260/1106
f 1118/1261/1107 1139/1271/1117 1140/1262/1108
f 1114/1236/1082 1106/1240/1086 1127/1252/1098
f 1111/1263/1109 1120/1241/1087 1141/1264/1110
f 1121/1250/1096 1115/1242/1088 1136/1259/1105
f 1119/1239/1085 1140/1262/1108 1143/1266/1112
f 1110/1244/1090 1131/1254/1100 1137/1267/1113
f 1120/1241/1087 1123/1245/1091 1144/1268/1114
f 1123/1245/1091 1117/1246/1092 1138/1260/1106
f 1122/1243/1089 1143/1266/1112 1134/1269/1115
f 1108/1247/1093 1129/1253/1099 1130/1270/1116
f 1124/1248/1094 1145/1272/1118 1139/1271/1117
f 1125/1249/1095 1146/1273/1119 1145/1272/1118
f 1121/1250/1096 1142/1265/1111 1146/1273/1119
f 21/16/16 1148/1287/1133 1149/1275/1121
f 82/62/62 85/64/64 1150/1276/1122
f 252/560/536 251/186/183 1152/1278/1124
f 316/235/231 1154/3240/1152 1155/1280/1126
f 431/821/742 1156/3241/1143 1157/1281/1127
f 523/708/646 22/444/428 1149/1275/1121
f 82/62/62 1151/1277/1123 1159/1283/1129
f 1153/1279/1125 1160/1286/1132 623/559/535
f 1159/1283/1129 1161/1285/1131 656/624/588
f 665/850/767 1162/1288/1134 1163/1284/1130
f 1161/1285/1131 1164/3242/1151 528/625/589
f 1160/1286/1132 1154/3240/1152 316/235/231
f 528/625/589 1164/3242/1151 1148/1287/1133
f 523/708/646 1158/1282/1128 1152/1278/1124
f 432/347/334 1157/1281/1127 1150/1276/1122
f 1163/1284/1130 1156/3241/1143 431/821/742
f 812/849/766 1165/1289/1135 1162/1288/1134
f 317/236/232 1155/1280/1126 1165/1289/1135
f 1148/1290/1133 1166/1319/1153 1167/1291/1136
f 1151/1293/1123 1150/1321/1122 1168/1294/1137
f 1153/1296/1125 1152/1320/1124 1170/1297/1139
f 1155/1299/1126 1154/1318/1152 1172/1300/1141
f 1156/1302/1143 1174/1322/1154 1175/1303/1144
f 1149/1292/1121 1167/1291/1136 1176/1305/1145
f 1159/1307/1129 1151/1293/1123 1169/1295/1138
f 1160/1309/1132 1153/1296/1125 1171/1298/1140
f 1161/1311/1131 1159/1307/1129 1177/1308/1146
f 1162/1313/1134 1180/1324/1155 1181/1314/1149
f 1161/1311/1131 1179/1312/1148 1182/1316/1150
f 1154/1318/1152 1160/1309/1132 1178/1310/1147
f 1164/1317/1151 1182/1316/1150 1166/1319/1153
f 1158/1306/1128 1176/1305/1145 1170/1297/1139
f 1157/1304/1127 1175/1303/1144 1168/1294/1137
f 1163/1315/1130 1181/1314/1149 1174/1322/1154
f 1165/1323/1135 1183/1325/1156 1180/1324/1155
f 1155/1299/1126 1173/1301/1142 1183/1325/1156
f 551/478/457 715/725/658 344/1326/1157
f 675/642/600 642/641/599 1184/1327/1158
f 274/203/199 1184/1327/1158 642/641/599
f 63/423/408 62/47/47 1185/1328/1159
f 1187/1330/1161 1188/1361/1190 1189/1331/1162
f 221/184/181 1191/1334/1165 1192/1333/1164
f 250/183/180 1193/1476/1189 1191/1334/1165
f 281/208/204 284/210/206 1194/1335/1166
f 1196/1337/1168 1197/1340/1171 1198/1338/1169
f 1190/1332/1163 1189/1331/1162 1196/1337/1168
f 1197/1340/1171 1200/1469/1193 1185/1328/1159
f 1201/1341/1172 1202/3243/1206 1203/1342/1173
f 435/1344/641 434/349/336 1205/1345/1175
f 479/392/378 1207/1352/1182 1208/1347/1177
f 507/704/643 63/423/408 1186/1329/1160
f 537/458/441 536/457/440 1210/1350/1180
f 222/162/161 1192/1333/1164 1207/1352/1182
f 480/1348/1178 1208/1347/1177 1212/1353/1183
f 633/575/547 1213/1357/1186 1214/1354/1184
f 281/208/204 1195/1336/1167 1215/1355/1185
f 284/210/206 435/702/641 1206/1356/1176
f 633/575/547 507/704/643 1209/1349/1179
f 536/457/440 710/710/647 1216/1358/1187
f 250/735/180 717/734/666 1217/1359/1188
f 634/576/548 1214/1354/1184 1217/1359/1188
f 710/710/647 609/547/523 1212/1353/1183
f 537/458/441 1211/1351/1181 1205/1345/1175
f 1203/1342/1173 1202/3243/1206 1188/1361/1190
f 1218/1362/1191 1219/1415/1238 1220/1363/1192
f 1189/1365/1162 1188/1410/1190 1221/1366/1194
f 1223/1368/1196 1224/1372/1200 1225/1369/1197
f 1223/1368/1196 1227/1407/1233 1228/1371/1199
f 1229/1373/1201 1230/1402/1228 1231/1374/1202
f 1233/1376/1204 1234/1379/1205 1197/1377/1171
f 1196/1378/1168 1189/1365/1162 1222/1367/1195
f 1234/1379/1205 1218/1362/1191 1200/1364/1193
f 1202/1380/1206 1201/1411/1172 1235/1381/1207
f 1237/1383/1209 1238/1468/1291 1239/1384/1210
f 1241/1386/1212 1242/1394/1220 1243/1387/1213
f 1220/1363/1192 1219/1415/1238 1245/1389/1215
f 1247/1391/1217 1248/1405/1231 1249/1392/1218
f 1226/1370/1198 1225/1369/1197 1242/1394/1220
f 1244/1388/1214 1243/1387/1213 1251/1395/1221
f 1253/1397/1223 1254/1403/1229 1255/1398/1224
f 1257/1400/1226 1232/1375/1203 1231/1374/1202
f 1239/1384/1210 1238/1468/1291 1230/1402/1228
f 1246/1390/1216 1245/1389/1215 1254/1403/1229
f 1259/1404/1230 1260/1409/1235 1248/1405/1231
f 1261/1406/1232 1262/1408/1234 1228/1371/1199
f 1256/1399/1225 1255/1398/1224 1262/1408/1234
f 1252/1396/1222 1251/1395/1221 1260/1409/1235
f 1250/1393/1219 1249/1392/1218 1237/1383/1209
f 1188/1410/1190 1202/1380/1206 1236/1382/1208
f 1258/1401/1227 1235/1381/1207 1201/1411/1172
f 1204/1343/1174 1215/1355/1185 1257/1412/1226
f 680/650/605 414/335/322 26/20/20
f 680/650/605 679/649/604 1263/1413/1236
f 414/335/322 1263/1413/1236 855/1414/1237
f 1219/1415/1238 1218/1362/1191 1264/1416/1239
f 1221/1366/1194 1266/1430/1253 1267/1418/1241
f 1234/1379/1205 1233/1376/1204 1268/1419/1242
f 1222/1367/1195 1267/1418/1241 1268/1419/1242
f 1218/1362/1191 1234/1379/1205 1269/1420/1243
f 1242/1394/1220 1271/1427/1250 1272/1422/1245
f 1245/1389/1215 1219/1415/1238 1265/1417/1240
f 1249/1392/1218 1248/1405/1231 1274/1424/1247
f 1242/1394/1220 1225/1369/1197 1276/1426/1249
f 1251/1395/1221 1243/1387/1213 1272/1422/1245
f 1248/1405/1231 1260/1409/1235 1278/1429/1252
f 1260/1409/1235 1251/1395/1221 1277/1428/1251
f 1236/1382/1208 1270/1421/1244 1266/1430/1253
f 1279/1431/1254 1280/1435/1258 1281/1432/1255
f 1279/1431/1254 1283/1467/1290 1284/1434/1257
f 1285/1436/1259 1286/1455/1278 1287/1437/1260
f 1288/1438/1261 1287/1437/1260 1289/1439/1262
f 1282/1433/1256 1281/1432/1255 1291/1441/1264
f 1293/1443/1266 1294/1449/1272 1295/1444/1267
f 1297/1446/1269 1298/1453/1276 1299/1447/1270
f 1292/1442/1265 1291/1441/1264 1294/1449/1272
f 1296/1445/1268 1295/1444/1267 1301/1450/1273
f 1303/1452/1275 1304/1454/1277 1299/1447/1270
f 1302/1451/1274 1301/1450/1273 1304/1454/1277
f 1297/1446/1269 1300/1448/1271 1286/1455/1278
f 1281/1432/1255 1280/1435/1258 1305/1456/1279
f 1280/1435/1258 1284/1434/1257 1307/1458/1281
f 1286/1455/1278 1308/1466/1289 1309/1459/1282
f 1291/1441/1264 1281/1432/1255 1306/1457/1280
f 1294/1449/1272 1311/1463/1286 1312/1461/1284
f 1294/1449/1272 1291/1441/1264 1310/1460/1283
f 1295/1444/1267 1312/1461/1284 1314/1464/1287
f 1299/1447/1270 1304/1454/1277 1315/1465/1288
f 1301/1450/1273 1314/1464/1287 1315/1465/1288
f 1300/1448/1271 1313/1462/1285 1308/1466/1289
f 1224/1372/1200 1279/1431/1254 1282/1433/1256
f 1224/1372/1200 1228/1371/1199 1283/1467/1290
f 1262/1408/1234 1284/1434/1257 1283/1467/1290
f 1255/1398/1224 1307/1458/1281 1284/1434/1257
f 1254/1403/1229 1305/1456/1279 1307/1458/1281
f 1306/1457/1280 1305/1456/1279 1254/1403/1229
f 1310/1460/1283 1306/1457/1280 1273/1423/1246
f 1311/1463/1286 1310/1460/1283 1265/1417/1240
f 1312/1461/1284 1311/1463/1286 1264/1416/1239
f 1314/1464/1287 1312/1461/1284 1269/1420/1243
f 1267/1418/1241 1315/1465/1288 1314/1464/1287
f 1266/1430/1253 1313/1462/1285 1315/1465/1288
f 1270/1421/1244 1308/1466/1289 1313/1462/1285
f 1270/1421/1244 1258/1401/1227 1309/1459/1282
f 1258/1401/1227 1231/1374/1202 1289/1439/1262
f 1231/1374/1202 1230/1402/1228 1290/1440/1263
f 1238/1468/1291 1288/1438/1261 1290/1440/1263
f 1237/1383/1209 1285/1436/1259 1288/1438/1261
f 1275/1425/1248 1297/1446/1269 1285/1436/1259
f 1274/1424/1247 1298/1453/1276 1297/1446/1269
f 1303/1452/1275 1298/1453/1276 1274/1424/1247
f 1278/1429/1252 1277/1428/1251 1302/1451/1274
f 1272/1422/1245 1296/1445/1268 1302/1451/1274
f 1271/1427/1250 1293/1443/1266 1296/1445/1268
f 1276/1426/1249 1292/1442/1265 1293/1443/1266
f 1225/1369/1197 1282/1433/1256 1292/1442/1265
f 62/47/47 359/283/273 1198/1338/1169
f 358/288/278 1199/1339/1170 1198/1338/1169
f 1199/1339/1170 358/288/278 103/78/77
f 1190/1332/1163 103/78/77 102/77/76
f 1187/1330/1161 102/77/76 855/1414/1237
f 1203/1342/1173 855/1414/1237 1263/1413/1236
f 1204/1343/1174 1263/1413/1236 679/649/604
f 1200/1469/1193 1220/1470/1192 1186/1329/1160
f 1220/1470/1192 1246/1472/1216 1209/1349/1179
f 1253/1471/1223 1213/1357/1186 1209/1349/1179
f 1213/1357/1186 1253/1471/1223 1256/1473/1225
f 1214/1354/1184 1256/1473/1225 1261/1474/1232
f 1227/1475/1233 1193/1360/1189 1217/1359/1188
f 1193/1476/1189 1227/3244/1233 1223/1477/1196
f 1223/1477/1196 1226/1479/1198 1192/1333/1164
f 1241/1478/1212 1207/1352/1182 1192/1333/1164
f 1207/1352/1182 1241/1478/1212 1244/1480/1214
f 1208/1347/1177 1244/1480/1214 1252/1481/1222
f 1252/1481/1222 1259/1482/1230 1216/1358/1187
f 1259/1482/1230 1247/1483/1217 1210/1350/1180
f 1247/1483/1217 1250/1485/1219 1211/1351/1181
f 1240/1484/1211 1205/1345/1175 1211/1351/1181
f 1239/1486/1210 1206/1346/1176 1205/1345/1175
f 1239/1487/1210 1229/1488/1201 1194/1335/1166
f 1229/1488/1201 1232/3245/1203 1195/1336/1167
f 1195/1336/1167 1232/3245/1203 1257/1412/1226
f 175/435/420 174/127/126 1316/1489/1292
f 515/703/642 514/432/417 1318/1491/1294
f 517/663/615 724/749/678 1320/1493/1296
f 519/509/487 175/435/420 1317/1490/1293
f 514/432/417 519/509/487 1321/1494/1297
f 1320/1493/1296 1316/1502/1292 174/700/126
f 595/532/509 515/703/642 1319/1492/1295
f 672/634/595 677/856/773 1322/1495/1298
f 1316/1489/1292 1323/1515/1304 1324/1496/1299
f 1318/1491/1294 1325/1500/1303 1326/1497/1300
f 724/749/678 1322/1495/1298 1327/1498/1301
f 1317/1490/1293 1324/1496/1299 1328/1499/1302
f 1321/1494/1297 1328/1499/1302 1325/1500/1303
f 1320/1493/1296 1327/1498/1301 1323/1501/1304
f 568/497/476 1319/1492/1295 1326/1497/1300
f 1017/1092/987 1332/1506/1308 1007/1090/979
f 1331/1505/1307 1017/1092/987 1333/1507/1309
f 1334/1508/1310 1333/1507/1309 1335/1509/1311
f 1333/1507/1309 1015/1098/985 1337/1511/1313
f 1015/1098/985 1016/1099/986 1337/1511/1313
f 1329/1503/1305 1336/1522/1312 1338/1512/1314
f 1322/1495/1298 677/856/773 817/857/774
f 1323/1515/1304 1008/3246/1316 1007/1516/979
f 1326/1497/1300 1325/1500/1303 1331/1517/1307
f 1322/1495/1298 1330/1514/1306 1009/1519/980
f 1328/1499/1302 1324/1496/1299 1007/1516/979
f 1325/1500/1303 1328/1499/1302 1332/1520/1308
f 1327/1498/1301 1009/1519/980 1008/1521/1316
f 1329/1503/1305 1326/1497/1300 1334/1518/1310
f 819/1523/775 818/1534/780 1340/1524/1317
f 821/1526/776 820/1539/783 1342/1527/1319
f 824/1532/779 819/1523/775 1341/1525/1318
f 818/1534/780 825/1545/786 1346/1535/1323
f 826/1536/781 1347/1542/1326 1348/1537/1324
f 820/1539/783 828/1543/785 1349/1540/1325
f 829/1541/784 1350/1547/1328 1347/1542/1326
f 828/1543/785 824/1532/779 1345/1533/1322
f 827/1538/782 1348/1537/1324 1344/1531/1321
f 1351/1544/1327 1346/1535/1323 825/1545/786
f 830/1546/787 821/1526/776 1343/1528/1320
f 981/1059/952 1352/3247/2760 1350/1547/1328
f 620/1548/534 1353/1567/1341 1354/1549/1329
f 1355/1551/1330 1356/1562/1336 791/1552/751
f 1357/1554/1331 1358/1557/1333 1359/1555/1332
f 1358/1557/1333 1360/1564/1338 1361/1558/1334
f 1362/1559/1335 1363/1563/1337 796/1560/756
f 1356/1562/1336 1362/1559/1335 795/1561/755
f 1363/1563/1337 1357/1554/1331 792/1556/752
f 1360/1564/1338 1364/1583/1354 1365/1565/1339
f 714/1550/758 1354/1549/1329 1355/1551/1330
f 620/1548/534 798/1569/1343 1366/1566/1340
f 1367/1568/1342 1366/1566/1340 798/1569/1343
f 800/1571/1345 1368/1573/1347 1367/1568/1342
f 801/1572/1346 1369/1575/1349 1368/1573/1347
f 802/1574/1348 1370/1576/1350 1369/1575/1349
f 804/1083/972 1003/1082/971 1370/1576/1350
f 834/1031/791 797/1580/757 1365/1565/1339
f 1350/1547/1328 829/1541/784 955/1040/927
f 1350/1547/1328 1352/3247/2760 1371/1577/1351
f 1347/1542/1326 1371/1577/1351 1372/1578/1352
f 1348/1537/1324 1372/1578/1352 1373/1579/1353
f 1344/1531/1321 1373/1579/1353 1351/1544/1327
f 1365/1565/1339 1364/1583/1354 977/1068/959
f 797/1580/757 794/1581/754 1361/1558/1334
f 794/1581/754 793/1582/753 1359/1555/1332
f 1000/1078/967 977/1068/959 1364/1583/1354
f 1369/1575/1349 1370/1576/1350 1003/1082/971
f 1367/1568/1342 1368/1573/1347 1369/1575/1349
f 1353/1567/1341 1366/1566/1340 1367/1568/1342
f 1355/1551/1330 1354/1549/1329 1353/1567/1341
f 1362/1559/1335 1356/1562/1336 1355/1551/1330
f 1357/1554/1331 1363/1563/1337 1362/1559/1335
f 1360/1564/1338 1358/1557/1333 1357/1554/1331
f 1371/1577/1351 1352/3247/2760 981/1059/952
f 1373/1579/1353 1372/1578/1352 1371/1577/1351
f 1346/1535/1323 1351/1544/1327 1373/1579/1353
f 1340/1524/1317 1346/1535/1323 1374/1584/1355
f 1349/1540/1325 1345/1533/1322 1341/1525/1318
f 1343/1528/1320 1342/1527/1319 1349/1540/1325
f 1375/1585/1356 1376/1591/1362 1377/1586/1357
f 1379/1588/1359 1380/1596/1367 1381/1589/1360
f 1376/1591/1362 1383/1611/1382 1384/1592/1363
f 1382/1590/1361 1385/1610/1381 1386/1593/1364
f 1387/1594/1365 1388/1599/1370 1389/1595/1366
f 1390/1597/1368 1391/1605/1376 1392/1598/1369
f 1393/1600/1371 1394/1603/1374 1395/1601/1372
f 1394/1603/1374 1397/1609/1380 1398/1604/1375
f 1375/1585/1356 1378/1587/1358 1392/1598/1369
f 1399/1606/1377 1390/1597/1368 1388/1599/1370
f 1399/1606/1377 1400/1607/1378 1395/1601/1372
f 1400/1607/1378 1387/1594/1365 1396/1602/1373
f 1401/1608/1379 1402/1612/1383 1397/1609/1380
f 1385/1610/1381 1382/1590/1361 1377/1586/1357
f 1377/1586/1357 1382/1590/1361 1381/1589/1360
f 1378/1587/1358 1381/1589/1360 1389/1595/1366
f 1166/1319/1153 1399/1606/1377 1398/1604/1375
f 1166/1319/1153 1182/1316/1150 1390/1597/1368
f 1182/1316/1150 1179/1312/1148 1391/1605/1376
f 1179/1312/1148 1177/1308/1146 1375/1585/1356
f 1177/1308/1146 1169/1295/1138 1376/1591/1362
f 1169/1295/1138 1168/1294/1137 1383/1611/1382
f 1175/1303/1144 1384/1592/1363 1383/1611/1382
f 1174/1322/1154 1385/1610/1381 1384/1592/1363
f 1181/1314/1149 1386/1593/1364 1385/1610/1381
f 1180/1324/1155 1379/1588/1359 1386/1593/1364
f 1183/1325/1156 1380/1596/1367 1379/1588/1359
f 1183/1325/1156 1173/1301/1142 1387/1594/1365
f 1173/1301/1142 1172/1300/1141 1396/1602/1373
f 1172/1300/1141 1178/1310/1147 1393/1600/1371
f 1178/1310/1147 1171/1298/1140 1401/1608/1379
f 1171/1298/1140 1170/1297/1139 1402/1612/1383
f 1176/1305/1145 1397/1609/1380 1402/1612/1383
f 1167/1291/1136 1398/1604/1375 1397/1609/1380
f 1404/1613/1384 1403/3214/2750 1405/1614/1385
f 1005/1081/970 1405/1614/1385 1406/1615/1386
f 1002/1079/968 1406/1615/1386 1001/1616/1387
f 703/737/668 718/736/667 707/699/639
f 707/1617/639 718/825/667 784/827/747
f 661/616/580 597/534/511 596/533/510
f 1408/1619/1389 596/533/510 571/499/478
f 707/1617/639 1407/1618/1388 1409/1620/1390
s 2
f 814/3232/2756 789/851/768 788/3248/2761
s 1
f 1374/1584/1355 981/1059/952 994/1072/962
f 1336/1510/1312 1335/1509/1311 1411/1623/1392
f 569/1625/1393 568/497/476 1329/1503/1305
f 1013/1626/1394 1011/1094/982 1374/1584/1355
f 1412/1627/1395 1413/2206/1947 1414/1628/1396
f 1416/1630/1398 1417/2051/1810 1418/1631/1399
f 1420/1633/1401 1421/1877/1644 1422/1634/1402
f 1424/1636/1404 1425/2157/1903 1426/1637/1405
f 1428/1639/1407 1429/1753/1521 1430/1640/1408
f 1432/1642/1410 1433/1982/1741 1434/1643/1411
f 1414/1628/1396 1439/1776/1544 1440/1648/1416
f 1441/1649/1417 1442/2194/1938 1443/1650/1418
f 1445/1652/1420 1446/2208/1949 1447/1653/1421
f 1449/1655/1423 1450/1898/1661 1451/1656/1424
f 1453/1658/1426 1454/2140/1889 1455/1659/1427
f 1457/1661/1429 1458/2224/1963 1459/1662/1430
f 1427/1638/1406 1426/1637/1405 1463/1664/1432
f 1465/1666/1434 1466/2386/2082 1467/1667/1435
f 1469/1669/1437 1470/2324/2042 1471/1670/1438
f 1473/1672/1440 1474/1939/1699 1475/1673/1441
f 1477/1675/1443 1478/2358/2060 1479/1676/1444
f 1481/1678/1446 1482/2370/2057 1483/1679/1447
f 1464/1665/1433 1463/1664/1432 1485/1681/1449
f 1487/1683/1451 1488/2089/1844 1489/1684/1452
f 1459/1662/1430 1458/2224/1963 1491/1686/1454
f 1493/1688/1456 1494/2353/2063 1495/1689/1457
f 1497/1691/1459 1498/1953/1713 1499/1692/1460
f 1501/1694/1462 1502/1848/1615 1503/1695/1463
f 1505/1697/1465 1506/1779/1547 1507/1698/1466
f 1509/1700/1468 1482/2344/2057 1510/1701/1469
f 1422/1634/1402 1512/1932/1692 1513/1703/1471
f 1515/1705/1473 1516/1996/1755 1517/1706/1474
f 1519/1708/1476 1520/1857/1624 1521/1709/1477
f 1523/1711/1479 1424/1636/1404 1427/1638/1406
f 1524/1712/1480 1525/1917/1677 1526/1713/1481
f 1528/1715/1483 1529/2339/2054 1530/1716/1484
f 1532/1718/1486 1533/1769/1537 1534/1719/1487
f 1536/1721/1489 1537/2359/2007 1538/1722/1490
f 1543/1727/1495 1544/3249/2762 1545/1728/1496
f 1547/1730/1498 1548/1921/1681 1549/1731/1499
f 1552/1733/1501 1481/1678/1446 1484/1680/1448
f 1554/1735/1503 1555/1864/1631 1556/1736/1504
f 1558/1738/1506 1559/1901/1664 1560/1739/1507
f 1562/1741/1509 1529/2339/2054 1563/1742/1510
f 1565/1744/1512 1566/2263/1995 1567/1745/1513
f 1569/1747/1515 1570/1865/1632 1571/1748/1516
f 1573/1750/1518 1566/2263/1995 1574/1751/1519
f 1429/1753/1521 1428/1639/1407 1576/1754/1522
f 1495/1689/1457 1494/2353/2063 1580/1756/1524
f 1582/1758/1526 1583/2070/1826 1584/1759/1527
f 1586/1761/1529 1587/3250/2052 1588/1762/1530
f 1590/1764/1532 1591/2093/1848 1592/1765/1533
f 1588/1762/1530 1587/3250/2052 1594/1767/1535
f 1533/1769/1537 1596/1905/1667 1597/1770/1538
f 1599/1772/1540 1600/2337/2053 1601/1773/1541
f 1530/1716/1484 1456/1660/1428 1455/1659/1427
f 1439/1776/1544 1604/2180/1925 1605/1777/1545
f 1506/1779/1547 1607/2229/1966 1608/1780/1548
f 1610/1782/1550 1611/2185/1930 1612/1783/1551
f 1614/1785/1553 1615/1874/1641 1616/1786/1554
f 1451/1656/1424 1618/2310/2032 1619/1788/1556
f 1621/1790/1558 1622/1825/1593 1623/1791/1559
f 1625/1793/1561 1626/2262/1994 1627/1794/1562
f 1629/1796/1564 1444/1651/1419 1630/1797/1565
f 1632/1799/1567 1425/2157/1903 1633/1800/1568
f 1445/1652/1420 1635/1919/1679 1636/1802/1570
f 1481/1678/1446 1552/1733/1501 1638/1804/1572
f 1640/1806/1574 1641/2271/1669 1642/1807/1575
f 1646/1809/1577 1488/2089/1844 1508/1699/1467
f 1647/1810/1578 1648/2354/2064 1649/1811/1579
f 1542/1726/1494 1428/1895/1407 1651/1813/1581
f 1653/1815/1583 1469/2245/1437 1654/1816/1584
f 1541/1725/1493 1540/1724/1492 1656/1818/1586
f 1658/1820/1588 1644/2365/2069 1659/1821/1589
f 1632/1799/1567 1634/1801/1569 1661/1823/1591
f 1622/1825/1593 1495/1689/1457 1581/1757/1525
f 1663/1826/1594 1664/1867/1634 1665/1827/1595
f 1667/1829/1597 1668/2061/1819 1669/1830/1598
f 1671/1832/1600 1672/2261/1993 1673/1833/1601
f 1675/1835/1603 1676/2332/2048 1677/1836/1604
f 1532/1838/1486 1535/3251/1488 1679/1839/1606
f 1683/1841/1608 1684/2219/1959 1685/1842/1609
f 1503/1695/1463 1687/1849/1616 1688/1844/1611
f 1646/1809/1577 1507/1698/1466 1690/1846/1613
f 1502/1848/1615 1692/2086/1842 1687/1849/1616
f 1693/1850/1617 1694/2935/2532 1695/1851/1618
f 1697/1853/1620 1505/1697/1465 1698/1854/1621
f 1700/1856/1623 1496/1690/1458 1521/1709/1477
f 1701/1858/1625 1592/1765/1533 1702/1859/1626
f 1704/1861/1628 1705/2174/1920 1706/1862/1629
f 1555/1864/1631 1554/1735/1503 1624/1792/1560
f 1570/1865/1632 1710/2390/2086 1711/1866/1633
f 1664/1867/1634 1712/2129/1878 1713/1868/1635
f 1540/1724/1492 1542/1726/1494 1652/1814/1582
f 1715/1870/1637 1716/2500/2185 1717/1871/1638
f 1584/1759/1527 1705/2174/1920 1704/1861/1628
f 1615/1874/1641 1614/1785/1553 1720/1875/1642
f 1421/1877/1644 1420/1633/1401 1722/1878/1645
f 1552/1733/1501 1724/2392/2088 1725/1880/1647
f 1726/1881/1648 1727/2492/2177 1728/1882/1649
f 1730/1884/1651 1538/2277/1490 1731/1885/1652
f 1447/1887/1421 1446/2394/1949 1733/1888/1654
f 1699/1855/1622 1734/2318/2008 1735/1889/1655
f 1651/1891/1581 1737/2384/2081 1738/1892/1657
f 1439/1776/1544 1606/1778/1546 1740/1894/1659
f 1428/1895/1407 1542/1726/1494 1541/1725/1493
f 1449/1655/1423 1741/2060/1818 1742/1897/1660
f 1627/1794/1562 1743/1959/1719 1744/1899/1662
f 1558/1738/1506 1745/2230/1967 1746/1900/1663
f 1545/1902/1496 1544/3252/2762 1747/1903/1665
f 1477/1675/1443 1480/1677/1445 1490/1685/1453
f 1532/1718/1486 1749/2338/1701 1596/1905/1667
f 1450/1898/1661 1742/1897/1660 1735/1906/1655
f 1641/1908/1669 1658/1820/1588 1751/1909/1670
f 1423/1635/1403 1422/1634/1402 1514/1704/1472
f 1752/1911/1671 1753/3253/1980 1754/1912/1672
f 1612/1783/1551 1611/2185/1930 1756/1914/1674
f 1524/1712/1480 1758/2255/1987 1759/1916/1676
f 1760/1918/1678 1636/1802/1570 1635/1919/1679
f 1548/1921/1681 1762/2073/1829 1763/1922/1682
f 1685/1842/1609 1764/2387/2083 1765/1923/1683
f 1766/1924/1684 1767/2220/1960 1768/1925/1685
f 1421/1877/1644 1770/1940/1700 1771/1927/1687
f 1773/1929/1689 1774/2098/1779 1775/1930/1690
f 1422/1634/1402 1421/1877/1644 1772/1928/1688
f 1555/1864/1631 1777/2342/2055 1778/1933/1693
f 1468/1668/1436 1467/1667/1435 1779/1934/1694
f 1781/1936/1696 1782/2325/1964 1783/1937/1697
f 1474/1939/1699 1473/1672/1440 1771/1927/1687
f 1749/1941/1701 1532/1838/1486 1680/1840/1607
f 1785/1942/1702 1786/2291/2016 1787/1943/1703
f 1789/1945/1705 1790/2166/1912 1791/1946/1706
f 1793/1948/1708 1615/1874/1641 1721/1876/1643
f 1565/1744/1512 1519/1708/1476 1795/1950/1710
f 1797/1952/1712 1798/2062/1820 1498/1953/1713
f 1674/1834/1602 1799/2162/1908 1800/1954/1714
f 1802/1955/1715 1803/1979/1738 1804/1956/1716
f 1732/1886/1653 1806/2139/1888 1807/1958/1718
f 1642/1910/1575 1751/1909/1670 1743/1959/1719
f 1592/1765/1533 1591/2093/1848 1808/1961/1720
f 1809/1962/1721 1810/2249/1981 1811/1963/1722
f 1526/1713/1481 1813/2440/2135 1814/1965/1724
f 1815/1966/1725 1816/2105/1857 1817/1967/1726
f 1819/1969/1728 1581/1757/1525 1580/1756/1524
f 1426/1637/1405 1425/2157/1903 1632/1799/1567
f 1822/1972/1731 1571/1748/1516 1711/1866/1633
f 1823/1973/1732 1807/2375/1718 1824/1974/1733
f 1828/1978/1737 1652/1814/1582 1803/1979/1738
f 1647/1810/1578 1650/1812/1580 1829/1980/1739
f 1433/1982/1741 1831/2122/1871 1832/1983/1742
f 1567/1745/1513 1566/2263/1995 1833/1984/1743
f 1835/1986/1745 1836/2274/2005 1837/1987/1746
f 1706/1862/1629 1474/1939/1699 1770/1940/1700
f 1842/1990/1749 1843/2146/1894 1844/1991/1750
f 1846/1993/1752 1847/2393/2089 1848/1994/1753
f 1516/1996/1755 1850/1998/1757 1585/1760/1528
f 1850/1998/1757 1516/1996/1755 1852/1999/1758
f 1854/2001/1760 1855/2015/1774 1856/2002/1761
f 1859/2005/1764 1545/1902/1496 1748/1904/1666
f 1585/1760/1528 1850/1998/1757 1861/2007/1766
f 1426/1637/1405 1821/1971/1730 1862/2008/1767
f 1726/1881/1648 1729/1883/1650 1839/2009/1768
f 1864/2011/1770 1608/1780/1548 1865/2012/1771
f 1866/2013/1772 1590/1764/1532 1593/1766/1534
f 1855/2015/1774 1854/2001/1760 1868/2016/1775
f 1674/1834/1602 1673/1833/1601 1870/2018/1777
f 1502/1848/1615 1501/1694/1462 1525/1917/1677
f 1743/1959/1719 1627/1794/1562 1774/2020/1779
f 1872/2021/1780 1717/1871/1638 1873/2022/1781
f 1463/1664/1432 1862/2008/1767 1875/2024/1783
f 1696/1852/1619 1695/1851/1618 1436/1645/1413
f 1551/2025/1784 1876/2049/1808 1877/2026/1785
f 1792/1947/1707 1879/3254/1849 1880/2028/1787
f 1568/1746/1514 1567/1745/1513 1881/2029/1788
f 1883/2031/1790 1884/2217/1957 1885/2032/1791
f 1495/1689/1457 1622/1825/1593 1887/2034/1793
f 1723/1879/1646 1888/2152/1898 1889/2035/1794
f 1891/2037/1796 1424/1636/1404 1892/2038/1797
f 1894/2040/1799 1515/1705/1473 1895/2041/1800
f 1801/2043/1802 1897/2379/2077 1898/2044/1803
f 1900/2046/1805 1492/1687/1455 1491/1686/1454
f 1560/1739/1507 1902/2137/1886 1903/2048/1807
f 1500/1693/1461 1499/1692/1460 1876/2049/1808
f 1610/1782/1550 1613/1784/1552 1904/2050/1809
f 1421/1877/1644 1723/1879/1646 1841/1989/1748
f 1417/2051/1810 1539/2285/1491 1905/2052/1811
f 1577/1755/1523 1576/1754/1522 1906/2053/1812
f 1602/2055/1542 1793/1948/1708 1794/1949/1709
f 1909/2057/1815 1910/2439/2134 1911/2058/1816
f 1556/1736/1504 1636/1802/1570 1760/1918/1678
f 1449/1655/1423 1825/1975/1734 1824/1974/1733
f 1668/2061/1819 1667/1829/1597 1798/2062/1820
f 1913/2063/1821 1572/1749/1517 1914/2064/1822
f 1916/2066/1824 1917/2376/2075 1909/2067/1815
f 1509/1700/1468 1656/1818/1586 1540/1724/1492
f 1476/1674/1442 1475/1673/1441 1583/2070/1826
f 1825/1975/1734 1531/1717/1485 1920/2072/1828
f 1762/2073/1829 1921/2565/1865 1922/2074/1830
f 1646/1809/1577 1691/1847/1614 1923/2075/1831
f 1444/1651/1419 1443/1650/1418 1925/2077/1833
f 1926/2078/1834 1895/2041/1800 1927/2079/1835
f 1485/1681/1449 1875/2024/1783 1929/2081/1837
f 1589/1763/1531 1588/1762/1530 1896/2042/1801
f 1857/2003/1762 1856/2002/1761 1932/2084/1840
f 1415/1629/1397 1688/1844/1611 1687/1849/1616
f 1692/2086/1842 1413/2206/1947 1412/1627/1395
f 1859/2087/1764 1447/1887/1421 1546/1729/1497
f 1622/1825/1593 1621/1790/1558 1934/2088/1843
f 1488/2089/1844 1646/1809/1577 1924/2076/1832
f 1435/1644/1412 1434/1643/1411 1935/2090/1845
f 1590/1764/1532 1937/2333/2049 1938/2092/1847
f 1792/2094/1707 1939/2222/1961 1812/1964/1723
f 1881/2029/1788 1940/2362/2068 1941/2096/1850
f 1419/1632/1400 1775/1930/1690 1774/2098/1779
f 1868/2016/1775 1943/2302/2025 1944/2099/1852
f 1946/2101/1854 1947/2947/2544 1948/2102/1855
f 1874/2023/1782 1442/2194/1938 1464/1665/1433
f 1487/1683/1451 1950/2239/1974 1508/1699/1467
f 1416/2104/1398 1626/2262/1994 1816/2105/1857
f 1510/2107/1469 1639/1805/1573 1951/2108/1858
f 1953/2110/1860 1954/2186/1931 1955/2111/1861
f 1420/1633/1401 1957/2290/2015 1958/2113/1863
f 1959/2114/1864 1417/2106/1810 1816/2105/1857
f 1921/2115/1865 1954/2186/1931 1953/2110/1860
f 1959/2114/1864 1524/1712/1480 1527/1714/1482
f 1673/1833/1601 1960/2153/1899 1901/2047/1806
f 1961/2117/1866 1962/2925/2522 1963/2118/1867
f 1915/2065/1823 1806/2139/1888 1964/2119/1868
f 1510/1701/1469 1952/2385/1859 1965/2120/1869
f 1889/2035/1794 1802/1955/1715 1805/1957/1717
f 1831/2122/1871 1433/1982/1741 1941/2096/1850
f 1756/1914/1674 1968/2247/1979 1969/2124/1873
f 1971/2126/1875 1662/2377/1592 1972/2127/1876
f 1530/1716/1484 1603/1775/1543 1920/2072/1828
f 1664/1867/1634 1974/2176/1922 1659/1821/1589
f 1839/2009/1768 1729/1883/1650 1975/2130/1879
f 1976/2132/1881 1977/2188/1932 1682/2133/1882
f 1714/1869/1636 1888/2152/1898 1978/2135/1884
f 1559/1901/1664 1605/1777/1545 1902/2137/1886
f 1980/2138/1887 1981/3217/2752 570/498/477
f 1732/1886/1653 1982/2246/1978 1964/2119/1868
f 1454/2140/1889 1776/1931/1691 1775/1930/1690
f 1547/1730/1498 1550/1732/1500 1983/2141/1890
f 1620/1789/1557 1619/1788/1556 1986/2143/1892
f 1468/1668/1436 1780/1935/1695 1906/2145/1812
f 1820/1970/1729 1580/1756/1524 1843/2146/1894
f 1571/1748/1516 1822/1972/1731 1914/2064/1822
f 1895/2041/1800 1926/2078/1834 1931/2083/1839
f 1553/1734/1502 1629/1796/1564 1631/1798/1566
f 1821/1971/1730 1632/1799/1567 1662/1824/1592
f 1702/1859/1626 1808/1961/1720 1990/2150/1897
f 1828/1978/1737 1802/1955/1715 1889/2035/1794
f 1960/2153/1899 1991/2311/2033 1992/2154/1900
f 1837/1987/1746 1994/2345/2058 1995/2156/1902
f 1425/2157/1903 1424/1636/1404 1891/2037/1796
f 1637/1803/1571 1778/1933/1693 1996/2158/1904
f 1595/1768/1536 1973/2128/1877 1852/1999/1758
f 1519/1708/1476 1565/1744/1512 1568/1746/1514
f 1998/2160/1906 1799/2162/1908 1999/2161/1907
f 1584/1759/1527 1719/1873/1640 1851/1997/1756
f 1799/2162/1908 1674/1834/1602 1871/2019/1778
f 2000/2163/1909 1818/1968/1727 2001/2164/1910
f 1790/2166/1912 2003/2307/2029 2004/2167/1913
f 2005/2168/1914 1981/3217/2752 2006/2169/1915
f 2008/2171/1917 2009/3255/2038 2010/2172/1918
f 1475/1673/1441 1474/1939/1699 1706/1862/1629
f 1987/2144/1893 1564/1743/1511 1563/1742/1510
f 1664/1867/1634 1663/1826/1594 2012/2175/1921
f 1490/1685/1453 1480/1677/1445 1602/1774/1542
f 1636/1802/1570 1556/1736/1504 1778/1933/1693
f 1569/1747/1515 1572/1749/1517 1913/2063/1821
f 1761/1920/1680 1635/1919/1679 2013/2178/1923
f 1414/1628/1396 2015/2207/1948 1604/2180/1925
f 2016/2181/1926 1759/1916/1676 2017/2182/1927
f 1892/2038/1797 2019/2299/2022 2020/2184/1929
f 1611/2185/1930 1610/1782/1550 1955/2111/1861
f 1652/1814/1582 1651/1813/1581 1739/2187/1658
f 1977/2188/1932 1976/2132/1881 2021/2189/1933
f 1722/1878/1645 1978/2135/1884 1888/2152/1898
f 2023/2191/1935 2024/2587/2262 2025/2192/1936
f 1860/2006/1765 2027/2438/2133 1447/1653/1421
f 1442/2194/1938 1874/2023/1782 1873/2022/1781
f 1775/1930/1690 1419/1632/1400 1603/1775/1543
f 1453/1658/1426 2028/2367/2070 2029/2195/1939
f 1583/2070/1826 1475/1673/1441 1705/2174/1920
f 1493/1688/1456 1496/1690/1458 1700/1856/1623
f 1665/1827/1595 1975/2130/1879 2033/2198/1942
f 2018/2183/1928 2015/2207/1948 2034/2199/1943
f 1949/2200/1856 1423/1635/1403 1437/1646/1414
f 1594/2202/1535 1587/2336/2052 1875/2024/1783
f 2035/2203/1944 2036/2315/2037 2037/2204/1945
f 1413/2206/1947 2034/2199/1943 2015/2207/1948
f 1445/1652/1420 1637/1803/1571 1997/2159/1905
f 1471/1670/1438 1470/2324/2042 1864/2011/1770
f 1766/2210/1684 1769/2292/1686 2040/2211/1951
f 1486/1682/1450 2042/2269/2001 1872/2021/1780
f 1959/2114/1864 1536/1721/1489 1539/1723/1491
f 2043/2213/1953 1582/1758/1526 1861/2007/1766
f 1850/1998/1757 1853/2000/1759 2044/2214/1954
f 1819/1969/1728 1820/1970/1729 2045/2215/1955
f 1643/1808/1576 1642/1807/1575 1773/1929/1689
f 1688/1844/1611 1885/2032/1791 1884/2217/1957
f 1976/2132/1881 1899/2045/1804 2047/2218/1958
f 1684/2219/1959 1683/1841/1608 1768/1925/1685
f 1791/2221/1706 2048/2331/2047 1939/2222/1961
f 1643/1808/1576 1776/1931/1691 2030/2196/1940
f 1516/1996/1755 1515/1705/1473 1894/2040/1799
f 1918/2069/1825 1540/1724/1492 1714/1869/1636
f 1896/2042/1801 1588/1762/1530 1595/1768/1536
f 1691/2225/1614 1653/1815/1583 1655/1817/1585
f 1782/2227/1964 2052/2282/2010 1767/2220/1960
f 1885/2032/1791 1440/1648/1416 2053/2228/1965
f 1505/1697/1465 1697/1853/1620 1607/2229/1966
f 1740/1894/1659 1606/1778/1546 1746/1900/1663
f 2054/2231/1968 2055/2361/1998 2056/2232/1969
f 1490/1685/1453 1908/2177/1814 2057/2234/1970
f 1906/2053/1812 1780/2372/1695 2058/2236/1971
f 2060/2238/1973 2061/2252/1984 652/600/568
f 1505/1697/1465 1508/1699/1467 1950/2239/1974
f 1462/2240/1975 2062/2704/2355 2063/2241/1976
f 1944/2099/1852 1537/2276/2007 1814/2243/1724
f 2031/2197/1941 1700/1856/1623 1882/2030/1789
f 1472/2242/1439 2063/2241/1976 1654/1816/1584
f 1857/2003/1762 1964/2119/1868 1982/2246/1978
f 1611/2185/1930 1954/2186/1931 1968/2247/1979
f 1429/1753/1521 1754/2383/1672 1753/2248/1980
f 1465/1666/1434 1468/1668/1436 1657/1819/1587
f 1765/1923/1683 1764/2387/2083 1810/2249/1981
f 1892/2038/1797 1424/1636/1404 1523/1711/1479
f 2066/2251/1983 1604/2180/1925 2015/2207/1948
f 2061/2252/1984 2060/2238/1973 2067/2253/1985
f 1758/2255/1987 1815/1966/1725 1818/1968/1727
f 2069/2256/1988 662/2561/2243 661/616/580
f 1755/1913/1673 2024/2587/2262 2023/2191/1935
f 2070/2257/1989 2071/2312/2034 2072/2258/1990
f 1717/1871/1638 1716/2500/2185 2074/2260/1992
f 1619/1788/1556 1991/2311/2033 1672/2261/1993
f 1626/2262/1994 1625/1793/1561 1817/1967/1726
f 1566/2263/1995 1565/1744/1512 1796/1951/1711
f 1881/2029/1788 1942/2097/1851 2064/2244/1977
f 2035/2203/1944 2038/2205/1946 2075/2264/1996
f 1591/2093/1848 1938/2092/1847 1995/2156/1902
f 1597/1770/1538 1783/1937/1697 2041/2212/1952
f 1805/1957/1717 1804/1956/1716 2068/2254/1986
f 1487/1683/1451 1490/1685/1453 2056/2235/1969
f 2077/2267/1999 1932/2084/1840 1856/2002/1761
f 1923/2151/1831 1691/3256/1614 1703/1860/1627
f 2078/2268/2000 1717/1871/1638 1872/2021/1780
f 1457/1661/1429 1460/1663/1431 1794/1949/1709
f 1522/1710/1478 1887/2034/1793 1934/2088/1843
f 1641/2271/1669 1640/1806/1574 2032/2272/2003
f 1836/2274/2005 1835/1986/1745 1963/2118/1867
f 1537/2276/2007 1944/2099/1852 1731/1885/1652
f 1806/2139/1888 1915/2065/1823 1824/2278/1733
f 1734/2279/2008 2009/3255/2038 2008/2171/1917
f 1781/2281/1696 2081/2275/2006 2052/2282/2010
f 1975/2130/1879 1713/1868/1635 2049/2283/2011
f 1718/1872/1639 1717/1871/1638 2078/2268/2000
f 1539/2285/1491 1538/3257/1490 1730/2286/1651
f 1860/2006/1765 1878/2371/1786 1877/2287/1785
f 1696/1852/1619 2085/3015/2603 2086/2289/2014
f 1423/1635/1403 1949/2200/1856 1957/2290/2015
f 1786/2291/2016 1785/1942/1702 1999/2161/1907
f 1635/1919/1679 1445/1652/1420 1448/1654/1422
f 1467/1667/1435 2040/2211/1951 1769/2292/1686
f 1467/1667/1435 1466/2386/2082 2087/2293/2017
f 1592/1765/1533 1701/1858/1625 2088/2294/2018
f 1520/1857/1624 1568/1746/1514 1882/2030/1789
f 2026/2193/1937 2025/2192/1936 2089/2295/2019
f 1985/2297/2021 2077/2267/1999 1798/2062/1820
f 1496/1690/1458 1887/2034/1793 1522/1710/1478
f 1729/1883/1650 1728/1882/1649 2033/2198/1942
f 1519/1708/1476 1522/1710/1478 2080/2270/2002
f 1598/1771/1539 2041/2212/1952 2040/2211/1951
f 1660/1822/1590 1743/1959/1719 1751/1909/1670
f 1958/2298/1863 1957/2348/2015 2019/2299/2022
f 2053/2228/1965 1440/1648/1416 1740/1894/1659
f 1854/2001/1760 1982/2246/1978 2092/2301/2024
f 1480/1677/1445 1479/1676/1444 1858/2004/1763
f 2051/2223/1962 1786/2291/2016 1871/2019/1778
f 1485/1681/1449 1930/2082/1838 2042/2269/2001
f 1758/2255/1987 1524/1712/1480 1959/2114/1864
f 1546/1729/1497 1733/1888/1654 2093/2303/2026
f 2094/2304/2027 1457/1661/1429 1721/1876/1643
f 2032/2272/2003 1640/1806/1574 2030/2196/1940
f 1506/1779/1547 1609/1781/1549 1690/1846/1613
f 2065/2250/1982 2091/2300/2023 2019/2299/2022
f 1433/1982/1741 1432/1642/1410 1942/2097/1851
f 1858/2305/1763 1479/2360/1444 1837/1987/1746
f 1452/1657/1425 1451/1656/1424 1620/1789/1557
f 1534/1719/1487 1533/1769/1537 1598/1771/1539
f 1869/2017/1776 1868/2016/1775 1945/2100/1853
f 1811/1963/1722 2096/2564/2073 1879/2095/1849
f 2003/2307/2029 1754/1912/1672 2097/2308/2030
f 1954/2186/1931 1921/2115/1865 2098/2309/2031
f 1618/2310/2032 1992/2154/1900 1991/2311/2033
f 1502/1848/1615 1759/1916/1676 2016/2181/1926
f 2070/2257/1989 2022/2190/1934 2021/2189/1933
f 1418/1631/1399 1905/2052/1811 1823/1973/1732
f 1569/1747/1515 2099/2355/2065 2100/2313/2035
f 1460/1663/1431 2057/2233/1970 1908/2056/1814
f 2101/2314/2036 1800/1954/1714 1799/2162/1908
f 1639/1805/1573 1638/1804/1572 2036/2315/2037
f 1675/2316/1603 1804/1956/1716 1803/1979/1738
f 1699/1855/1622 1698/1854/1621 2009/2317/2038
f 1690/1846/1613 1609/1781/1549 1653/2319/1583
f 2102/2320/2039 1779/3258/1694 1769/1926/1686
f 1984/2142/1891 1983/2141/1890 2103/2321/2040
f 1483/2322/1447 1918/2069/1825 1979/2136/1885
f 1470/2324/2042 1609/1781/1549 1608/1780/1548
f 1782/2325/1964 1766/2210/1684 2041/2212/1952
f 2017/2182/1927 2000/2163/1909 2002/2165/1911
f 2104/2323/2041 1979/2136/1885 1978/2135/1884
f 1901/2047/1806 1960/2153/1899 1993/2155/1901
f 2004/2328/1913 2097/2366/2030 2107/2329/2045
f 1791/2221/1706 2004/2328/1913 2108/2330/2046
f 1415/1629/1397 1440/1648/1416 1885/2032/1791
f 2018/2183/1928 2017/2182/1927 2105/2326/2043
f 1786/2291/2016 2051/2223/1962 2094/2304/2027
f 1676/2332/2048 1675/1835/1603 1739/1893/1658
f 1937/2333/2049 1590/1764/1532 1866/2013/1772
f 2110/2334/2050 705/3231/2755 704/697/637
f 1587/2336/2052 1586/3095/1529 1929/2081/1837
f 1722/1878/1645 1958/2113/1863 2106/2327/2044
f 1600/2337/2053 1596/1905/1667 1749/2338/1701
f 1452/1657/1425 1563/1742/1510 1529/2339/2054
f 1695/1851/1618 1694/2935/2532 1849/2340/1754
f 2051/2223/1962 1458/2224/1963 1457/1661/1429
f 2007/2170/1916 2006/2169/1915 1928/2080/1836
f 1833/1984/1743 1566/2263/1995 1573/1750/1518
f 1597/1770/1538 1596/1905/1667 1600/2337/2053
f 1602/1774/1542 1480/1677/1445 1784/1938/1698
f 1919/2071/1827 1583/2070/1826 1582/1758/1526
f 1777/2342/2055 1819/1969/1728 2046/2216/1956
f 1454/2140/1889 1453/1658/1426 2030/2196/1940
f 1482/2344/2057 1509/1700/1468 1918/2069/1825
f 1808/1961/1720 1995/2156/1902 1994/2345/2058
f 1925/2077/1833 1443/1650/1418 1873/2022/1781
f 1698/1854/1621 1950/2239/1974 2010/2346/1918
f 1491/1686/1454 2051/2223/1962 1870/2018/1777
f 2012/2175/1921 1663/1826/1594 1936/2091/1846
f 1714/1869/1636 1652/1814/1582 1828/1978/1737
f 1419/1632/1400 1418/1631/1399 1920/2072/1828
f 1949/2103/1856 1948/2102/1855 2114/2347/2059
f 1741/2349/1818 1824/2278/1733 1915/2065/1823
f 1478/2350/2060 1923/2151/1831 1990/2150/1897
f 1781/2281/1696 1858/2305/1763 1836/2274/2005
f 1822/1972/1731 1742/2562/1660 1741/2349/1818
f 1594/2202/1535 1862/2008/1767 1821/1971/1730
f 1593/1766/1534 2088/2294/2018 2115/2351/2061
f 1459/1662/1430 2054/2231/1968 2057/2233/1970
f 2116/2352/2062 2117/2454/2144 2093/2303/2026
f 1777/2342/2055 1555/1864/1631 1623/1791/1559
f 1494/2353/2063 1844/1991/1750 1843/2146/1894
f 1648/2354/2064 1647/1810/1578 2100/2313/2035
f 2079/2356/2066 2118/2491/2176 1726/1881/1648
f 1416/2104/1398 1774/2020/1779 1627/1794/1562
f 1713/1868/1635 1712/2129/1878 2050/2357/2067
f 1478/2358/2060 1477/1675/1443 1924/2076/1832
f 1536/1721/1489 1527/1714/1482 1814/1965/1724
f 2087/2293/2017 1466/2386/2082 1965/2120/1869
f 1427/1638/1406 1464/1665/1433 1442/2194/1938
f 1478/2350/2060 1994/2345/2058 1837/1987/1746
f 1778/1933/1693 1777/2342/2055 2113/2343/2056
f 2011/2173/1919 2010/2172/1918 2055/2361/1998
f 1940/2362/2068 1834/1985/1744 1967/2123/1872
f 1601/2363/1541 1749/1941/1701 1616/1786/1554
f 1658/1820/1588 1641/1908/1669 1645/2364/2004
f 1907/2054/1813 2107/2329/2045 2097/2366/2030
f 2028/2367/2070 1453/1658/1426 1456/1660/1428
f 1756/1914/1674 1970/2125/1874 2120/2369/2072
f 1437/1646/1414 1514/1704/1472 1826/1976/1735
f 1560/1739/1507 1573/1750/1518 1575/1752/1520
f 1482/2370/2057 1481/1678/1446 1639/1805/1573
f 1487/1683/1451 2055/2266/1998 2010/2346/1918
f 1748/1904/1666 1747/1903/1665 1878/2371/1786
f 1780/2372/1695 1779/3258/1694 2102/2320/2039
f 1559/1901/1664 1746/1900/1663 1606/1778/1546
f 1529/2339/2054 1562/1741/1509 1456/1660/1428
f 1880/2028/1787 1879/3254/1849 2096/2373/2073
f 1673/1833/1601 1672/2261/1993 1991/2311/2033
f 1905/2052/1811 1730/2286/1651 1807/2375/1718
f 1867/2014/1773 2115/2351/2061 1956/2112/1862
f 2034/2199/1943 1413/2206/1947 1692/2086/1842
f 1670/1831/1599 1669/1830/1598 1917/2376/2075
f 1681/2134/1883 1801/2043/1802 1899/2045/1804
f 1662/2377/1592 1661/2958/1591 2122/2378/2076
f 1609/1781/1549 1470/2324/2042 1469/1669/1437
f 1897/2379/2077 2109/3215/2751 2123/2380/2078
f 2124/2381/2079 2125/2391/2087 1974/2176/1922
f 1783/1937/1697 1597/1770/1538 1599/1772/1540
f 1511/1702/1470 1465/1666/1434 1656/1818/1586
f 1754/2383/1672 1429/1753/1521 1577/1755/1523
f 1449/1655/1423 1452/1657/1425 1528/1715/1483
f 1651/1891/1581 1428/1639/1407 1431/1641/1409
f 1732/1886/1653 1731/1885/1652 2092/2301/2024
f 1758/2255/1987 2000/2163/1909 2017/2182/1927
f 1814/2243/1724 1813/2441/2135 2095/2306/2028
f 1853/2000/1759 1972/2127/1876 2122/2378/2076
f 2019/2299/2022 1957/2348/2015 2114/2347/2059
f 2007/2170/1916 1927/2079/1835 1518/1707/1475
f 1534/1719/1487 1965/2120/1869 1952/2385/1859
f 1466/2386/2082 1465/1666/1434 1511/1702/1470
f 1644/2365/2069 2050/2357/2067 1712/2129/1878
f 1764/2387/2083 2127/2487/2172 2128/2388/2084
f 2042/2269/2001 1930/2082/1838 2129/2389/2085
f 1515/1705/1473 1518/1707/1475 1927/2079/1835
f 1638/1804/1572 1725/1880/1647 2037/2204/1945
f 1570/1865/1632 2100/2313/2035 1865/2012/1771
f 1744/1899/1662 1743/1959/1719 2125/2391/2087
f 1552/1733/1501 1553/1734/1502 1989/2148/1896
f 2054/2231/1968 1459/1662/1430 1492/1687/1455
f 1679/1839/1606 1535/3251/1488 1952/2109/1859
f 1881/2029/1788 1567/1745/1513 1834/1985/1744
f 2089/2295/2019 726/991/900 725/752/680
f 1964/2119/1868 1857/2003/1762 1933/2085/1841
f 1731/1885/1652 1944/2099/1852 1943/2302/2025
f 1853/2000/1759 1852/1999/1758 1973/2128/1877
f 1595/1768/1536 1594/1767/1535 1971/2126/1875
f 1576/1896/1522 1541/1725/1493 1657/1819/1587
f 1846/1993/1752 1947/2947/2544 1946/2101/1854
f 1446/2394/1949 1997/2442/1905 2116/2352/2062
f 1602/2055/1542 1601/2363/1541 1615/1874/1641
f 2132/2395/2090 2133/2396/2091 2012/2175/1921
f 2132/2395/2090 1935/2090/1845 1434/1643/1411
f 1659/1821/1589 1974/2176/1922 2125/2391/2087
f 1974/2176/1922 2012/2175/1921 2133/2396/2091
f 1628/1795/1563 2134/2398/2093 2135/2397/2092
f 1744/1899/1662 2136/2406/2101 2134/2398/2093
f 1818/1968/1727 1817/1967/1726 2137/2399/2094
f 1832/1983/1742 1831/2122/1871 2138/2400/2095
f 2126/2382/2080 2133/2396/2091 2140/2402/2097
f 1831/2122/1871 1967/2123/1872 2142/2404/2099
f 1817/1967/1726 1625/1793/1561 2135/2397/2092
f 2126/2382/2080 2141/2403/2098 2143/2405/2100
f 2124/2381/2079 2143/2405/2100 2136/2406/2101
f 2144/2407/2102 2142/2404/2099 1967/2123/1872
f 2132/2395/2090 2145/2408/2103 2140/2402/2097
f 2132/2395/2090 1832/1983/1742 2139/2401/2096
f 1605/1777/1545 1604/2180/1925 2146/2409/2104
f 2148/2411/2106 2149/2426/2121 1903/2048/1807
f 1902/2137/1886 1605/1777/1545 2147/2410/2105
f 2002/2165/1911 2001/2164/1910 2150/2412/2107
f 1604/2180/1925 2066/2251/1983 2152/2414/2109
f 2105/2326/2043 2002/2165/1911 2151/2413/2108
f 2066/2251/1983 2105/2326/2043 2153/2415/2110
f 2134/2398/2093 2154/2417/2112 2155/2416/2111
f 2136/2406/2101 2156/2423/2118 2154/2417/2112
f 2001/2164/1910 2137/2399/2094 2157/2418/2113
f 2138/2400/2095 2158/3259/2372 2159/2419/2114
f 2140/2402/2097 2160/3260/2376 2161/2420/2115
f 2162/2421/2116 2158/3259/2372 2138/2400/2095
f 2137/2399/2094 2135/2397/2092 2155/2416/2111
f 2141/2403/2098 2161/2420/2115 2163/2422/2117
f 2143/2405/2100 2163/2422/2117 2156/2423/2118
f 2142/2404/2099 2144/2407/2102 2164/2424/2119
f 2165/2425/2120 2160/3260/2376 2140/2402/2097
f 2159/2419/2114 2165/2425/2120 2145/2408/2103
f 2144/2407/2102 1903/2048/1807 2149/2426/2121
f 1689/1845/1612 2166/2430/2125 2167/2427/2122
f 1884/2217/1957 1883/2031/1790 2168/2428/2123
f 1689/1845/1612 1884/2217/1957 2169/2429/2124
f 2166/2430/2125 2170/2434/2129 2171/2431/2126
f 2169/2429/2124 2168/2428/2123 2172/2432/2127
f 2166/2430/2125 2169/2429/2124 2173/2433/2128
f 2170/2434/2129 2013/2178/1923 1448/1654/1422
f 2173/2433/2128 2172/2432/2127 2014/2179/1924
f 1504/1696/1464 1503/1695/1463 2174/2435/2130
f 2174/2435/2130 2175/2436/2131 2084/2288/2013
f 2175/2436/2131 1448/1654/1422 2176/2437/2132
f 2027/2438/2133 2176/2437/2132 1448/1654/1422
f 1860/2006/1765 2084/2288/2013 2176/2437/2132
f 2084/2288/2013 1877/2287/1785 1912/2059/1817
f 1912/2068/1817 1877/2026/1785 1876/2049/1808
f 1916/2066/1824 1876/2049/1808 1499/1692/1460
f 1670/1831/1599 1499/1692/1460 1498/1953/1713
f 1910/2439/2134 1909/2057/1815 1813/2440/2135
f 1813/2441/2135 1909/2067/1815 1917/2376/2075
f 2095/2306/2028 1917/2376/2075 1669/1830/1598
f 1869/2017/1776 1669/1830/1598 1668/2061/1819
f 1504/1696/1464 1911/2058/1816 1910/2439/2134
f 1525/1917/1677 1501/1694/1462 1910/2439/2134
f 1997/2442/1905 1996/2449/1904 2177/2443/2136
f 2046/2444/1956 2045/2467/1955 2178/2445/2137
f 2113/2447/2056 2046/2444/1956 2179/2446/2138
f 1996/2449/1904 2113/2447/2056 2180/2448/2139
f 2179/2446/2138 2178/2445/2137 2181/2450/2140
f 2180/2448/2139 2179/2446/2138 2182/2451/2141
f 2177/2443/2136 2180/2448/2139 2183/2452/2142
f 2116/2352/2062 2177/2443/2136 2184/2453/2143
f 2047/2218/1958 2185/2456/2146 2186/2455/2145
f 1988/2147/1895 2186/2455/2145 2185/2456/2146
f 1988/2147/1895 1843/2146/1894 1842/1990/1749
f 2071/2312/2034 1842/1990/1749 1845/1992/1751
f 2071/2312/2034 2021/2189/1933 2186/2455/2145
f 2187/2457/2147 2045/2215/1955 1820/1970/1729
f 1899/2045/1804 1898/2044/1803 2188/2458/2148
f 2047/2218/1958 2188/2458/2148 2189/2459/2149
f 2187/2457/2147 2185/2456/2146 2189/2459/2149
f 2123/2460/2078 2190/2468/2153 2191/2461/2150
f 1898/2462/1803 2191/2461/2150 2192/2463/2151
f 2188/2464/2148 2192/2463/2151 2193/2465/2152
f 2045/2467/1955 2189/2466/2149 2193/2465/2152
f 2191/2461/2150 2194/2469/2154 2195/2470/2155
f 2193/2465/2152 2192/2463/2151 2195/2470/2155
f 2178/2445/2137 2193/2465/2152 2196/2471/2156
f 1564/1743/1511 2199/2477/2162 2200/2472/2157
f 1671/1832/1600 2201/2475/2160 2202/2473/2158
f 1671/1832/1600 1800/1954/1714 2203/2474/2159
f 1986/2143/1892 2204/2478/2163 2205/2476/2161
f 1564/1743/1511 1987/2144/1893 2205/2476/2161
f 1672/2261/1993 2202/2473/2158 2204/2478/2163
f 1800/1954/1714 2101/2314/2036 2206/2479/2164
f 1562/1741/1509 2200/2472/2157 2119/2368/2071
f 1610/1782/1550 1866/2013/1772 1867/2014/1773
f 2098/2309/2031 2217/2485/2170 1969/2124/1873
f 1969/2124/1873 2218/2486/2171 2219/2483/2168
f 1970/2125/1874 2219/2483/2168 2220/2484/2169
f 2217/2485/2170 2221/2488/2173 2218/2486/2171
f 2218/2486/2171 2222/2489/2174 2128/2388/2084
f 2219/2483/2168 2128/2388/2084 2127/2487/2172
f 2221/2488/2173 2223/2563/2244 2222/2489/2174
f 1977/2188/1932 2118/2491/2176 2079/2356/2066
f 2224/2490/2175 2118/2491/2176 1977/2188/1932
f 2118/2491/2176 2224/2490/2175 1727/2492/2177
f 1718/1872/1639 2226/2497/2182 2227/2496/2181
f 2083/2284/2012 2228/3113/2352 2226/2497/2182
f 1631/1798/1566 1630/1797/1565 2229/2498/2183
f 1716/2500/2185 1715/1870/1637 2231/2501/2186
f 1724/2392/2088 2233/2510/2195 2234/2503/2188
f 1630/1797/1565 1925/2077/1833 2235/2504/2189
f 1989/2148/1896 1631/1798/1566 2230/2499/2184
f 2037/2204/1945 2237/2509/2194 2238/2506/2191
f 2074/2260/1992 1716/2500/2185 2232/2502/2187
f 2038/2205/1946 2238/2506/2191 2240/2508/2193
f 1925/2077/1833 2074/2260/1992 2239/2507/2192
f 1725/1880/1647 2234/2503/2188 2237/2509/2194
f 1989/2148/1896 2236/2505/2190 2233/2510/2195
f 1715/1870/1637 2227/2496/2181 2241/2511/2196
f 1998/2160/1906 2242/2513/2198 2243/2512/2197
f 1785/1942/1702 2244/2629/2301 2242/2513/2198
f 2101/2314/2036 2243/2512/2197 2245/2514/2199
f 1617/1787/1555 2246/2517/2202 2247/2515/2200
f 1614/1785/1553 2247/2515/2200 2248/2516/2201
f 1720/1875/1642 2248/2516/2201 1787/1943/1703
f 2246/2517/2202 2249/2526/2211 2250/2518/2203
f 2247/2515/2200 2250/2518/2203 2251/2519/2204
f 2248/2516/2201 2251/2519/2204 1788/1944/1704
f 1951/2108/1858 2036/2315/2037 2252/2520/2205
f 1679/1839/1606 2252/2520/2205 2253/2521/2206
f 1680/1840/1607 2253/2521/2206 1617/1787/1555
f 2036/2315/2037 2035/2203/1944 2254/2522/2207
f 2252/2520/2205 2254/2522/2207 2255/2523/2208
f 2253/2521/2206 2255/2523/2208 2246/2517/2202
f 2035/2203/1944 2076/2265/1997 2256/2524/2209
f 2254/2522/2207 2256/2524/2209 2257/2525/2210
f 2255/2523/2208 2257/2525/2210 2249/2526/2211
f 1483/1679/1447 2104/2528/2041 2258/2527/2212
f 2104/2528/2041 2106/2530/2044 2259/2529/2213
f 1958/2298/1863 2091/2300/2023 2259/2529/2213
f 2259/2529/2213 2260/2532/2215 2261/2531/2214
f 2091/2300/2023 2065/2250/1982 2260/2532/2215
f 2262/2533/2216 1484/1680/1448 2258/2527/2212
f 2261/2531/2214 2260/2532/2215 2263/2534/2217
f 2065/2250/1982 1523/1711/1479 2263/2534/2217
f 2262/2533/2216 2264/2535/2218 1553/1734/1502
f 2263/2534/2217 2265/2536/2219 2264/2535/2218
f 1523/1711/1479 1441/1649/1417 2265/2536/2219
f 2264/2535/2218 2265/2536/2219 1629/1796/1564
f 2265/2536/2219 1441/1649/1417 1444/1651/1419
f 1946/2201/1854 1437/1646/1414 1436/1645/1413
f 1436/1645/1413 1695/1851/1618 1848/2341/1753
f 1826/1976/1735 1514/1704/1472 1513/1703/1471
f 1706/1862/1629 1841/1989/1748 2267/2539/2221
f 1723/1879/1646 1890/2036/1795 2267/2539/2221
f 1704/1861/1628 1707/1863/1630 2268/2540/2222
f 1719/1873/1640 1704/1861/1628 2269/2541/2223
f 1516/1996/1755 1851/1997/1756 2271/2543/2225
f 1890/2036/1795 1889/2035/1794 1966/2121/1870
f 1851/1997/1756 1719/1873/1640 2270/2542/2224
f 1707/1863/1630 2267/2539/2221 2273/2545/2227
f 1890/2036/1795 2272/2544/2226 2273/2545/2227
f 1966/2121/1870 1805/1957/1717 2067/2253/1985
f 2269/2541/2223 2268/2540/2222 2275/2547/2229
f 2270/2542/2224 2269/2541/2223 2276/2548/2230
f 2272/2544/2226 1966/2121/1870 2274/2546/2228
f 2271/2543/2225 2270/2542/2224 2277/2549/2231
f 2268/2540/2222 2273/2545/2227 2280/2552/2234
f 2273/2545/2227 2272/2544/2226 2279/2551/2233
f 1518/1707/1475 1517/1706/1474 2281/2553/2235
f 2274/2546/2228 2067/2253/1985 2060/2238/1973
f 2276/2548/2230 2275/2547/2229 2283/2555/2237
f 2277/2549/2231 2276/2548/2230 2284/2556/2238
f 1517/1706/1474 2278/2550/2232 2286/2558/2240
f 2279/2551/2233 2274/2546/2228 2282/2554/2236
f 2278/2550/2232 2277/2549/2231 2285/2557/2239
f 2275/2547/2229 2280/2552/2234 2288/2560/2242
f 2280/2552/2234 2279/2551/2233 2287/2559/2241
f 2069/2256/1988 2281/2553/2235 878/928/841
f 2060/2238/1973 651/930/843 879/929/842
f 2283/2555/2237 881/932/845 880/931/844
f 2284/2556/2238 880/931/844 882/933/846
f 2281/2553/2235 2286/2558/2240 883/934/847
f 2282/2554/2236 879/929/842 884/935/848
f 2286/2558/2240 2285/2557/2239 882/933/846
f 2288/2560/2242 885/936/849 881/932/845
f 2287/2559/2241 884/935/848 885/936/849
f 2082/2280/2009 1993/2155/1901 1992/2154/1900
f 2011/2173/1919 1492/1687/1455 1900/2046/1805
f 2008/2171/1917 1900/2046/1805 1993/2155/1901
f 1711/1866/1633 1710/2390/2086 1607/2229/1966
f 1736/1890/1656 1735/1889/1655 1742/2562/1660
f 2082/2280/2009 1750/1907/1668 1735/1906/1655
f 1736/1890/1656 1711/1866/1633 1697/1853/1620
f 1830/1981/1740 1829/1980/1739 2039/2209/1950
f 1830/1981/1740 1865/2012/1771 2100/2313/2035
f 1710/2390/2086 1865/2012/1771 1608/1780/1548
f 1750/1907/1668 1992/2154/1900 1618/2310/2032
f 1985/2297/2021 1649/1811/1579 1648/2354/2064
f 2077/2267/1999 1648/2354/2064 2099/2355/2065
f 2099/2355/2065 1569/1747/1515 1933/2085/1841
f 1810/2249/1981 2128/2388/2084 2222/2489/2174
f 1811/1963/1722 2222/2489/2174 2223/2563/2244
f 1921/2565/1865 1762/2073/1829 2289/2566/2245
f 2217/2568/2170 2098/2567/2031 2289/2566/2245
f 2221/2570/2173 2217/2568/2170 2290/2569/2246
f 2221/2570/2173 2291/2571/2247 2292/2572/2248
f 2223/2573/2244 2292/2572/2248 2121/2374/2074
f 1789/1945/1705 2293/2575/2250 2294/2574/2249
f 1880/2028/1787 2295/2577/2252 2293/2575/2250
f 1790/2166/1912 2294/2574/2249 2296/2576/2251
f 2003/2307/2029 2296/2576/2251 1755/1913/1673
f 2121/2374/2074 2297/2582/2257 2295/2577/2252
f 1762/2073/1829 1548/1921/1681 2298/2578/2253
f 2289/2566/2245 2298/2578/2253 2299/2579/2254
f 2291/2571/2247 2290/2569/2246 2299/2579/2254
f 2291/2571/2247 2300/2580/2255 2301/2581/2256
f 2292/2572/2248 2301/2581/2256 2297/2582/2257
f 2293/2575/2250 2302/2585/2260 2303/2583/2258
f 2293/2575/2250 2295/2577/2252 2304/2584/2259
f 2294/2574/2249 2303/2583/2258 2305/2586/2261
f 2296/2576/2251 2305/2586/2261 2024/2587/2262
f 2297/2582/2257 2306/2592/2267 2304/2584/2259
f 1548/1921/1681 1547/1730/1498 2307/2588/2263
f 2298/2578/2253 2307/2588/2263 2308/2589/2264
f 2300/2580/2255 2299/2579/2254 2308/2589/2264
f 2300/2580/2255 2309/2590/2265 2310/2591/2266
f 2301/2581/2256 2310/2591/2266 2306/2592/2267
f 2302/2585/2260 2311/2595/2270 2312/2593/2268
f 2302/2585/2260 2304/2584/2259 2313/2594/2269
f 2303/2583/2258 2312/2593/2268 2314/2596/2271
f 2305/2586/2261 2314/2596/2271 2025/2192/1936
f 2306/2592/2267 2315/2601/2276 2313/2594/2269
f 1547/1730/1498 1984/2142/1891 2316/2597/2272
f 2307/2588/2263 2316/2597/2272 2317/2598/2273
f 2308/2589/2264 2317/2598/2273 2318/2599/2274
f 2309/2590/2265 2318/2599/2274 2319/2600/2275
f 2310/2591/2266 2319/2600/2275 2315/2601/2276
f 2311/2595/2270 2320/2604/2279 2321/2602/2277
f 2311/2595/2270 2313/2594/2269 2322/2603/2278
f 2312/2593/2268 2321/2602/2277 2323/2605/2280
f 2314/2596/2271 2323/2605/2280 2089/2295/2019
f 2313/2594/2269 2315/2601/2276 2324/2606/2281
f 2317/2598/2273 2316/2597/2272 2325/2607/2282
f 2318/2599/2274 2317/2598/2273 2326/2608/2283
f 2319/2600/2275 2318/2599/2274 2327/2609/2284
f 2315/2601/2276 2319/2600/2275 2328/2610/2285
f 2321/2602/2277 2320/2604/2279 927/987/896
f 2320/2604/2279 2322/2603/2278 928/988/897
f 2321/2602/2277 926/990/899 929/989/898
f 2323/2605/2280 929/989/898 726/991/900
f 2322/2603/2278 2324/2606/2281 930/992/901
f 2325/2607/2282 1984/2142/1891 696/993/902
f 2326/2608/2283 2325/2607/2282 931/994/903
f 2327/2609/2284 2326/2608/2283 932/995/904
f 2328/2610/2285 2327/2609/2284 933/996/905
f 2324/2606/2281 2328/2610/2285 934/997/906
f 2061/2252/1984 2329/2611/2286 935/998/907
f 2068/2254/1986 1678/2612/1605 2329/2611/2286
f 1804/1956/1716 1675/2316/1603 1678/2612/1605
f 2329/2613/2286 2330/2616/2288 2331/2614/2287
f 1678/1837/1605 1677/1836/1604 2330/2616/2288
f 1906/2053/1812 2059/2237/1972 2332/2617/2289
f 1812/1964/1723 1939/2222/1961 2333/2618/2290
f 2048/2331/2047 2334/2620/2292 2333/2618/2290
f 2107/2329/2045 2335/2621/2293 2336/2619/2291
f 2108/2330/2046 2336/2619/2291 2334/2620/2292
f 1907/2054/1813 2332/2617/2289 2335/2621/2293
f 2332/2617/2289 2059/2237/1972 2337/2622/2294
f 1809/1962/1721 2333/2618/2290 2339/2624/2296
f 2334/2620/2292 2340/3261/2763 2339/2624/2296
f 2341/2625/2297 2342/2626/2298 2336/2619/2291
f 2342/2626/2298 2340/3261/2763 2334/2620/2292
f 2338/2623/2295 2341/2625/2297 2335/2621/2293
f 2058/2236/1971 2343/2628/2300 2337/2622/2294
f 1768/1925/1685 1683/1841/1608 2344/2627/2299
f 2102/2320/2039 2344/2627/2299 2343/2628/2300
f 1788/1944/1704 2345/2635/2307 2244/2629/2301
f 2076/2265/1997 2075/2264/1996 2346/2630/2302
f 2075/2264/1996 2240/2508/2193 2348/2632/2304
f 2249/2526/2211 2349/2638/2310 2350/2633/2305
f 2250/2518/2203 2350/2633/2305 2351/2634/2306
f 2251/2519/2204 2351/2634/2306 2345/2635/2307
f 2076/2265/1997 2347/2631/2303 2352/2636/2308
f 2256/2524/2209 2352/2636/2308 2353/2637/2309
f 2257/2525/2210 2353/2637/2309 2349/2638/2310
f 2243/2639/2197 2242/2643/2198 2354/2640/2311
f 2244/2642/2301 2356/2647/2314 2354/2640/2311
f 2245/2644/2199 2243/2639/2197 2355/2641/2312
f 2345/2646/2307 2358/2658/2319 2356/2647/2314
f 2346/2648/2302 2359/2668/2326 2360/2649/2315
f 2361/2651/2316 2359/2668/2326 2346/2648/2302
f 2349/2653/2310 2362/2663/2322 2363/2654/2317
f 2350/2655/2305 2363/2654/2317 2364/2656/2318
f 2351/2657/2306 2364/2656/2318 2358/2658/2319
f 2347/2650/2303 2360/2649/2315 2365/2659/2320
f 2352/2660/2308 2365/2659/2320 2366/2661/2321
f 2353/2662/2309 2366/2661/2321 2362/2663/2322
f 2355/2641/2312 2354/2640/2311 2367/2664/946
f 2356/2647/2314 2369/2667/2325 2367/2664/946
f 2357/2645/2313 2355/2641/2312 2368/2665/2323
f 2358/2658/2319 2371/2673/2325 2369/2667/2325
f 2359/2668/2326 2372/2670/951 2373/2669/2327
f 2361/2651/2316 2374/2677/2331 2372/2670/951
f 2362/2663/2322 2375/2676/2330 2376/2671/2325
f 2363/2654/2317 2376/2671/2325 2377/2672/2325
f 2364/2656/2318 2377/2672/2325 2371/2673/2325
f 2360/2649/2315 2373/2669/2327 2378/2674/2328
f 2365/2659/2320 2378/2674/2328 2379/2675/2329
f 2366/2661/2321 2379/2675/2329 2375/2676/2330
f 2367/2664/946 988/3236/946 987/1065/956
f 989/1066/957 988/3236/946 2367/2664/946
f 2368/2665/2323 987/1065/956 990/1067/958
f 991/1069/957 989/1066/957 2369/2667/2325
f 2372/2670/951 993/1071/961 992/1070/960
f 2374/2677/2331 994/1072/962 993/1071/961
f 2375/2676/2330 996/1074/964 995/1073/963
f 995/1073/963 997/1075/957 2377/2672/2325
f 997/1075/957 991/1069/957 2371/2673/2325
f 2373/2669/2327 992/1070/960 998/1076/965
f 2378/2674/2328 998/1076/965 999/1077/966
f 2379/2675/2329 999/1077/966 996/1074/964
f 990/1067/958 1001/1616/1387 2380/2678/2332
f 2381/2679/2333 2382/2686/2340 2383/2680/2334
f 1579/2684/2338 2385/2689/2343 2383/2680/2334
f 1708/2685/2339 2383/2680/2334 2382/2686/2340
f 2131/2688/2342 2215/2682/2336 2384/2681/2335
f 2131/2688/2342 2383/2680/2334 2385/2689/2343
f 2385/2689/2343 1579/2684/2338 1578/2691/2345
f 2386/2692/2346 2387/2702/2672 2388/2693/2347
f 2227/2695/2181 2390/2698/2350 2391/2696/2349
f 1014/1096/984 1013/1626/1394 2391/2696/2349
f 2226/2699/2182 2392/2700/2351 2390/2698/2350
f 1016/1099/986 1014/1096/984 2390/2698/2350
f 2392/2700/2351 2226/2699/2182 2228/2701/2352
f 2228/2701/2352 2387/2702/2672 2393/2702/2353
f 1462/2240/1975 1461/2707/2358 2394/2703/2354
f 2112/2705/2356 1021/1105/992 1020/1104/991
f 1461/2707/2358 2112/2705/2356 2395/2706/2357
f 2146/2708/2104 2396/2718/2362 2397/2709/2359
f 2148/2711/2106 2398/2748/2381 2399/2712/2360
f 2397/2709/2359 2398/2748/2381 2148/2711/2106
f 2150/2714/2107 2400/2727/2367 2401/2715/2361
f 2152/2717/2109 2402/2721/2364 2396/2718/2362
f 2151/2716/2108 2401/2715/2361 2403/2719/2363
f 2153/2720/2110 2403/2719/2363 2402/2721/2364
f 2404/2722/2365 2405/2756/2389 2155/2723/2111
f 2154/2724/2112 2156/2739/2118 2406/2725/2366
f 2157/2726/2113 2407/2736/2373 2400/2727/2367
f 2159/2728/2114 2158/2735/2372 2408/2729/2368
f 2161/2731/2115 2160/2743/2376 2410/2732/2370
f 2162/2734/2116 2412/2741/2375 2408/2729/2368
f 2155/2723/2111 2405/2756/2389 2407/2736/2373
f 2163/2737/2117 2161/2731/2115 2411/2733/2371
f 2156/2739/2118 2163/2737/2117 2413/2738/2374
f 2164/2740/2119 2414/2745/2378 2412/2741/2375
f 2165/2742/2120 2415/2744/2377 2410/2732/2370
f 2165/2742/2120 2159/2728/2114 2409/2730/2369
f 2164/2740/2119 2149/2713/2121 2399/2712/2360
f 2397/2709/2359 2396/2718/2362 2416/2746/2379
f 2398/2748/2381 2418/2750/2383 2419/2749/2382
f 2398/2748/2381 2397/2709/2359 2417/2747/2380
f 2401/2715/2361 2400/2727/2367 2420/2751/2384
f 2396/2718/2362 2402/2721/2364 2422/2753/2386
f 2403/2719/2363 2401/2715/2361 2421/2752/2385
f 2402/2721/2364 2403/2719/2363 2423/2754/2387
f 2404/2722/2365 2424/2757/2390 2425/2755/2388
f 2406/2725/2366 2426/2763/2396 2424/2757/2390
f 2400/2727/2367 2407/2736/2373 2427/2758/2391
f 2408/2729/2368 2428/2761/2394 2429/2759/2392
f 2410/2732/2370 2430/2766/2399 2431/2760/2393
f 2412/2741/2375 2432/2765/2398 2428/2761/2394
f 2407/2736/2373 2405/2756/2389 2425/2755/2388
f 2411/2733/2371 2431/2760/2393 2433/2762/2395
f 2413/2738/2374 2433/2762/2395 2426/2763/2396
f 2412/2741/2375 2414/2745/2378 2434/2764/2397
f 2415/2744/2377 2435/2767/2400 2430/2766/2399
f 2409/2730/2369 2429/2759/2392 2435/2767/2400
f 2414/2745/2378 2399/2712/2360 2419/2749/2382
f 1554/1735/1503 1557/1737/1505 2437/2769/2402
f 2439/2771/2404 2440/2776/2409 1558/1738/1506
f 1575/1752/1520 1574/1751/1519 2441/2772/2405
f 1621/1790/1558 1624/1792/1560 2443/2774/2407
f 1624/1792/1560 1554/1735/1503 2438/2770/2403
f 2440/2776/2409 2445/2785/2418 1745/2230/1967
f 1761/1920/1680 2446/2782/2415 2447/2777/2410
f 1796/1951/1711 1795/1950/1710 2448/2778/2411
f 1886/2033/1792 2450/3262/2436 2451/2780/2413
f 1760/1918/1678 2447/2777/2410 2437/2769/2402
f 1934/2088/1843 1621/1790/1558 2444/2775/2408
f 2014/2179/1924 2453/2788/2421 2446/2782/2415
f 2454/2783/2416 2450/3262/2436 1886/2033/1792
f 1574/1751/1519 1796/1951/1711 2449/2779/2412
f 2080/2270/2002 1934/2088/1843 2452/2781/2414
f 1795/1950/1710 2080/2270/2002 2455/2784/2417
f 2445/2785/2418 2454/2783/2416 2053/2228/1965
f 1561/1740/1508 1575/1752/1520 2442/2773/2406
f 1883/2031/1790 2451/2780/2413 2456/2786/2419
f 2168/2428/2123 2456/2786/2419 2457/2787/2420
f 2172/2432/2127 2457/2787/2420 2453/2788/2421
f 2437/2789/2402 2458/2813/2433 2459/2790/2422
f 2439/2792/2404 2460/2824/2440 2461/2793/2423
f 2441/2795/2405 2462/2820/2437 2463/2796/2424
f 2443/2798/2407 2464/2801/2426 2465/2799/2425
f 2438/2791/2403 2459/2790/2422 2464/2801/2426
f 2440/2794/2409 2461/2793/2423 2466/2802/2427
f 2447/2804/2410 2446/2816/2415 2467/2805/2428
f 2448/2807/2411 2469/2837/2450 2470/2808/2430
f 2451/2810/2413 2450/2819/2436 2471/2811/2431
f 2447/2804/2410 2468/2806/2429 2458/2813/2433
f 2444/2800/2408 2465/2799/2425 2473/2814/2434
f 2446/2816/2415 2453/2829/2421 2474/2817/2435
f 2454/2818/2416 2475/2823/2439 2471/2811/2431
f 2449/2809/2412 2470/2808/2430 2462/2820/2437
f 2452/2815/2414 2473/2814/2434 2476/2821/2438
f 2476/2821/2438 2469/2837/2450 2448/2807/2411
f 2445/2803/2418 2466/2802/2427 2475/2823/2439
f 2439/2792/2404 2442/2797/2406 2463/2796/2424
f 2456/2825/2419 2451/2810/2413 2472/2812/2432
f 2457/2827/2420 2456/2825/2419 2477/2826/2441
f 2453/2829/2421 2457/2827/2420 2478/2828/2442
f 2458/2813/2433 2479/2841/2454 2480/2830/2443
f 2460/2824/2440 2481/2848/2461 2482/2831/2444
f 2462/2820/2437 2483/2845/2458 2484/2832/2445
f 2465/2799/2425 2464/2801/2426 2485/2833/2446
f 2464/2801/2426 2459/2790/2422 2480/2830/2443
f 2461/2793/2423 2482/2831/2444 2487/2835/2448
f 2467/2805/2428 2488/2843/2456 2489/2836/2449
f 2469/2837/2450 2490/2847/2460 2491/2838/2451
f 2472/2812/2432 2471/2811/2431 2492/2839/2452
f 2468/2806/2429 2489/2836/2449 2479/2841/2454
f 2465/2799/2425 2486/2834/2447 2494/2842/2455
f 2474/2817/2435 2495/2851/2464 2488/2843/2456
f 2471/2811/2431 2475/2823/2439 2496/2844/2457
f 2470/2808/2430 2491/2838/2451 2483/2845/2458
f 2473/2814/2434 2494/2842/2455 2497/2846/2459
f 2476/2821/2438 2497/2846/2459 2490/2847/2460
f 2475/2823/2439 2466/2802/2427 2487/2835/2448
f 2463/2796/2424 2484/2832/2445 2481/2848/2461
f 2472/2812/2432 2493/2840/2453 2498/2849/2462
f 2477/2826/2441 2498/2849/2462 2499/2850/2463
f 2478/2828/2442 2499/2850/2463 2495/2851/2464
f 2479/2841/2454 2500/2865/2478 2501/2852/2465
f 2482/2831/2444 2481/2848/2461 2502/2853/2466
f 2484/2832/2445 2483/2845/2458 2504/2855/2468
f 2485/2833/2446 2506/2858/2471 2507/2857/2470
f 2480/2830/2443 2501/2852/2465 2506/2858/2471
f 2487/2835/2448 2482/2831/2444 2503/2854/2467
f 2488/2843/2456 2509/2867/2480 2510/2860/2473
f 2491/2838/2451 2490/2847/2460 2511/2861/2474
f 2493/2840/2453 2492/2839/2452 2513/2863/2476
f 2489/2836/2449 2510/2860/2473 2500/2865/2478
f 2486/2834/2447 2507/2857/2470 2515/2866/2479
f 2495/2851/2464 2516/2872/2485 2509/2867/2480
f 2492/2839/2452 2496/2844/2457 2517/2868/2481
f 2483/2845/2458 2491/2838/2451 2512/2862/2475
f 2494/2842/2455 2515/2866/2479 2518/2869/2482
f 2497/2846/2459 2518/2869/2482 2511/2861/2474
f 2496/2844/2457 2487/2835/2448 2508/2859/2472
f 2481/2848/2461 2484/2832/2445 2505/2856/2469
f 2498/2849/2462 2493/2840/2453 2514/2864/2477
f 2499/2850/2463 2498/2849/2462 2519/2870/2483
f 2495/2851/2464 2499/2850/2463 2520/2871/2484
f 2522/2874/2487 2523/2887/2500 1432/1642/1410
f 1493/1688/1456 2524/3263/2505 2525/2875/2488
f 1666/1828/1596 2526/2882/2495 2527/2876/2489
f 1728/1882/1649 1727/2492/2177 2528/2877/2490
f 1845/1992/1751 1844/1991/1750 2530/2879/2492
f 1936/2091/1846 2532/2888/2501 2522/2874/2487
f 2533/2881/2494 2524/3263/2505 1493/1688/1456
f 2033/2198/1942 2534/2886/2499 2526/2882/2495
f 2064/2244/1977 2535/2885/2498 2533/2881/2494
f 2073/2259/1991 2072/2258/1990 2536/2883/2496
f 1942/2097/1851 2538/3264/2518 2535/2885/2498
f 1728/1882/1649 2529/2878/2491 2534/2886/2499
f 2523/2887/2500 2538/3264/2518 1942/2097/1851
f 1936/2091/1846 1663/1826/1594 2527/2876/2489
f 1844/1991/1750 1494/2353/2063 2525/2875/2488
f 1845/1992/1751 2531/2880/2493 2536/2883/2496
f 2224/2490/2175 2073/2259/1991 2537/2884/2497
f 1727/2492/2177 2224/2490/2175 2539/2889/2502
f 2523/2890/2500 2522/2905/2487 2540/2891/2503
f 2524/2893/2505 2542/2908/2512 2543/2894/2506
f 2526/2896/2495 2544/2910/2513 2545/2897/2507
f 2528/2899/2490 2546/2924/2521 2547/2900/2508
f 2531/2902/2493 2530/2920/2492 2548/2903/2509
f 2522/2905/2487 2532/2919/2501 2550/2906/2511
f 2533/2907/2494 2551/2912/2514 2542/2908/2512
f 2534/2909/2499 2552/2918/2519 2544/2910/2513
f 2535/2911/2498 2553/3212/2748 2551/2912/2514
f 2537/2913/2497 2536/2921/2496 2554/2914/2515
f 2556/2916/2517 2553/3212/2748 2535/2911/2498
f 2529/2901/2491 2547/2900/2508 2552/2918/2519
f 2538/2917/2518 2523/2890/2500 2541/2892/2504
f 2532/2919/2501 2527/2898/2489 2545/2897/2507
f 2530/2920/2492 2525/2895/2488 2543/2894/2506
f 2536/2921/2496 2531/2902/2493 2549/2904/2510
f 2539/2922/2502 2537/2913/2497 2555/2915/2516
f 2528/2899/2490 2539/2922/2502 2557/2923/2520
f 1962/2925/2522 1961/2117/1866 1757/1915/1675
f 2558/2926/2523 2052/2282/2010 2081/2275/2006
f 2052/2282/2010 2558/2926/2523 1684/2219/1959
f 1476/1674/1442 2559/2946/2543 2560/2927/2524
f 2561/2928/2525 2562/2939/2536 2563/2929/2526
f 1634/1801/1569 1633/1800/1568 2565/2931/2528
f 1661/1823/1591 1634/1801/1569 2566/2932/2529
f 1693/1850/1617 2568/2954/2551 2569/2934/2531
f 2570/2936/2533 2571/3069/2657 2572/2937/2534
f 2562/2939/2536 2571/3069/2657 2570/2936/2533
f 2573/2938/2535 2572/2937/2534 2560/2927/2524
f 2575/2941/2538 2576/2961/2557 2577/2942/2539
f 1849/1995/1754 2579/3265/2552 2580/2944/2541
f 2581/2945/2542 2582/2949/2546 1891/2037/1796
f 1919/2071/1827 2583/2956/2553 2559/2946/2543
f 1947/2947/2544 2584/2960/2556 2585/2948/2545
f 1633/1800/1568 1891/2037/1796 2582/2949/2546
f 1893/2039/1798 2020/2184/1929 2586/2950/2547
f 2043/2213/1953 2044/2214/1954 2587/2951/2548
f 1693/1850/1617 2086/2289/2014 2589/2953/2550
f 1694/2935/2532 2569/2934/2531 2579/2955/2552
f 2043/2213/1953 2588/2952/2549 2583/2956/2553
f 1948/2102/1855 2585/2948/2545 2590/2957/2554
f 1661/2958/1591 2567/3266/2530 2591/2959/2555
f 2044/2214/1954 2122/2378/2076 2591/2959/2555
f 2114/2347/2059 2590/2957/2554 2586/2950/2547
f 1947/2947/2544 1846/1993/1752 2580/2944/2541
f 2575/2941/2538 2561/2928/2525 2564/2930/2527
f 2592/2962/2558 2593/2991/2580 2594/2963/2559
f 2563/2965/2526 2595/2979/2570 2596/2966/2560
f 2597/2968/2561 2598/2995/2584 2599/2969/2562
f 2597/2968/2561 2600/2970/2563 2601/2971/2564
f 2603/2973/2566 2604/3002/2591 2605/2974/2567
f 2573/2976/2535 2607/2980/2571 2608/2977/2569
f 2570/2978/2533 2608/2977/2569 2595/2979/2570
f 2574/2964/2537 2594/2963/2559 2607/2980/2571
f 2576/2981/2557 2609/3012/2601 2610/2982/2572
f 2611/2984/2573 2612/3003/2592 2613/2985/2574
f 2615/2987/2576 2616/2996/2585 2617/2988/2577
f 2592/2962/2558 2619/3004/2593 2620/2990/2579
f 2621/2992/2581 2622/3011/2600 2623/2993/2582
f 2598/2995/2584 2615/2987/2576 2618/2989/2578
f 2616/2996/2585 2625/3010/2599 2626/2997/2586
f 2627/2998/2587 2628/3008/2597 2629/2999/2588
f 2631/3001/2590 2632/3013/2602 2605/2974/2567
f 2611/2984/2573 2603/2973/2566 2606/2975/2568
f 2619/3004/2593 2627/2998/2587 2630/3000/2589
f 2633/3005/2594 2621/2992/2581 2624/2994/2583
f 2601/2971/2564 2635/3009/2598 2636/3007/2596
f 2628/3008/2597 2636/3007/2596 2635/3009/2598
f 2625/3010/2599 2633/3005/2594 2634/3006/2595
f 2622/3011/2600 2614/2986/2575 2613/2985/2574
f 2564/2967/2527 2596/2966/2560 2609/3012/2601
f 2632/3013/2602 2631/3001/2590 2577/2983/2539
f 2631/3014/2590 2589/2953/2550 2578/2943/2540
f 2085/3015/2603 1696/1852/1619 1438/1647/1415
f 2085/3015/2603 1827/1977/1736 2637/3016/2604
f 1827/1977/1736 1826/1976/1735 2266/2538/2220
f 2593/2991/2580 2638/3025/2613 2639/3017/2605
f 2596/2966/2560 2595/2979/2570 2640/3018/2606
f 2607/2980/2571 2642/3021/2609 2643/3020/2608
f 2595/2979/2570 2608/2977/2569 2643/3020/2608
f 2594/2963/2559 2639/3017/2605 2642/3021/2609
f 2618/2989/2578 2617/2988/2577 2645/3023/2611
f 2620/2990/2579 2647/3067/2655 2638/3025/2613
f 2623/2993/2582 2648/3030/2618 2649/3026/2614
f 2618/2989/2578 2646/3024/2612 2650/3027/2615
f 2626/2997/2586 2651/3029/2617 2645/3023/2611
f 2624/2994/2583 2649/3026/2614 2652/3028/2616
f 2634/3006/2595 2652/3028/2616 2651/3029/2617
f 2609/3012/2601 2596/2966/2560 2641/3019/2607
f 2653/3031/2619 2654/3042/2630 2655/3032/2620
f 2653/3031/2619 2656/3033/2621 2657/3034/2622
f 2659/3036/2624 2660/3039/2627 2661/3037/2625
f 2660/3039/2627 2663/3068/2656 2664/3040/2628
f 2665/3041/2629 2655/3032/2620 2654/3042/2630
f 2667/3044/2632 2668/3050/2638 2669/3045/2633
f 2671/3047/2635 2672/3055/2643 2673/3048/2636
f 2666/3043/2631 2667/3044/2632 2670/3046/2634
f 2668/3050/2638 2675/3053/2641 2676/3051/2639
f 2673/3048/2636 2677/3054/2642 2678/3052/2640
f 2675/3053/2641 2678/3052/2640 2677/3054/2642
f 2671/3047/2635 2659/3036/2624 2662/3038/2626
f 2655/3032/2620 2679/3060/2648 2680/3056/2644
f 2656/3033/2621 2680/3056/2644 2681/3057/2645
f 2662/3038/2626 2661/3037/2625 2682/3058/2646
f 2665/3041/2629 2684/3064/2652 2679/3060/2648
f 2670/3046/2634 2669/3045/2633 2685/3061/2649
f 2670/3046/2634 2686/3062/2650 2684/3064/2652
f 2669/3045/2633 2676/3051/2639 2688/3065/2653
f 2673/3048/2636 2687/3063/2651 2689/3066/2654
f 2676/3051/2639 2677/3054/2642 2689/3066/2654
f 2672/3055/2643 2662/3038/2626 2683/3059/2647
f 2600/2970/2563 2599/2969/2562 2654/3042/2630
f 2600/2970/2563 2653/3031/2619 2658/3035/2623
f 2635/3009/2598 2601/2971/2564 2658/3035/2623
f 2629/2999/2588 2635/3009/2598 2657/3034/2622
f 2630/3000/2589 2629/2999/2588 2681/3057/2645
f 2630/3000/2589 2680/3056/2644 2679/3060/2648
f 2647/3067/2655 2679/3060/2648 2684/3064/2652
f 2638/3025/2613 2684/3064/2652 2686/3062/2650
f 2639/3017/2605 2686/3062/2650 2685/3061/2649
f 2642/3021/2609 2685/3061/2649 2688/3065/2653
f 2640/3018/2606 2643/3020/2608 2688/3065/2653
f 2641/3019/2607 2640/3018/2606 2689/3066/2654
f 2644/3022/2610 2641/3019/2607 2687/3063/2651
f 2644/3022/2610 2683/3059/2647 2682/3058/2646
f 2632/3013/2602 2682/3058/2646 2664/3040/2628
f 2605/2974/2567 2664/3040/2628 2663/3068/2656
f 2612/3003/2592 2606/2975/2568 2663/3068/2656
f 2613/2985/2574 2612/3003/2592 2660/3039/2627
f 2648/3030/2618 2613/2985/2574 2659/3036/2624
f 2649/3026/2614 2648/3030/2618 2671/3047/2635
f 2649/3026/2614 2674/3049/2637 2678/3052/2640
f 2652/3028/2616 2678/3052/2640 2675/3053/2641
f 2645/3023/2611 2651/3029/2617 2675/3053/2641
f 2646/3024/2612 2645/3023/2611 2668/3050/2638
f 2650/3027/2615 2646/3024/2612 2667/3044/2632
f 2599/2969/2562 2650/3027/2615 2666/3043/2631
f 1473/1672/1440 2560/2927/2524 2572/2937/2534
f 2572/2937/2534 2571/3069/2657 1772/1928/1688
f 2571/3069/2657 2562/2939/2536 1512/1932/1692
f 2562/2939/2536 2561/2928/2525 1513/1703/1471
f 2561/2928/2525 2575/2941/2538 2266/2538/2220
f 2575/2941/2538 2578/2943/2540 2637/3016/2604
f 2578/2943/2540 2589/2953/2550 2086/2289/2014
f 2574/2940/2537 2560/2927/2524 2559/2946/2543
f 2592/3070/2558 2559/2946/2543 2583/2956/2553
f 2583/2956/2553 2588/2952/2549 2627/3072/2587
f 2588/2952/2549 2587/2951/2548 2628/3073/2597
f 2587/2951/2548 2591/2959/2555 2636/3074/2596
f 2591/2959/2555 2567/3266/2530 2602/3075/2565
f 2567/2933/2530 2566/2932/2529 2597/3076/2561
f 2565/2931/2528 2598/3079/2584 2597/3076/2561
f 2565/2931/2528 2582/2949/2546 2615/3078/2576
f 2582/2949/2546 2581/2945/2542 2616/3080/2585
f 2581/2945/2542 2586/2950/2547 2625/3081/2599
f 2625/3081/2599 2586/2950/2547 2590/2957/2554
f 2633/3082/2594 2590/2957/2554 2585/2948/2545
f 2621/3083/2581 2585/2948/2545 2584/2960/2556
f 2584/2960/2556 2580/2944/2541 2614/3085/2575
f 2580/2944/2541 2579/3265/2552 2611/3086/2573
f 2611/3087/2573 2579/2955/2552 2569/2934/2531
f 2603/3088/2566 2569/2934/2531 2568/2954/2551
f 2568/2954/2551 2589/2953/2550 2631/3014/2590
f 1589/1763/1531 2690/3093/2661 2691/3090/2658
f 1928/2080/1836 2692/3096/2663 2693/3091/2659
f 1930/2082/1838 1929/2081/1837 2694/3092/2660
f 1931/2083/1839 2695/3094/2662 2690/3093/2661
f 1926/2078/1834 2693/3091/2659 2695/3094/2662
f 1586/3095/1529 2691/3267/2658 2694/3092/2660
f 2006/2169/1915 1980/2138/1887 2692/3096/2663
f 2078/2268/2000 2129/2389/2085 2696/3097/2664
f 2691/3090/2658 2690/3093/2661 2697/3098/2665
f 2693/3091/2659 2692/3096/2663 2699/3100/2667
f 2129/2389/2085 2694/3092/2660 2701/3102/2669
f 2690/3093/2661 2695/3094/2662 2702/3103/2670
f 2695/3094/2662 2693/3091/2659 2700/3101/2668
f 2694/3092/2660 2691/3267/2658 2698/3104/2666
f 1980/2138/1887 2703/3111/2678 2699/3100/2667
f 2387/2702/2672 2386/2692/2346 2705/3106/2673
f 2706/3107/2674 2707/3109/2676 2708/3108/2675
f 2707/3109/2676 2709/3218/2679 2710/3110/2677
f 2710/3110/2677 1337/1511/1313 2708/3108/2675
f 1337/1511/1313 1016/1099/986 2392/2700/2351
f 2703/3111/2678 1339/1513/1315 1338/1512/1314
f 2696/3097/2664 2704/3118/2671 2228/3113/2352
f 2698/3099/2666 2697/3098/2665 2386/3114/2346
f 2699/3100/2667 2707/3121/2676 2706/3116/2674
f 2696/3097/2664 2701/3102/2669 2388/3117/2347
f 2702/3103/2670 2705/3119/2673 2386/3114/2346
f 2700/3101/2668 2706/3116/2674 2705/3119/2673
f 2701/3102/2669 2698/3104/2666 2389/3120/2348
f 2703/3111/2678 2709/3112/2679 2707/3121/2676
f 2229/3122/2183 2711/3132/2683 2712/3123/2680
f 2231/3125/2186 2713/3145/2691 2714/3126/2681
f 2235/3131/2189 2716/3142/2689 2711/3132/2683
f 2230/3124/2184 2712/3123/2680 2717/3133/2684
f 2238/3135/2191 2237/3143/2194 2718/3136/2685
f 2232/3127/2187 2714/3126/2681 2720/3138/2687
f 2240/3140/2193 2238/3135/2191 2719/3137/2686
f 2239/3139/2192 2720/3138/2687 2716/3142/2689
f 2237/3143/2194 2234/3130/2188 2715/3129/2682
f 2236/3134/2190 2717/3133/2684 2722/3144/2690
f 2241/2697/2196 2391/2696/2349 2713/3145/2691
f 2374/2677/2331 2361/2651/2316 2721/3141/2688
f 2028/3147/2070 2119/3166/2071 2724/3148/2693
f 2199/3150/2162 2726/3161/2702 2727/3151/2695
f 2728/3153/2696 2202/3162/2158 2729/3154/2697
f 2730/3155/2698 2729/3154/2697 2731/3156/2699
f 2204/3158/2163 2733/3163/2703 2734/3159/2701
f 2205/3160/2161 2734/3159/2701 2726/3161/2702
f 2202/3162/2158 2728/3153/2696 2733/3163/2703
f 2732/3157/2700 2731/3156/2699 2735/3164/2704
f 2119/3166/2071 2200/3152/2157 2727/3151/2695
f 2028/3147/2070 2725/3149/2694 2737/3167/2706
f 2210/3168/2707 2737/3167/2706 2738/3169/2708
f 2212/3171/2710 2211/3170/2709 2738/3169/2708
f 2213/3173/2712 2212/3171/2710 2739/3172/2711
f 2214/3175/2714 2213/3173/2712 2740/3174/2713
f 2216/2683/2337 2214/3175/2714 2741/3176/2715
f 2245/2644/2199 2357/2645/2313 2735/3164/2704
f 2721/3141/2688 2361/2651/2316 2348/2652/2304
f 2721/3141/2688 2719/3137/2686 2742/3178/2716
f 2719/3137/2686 2718/3136/2685 2743/3179/2717
f 2718/3136/2685 2715/3129/2682 2744/3180/2718
f 2715/3129/2682 2233/3128/2195 2722/3144/2690
f 2735/3164/2704 2357/2645/2313 2370/2666/2324
f 2206/3177/2164 2735/3164/2704 2731/3156/2699
f 2203/3181/2159 2731/3156/2699 2729/3154/2697
f 2736/3165/2705 2370/2666/2324 2380/2678/2332
f 2740/3174/2713 2380/2678/2332 2384/2681/2335
f 2738/3169/2708 2380/2678/2332 2740/3174/2713
f 2725/3149/2694 2380/2678/2332 2738/3169/2708
f 2727/3151/2695 2380/2678/2332 2725/3149/2694
f 2734/3159/2701 2380/2678/2332 2727/3151/2695
f 2728/3153/2696 2380/2678/2332 2734/3159/2701
f 2732/3157/2700 2380/2678/2332 2728/3153/2696
f 2742/3178/2716 2745/3183/2719 2374/2677/2331
f 2744/3180/2718 2745/3183/2719 2742/3178/2716
f 2717/3133/2684 2745/3183/2719 2744/3180/2718
f 2712/3123/2680 2711/3132/2683 2745/3183/2719
f 2720/3138/2687 2745/3183/2719 2711/3132/2683
f 2713/3145/2691 2745/3183/2719 2720/3138/2687
f 2746/3184/2720 2747/3206/2742 2748/3185/2721
f 2750/3187/2723 2751/3192/2728 2752/3188/2724
f 2749/3186/2722 2748/3185/2721 2754/3190/2726
f 2751/3192/2728 2750/3187/2723 2756/3193/2729
f 2758/3195/2731 2753/3189/2725 2759/3196/2732
f 2761/3198/2734 2760/3197/2733 2762/3199/2735
f 2764/3201/2737 2765/3209/2745 2766/3202/2738
f 2767/3203/2739 2766/3202/2738 2768/3204/2740
f 2746/3184/2720 2763/3200/2736 2762/3199/2735
f 2770/3207/2743 2771/3208/2744 2760/3197/2733
f 2770/3207/2743 2768/3204/2740 2766/3202/2738
f 2771/3208/2744 2766/3202/2738 2765/3209/2745
f 2772/3210/2746 2767/3203/2739 2769/3205/2741
f 2757/3194/2730 2754/3190/2726 2748/3185/2721
f 2748/3185/2721 2747/3206/2742 2752/3188/2724
f 2747/3206/2742 2762/3199/2735 2759/3196/2732
f 2541/2892/2504 2540/2891/2503 2768/3204/2740
f 2541/2892/2504 2770/3207/2743 2761/3198/2734
f 2556/2916/2517 2761/3198/2734 2763/3200/2736
f 2553/3212/2748 2763/3200/2736 2746/3184/2720
f 2551/2912/2514 2746/3184/2720 2749/3186/2722
f 2542/2908/2512 2749/3186/2722 2755/3191/2727
f 2548/2903/2509 2543/2894/2506 2755/3191/2727
f 2549/2904/2510 2548/2903/2509 2754/3190/2726
f 2554/2914/2515 2549/2904/2510 2757/3194/2730
f 2555/2915/2516 2554/2914/2515 2756/3193/2729
f 2557/2923/2520 2555/2915/2516 2750/3187/2723
f 2557/2923/2520 2753/3189/2725 2758/3195/2731
f 2546/2924/2521 2758/3195/2731 2765/3209/2745
f 2547/2900/2508 2765/3209/2745 2764/3201/2737
f 2552/2918/2519 2764/3201/2737 2772/3210/2746
f 2544/2910/2513 2772/3210/2746 2773/3211/2747
f 2550/2906/2511 2545/2897/2507 2773/3211/2747
f 2540/2891/2503 2550/2906/2511 2769/3205/2741
f 2774/3213/2749 2382/2686/2340 1405/1614/1385
f 2382/2686/2340 2381/2679/2333 1406/1615/1386
f 2381/2679/2333 2380/2678/2332 1001/1616/1387
f 2111/2335/2051 2123/2380/2078 2109/3215/2751
f 2111/3216/2051 2775/3268/2764 2190/2468/2153
f 661/616/580 1408/1619/1389 2005/2168/1914
f 1408/1619/1389 570/498/477 1981/3217/2752
f 1409/1620/1390 2775/3268/2764 2111/3216/2051
f 994/1072/962 2374/2677/2331 2745/3183/2719
f 1411/1623/1392 2710/3110/2677 2709/3218/2679
f 569/1625/1393 1339/1513/1315 2703/3111/2678
f 1013/1626/1394 1410/1622/1391 2745/3183/2719
s 5
g LowBody_Material.001
usemtl Material.001
f 2776/3269/2765 2778/3270/2766 2779/3271/2767
f 2779/3271/2767 2780/3272/2768 2781/3273/2769
f 2781/3273/2769 2782/3274/2770 2783/3275/2771
f 2782/3274/2770 2785/3276/2772 2783/3275/2771
f 2784/3277/2773 2787/3278/2774 2785/3276/2772
f 2786/3279/2775 2789/3280/2776 2787/3278/2774
f 2788/3281/2777 2791/3282/2778 2789/3280/2776
f 2791/3282/2778 2792/3283/2779 2793/3284/2780
f 2793/3284/2780 2794/3285/2781 2795/3286/2782
f 2794/3285/2781 2797/3287/2783 2795/3286/2782
f 2796/3288/2784 2799/3289/2785 2797/3287/2783
f 2798/3290/2786 2801/3291/2787 2799/3289/2785
f 2801/3291/2787 2802/3292/2788 2803/3293/2789
f 2803/3293/2789 2804/3294/2790 2805/3295/2791
f 2805/3295/2791 2806/3296/2792 2807/3297/2793
f 2806/3296/2792 2809/3298/2794 2807/3297/2793
f 2808/3299/2795 2811/3300/2796 2809/3298/2794
f 2810/3301/2797 2813/3302/2798 2811/3300/2796
f 2813/3302/2798 2814/3303/2799 2815/3304/2800
f 2815/3304/2800 2816/3305/2801 2817/3306/2802
f 2817/3306/2802 2818/3307/2803 2819/3308/2804
f 2818/3307/2803 2821/3309/2805 2819/3308/2804
f 2820/3310/2806 2823/3311/2807 2821/3309/2805
f 2822/3312/2808 2825/3313/2809 2823/3311/2807
f 2824/3314/2810 2827/3315/2811 2825/3313/2809
f 2826/3316/2812 2776/3269/2765 2827/3315/2811
f 2828/3317/2813 2802/3292/2788 2800/3318/2814
f 2829/3319/2815 2804/3294/2790 2828/3317/2813
f 2808/3299/2795 2829/3319/2815 2830/3320/2816
f 2810/3301/2797 2830/3320/2816 2831/3321/2817
f 2831/3321/2817 2812/3322/2818 2810/3301/2797
f 2784/3277/2773 2832/3323/2819 2786/3279/2775
f 2833/3324/2820 2784/3277/2773 2782/3274/2770
f 2833/3324/2820 2780/3272/2768 2834/3325/2821
f 2778/3270/2766 2834/3325/2821 2780/3272/2768
f 2835/3326/2822 2777/3327/2823 2836/3328/2824
f 2837/3329/2825 2834/3325/2821 2835/3326/2822
f 2832/3323/2819 2837/3329/2825 2838/3330/2826
f 2788/3281/2777 2838/3330/2826 2790/3331/2827
f 2839/3332/2828 2836/3328/2824 2840/3333/2829
f 2837/3329/2825 2839/3332/2828 2841/3334/2830
f 2838/3330/2826 2841/3334/2830 2842/3335/2831
f 2790/3331/2827 2842/3335/2831 2792/3283/2779
f 2843/3336/2832 2792/3283/2779 2842/3335/2831
f 2844/3337/2833 2842/3335/2831 2841/3334/2830
f 2845/3338/2834 2841/3334/2830 2839/3332/2828
f 2846/3339/2835 2839/3332/2828 2840/3333/2829
f 2847/3340/2836 2800/3318/2814 2798/3290/2786
f 2848/3341/2837 2828/3317/2813 2847/3340/2836
f 2830/3320/2816 2848/3341/2837 2849/3342/2838
f 2831/3321/2817 2849/3342/2838 2850/3343/2839
f 2814/3303/2799 2850/3343/2839 2816/3305/2801
f 2851/3344/2840 2798/3290/2786 2796/3288/2784
f 2852/3345/2841 2847/3340/2836 2851/3344/2840
f 2853/3346/2842 2848/3341/2837 2852/3345/2841
f 2854/3347/2843 2849/3342/2838 2853/3346/2842
f 2816/3305/2801 2854/3347/2843 2818/3307/2803
f 2844/3337/2833 2851/3344/2840 2843/3336/2832
f 2845/3338/2834 2852/3345/2841 2844/3337/2833
f 2845/3338/2834 2854/3347/2843 2853/3346/2842
f 2846/3339/2835 2818/3307/2803 2854/3347/2843
f 2843/3336/2832 2796/3288/2784 2794/3285/2781
f 2777/3327/2823 2826/3316/2812 2836/3328/2824
f 2826/3316/2812 2840/3333/2829 2836/3328/2824
f 2824/3314/2810 2846/3339/2835 2840/3333/2829
f 2820/3310/2806 2846/3339/2835 2822/3312/2808
f 2832/3323/2819 2788/3281/2777 2786/3279/2775
f 2778/3270/2766 2777/3327/2823 2834/3325/2821
s 6
f 2855/3348/2844 2857/3349/2845 2858/3350/2846
f 2856/3351/2847 2860/3352/2848 2857/3349/2845
f 2860/3352/2848 2861/3353/2849 2862/3354/2850
f 2862/3354/2850 2863/3355/2851 2864/3356/2852
f 2864/3356/2852 2865/3357/2853 2866/3358/2854
f 2866/3358/2854 2867/3359/2855 2868/3360/2856
f 2868/3360/2856 2869/3361/2857 2870/3362/2858
f 2870/3362/2858 2871/3363/2859 2872/3364/2860
f 2872/3364/2860 2873/3365/2861 2874/3366/2862
f 2873/3365/2861 2876/3367/2863 2874/3366/2862
f 2875/3368/2864 2878/3369/2865 2876/3367/2863
f 2877/3370/2866 2880/3371/2867 2878/3369/2865
f 2879/3372/2868 2882/3373/2869 2880/3371/2867
f 2881/3374/2870 2884/3375/2871 2882/3373/2869
f 2883/3376/2872 2886/3377/2873 2884/3375/2871
f 2885/3378/2874 2888/3379/2875 2886/3377/2873
f 2887/3380/2876 2890/3381/2877 2888/3379/2875
f 2889/3382/2878 2892/3383/2879 2890/3381/2877
f 2891/3384/2880 2894/3385/2881 2892/3383/2879
f 2894/3385/2881 2855/3348/2844 2858/3350/2846
f 2856/3351/2847 2895/3386/2882 2896/3387/2883
f 2859/3388/2884 2896/3387/2883 2897/3389/2885
f 2859/3388/2884 2898/3390/2886 2861/3353/2849
f 2861/3353/2849 2899/3391/2887 2863/3355/2851
f 2863/3355/2851 2900/3392/2888 2865/3357/2853
f 2865/3357/2853 2901/3393/2889 2867/3359/2855
f 2867/3359/2855 2902/3394/2890 2869/3361/2857
f 2871/3363/2859 2902/3394/2890 2903/3395/2891
f 2873/3365/2861 2903/3395/2891 2904/3396/2892
f 2875/3368/2864 2904/3396/2892 2905/3397/2893
f 2877/3370/2866 2905/3397/2893 2906/3398/2894
f 2879/3372/2868 2906/3398/2894 2907/3399/2895
f 2881/3374/2870 2907/3399/2895 2908/3400/2896
f 2883/3376/2872 2908/3400/2896 2909/3401/2897
f 2885/3378/2874 2909/3401/2897 2910/3402/2898
f 2885/3378/2874 2911/3403/2899 2887/3380/2876
f 2887/3380/2876 2912/3404/2900 2889/3382/2878
f 2891/3384/2880 2912/3404/2900 2913/3405/2901
f 2891/3384/2880 2914/3406/2902 2893/3407/2903
f 2893/3407/2903 2895/3386/2882 2855/3348/2844
f 2896/3387/2883 2915/3408/2904 2916/3409/2905
f 2897/3389/2885 2916/3409/2905 2917/3410/2906
f 2897/3389/2885 2918/3411/2907 2898/3390/2886
f 2898/3390/2886 2919/3412/2908 2899/3391/2887
f 2899/3391/2887 2920/3413/2909 2900/3392/2888
f 2900/3392/2888 2921/3414/2910 2901/3393/2889
f 2901/3393/2889 2922/3415/2911 2902/3394/2890
f 2903/3395/2891 2922/3415/2911 2923/3416/2912
f 2904/3396/2892 2923/3416/2912 2924/3417/2913
f 2905/3397/2893 2924/3417/2913 2925/3418/2914
f 2906/3398/2894 2925/3418/2914 2926/3419/2915
f 2907/3399/2895 2926/3419/2915 2927/3420/2916
f 2908/3400/2896 2927/3420/2916 2928/3421/2917
f 2909/3401/2897 2928/3421/2917 2929/3422/2918
f 2910/3402/2898 2929/3422/2918 2930/3423/2919
f 2910/3402/2898 2931/3424/2920 2911/3403/2899
f 2911/3403/2899 2932/3425/2921 2912/3404/2900
f 2912/3404/2900 2933/3426/2922 2913/3405/2901
f 2913/3405/2901 2934/3427/2923 2914/3406/2902
f 2914/3406/2902 2915/3408/2904 2895/3386/2882
f 2916/3409/2905 2915/3408/2904 2935/3428/2924
f 2917/3410/2906 2916/3409/2905 2935/3428/2924
f 2918/3411/2907 2917/3410/2906 2935/3428/2924
f 2919/3412/2908 2918/3411/2907 2935/3428/2924
f 2920/3413/2909 2919/3412/2908 2935/3428/2924
f 2921/3414/2910 2920/3413/2909 2935/3428/2924
f 2922/3415/2911 2921/3414/2910 2935/3428/2924
f 2923/3416/2912 2922/3415/2911 2935/3428/2924
f 2924/3417/2913 2923/3416/2912 2935/3428/2924
f 2925/3418/2914 2924/3417/2913 2935/3428/2924
f 2926/3419/2915 2925/3418/2914 2935/3428/2924
f 2927/3420/2916 2926/3419/2915 2935/3428/2924
f 2928/3421/2917 2927/3420/2916 2935/3428/2924
f 2929/3422/2918 2928/3421/2917 2935/3428/2924
f 2930/3423/2919 2929/3422/2918 2935/3428/2924
f 2931/3424/2920 2930/3423/2919 2935/3428/2924
f 2932/3425/2921 2931/3424/2920 2935/3428/2924
f 2933/3426/2922 2932/3425/2921 2935/3428/2924
f 2934/3427/2923 2933/3426/2922 2935/3428/2924
f 2915/3408/2904 2934/3427/2923 2935/3428/2924
s 7
f 2936/3429/2925 2938/3430/2926 2939/3431/2927
f 2938/3430/2926 2940/3432/2928 2941/3433/2929
f 2941/3433/2929 2942/3434/2930 2943/3435/2931
f 2943/3435/2931 2944/3436/2932 2945/3437/2933
f 2944/3436/2932 2947/3438/2934 2945/3437/2933
f 2946/3439/2935 2949/3440/2936 2947/3438/2934
f 2948/3441/2937 2951/3442/2938 2949/3440/2936
f 2950/3443/2939 2953/3444/2940 2951/3442/2938
f 2953/3444/2940 2954/3445/2941 2955/3446/2942
f 2955/3446/2942 2956/3447/2943 2957/3448/2944
f 2957/3448/2944 2958/3449/2945 2959/3450/2946
f 2958/3449/2945 2961/3451/2947 2959/3450/2946
f 2960/3452/2948 2963/3453/2949 2961/3451/2947
f 2962/3454/2950 2965/3455/2951 2963/3453/2949
f 2964/3456/2952 2967/3457/2953 2965/3455/2951
f 2966/3458/2954 2969/3459/2955 2967/3457/2953
f 2969/3459/2955 2970/3460/2956 2971/3461/2957
f 2971/3461/2957 2972/3462/2958 2973/3463/2959
f 2972/3462/2958 2975/3464/2960 2973/3463/2959
f 2974/3465/2961 2977/3466/2962 2975/3464/2960
f 2976/3467/2963 2939/3431/2927 2977/3466/2962
f 2936/3429/2925 2979/3468/2964 2937/3469/2965
f 2937/3469/2965 2980/3470/2966 2940/3432/2928
f 2940/3432/2928 2981/3471/2967 2942/3434/2930
f 2942/3434/2930 2982/3472/2968 2944/3436/2932
f 2982/3472/2968 2946/3439/2935 2944/3436/2932
f 2983/3473/2969 2948/3441/2937 2946/3439/2935
f 2984/3474/2970 2950/3443/2939 2948/3441/2937
f 2985/3475/2971 2952/3476/2972 2950/3443/2939
f 2952/3476/2972 2987/3477/2973 2954/3445/2941
f 2954/3445/2941 2988/3478/2974 2956/3447/2943
f 2956/3447/2943 2989/3479/2975 2958/3449/2945
f 2989/3479/2975 2960/3452/2948 2958/3449/2945
f 2990/3480/2976 2962/3454/2950 2960/3452/2948
f 2991/3481/2977 2964/3456/2952 2962/3454/2950
f 2992/3482/2978 2966/3458/2954 2964/3456/2952
f 2966/3458/2954 2994/3483/2979 2968/3484/2980
f 2968/3484/2980 2995/3485/2981 2970/3460/2956
f 2970/3460/2956 2996/3486/2982 2972/3462/2958
f 2972/3462/2958 2997/3487/2983 2974/3465/2961
f 2997/3487/2983 2976/3467/2963 2974/3465/2961
f 2998/3488/2984 2936/3429/2925 2976/3467/2963
f 2978/3489/2985 3000/3490/2986 2979/3468/2964
f 2979/3468/2964 3001/3491/2987 2980/3470/2966
f 2980/3470/2966 3002/3492/2988 2981/3471/2967
f 3002/3492/2988 2982/3472/2968 2981/3471/2967
f 3003/3493/2989 2983/3473/2969 2982/3472/2968
f 3004/3494/2990 2984/3474/2970 2983/3473/2969
f 3005/3495/2991 2985/3475/2971 2984/3474/2970
f 3006/3496/2992 2986/3497/2993 2985/3475/2971
f 3007/3498/2994 2987/3477/2973 2986/3497/2993
f 2987/3477/2973 3009/3499/2995 2988/3478/2974
f 2988/3478/2974 3010/3500/2996 2989/3479/2975
f 3010/3500/2996 2990/3480/2976 2989/3479/2975
f 3011/3501/2997 2991/3481/2977 2990/3480/2976
f 3012/3502/2998 2992/3482/2978 2991/3481/2977
f 3013/3503/2999 2993/3504/3000 2992/3482/2978
f 2993/3504/3000 3015/3505/3001 2994/3483/2979
f 2994/3483/2979 3016/3506/3002 2995/3485/2981
f 2995/3485/2981 3017/3507/3003 2996/3486/2982
f 2996/3486/2982 3018/3508/3004 2997/3487/2983
f 2997/3487/2983 3019/3509/3005 2998/3488/2984
f 3019/3509/3005 2978/3489/2985 2998/3488/2984
f 2999/3510/3006 3020/3511/3007 3000/3490/2986
f 3000/3490/2986 3020/3511/3007 3001/3491/2987
f 3001/3491/2987 3020/3511/3007 3002/3492/2988
f 3002/3492/2988 3020/3511/3007 3003/3493/2989
f 3003/3493/2989 3020/3511/3007 3004/3494/2990
f 3004/3494/2990 3020/3511/3007 3005/3495/2991
f 3005/3495/2991 3020/3511/3007 3006/3496/2992
f 3006/3496/2992 3020/3511/3007 3007/3498/2994
f 3007/3498/2994 3020/3511/3007 3008/3512/3008
f 3008/3512/3008 3020/3511/3007 3009/3499/2995
f 3009/3499/2995 3020/3511/3007 3010/3500/2996
f 3010/3500/2996 3020/3511/3007 3011/3501/2997
f 3011/3501/2997 3020/3511/3007 3012/3502/2998
f 3012/3502/2998 3020/3511/3007 3013/3503/2999
f 3013/3503/2999 3020/3511/3007 3014/3513/3009
f 3014/3513/3009 3020/3511/3007 3015/3505/3001
f 3015/3505/3001 3020/3511/3007 3016/3506/3002
f 3016/3506/3002 3020/3511/3007 3017/3507/3003
f 3017/3507/3003 3020/3511/3007 3018/3508/3004
f 3018/3508/3004 3020/3511/3007 3019/3509/3005
f 3019/3509/3005 3020/3511/3007 2999/3510/3006
s 8
f 3021/3514/3010 3023/3515/3011 3024/3516/3012
f 3025/3517/3013 3022/3518/3014 3021/3514/3010
f 3027/3519/3015 3022/3518/3014 3026/3520/3016
f 3028/3521/3017 3023/3515/3011 3027/3519/3015
f 3030/3522/3018 3029/3523/3019 3028/3521/3017
f 3032/3524/3020 3031/3525/3021 3030/3522/3018
f 3034/3526/3022 3033/3527/3023 3032/3524/3020
f 3034/3526/3022 3037/3528/3024 3035/3529/3025
f 3036/3530/3026 3039/3531/3027 3037/3528/3024
f 3038/3532/3028 3041/3533/3029 3039/3531/3027
f 3042/3534/3030 3041/3533/3029 3040/3535/3031
f 3044/3536/3032 3043/3537/3033 3042/3534/3030
f 3046/3538/3034 3045/3539/3035 3044/3536/3032
f 3048/3540/3036 3047/3541/3037 3046/3538/3034
f 3050/3542/3038 3049/3543/3039 3048/3540/3036
f 3052/3544/3040 3051/3545/3041 3050/3542/3038
f 3052/3544/3040 3055/3546/3042 3053/3547/3043
f 3054/3548/3044 3024/3516/3012 3055/3546/3042
f 3056/3549/3045 3021/3514/3010 3024/3516/3012
f 3029/3523/3019 3024/3516/3012 3023/3515/3011
f 3031/3525/3021 3055/3546/3042 3029/3523/3019
f 3031/3525/3021 3033/3527/3023 3053/3547/3043
f 3035/3529/3025 3053/3547/3043 3033/3527/3023
f 3035/3529/3025 3037/3528/3024 3051/3545/3041
f 3037/3528/3024 3049/3543/3039 3051/3545/3041
f 3039/3531/3027 3047/3541/3037 3049/3543/3039
f 3041/3533/3029 3045/3539/3035 3039/3531/3027
s 9
f 3057/3550/3046 3059/3551/3047 3060/3552/3048
f 3058/3553/3049 3062/3554/3050 3059/3551/3047
f 3061/3555/3051 3064/3556/3052 3062/3554/3050
f 3063/3557/3053 3066/3558/3054 3064/3556/3052
f 3065/3559/3055 3068/3560/3056 3066/3558/3054
f 3070/3561/3057 3067/3562/3058 3069/3563/3059
f 3071/3564/3060 3070/3561/3057 3069/3563/3059
f 3073/3565/3061 3072/3566/3062 3071/3564/3060
f 3075/3567/3063 3074/3568/3064 3073/3565/3061
f 3077/3569/3065 3076/3570/3066 3075/3567/3063
f 3079/3571/3067 3078/3572/3068 3077/3569/3065
f 3081/3573/3069 3080/3574/3070 3079/3571/3067
f 3083/3575/3071 3082/3576/3072 3081/3573/3069
f 3085/3577/3073 3084/3578/3074 3083/3575/3071
f 3085/3577/3073 3088/3579/3075 3086/3580/3076
f 3087/3581/3077 3060/3552/3048 3088/3579/3075
f 3060/3552/3048 3089/3582/3078 3090/3583/3079
f 3059/3551/3047 3091/3584/3080 3089/3582/3078
f 3062/3554/3050 3092/3585/3081 3091/3584/3080
f 3064/3556/3052 3093/3586/3082 3092/3585/3081
f 3066/3558/3054 3094/3587/3083 3093/3586/3082
f 3068/3560/3056 3095/3588/3084 3094/3587/3083
f 3070/3561/3057 3096/3589/3085 3095/3588/3084
f 3097/3590/3086 3072/3566/3062 3074/3568/3064
f 3076/3570/3066 3097/3590/3086 3074/3568/3064
f 3078/3572/3068 3098/3591/3087 3076/3570/3066
f 3080/3574/3070 3099/3592/3088 3078/3572/3068
f 3082/3576/3072 3100/3593/3089 3080/3574/3070
f 3084/3578/3074 3101/3594/3090 3082/3576/3072
f 3086/3580/3076 3102/3595/3091 3084/3578/3074
f 3088/3579/3075 3103/3596/3092 3086/3580/3076
f 3088/3579/3075 3090/3583/3079 3104/3597/3093
f 3090/3583/3079 3089/3582/3078 3105/3598/3094
f 3089/3582/3078 3091/3584/3080 3105/3598/3094
f 3091/3584/3080 3092/3585/3081 3105/3598/3094
f 3092/3585/3081 3093/3586/3082 3105/3598/3094
f 3093/3586/3082 3094/3587/3083 3105/3598/3094
f 3094/3587/3083 3095/3588/3084 3105/3598/3094
f 3095/3588/3084 3096/3589/3085 3105/3598/3094
f 3096/3589/3085 3097/3590/3086 3105/3598/3094
f 3097/3590/3086 3098/3591/3087 3105/3598/3094
f 3098/3591/3087 3099/3592/3088 3105/3598/3094
f 3099/3592/3088 3100/3593/3089 3105/3598/3094
f 3100/3593/3089 3101/3594/3090 3105/3598/3094
f 3101/3594/3090 3102/3595/3091 3105/3598/3094
f 3102/3595/3091 3103/3596/3092 3105/3598/3094
f 3103/3596/3092 3104/3597/3093 3105/3598/3094
f 3104/3597/3093 3090/3583/3079 3105/3598/3094
s 10
f 3106/3599/3095 3108/3600/3096 3109/3601/3097
f 3110/3602/3098 3107/3603/3099 3106/3599/3095
f 3112/3604/3100 3114/3605/3101 3115/3606/3102
f 3109/3601/3097 3113/3607/3103 3112/3604/3100
f 3115/3606/3102 3116/3608/3104 3117/3609/3105
f 3118/3610/3106 3120/3611/3107 3121/3612/3108
f 3117/3609/3105 3119/3613/3109 3118/3610/3106
s 11
f 3122/3614/3110 3124/3615/3111 3125/3616/3112
f 3126/3617/3113 3128/3618/3114 3129/3619/3115
f 3127/3620/3116 3125/3616/3112 3128/3618/3114
f 3130/3621/3117 3132/3622/3118 3133/3623/3119
f 3123/3624/3120 3133/3623/3119 3124/3615/3111
f 3129/3619/3115 3134/3625/3121 3135/3626/3122
f 3128/3618/3114 3136/3627/3123 3134/3625/3121
f 3125/3616/3112 3137/3628/3124 3136/3627/3123
f 3124/3615/3111 3138/3629/3125 3137/3628/3124
f 3133/3623/3119 3139/3630/3126 3138/3629/3125
f 3134/3625/3121 3141/3631/3127 3135/3626/3122
f 3136/3627/3123 3140/3632/3128 3134/3625/3121
f 3137/3628/3124 3142/3633/3129 3136/3627/3123
f 3138/3629/3125 3143/3634/3130 3137/3628/3124
f 3138/3629/3125 3145/3635/3131 3144/3636/3132
f 3140/3632/3128 3147/3637/3133 3141/3631/3127
f 3142/3633/3129 3146/3638/3134 3140/3632/3128
f 3143/3634/3130 3148/3639/3135 3142/3633/3129
f 3143/3634/3130 3144/3636/3132 3149/3640/3136
s 12
f 3150/3641/3137 3152/3642/3138 3153/3643/3139
s 13
f 3154/3644/3140 3156/3645/3141 3157/3646/3142
s 12
f 3153/3643/3139 3159/3647/3143 3150/3641/3137
s 13
f 3160/3648/3144 3157/3646/3142 3161/3649/3145
s 12
f 3162/3650/3146 3153/3643/3139 3152/3642/3138
f 3163/3651/3147 3165/3652/3148 3153/3643/3139
f 3165/3652/3148 3158/3653/3149 3153/3643/3139
s 13
f 3166/3654/3150 3157/3646/3142 3156/3645/3141
f 3167/3655/3151 3161/3649/3145 3157/3646/3142
f 3161/3649/3145 3169/3656/3152 3170/3657/3153
f 3170/3657/3153 3160/3648/3144 3161/3649/3145
s 14
f 3172/3658/3154 3174/3659/3155 3175/3660/3156
f 3172/3658/3154 3176/3661/3157 3177/3662/3158
f 3178/3663/3159 3180/3664/3160 3181/3665/3161
f 3181/3665/3161 3182/3666/3162 3173/3667/3163
f 3178/3663/3159 3184/3668/3164 3183/3669/3165
f 3181/3665/3161 3172/3658/3154 3184/3668/3164
f 3184/3668/3164 3177/3662/3158 3183/3669/3165
s 11
f 3149/3640/3136 3145/3635/3131 3185/3670/3166
s 15
f 3186/3671/3167 3188/3672/3168 3189/3673/3169
f 3187/3674/3170 3191/3675/3171 3188/3672/3168
f 3190/3676/3172 3193/3677/3173 3191/3675/3171
f 3194/3678/3174 3193/3677/3173 3192/3679/3175
f 3196/3680/3176 3195/3681/3177 3194/3678/3174
f 3198/3682/3178 3197/3683/3179 3196/3680/3176
f 3200/3684/3180 3199/3685/3181 3198/3682/3178
f 3200/3684/3180 3203/3686/3182 3201/3687/3183
f 3202/3688/3184 3205/3689/3185 3203/3686/3182
f 3206/3690/3186 3205/3689/3185 3204/3691/3187
f 3208/3692/3188 3207/3693/3189 3206/3690/3186
f 3210/3694/3190 3209/3695/3191 3208/3692/3188
f 3210/3694/3190 3213/3696/3192 3211/3697/3193
f 3212/3698/3194 3215/3699/3195 3213/3696/3192
f 3214/3700/3196 3217/3701/3197 3215/3699/3195
f 3218/3702/3198 3217/3701/3197 3216/3703/3199
f 3220/3704/3200 3219/3705/3201 3218/3702/3198
f 3222/3706/3202 3221/3707/3203 3220/3704/3200
f 3222/3706/3202 3225/3708/3204 3223/3709/3205
f 3224/3710/3206 3227/3711/3207 3225/3708/3204
f 3226/3712/3208 3229/3713/3209 3227/3711/3207
f 3230/3714/3210 3229/3713/3209 3228/3715/3211
f 3232/3716/3212 3231/3717/3213 3230/3714/3210
f 3234/3718/3214 3233/3719/3215 3232/3716/3212
f 3236/3720/3216 3235/3721/3217 3234/3718/3214
f 3186/3671/3167 3237/3722/3218 3236/3720/3216
f 3238/3723/3219 3213/3696/3192 3215/3699/3195
f 3239/3724/3220 3215/3699/3195 3217/3701/3197
f 3239/3724/3220 3219/3705/3201 3240/3725/3221
f 3240/3725/3221 3221/3707/3203 3241/3726/3222
f 3223/3709/3205 3241/3726/3222 3221/3707/3203
f 3195/3681/3177 3197/3683/3179 3242/3727/3223
f 3195/3681/3177 3243/3728/3224 3193/3677/3173
f 3243/3728/3224 3191/3675/3171 3193/3677/3173
f 3188/3672/3168 3191/3675/3171 3244/3729/3225
f 3245/3730/3226 3189/3673/3169 3244/3729/3225
f 3247/3731/3227 3244/3729/3225 3243/3728/3224
f 3247/3731/3227 3242/3727/3223 3248/3732/3228
f 3248/3732/3228 3199/3685/3181 3201/3687/3183
f 3249/3733/3229 3246/3734/3230 3245/3730/3226
f 3249/3733/3229 3247/3731/3227 3251/3735/3231
f 3251/3735/3231 3248/3732/3228 3252/3736/3232
f 3252/3736/3232 3201/3687/3183 3203/3686/3182
f 3203/3686/3182 3253/3737/3233 3252/3736/3232
f 3252/3736/3232 3254/3738/3234 3251/3735/3231
f 3251/3735/3231 3255/3739/3235 3249/3733/3229
f 3256/3740/3236 3249/3733/3229 3255/3739/3235
f 3257/3741/3237 3211/3697/3193 3238/3723/3219
f 3258/3742/3238 3238/3723/3219 3239/3724/3220
f 3258/3742/3238 3240/3725/3221 3259/3743/3239
f 3259/3743/3239 3241/3726/3222 3260/3744/3240
f 3260/3744/3240 3225/3708/3204 3227/3711/3207
f 3261/3745/3241 3209/3695/3191 3257/3741/3237
f 3262/3746/3242 3257/3741/3237 3258/3742/3238
f 3263/3747/3243 3258/3742/3238 3259/3743/3239
f 3264/3748/3244 3259/3743/3239 3260/3744/3240
f 3264/3748/3244 3227/3711/3207 3229/3713/3209
f 3261/3745/3241 3254/3738/3234 3253/3737/3233
f 3262/3746/3242 3255/3739/3235 3254/3738/3234
f 3255/3739/3235 3264/3748/3244 3256/3740/3236
f 3256/3740/3236 3229/3713/3209 3231/3717/3213
f 3207/3693/3189 3253/3737/3233 3205/3689/3185
f 3189/3673/3169 3246/3734/3230 3237/3722/3218
f 3250/3749/3245 3237/3722/3218 3246/3734/3230
f 3256/3740/3236 3235/3721/3217 3250/3749/3245
f 3231/3717/3213 3233/3719/3215 3256/3740/3236
f 3242/3727/3223 3197/3683/3179 3199/3685/3181
f 3188/3672/3168 3244/3729/3225 3189/3673/3169
s 16
f 3265/3750/3246 3267/3751/3247 3268/3752/3248
f 3269/3753/3249 3266/3754/3250 3265/3750/3246
f 3269/3753/3249 3272/3755/3251 3270/3756/3252
f 3271/3757/3253 3274/3758/3254 3272/3755/3251
f 3273/3759/3255 3276/3760/3256 3274/3758/3254
f 3275/3761/3257 3278/3762/3258 3276/3760/3256
f 3277/3763/3259 3280/3764/3260 3278/3762/3258
f 3279/3765/3261 3282/3766/3262 3280/3764/3260
f 3281/3767/3263 3284/3768/3264 3282/3766/3262
f 3285/3769/3265 3284/3768/3264 3283/3770/3266
f 3287/3771/3267 3286/3772/3268 3285/3769/3265
f 3289/3773/3269 3288/3774/3270 3287/3771/3267
f 3291/3775/3271 3290/3776/3272 3289/3773/3269
f 3293/3777/3273 3292/3778/3274 3291/3775/3271
f 3295/3779/3275 3294/3780/3276 3293/3777/3273
f 3297/3781/3277 3296/3782/3278 3295/3779/3275
f 3299/3783/3279 3298/3784/3280 3297/3781/3277
f 3301/3785/3281 3300/3786/3282 3299/3783/3279
f 3303/3787/3283 3302/3788/3284 3301/3785/3281
f 3303/3787/3283 3267/3751/3247 3304/3789/3285
f 3266/3754/3250 3306/3790/3286 3267/3751/3247
f 3270/3756/3252 3305/3791/3287 3266/3754/3250
f 3308/3792/3288 3270/3756/3252 3272/3755/3251
f 3309/3793/3289 3272/3755/3251 3274/3758/3254
f 3310/3794/3290 3274/3758/3254 3276/3760/3256
f 3311/3795/3291 3276/3760/3256 3278/3762/3258
f 3312/3796/3292 3278/3762/3258 3280/3764/3260
f 3282/3766/3262 3312/3796/3292 3280/3764/3260
f 3284/3768/3264 3313/3797/3293 3282/3766/3262
f 3286/3772/3268 3314/3798/3294 3284/3768/3264
f 3288/3774/3270 3315/3799/3295 3286/3772/3268
f 3290/3776/3272 3316/3800/3296 3288/3774/3270
f 3292/3778/3274 3317/3801/3297 3290/3776/3272
f 3294/3780/3276 3318/3802/3298 3292/3778/3274
f 3296/3782/3278 3319/3803/3299 3294/3780/3276
f 3321/3804/3300 3296/3782/3278 3298/3784/3280
f 3322/3805/3301 3298/3784/3280 3300/3786/3282
f 3302/3788/3284 3322/3805/3301 3300/3786/3282
f 3324/3806/3302 3302/3788/3284 3304/3789/3285
f 3306/3790/3286 3304/3789/3285 3267/3751/3247
f 3305/3791/3287 3326/3807/3303 3306/3790/3286
f 3307/3808/3304 3325/3809/3305 3305/3791/3287
f 3328/3810/3306 3307/3808/3304 3308/3792/3288
f 3329/3811/3307 3308/3792/3288 3309/3793/3289
f 3330/3812/3308 3309/3793/3289 3310/3794/3290
f 3331/3813/3309 3310/3794/3290 3311/3795/3291
f 3332/3814/3310 3311/3795/3291 3312/3796/3292
f 3313/3797/3293 3332/3814/3310 3312/3796/3292
f 3314/3798/3294 3333/3815/3311 3313/3797/3293
f 3315/3799/3295 3334/3816/3312 3314/3798/3294
f 3316/3800/3296 3335/3817/3313 3315/3799/3295
f 3317/3801/3297 3336/3818/3314 3316/3800/3296
f 3318/3802/3298 3337/3819/3315 3317/3801/3297
f 3319/3803/3299 3338/3820/3316 3318/3802/3298
f 3320/3821/3317 3339/3822/3318 3319/3803/3299
f 3341/3823/3319 3320/3821/3317 3321/3804/3300
f 3342/3824/3320 3321/3804/3300 3322/3805/3301
f 3343/3825/3321 3322/3805/3301 3323/3826/3322
f 3344/3827/3323 3323/3826/3322 3324/3806/3302
f 3326/3807/3303 3324/3806/3302 3306/3790/3286
f 3325/3809/3305 3345/3828/3324 3326/3807/3303
f 3327/3829/3325 3345/3828/3324 3325/3809/3305
f 3328/3810/3306 3345/3828/3324 3327/3829/3325
f 3329/3811/3307 3345/3828/3324 3328/3810/3306
f 3330/3812/3308 3345/3828/3324 3329/3811/3307
f 3331/3813/3309 3345/3828/3324 3330/3812/3308
f 3332/3814/3310 3345/3828/3324 3331/3813/3309
f 3333/3815/3311 3345/3828/3324 3332/3814/3310
f 3334/3816/3312 3345/3828/3324 3333/3815/3311
f 3335/3817/3313 3345/3828/3324 3334/3816/3312
f 3336/3818/3314 3345/3828/3324 3335/3817/3313
f 3337/3819/3315 3345/3828/3324 3336/3818/3314
f 3338/3820/3316 3345/3828/3324 3337/3819/3315
f 3339/3822/3318 3345/3828/3324 3338/3820/3316
f 3340/3830/3326 3345/3828/3324 3339/3822/3318
f 3341/3823/3319 3345/3828/3324 3340/3830/3326
f 3342/3824/3320 3345/3828/3324 3341/3823/3319
f 3343/3825/3321 3345/3828/3324 3342/3824/3320
f 3344/3827/3323 3345/3828/3324 3343/3825/3321
f 3326/3807/3303 3345/3828/3324 3344/3827/3323
s 17
f 3346/3831/3327 3348/3832/3328 3349/3833/3329
f 3346/3831/3327 3351/3834/3330 3347/3835/3331
f 3350/3836/3332 3353/3837/3333 3351/3834/3330
f 3352/3838/3334 3355/3839/3335 3353/3837/3333
f 3356/3840/3336 3355/3839/3335 3354/3841/3337
f 3358/3842/3338 3357/3843/3339 3356/3840/3336
f 3360/3844/3340 3359/3845/3341 3358/3842/3338
f 3362/3846/3342 3361/3847/3343 3360/3844/3340
f 3362/3846/3342 3365/3848/3344 3363/3849/3345
f 3364/3850/3346 3367/3851/3347 3365/3848/3344
f 3366/3852/3348 3369/3853/3349 3367/3851/3347
f 3370/3854/3350 3369/3853/3349 3368/3855/3351
f 3372/3856/3352 3371/3857/3353 3370/3854/3350
f 3374/3858/3354 3373/3859/3355 3372/3856/3352
f 3376/3860/3356 3375/3861/3357 3374/3858/3354
f 3378/3862/3358 3377/3863/3359 3376/3860/3356
f 3378/3862/3358 3381/3864/3360 3379/3865/3361
f 3380/3866/3362 3383/3867/3363 3381/3864/3360
f 3384/3868/3364 3383/3867/3363 3382/3869/3365
f 3386/3870/3366 3385/3871/3367 3384/3868/3364
f 3349/3833/3329 3387/3872/3368 3386/3870/3366
f 3348/3832/3328 3388/3873/3369 3389/3874/3370
f 3347/3835/3331 3390/3875/3371 3388/3873/3369
f 3351/3834/3330 3391/3876/3372 3390/3875/3371
f 3353/3837/3333 3392/3877/3373 3391/3876/3372
f 3357/3843/3339 3392/3877/3373 3355/3839/3335
f 3359/3845/3341 3393/3878/3374 3357/3843/3339
f 3361/3847/3343 3394/3879/3375 3359/3845/3341
f 3363/3849/3345 3395/3880/3376 3361/3847/3343
f 3363/3849/3345 3397/3881/3377 3396/3882/3378
f 3365/3848/3344 3398/3883/3379 3397/3881/3377
f 3367/3851/3347 3399/3884/3380 3398/3883/3379
f 3371/3857/3353 3399/3884/3380 3369/3853/3349
f 3373/3859/3355 3400/3885/3381 3371/3857/3353
f 3375/3861/3357 3401/3886/3382 3373/3859/3355
f 3377/3863/3359 3402/3887/3383 3375/3861/3357
f 3377/3863/3359 3404/3888/3384 3403/3889/3385
f 3379/3865/3361 3405/3890/3386 3404/3888/3384
f 3381/3864/3360 3406/3891/3387 3405/3890/3386
f 3383/3867/3363 3407/3892/3388 3406/3891/3387
f 3387/3872/3368 3407/3892/3388 3385/3871/3367
f 3348/3832/3328 3408/3893/3389 3387/3872/3368
f 3389/3874/3370 3409/3894/3390 3410/3895/3391
f 3388/3873/3369 3411/3896/3392 3409/3894/3390
f 3390/3875/3371 3412/3897/3393 3411/3896/3392
f 3392/3877/3373 3412/3897/3393 3391/3876/3372
f 3393/3878/3374 3413/3898/3394 3392/3877/3373
f 3394/3879/3375 3414/3899/3395 3393/3878/3374
f 3395/3880/3376 3415/3900/3396 3394/3879/3375
f 3396/3882/3378 3416/3901/3397 3395/3880/3376
f 3397/3881/3377 3417/3902/3398 3396/3882/3378
f 3397/3881/3377 3419/3903/3399 3418/3904/3400
f 3398/3883/3379 3420/3905/3401 3419/3903/3399
f 3400/3885/3381 3420/3905/3401 3399/3884/3380
f 3401/3886/3382 3421/3906/3402 3400/3885/3381
f 3402/3887/3383 3422/3907/3403 3401/3886/3382
f 3403/3889/3385 3423/3908/3404 3402/3887/3383
f 3403/3889/3385 3425/3909/3405 3424/3910/3406
f 3404/3888/3384 3426/3911/3407 3425/3909/3405
f 3405/3890/3386 3427/3912/3408 3426/3911/3407
f 3406/3891/3387 3428/3913/3409 3427/3912/3408
f 3407/3892/3388 3429/3914/3410 3428/3913/3409
f 3389/3874/3370 3429/3914/3410 3408/3893/3389
f 3410/3895/3391 3409/3894/3390 3430/3915/3411
f 3409/3894/3390 3411/3896/3392 3430/3915/3411
f 3411/3896/3392 3412/3897/3393 3430/3915/3411
f 3412/3897/3393 3413/3898/3394 3430/3915/3411
f 3413/3898/3394 3414/3899/3395 3430/3915/3411
f 3414/3899/3395 3415/3900/3396 3430/3915/3411
f 3415/3900/3396 3416/3901/3397 3430/3915/3411
f 3416/3901/3397 3417/3902/3398 3430/3915/3411
f 3417/3902/3398 3418/3904/3400 3430/3915/3411
f 3418/3904/3400 3419/3903/3399 3430/3915/3411
f 3419/3903/3399 3420/3905/3401 3430/3915/3411
f 3420/3905/3401 3421/3906/3402 3430/3915/3411
f 3421/3906/3402 3422/3907/3403 3430/3915/3411
f 3422/3907/3403 3423/3908/3404 3430/3915/3411
f 3423/3908/3404 3424/3910/3406 3430/3915/3411
f 3424/3910/3406 3425/3909/3405 3430/3915/3411
f 3425/3909/3405 3426/3911/3407 3430/3915/3411
f 3426/3911/3407 3427/3912/3408 3430/3915/3411
f 3427/3912/3408 3428/3913/3409 3430/3915/3411
f 3428/3913/3409 3429/3914/3410 3430/3915/3411
f 3429/3914/3410 3410/3895/3391 3430/3915/3411
s 18
f 3431/3916/3412 3433/3917/3413 3434/3918/3414
f 3435/3919/3415 3434/3918/3414 3436/3920/3416
f 3434/3918/3414 3437/3921/3417 3436/3920/3416
f 3433/3917/3413 3439/3922/3418 3437/3921/3417
f 3438/3923/3419 3441/3924/3420 3439/3922/3418
f 3440/3925/3421 3443/3926/3422 3441/3924/3420
f 3442/3927/3423 3445/3928/3424 3443/3926/3422
f 3445/3928/3424 3446/3929/3425 3447/3930/3426
f 3447/3930/3426 3448/3931/3427 3449/3932/3428
f 3449/3932/3428 3450/3933/3429 3451/3934/3430
f 3450/3933/3429 3453/3935/3431 3451/3934/3430
f 3452/3936/3432 3455/3937/3433 3453/3935/3431
f 3454/3938/3434 3457/3939/3435 3455/3937/3433
f 3456/3940/3436 3459/3941/3437 3457/3939/3435
f 3458/3942/3438 3461/3943/3439 3459/3941/3437
f 3460/3944/3440 3463/3945/3441 3461/3943/3439
f 3463/3945/3441 3464/3946/3442 3465/3947/3443
f 3465/3947/3443 3432/3948/3444 3466/3949/3445
f 3466/3949/3445 3431/3916/3412 3435/3919/3415
f 3432/3948/3444 3438/3923/3419 3433/3917/3413
f 3464/3946/3442 3440/3925/3421 3438/3923/3419
f 3440/3925/3421 3462/3950/3446 3442/3927/3423
f 3462/3950/3446 3444/3951/3447 3442/3927/3423
f 3444/3951/3447 3460/3944/3440 3446/3929/3425
f 3446/3929/3425 3458/3942/3438 3448/3931/3427
f 3448/3931/3427 3456/3940/3436 3454/3938/3434
f 3454/3938/3434 3450/3933/3429 3448/3931/3427
s 19
f 3467/3952/3448 3469/3953/3449 3470/3954/3450
f 3470/3954/3450 3471/3955/3451 3472/3956/3452
f 3472/3956/3452 3473/3957/3453 3474/3958/3454
f 3474/3958/3454 3475/3959/3455 3476/3960/3456
f 3476/3960/3456 3477/3961/3457 3478/3962/3458
f 3479/3963/3459 3478/3962/3458 3477/3961/3457
f 3479/3963/3459 3482/3964/3460 3480/3965/3461
f 3481/3966/3462 3484/3967/3463 3482/3964/3460
f 3483/3968/3464 3486/3969/3465 3484/3967/3463
f 3485/3970/3466 3488/3971/3467 3486/3969/3465
f 3487/3972/3468 3490/3973/3469 3488/3971/3467
f 3489/3974/3470 3492/3975/3471 3490/3973/3469
f 3491/3976/3472 3494/3977/3473 3492/3975/3471
f 3493/3978/3474 3496/3979/3475 3494/3977/3473
f 3496/3979/3475 3497/3980/3476 3498/3981/3477
f 3498/3981/3477 3468/3982/3478 3467/3952/3448
f 3468/3982/3478 3500/3983/3479 3469/3953/3449
f 3469/3953/3449 3501/3984/3480 3471/3955/3451
f 3471/3955/3451 3502/3985/3481 3473/3957/3453
f 3473/3957/3453 3503/3986/3482 3475/3959/3455
f 3475/3959/3455 3504/3987/3483 3477/3961/3457
f 3477/3961/3457 3505/3988/3484 3479/3963/3459
f 3479/3963/3459 3506/3989/3485 3481/3966/3462
f 3507/3990/3486 3481/3966/3462 3506/3989/3485
f 3507/3990/3486 3485/3970/3466 3483/3968/3464
f 3508/3991/3487 3487/3972/3468 3485/3970/3466
f 3509/3992/3488 3489/3974/3470 3487/3972/3468
f 3510/3993/3489 3491/3976/3472 3489/3974/3470
f 3511/3994/3490 3493/3978/3474 3491/3976/3472
f 3512/3995/3491 3495/3996/3492 3493/3978/3474
f 3513/3997/3493 3497/3980/3476 3495/3996/3492
f 3497/3980/3476 3499/3998/3494 3468/3982/3478
f 3499/3998/3494 3515/3999/3094 3500/3983/3479
f 3500/3983/3479 3515/3999/3094 3501/3984/3480
f 3501/3984/3480 3515/3999/3094 3502/3985/3481
f 3502/3985/3481 3515/3999/3094 3503/3986/3482
f 3503/3986/3482 3515/3999/3094 3504/3987/3483
f 3504/3987/3483 3515/3999/3094 3505/3988/3484
f 3505/3988/3484 3515/3999/3094 3506/3989/3485
f 3506/3989/3485 3515/3999/3094 3507/3990/3486
f 3507/3990/3486 3515/3999/3094 3508/3991/3487
f 3508/3991/3487 3515/3999/3094 3509/3992/3488
f 3509/3992/3488 3515/3999/3094 3510/3993/3489
f 3510/3993/3489 3515/3999/3094 3511/3994/3490
f 3511/3994/3490 3515/3999/3094 3512/3995/3491
f 3512/3995/3491 3515/3999/3094 3513/3997/3493
f 3513/3997/3493 3515/3999/3094 3514/4000/3495
f 3514/4000/3495 3515/3999/3094 3499/3998/3494
s 10
f 3516/4001/3496 3518/4002/3497 3519/4003/3498
f 3520/4004/3499 3519/4003/3498 3521/4005/3500
f 3522/4006/3501 3524/4007/3502 3525/4008/3503
f 3517/4009/3504 3525/4008/3503 3518/4002/3497
f 3523/4010/3505 3527/4011/3506 3524/4007/3502
f 3528/4012/3507 3120/3611/3107 3529/4013/3508
f 3526/4014/3509 3529/4013/3508 3527/4011/3506
s 11
f 3530/4015/3510 3532/4016/3511 3533/4017/3512
f 3534/4018/3513 3536/4019/3514 3537/4020/3515
f 3537/4020/3515 3531/4021/3516 3530/4015/3510
f 3538/4022/3517 3132/3622/3118 3131/4023/3518
f 3533/4017/3512 3539/4024/3519 3538/4022/3517
f 3535/4025/3520 3541/4026/3521 3536/4019/3514
f 3536/4019/3514 3542/4027/3522 3531/4021/3516
f 3531/4021/3516 3543/4028/3523 3532/4016/3511
f 3532/4016/3511 3544/4029/3524 3539/4024/3519
f 3539/4024/3519 3139/3630/3126 3132/3622/3118
f 3541/4026/3521 3545/4030/3525 3546/4031/3526
f 3542/4027/3522 3546/4031/3526 3547/4032/3527
f 3543/4028/3523 3547/4032/3527 3548/4033/3528
f 3548/4033/3528 3544/4029/3524 3543/4028/3523
f 3544/4029/3524 3145/3635/3131 3139/3630/3126
f 3546/4031/3526 3550/4034/3529 3551/4035/3530
f 3547/4032/3527 3551/4035/3530 3552/4036/3531
f 3548/4033/3528 3552/4036/3531 3553/4037/3532
f 3548/4033/3528 3553/4037/3532 3549/4038/3533
s 20
f 3554/4039/3534 3556/4040/3535 3557/4041/3536
s 21
f 3558/4042/3537 3560/4043/3538 3561/4044/3539
s 20
f 3562/4045/3540 3555/4046/3541 3554/4039/3534
s 21
f 3564/4047/3542 3559/4048/3543 3558/4042/3537
s 20
f 3566/4049/3544 3555/4046/3541 3567/4050/3545
f 3567/4050/3545 3568/4051/3546 3569/4052/3547
f 3568/4051/3546 3555/4046/3541 3563/4053/3548
s 21
f 3570/4054/3549 3559/4048/3543 3571/4055/3550
f 3571/4055/3550 3565/4056/3551 3572/4057/3552
f 3565/4056/3551 3574/4058/3553 3572/4057/3552
f 3573/4059/3554 3565/4056/3551 3564/4047/3542
s 22
f 3576/4060/3555 3578/4061/3556 3579/4062/3557
f 3576/4060/3555 3581/4063/3558 3577/4064/3559
f 3582/4065/3560 3584/4066/3561 3585/4067/3562
f 3583/4068/3563 3586/4069/3564 3584/4066/3561
f 3588/4070/3565 3582/4065/3560 3587/4071/3566
f 3583/4068/3563 3576/4060/3555 3575/4072/3567
f 3588/4070/3565 3580/4073/3568 3576/4060/3555
s 11
f 3145/3635/3131 3553/4037/3532 3185/3670/3166
s 5
f 2776/3269/2765 2777/3327/2823 2778/3270/2766
f 2779/3271/2767 2778/3270/2766 2780/3272/2768
f 2781/3273/2769 2780/3272/2768 2782/3274/2770
f 2782/3274/2770 2784/3277/2773 2785/3276/2772
f 2784/3277/2773 2786/3279/2775 2787/3278/2774
f 2786/3279/2775 2788/3281/2777 2789/3280/2776
f 2788/3281/2777 2790/3331/2827 2791/3282/2778
f 2791/3282/2778 2790/3331/2827 2792/3283/2779
f 2793/3284/2780 2792/3283/2779 2794/3285/2781
f 2794/3285/2781 2796/3288/2784 2797/3287/2783
f 2796/3288/2784 2798/3290/2786 2799/3289/2785
f 2798/3290/2786 2800/3318/2814 2801/3291/2787
f 2801/3291/2787 2800/3318/2814 2802/3292/2788
f 2803/3293/2789 2802/3292/2788 2804/3294/2790
f 2805/3295/2791 2804/3294/2790 2806/3296/2792
f 2806/3296/2792 2808/3299/2795 2809/3298/2794
f 2808/3299/2795 2810/3301/2797 2811/3300/2796
f 2810/3301/2797 2812/3322/2818 2813/3302/2798
f 2813/3302/2798 2812/3322/2818 2814/3303/2799
f 2815/3304/2800 2814/3303/2799 2816/3305/2801
f 2817/3306/2802 2816/3305/2801 2818/3307/2803
f 2818/3307/2803 2820/3310/2806 2821/3309/2805
f 2820/3310/2806 2822/3312/2808 2823/3311/2807
f 2822/3312/2808 2824/3314/2810 2825/3313/2809
f 2824/3314/2810 2826/3316/2812 2827/3315/2811
f 2826/3316/2812 2777/3327/2823 2776/3269/2765
f 2828/3317/2813 2804/3294/2790 2802/3292/2788
f 2829/3319/2815 2806/3296/2792 2804/3294/2790
f 2808/3299/2795 2806/3296/2792 2829/3319/2815
f 2810/3301/2797 2808/3299/2795 2830/3320/2816
f 2831/3321/2817 2814/3303/2799 2812/3322/2818
f 2833/3324/2820 2832/3323/2819 2784/3277/2773
f 2833/3324/2820 2782/3274/2770 2780/3272/2768
f 2835/3326/2822 2834/3325/2821 2777/3327/2823
f 2837/3329/2825 2833/3324/2820 2834/3325/2821
f 2832/3323/2819 2833/3324/2820 2837/3329/2825
f 2788/3281/2777 2832/3323/2819 2838/3330/2826
f 2839/3332/2828 2835/3326/2822 2836/3328/2824
f 2837/3329/2825 2835/3326/2822 2839/3332/2828
f 2838/3330/2826 2837/3329/2825 2841/3334/2830
f 2790/3331/2827 2838/3330/2826 2842/3335/2831
f 2843/3336/2832 2794/3285/2781 2792/3283/2779
f 2844/3337/2833 2843/3336/2832 2842/3335/2831
f 2845/3338/2834 2844/3337/2833 2841/3334/2830
f 2846/3339/2835 2845/3338/2834 2839/3332/2828
f 2847/3340/2836 2828/3317/2813 2800/3318/2814
f 2848/3341/2837 2829/3319/2815 2828/3317/2813
f 2830/3320/2816 2829/3319/2815 2848/3341/2837
f 2831/3321/2817 2830/3320/2816 2849/3342/2838
f 2814/3303/2799 2831/3321/2817 2850/3343/2839
f 2851/3344/2840 2847/3340/2836 2798/3290/2786
f 2852/3345/2841 2848/3341/2837 2847/3340/2836
f 2853/3346/2842 2849/3342/2838 2848/3341/2837
f 2854/3347/2843 2850/3343/2839 2849/3342/2838
f 2816/3305/2801 2850/3343/2839 2854/3347/2843
f 2844/3337/2833 2852/3345/2841 2851/3344/2840
f 2845/3338/2834 2853/3346/2842 2852/3345/2841
f 2845/3338/2834 2846/3339/2835 2854/3347/2843
f 2846/3339/2835 2820/3310/2806 2818/3307/2803
f 2843/3336/2832 2851/3344/2840 2796/3288/2784
f 2826/3316/2812 2824/3314/2810 2840/3333/2829
f 2824/3314/2810 2822/3312/2808 2846/3339/2835
s 6
f 2855/3348/2844 2856/3351/2847 2857/3349/2845
f 2856/3351/2847 2859/3388/2884 2860/3352/2848
f 2860/3352/2848 2859/3388/2884 2861/3353/2849
f 2862/3354/2850 2861/3353/2849 2863/3355/2851
f 2864/3356/2852 2863/3355/2851 2865/3357/2853
f 2866/3358/2854 2865/3357/2853 2867/3359/2855
f 2868/3360/2856 2867/3359/2855 2869/3361/2857
f 2870/3362/2858 2869/3361/2857 2871/3363/2859
f 2872/3364/2860 2871/3363/2859 2873/3365/2861
f 2873/3365/2861 2875/3368/2864 2876/3367/2863
f 2875/3368/2864 2877/3370/2866 2878/3369/2865
f 2877/3370/2866 2879/3372/2868 2880/3371/2867
f 2879/3372/2868 2881/3374/2870 2882/3373/2869
f 2881/3374/2870 2883/3376/2872 2884/3375/2871
f 2883/3376/2872 2885/3378/2874 2886/3377/2873
f 2885/3378/2874 2887/3380/2876 2888/3379/2875
f 2887/3380/2876 2889/3382/2878 2890/3381/2877
f 2889/3382/2878 2891/3384/2880 2892/3383/2879
f 2891/3384/2880 2893/3407/2903 2894/3385/2881
f 2894/3385/2881 2893/3407/2903 2855/3348/2844
f 2856/3351/2847 2855/3348/2844 2895/3386/2882
f 2859/3388/2884 2856/3351/2847 2896/3387/2883
f 2859/3388/2884 2897/3389/2885 2898/3390/2886
f 2861/3353/2849 2898/3390/2886 2899/3391/2887
f 2863/3355/2851 2899/3391/2887 2900/3392/2888
f 2865/3357/2853 2900/3392/2888 2901/3393/2889
f 2867/3359/2855 2901/3393/2889 2902/3394/2890
f 2871/3363/2859 2869/3361/2857 2902/3394/2890
f 2873/3365/2861 2871/3363/2859 2903/3395/2891
f 2875/3368/2864 2873/3365/2861 2904/3396/2892
f 2877/3370/2866 2875/3368/2864 2905/3397/2893
f 2879/3372/2868 2877/3370/2866 2906/3398/2894
f 2881/3374/2870 2879/3372/2868 2907/3399/2895
f 2883/3376/2872 2881/3374/2870 2908/3400/2896
f 2885/3378/2874 2883/3376/2872 2909/3401/2897
f 2885/3378/2874 2910/3402/2898 2911/3403/2899
f 2887/3380/2876 2911/3403/2899 2912/3404/2900
f 2891/3384/2880 2889/3382/2878 2912/3404/2900
f 2891/3384/2880 2913/3405/2901 2914/3406/2902
f 2893/3407/2903 2914/3406/2902 2895/3386/2882
f 2896/3387/2883 2895/3386/2882 2915/3408/2904
f 2897/3389/2885 2896/3387/2883 2916/3409/2905
f 2897/3389/2885 2917/3410/2906 2918/3411/2907
f 2898/3390/2886 2918/3411/2907 2919/3412/2908
f 2899/3391/2887 2919/3412/2908 2920/3413/2909
f 2900/3392/2888 2920/3413/2909 2921/3414/2910
f 2901/3393/2889 2921/3414/2910 2922/3415/2911
f 2903/3395/2891 2902/3394/2890 2922/3415/2911
f 2904/3396/2892 2903/3395/2891 2923/3416/2912
f 2905/3397/2893 2904/3396/2892 2924/3417/2913
f 2906/3398/2894 2905/3397/2893 2925/3418/2914
f 2907/3399/2895 2906/3398/2894 2926/3419/2915
f 2908/3400/2896 2907/3399/2895 2927/3420/2916
f 2909/3401/2897 2908/3400/2896 2928/3421/2917
f 2910/3402/2898 2909/3401/2897 2929/3422/2918
f 2910/3402/2898 2930/3423/2919 2931/3424/2920
f 2911/3403/2899 2931/3424/2920 2932/3425/2921
f 2912/3404/2900 2932/3425/2921 2933/3426/2922
f 2913/3405/2901 2933/3426/2922 2934/3427/2923
f 2914/3406/2902 2934/3427/2923 2915/3408/2904
s 7
f 2936/3429/2925 2937/3469/2965 2938/3430/2926
f 2938/3430/2926 2937/3469/2965 2940/3432/2928
f 2941/3433/2929 2940/3432/2928 2942/3434/2930
f 2943/3435/2931 2942/3434/2930 2944/3436/2932
f 2944/3436/2932 2946/3439/2935 2947/3438/2934
f 2946/3439/2935 2948/3441/2937 2949/3440/2936
f 2948/3441/2937 2950/3443/2939 2951/3442/2938
f 2950/3443/2939 2952/3476/2972 2953/3444/2940
f 2953/3444/2940 2952/3476/2972 2954/3445/2941
f 2955/3446/2942 2954/3445/2941 2956/3447/2943
f 2957/3448/2944 2956/3447/2943 2958/3449/2945
f 2958/3449/2945 2960/3452/2948 2961/3451/2947
f 2960/3452/2948 2962/3454/2950 2963/3453/2949
f 2962/3454/2950 2964/3456/2952 2965/3455/2951
f 2964/3456/2952 2966/3458/2954 2967/3457/2953
f 2966/3458/2954 2968/3484/2980 2969/3459/2955
f 2969/3459/2955 2968/3484/2980 2970/3460/2956
f 2971/3461/2957 2970/3460/2956 2972/3462/2958
f 2972/3462/2958 2974/3465/2961 2975/3464/2960
f 2974/3465/2961 2976/3467/2963 2977/3466/2962
f 2976/3467/2963 2936/3429/2925 2939/3431/2927
f 2936/3429/2925 2978/3489/2985 2979/3468/2964
f 2937/3469/2965 2979/3468/2964 2980/3470/2966
f 2940/3432/2928 2980/3470/2966 2981/3471/2967
f 2942/3434/2930 2981/3471/2967 2982/3472/2968
f 2982/3472/2968 2983/3473/2969 2946/3439/2935
f 2983/3473/2969 2984/3474/2970 2948/3441/2937
f 2984/3474/2970 2985/3475/2971 2950/3443/2939
f 2985/3475/2971 2986/3497/2993 2952/3476/2972
f 2952/3476/2972 2986/3497/2993 2987/3477/2973
f 2954/3445/2941 2987/3477/2973 2988/3478/2974
f 2956/3447/2943 2988/3478/2974 2989/3479/2975
f 2989/3479/2975 2990/3480/2976 2960/3452/2948
f 2990/3480/2976 2991/3481/2977 2962/3454/2950
f 2991/3481/2977 2992/3482/2978 2964/3456/2952
f 2992/3482/2978 2993/3504/3000 2966/3458/2954
f 2966/3458/2954 2993/3504/3000 2994/3483/2979
f 2968/3484/2980 2994/3483/2979 2995/3485/2981
f 2970/3460/2956 2995/3485/2981 2996/3486/2982
f 2972/3462/2958 2996/3486/2982 2997/3487/2983
f 2997/3487/2983 2998/3488/2984 2976/3467/2963
f 2998/3488/2984 2978/3489/2985 2936/3429/2925
f 2978/3489/2985 2999/3510/3006 3000/3490/2986
f 2979/3468/2964 3000/3490/2986 3001/3491/2987
f 2980/3470/2966 3001/3491/2987 3002/3492/2988
f 3002/3492/2988 3003/3493/2989 2982/3472/2968
f 3003/3493/2989 3004/3494/2990 2983/3473/2969
f 3004/3494/2990 3005/3495/2991 2984/3474/2970
f 3005/3495/2991 3006/3496/2992 2985/3475/2971
f 3006/3496/2992 3007/3498/2994 2986/3497/2993
f 3007/3498/2994 3008/3512/3008 2987/3477/2973
f 2987/3477/2973 3008/3512/3008 3009/3499/2995
f 2988/3478/2974 3009/3499/2995 3010/3500/2996
f 3010/3500/2996 3011/3501/2997 2990/3480/2976
f 3011/3501/2997 3012/3502/2998 2991/3481/2977
f 3012/3502/2998 3013/3503/2999 2992/3482/2978
f 3013/3503/2999 3014/3513/3009 2993/3504/3000
f 2993/3504/3000 3014/3513/3009 3015/3505/3001
f 2994/3483/2979 3015/3505/3001 3016/3506/3002
f 2995/3485/2981 3016/3506/3002 3017/3507/3003
f 2996/3486/2982 3017/3507/3003 3018/3508/3004
f 2997/3487/2983 3018/3508/3004 3019/3509/3005
f 3019/3509/3005 2999/3510/3006 2978/3489/2985
s 8
f 3021/3514/3010 3022/3518/3014 3023/3515/3011
f 3025/3517/3013 3026/3520/3016 3022/3518/3014
f 3027/3519/3015 3023/3515/3011 3022/3518/3014
f 3028/3521/3017 3029/3523/3019 3023/3515/3011
f 3030/3522/3018 3031/3525/3021 3029/3523/3019
f 3032/3524/3020 3033/3527/3023 3031/3525/3021
f 3034/3526/3022 3035/3529/3025 3033/3527/3023
f 3034/3526/3022 3036/3530/3026 3037/3528/3024
f 3036/3530/3026 3038/3532/3028 3039/3531/3027
f 3038/3532/3028 3040/3535/3031 3041/3533/3029
f 3042/3534/3030 3043/3537/3033 3041/3533/3029
f 3044/3536/3032 3045/3539/3035 3043/3537/3033
f 3046/3538/3034 3047/3541/3037 3045/3539/3035
f 3048/3540/3036 3049/3543/3039 3047/3541/3037
f 3050/3542/3038 3051/3545/3041 3049/3543/3039
f 3052/3544/3040 3053/3547/3043 3051/3545/3041
f 3052/3544/3040 3054/3548/3044 3055/3546/3042
f 3054/3548/3044 3056/3549/3045 3024/3516/3012
f 3056/3549/3045 3025/3517/3013 3021/3514/3010
f 3029/3523/3019 3055/3546/3042 3024/3516/3012
f 3031/3525/3021 3053/3547/3043 3055/3546/3042
f 3035/3529/3025 3051/3545/3041 3053/3547/3043
f 3037/3528/3024 3039/3531/3027 3049/3543/3039
f 3039/3531/3027 3045/3539/3035 3047/3541/3037
f 3041/3533/3029 3043/3537/3033 3045/3539/3035
s 9
f 3057/3550/3046 3058/3553/3049 3059/3551/3047
f 3058/3553/3049 3061/3555/3051 3062/3554/3050
f 3061/3555/3051 3063/3557/3053 3064/3556/3052
f 3063/3557/3053 3065/3559/3055 3066/3558/3054
f 3065/3559/3055 3067/3562/3058 3068/3560/3056
f 3070/3561/3057 3068/3560/3056 3067/3562/3058
f 3071/3564/3060 3072/3566/3062 3070/3561/3057
f 3073/3565/3061 3074/3568/3064 3072/3566/3062
f 3075/3567/3063 3076/3570/3066 3074/3568/3064
f 3077/3569/3065 3078/3572/3068 3076/3570/3066
f 3079/3571/3067 3080/3574/3070 3078/3572/3068
f 3081/3573/3069 3082/3576/3072 3080/3574/3070
f 3083/3575/3071 3084/3578/3074 3082/3576/3072
f 3085/3577/3073 3086/3580/3076 3084/3578/3074
f 3085/3577/3073 3087/3581/3077 3088/3579/3075
f 3087/3581/3077 3057/3550/3046 3060/3552/3048
f 3060/3552/3048 3059/3551/3047 3089/3582/3078
f 3059/3551/3047 3062/3554/3050 3091/3584/3080
f 3062/3554/3050 3064/3556/3052 3092/3585/3081
f 3064/3556/3052 3066/3558/3054 3093/3586/3082
f 3066/3558/3054 3068/3560/3056 3094/3587/3083
f 3068/3560/3056 3070/3561/3057 3095/3588/3084
f 3070/3561/3057 3072/3566/3062 3096/3589/3085
f 3097/3590/3086 3096/3589/3085 3072/3566/3062
f 3076/3570/3066 3098/3591/3087 3097/3590/3086
f 3078/3572/3068 3099/3592/3088 3098/3591/3087
f 3080/3574/3070 3100/3593/3089 3099/3592/3088
f 3082/3576/3072 3101/3594/3090 3100/3593/3089
f 3084/3578/3074 3102/3595/3091 3101/3594/3090
f 3086/3580/3076 3103/3596/3092 3102/3595/3091
f 3088/3579/3075 3104/3597/3093 3103/3596/3092
f 3088/3579/3075 3060/3552/3048 3090/3583/3079
s 10
f 3106/3599/3095 3107/3603/3099 3108/3600/3096
f 3110/3602/3098 3111/4074/3569 3107/3603/3099
f 3112/3604/3100 3113/3607/3103 3114/3605/3101
f 3109/3601/3097 3108/3600/3096 3113/3607/3103
f 3115/3606/3102 3114/3605/3101 3116/3608/3104
f 3118/3610/3106 3119/3613/3109 3120/3611/3107
f 3117/3609/3105 3116/3608/3104 3119/3613/3109
s 11
f 3122/3614/3110 3123/3624/3120 3124/3615/3111
f 3126/3617/3113 3127/3620/3116 3128/3618/3114
f 3127/3620/3116 3122/3614/3110 3125/3616/3112
f 3130/3621/3117 3131/4023/3518 3132/3622/3118
f 3123/3624/3120 3130/3621/3117 3133/3623/3119
f 3129/3619/3115 3128/3618/3114 3134/3625/3121
f 3128/3618/3114 3125/3616/3112 3136/3627/3123
f 3125/3616/3112 3124/3615/3111 3137/3628/3124
f 3124/3615/3111 3133/3623/3119 3138/3629/3125
f 3133/3623/3119 3132/3622/3118 3139/3630/3126
f 3134/3625/3121 3140/3632/3128 3141/3631/3127
f 3136/3627/3123 3142/3633/3129 3140/3632/3128
f 3137/3628/3124 3143/3634/3130 3142/3633/3129
f 3138/3629/3125 3144/3636/3132 3143/3634/3130
f 3138/3629/3125 3139/3630/3126 3145/3635/3131
f 3140/3632/3128 3146/3638/3134 3147/3637/3133
f 3142/3633/3129 3148/3639/3135 3146/3638/3134
f 3143/3634/3130 3149/3640/3136 3148/3639/3135
s 12
f 3150/3641/3137 3151/4075/3570 3152/3642/3138
s 13
f 3154/3644/3140 3155/4076/3571 3156/3645/3141
s 12
f 3153/3643/3139 3158/3653/3149 3159/3647/3143
s 13
f 3160/3648/3144 3154/3644/3140 3157/3646/3142
s 12
f 3162/3650/3146 3163/3651/3147 3153/3643/3139
f 3163/3651/3147 3164/4077/3572 3165/3652/3148
s 13
f 3166/3654/3150 3167/3655/3151 3157/3646/3142
f 3167/3655/3151 3168/4078/3573 3161/3649/3145
f 3161/3649/3145 3168/4078/3573 3169/3656/3152
s 14
f 3175/3660/3156 3171/4079/3574 3172/3658/3154
f 3172/3658/3154 3173/3667/3163 3174/3659/3155
f 3172/3658/3154 3171/4079/3574 3176/3661/3157
f 3178/3663/3159 3179/4080/3575 3180/3664/3160
f 3181/3665/3161 3180/3664/3160 3182/3666/3162
f 3178/3663/3159 3181/3665/3161 3184/3668/3164
f 3181/3665/3161 3173/3667/3163 3172/3658/3154
f 3184/3668/3164 3172/3658/3154 3177/3662/3158
s 11
f 3149/3640/3136 3144/3636/3132 3145/3635/3131
s 15
f 3186/3671/3167 3187/3674/3170 3188/3672/3168
f 3187/3674/3170 3190/3676/3172 3191/3675/3171
f 3190/3676/3172 3192/3679/3175 3193/3677/3173
f 3194/3678/3174 3195/3681/3177 3193/3677/3173
f 3196/3680/3176 3197/3683/3179 3195/3681/3177
f 3198/3682/3178 3199/3685/3181 3197/3683/3179
f 3200/3684/3180 3201/3687/3183 3199/3685/3181
f 3200/3684/3180 3202/3688/3184 3203/3686/3182
f 3202/3688/3184 3204/3691/3187 3205/3689/3185
f 3206/3690/3186 3207/3693/3189 3205/3689/3185
f 3208/3692/3188 3209/3695/3191 3207/3693/3189
f 3210/3694/3190 3211/3697/3193 3209/3695/3191
f 3210/3694/3190 3212/3698/3194 3213/3696/3192
f 3212/3698/3194 3214/3700/3196 3215/3699/3195
f 3214/3700/3196 3216/3703/3199 3217/3701/3197
f 3218/3702/3198 3219/3705/3201 3217/3701/3197
f 3220/3704/3200 3221/3707/3203 3219/3705/3201
f 3222/3706/3202 3223/3709/3205 3221/3707/3203
f 3222/3706/3202 3224/3710/3206 3225/3708/3204
f 3224/3710/3206 3226/3712/3208 3227/3711/3207
f 3226/3712/3208 3228/3715/3211 3229/3713/3209
f 3230/3714/3210 3231/3717/3213 3229/3713/3209
f 3232/3716/3212 3233/3719/3215 3231/3717/3213
f 3234/3718/3214 3235/3721/3217 3233/3719/3215
f 3236/3720/3216 3237/3722/3218 3235/3721/3217
f 3186/3671/3167 3189/3673/3169 3237/3722/3218
f 3238/3723/3219 3211/3697/3193 3213/3696/3192
f 3239/3724/3220 3238/3723/3219 3215/3699/3195
f 3239/3724/3220 3217/3701/3197 3219/3705/3201
f 3240/3725/3221 3219/3705/3201 3221/3707/3203
f 3223/3709/3205 3225/3708/3204 3241/3726/3222
f 3195/3681/3177 3242/3727/3223 3243/3728/3224
f 3243/3728/3224 3244/3729/3225 3191/3675/3171
f 3245/3730/3226 3246/3734/3230 3189/3673/3169
f 3247/3731/3227 3245/3730/3226 3244/3729/3225
f 3247/3731/3227 3243/3728/3224 3242/3727/3223
f 3248/3732/3228 3242/3727/3223 3199/3685/3181
f 3249/3733/3229 3250/3749/3245 3246/3734/3230
f 3249/3733/3229 3245/3730/3226 3247/3731/3227
f 3251/3735/3231 3247/3731/3227 3248/3732/3228
f 3252/3736/3232 3248/3732/3228 3201/3687/3183
f 3203/3686/3182 3205/3689/3185 3253/3737/3233
f 3252/3736/3232 3253/3737/3233 3254/3738/3234
f 3251/3735/3231 3254/3738/3234 3255/3739/3235
f 3256/3740/3236 3250/3749/3245 3249/3733/3229
f 3257/3741/3237 3209/3695/3191 3211/3697/3193
f 3258/3742/3238 3257/3741/3237 3238/3723/3219
f 3258/3742/3238 3239/3724/3220 3240/3725/3221
f 3259/3743/3239 3240/3725/3221 3241/3726/3222
f 3260/3744/3240 3241/3726/3222 3225/3708/3204
f 3261/3745/3241 3207/3693/3189 3209/3695/3191
f 3262/3746/3242 3261/3745/3241 3257/3741/3237
f 3263/3747/3243 3262/3746/3242 3258/3742/3238
f 3264/3748/3244 3263/3747/3243 3259/3743/3239
f 3264/3748/3244 3260/3744/3240 3227/3711/3207
f 3261/3745/3241 3262/3746/3242 3254/3738/3234
f 3262/3746/3242 3263/3747/3243 3255/3739/3235
f 3255/3739/3235 3263/3747/3243 3264/3748/3244
f 3256/3740/3236 3264/3748/3244 3229/3713/3209
f 3207/3693/3189 3261/3745/3241 3253/3737/3233
f 3250/3749/3245 3235/3721/3217 3237/3722/3218
f 3256/3740/3236 3233/3719/3215 3235/3721/3217
s 16
f 3265/3750/3246 3266/3754/3250 3267/3751/3247
f 3269/3753/3249 3270/3756/3252 3266/3754/3250
f 3269/3753/3249 3271/3757/3253 3272/3755/3251
f 3271/3757/3253 3273/3759/3255 3274/3758/3254
f 3273/3759/3255 3275/3761/3257 3276/3760/3256
f 3275/3761/3257 3277/3763/3259 3278/3762/3258
f 3277/3763/3259 3279/3765/3261 3280/3764/3260
f 3279/3765/3261 3281/3767/3263 3282/3766/3262
f 3281/3767/3263 3283/3770/3266 3284/3768/3264
f 3285/3769/3265 3286/3772/3268 3284/3768/3264
f 3287/3771/3267 3288/3774/3270 3286/3772/3268
f 3289/3773/3269 3290/3776/3272 3288/3774/3270
f 3291/3775/3271 3292/3778/3274 3290/3776/3272
f 3293/3777/3273 3294/3780/3276 3292/3778/3274
f 3295/3779/3275 3296/3782/3278 3294/3780/3276
f 3297/3781/3277 3298/3784/3280 3296/3782/3278
f 3299/3783/3279 3300/3786/3282 3298/3784/3280
f 3301/3785/3281 3302/3788/3284 3300/3786/3282
f 3303/3787/3283 3304/3789/3285 3302/3788/3284
f 3303/3787/3283 3268/3752/3248 3267/3751/3247
f 3266/3754/3250 3305/3791/3287 3306/3790/3286
f 3270/3756/3252 3307/3808/3304 3305/3791/3287
f 3308/3792/3288 3307/3808/3304 3270/3756/3252
f 3309/3793/3289 3308/3792/3288 3272/3755/3251
f 3310/3794/3290 3309/3793/3289 3274/3758/3254
f 3311/3795/3291 3310/3794/3290 3276/3760/3256
f 3312/3796/3292 3311/3795/3291 3278/3762/3258
f 3282/3766/3262 3313/3797/3293 3312/3796/3292
f 3284/3768/3264 3314/3798/3294 3313/3797/3293
f 3286/3772/3268 3315/3799/3295 3314/3798/3294
f 3288/3774/3270 3316/3800/3296 3315/3799/3295
f 3290/3776/3272 3317/3801/3297 3316/3800/3296
f 3292/3778/3274 3318/3802/3298 3317/3801/3297
f 3294/3780/3276 3319/3803/3299 3318/3802/3298
f 3296/3782/3278 3320/3821/3317 3319/3803/3299
f 3321/3804/3300 3320/3821/3317 3296/3782/3278
f 3322/3805/3301 3321/3804/3300 3298/3784/3280
f 3302/3788/3284 3323/3826/3322 3322/3805/3301
f 3324/3806/3302 3323/3826/3322 3302/3788/3284
f 3306/3790/3286 3324/3806/3302 3304/3789/3285
f 3305/3791/3287 3325/3809/3305 3326/3807/3303
f 3307/3808/3304 3327/3829/3325 3325/3809/3305
f 3328/3810/3306 3327/3829/3325 3307/3808/3304
f 3329/3811/3307 3328/3810/3306 3308/3792/3288
f 3330/3812/3308 3329/3811/3307 3309/3793/3289
f 3331/3813/3309 3330/3812/3308 3310/3794/3290
f 3332/3814/3310 3331/3813/3309 3311/3795/3291
f 3313/3797/3293 3333/3815/3311 3332/3814/3310
f 3314/3798/3294 3334/3816/3312 3333/3815/3311
f 3315/3799/3295 3335/3817/3313 3334/3816/3312
f 3316/3800/3296 3336/3818/3314 3335/3817/3313
f 3317/3801/3297 3337/3819/3315 3336/3818/3314
f 3318/3802/3298 3338/3820/3316 3337/3819/3315
f 3319/3803/3299 3339/3822/3318 3338/3820/3316
f 3320/3821/3317 3340/3830/3326 3339/3822/3318
f 3341/3823/3319 3340/3830/3326 3320/3821/3317
f 3342/3824/3320 3341/3823/3319 3321/3804/3300
f 3343/3825/3321 3342/3824/3320 3322/3805/3301
f 3344/3827/3323 3343/3825/3321 3323/3826/3322
f 3326/3807/3303 3344/3827/3323 3324/3806/3302
s 17
f 3346/3831/3327 3347/3835/3331 3348/3832/3328
f 3346/3831/3327 3350/3836/3332 3351/3834/3330
f 3350/3836/3332 3352/3838/3334 3353/3837/3333
f 3352/3838/3334 3354/3841/3337 3355/3839/3335
f 3356/3840/3336 3357/3843/3339 3355/3839/3335
f 3358/3842/3338 3359/3845/3341 3357/3843/3339
f 3360/3844/3340 3361/3847/3343 3359/3845/3341
f 3362/3846/3342 3363/3849/3345 3361/3847/3343
f 3362/3846/3342 3364/3850/3346 3365/3848/3344
f 3364/3850/3346 3366/3852/3348 3367/3851/3347
f 3366/3852/3348 3368/3855/3351 3369/3853/3349
f 3370/3854/3350 3371/3857/3353 3369/3853/3349
f 3372/3856/3352 3373/3859/3355 3371/3857/3353
f 3374/3858/3354 3375/3861/3357 3373/3859/3355
f 3376/3860/3356 3377/3863/3359 3375/3861/3357
f 3378/3862/3358 3379/3865/3361 3377/3863/3359
f 3378/3862/3358 3380/3866/3362 3381/3864/3360
f 3380/3866/3362 3382/3869/3365 3383/3867/3363
f 3384/3868/3364 3385/3871/3367 3383/3867/3363
f 3386/3870/3366 3387/3872/3368 3385/3871/3367
f 3349/3833/3329 3348/3832/3328 3387/3872/3368
f 3348/3832/3328 3347/3835/3331 3388/3873/3369
f 3347/3835/3331 3351/3834/3330 3390/3875/3371
f 3351/3834/3330 3353/3837/3333 3391/3876/3372
f 3353/3837/3333 3355/3839/3335 3392/3877/3373
f 3357/3843/3339 3393/3878/3374 3392/3877/3373
f 3359/3845/3341 3394/3879/3375 3393/3878/3374
f 3361/3847/3343 3395/3880/3376 3394/3879/3375
f 3363/3849/3345 3396/3882/3378 3395/3880/3376
f 3363/3849/3345 3365/3848/3344 3397/3881/3377
f 3365/3848/3344 3367/3851/3347 3398/3883/3379
f 3367/3851/3347 3369/3853/3349 3399/3884/3380
f 3371/3857/3353 3400/3885/3381 3399/3884/3380
f 3373/3859/3355 3401/3886/3382 3400/3885/3381
f 3375/3861/3357 3402/3887/3383 3401/3886/3382
f 3377/3863/3359 3403/3889/3385 3402/3887/3383
f 3377/3863/3359 3379/3865/3361 3404/3888/3384
f 3379/3865/3361 3381/3864/3360 3405/3890/3386
f 3381/3864/3360 3383/3867/3363 3406/3891/3387
f 3383/3867/3363 3385/3871/3367 3407/3892/3388
f 3387/3872/3368 3408/3893/3389 3407/3892/3388
f 3348/3832/3328 3389/3874/3370 3408/3893/3389
f 3389/3874/3370 3388/3873/3369 3409/3894/3390
f 3388/3873/3369 3390/3875/3371 3411/3896/3392
f 3390/3875/3371 3391/3876/3372 3412/3897/3393
f 3392/3877/3373 3413/3898/3394 3412/3897/3393
f 3393/3878/3374 3414/3899/3395 3413/3898/3394
f 3394/3879/3375 3415/3900/3396 3414/3899/3395
f 3395/3880/3376 3416/3901/3397 3415/3900/3396
f 3396/3882/3378 3417/3902/3398 3416/3901/3397
f 3397/3881/3377 3418/3904/3400 3417/3902/3398
f 3397/3881/3377 3398/3883/3379 3419/3903/3399
f 3398/3883/3379 3399/3884/3380 3420/3905/3401
f 3400/3885/3381 3421/3906/3402 3420/3905/3401
f 3401/3886/3382 3422/3907/3403 3421/3906/3402
f 3402/3887/3383 3423/3908/3404 3422/3907/3403
f 3403/3889/3385 3424/3910/3406 3423/3908/3404
f 3403/3889/3385 3404/3888/3384 3425/3909/3405
f 3404/3888/3384 3405/3890/3386 3426/3911/3407
f 3405/3890/3386 3406/3891/3387 3427/3912/3408
f 3406/3891/3387 3407/3892/3388 3428/3913/3409
f 3407/3892/3388 3408/3893/3389 3429/3914/3410
f 3389/3874/3370 3410/3895/3391 3429/3914/3410
s 18
f 3431/3916/3412 3432/3948/3444 3433/3917/3413
f 3435/3919/3415 3431/3916/3412 3434/3918/3414
f 3434/3918/3414 3433/3917/3413 3437/3921/3417
f 3433/3917/3413 3438/3923/3419 3439/3922/3418
f 3438/3923/3419 3440/3925/3421 3441/3924/3420
f 3440/3925/3421 3442/3927/3423 3443/3926/3422
f 3442/3927/3423 3444/3951/3447 3445/3928/3424
f 3445/3928/3424 3444/3951/3447 3446/3929/3425
f 3447/3930/3426 3446/3929/3425 3448/3931/3427
f 3449/3932/3428 3448/3931/3427 3450/3933/3429
f 3450/3933/3429 3452/3936/3432 3453/3935/3431
f 3452/3936/3432 3454/3938/3434 3455/3937/3433
f 3454/3938/3434 3456/3940/3436 3457/3939/3435
f 3456/3940/3436 3458/3942/3438 3459/3941/3437
f 3458/3942/3438 3460/3944/3440 3461/3943/3439
f 3460/3944/3440 3462/3950/3446 3463/3945/3441
f 3463/3945/3441 3462/3950/3446 3464/3946/3442
f 3465/3947/3443 3464/3946/3442 3432/3948/3444
f 3466/3949/3445 3432/3948/3444 3431/3916/3412
f 3432/3948/3444 3464/3946/3442 3438/3923/3419
f 3464/3946/3442 3462/3950/3446 3440/3925/3421
f 3462/3950/3446 3460/3944/3440 3444/3951/3447
f 3446/3929/3425 3460/3944/3440 3458/3942/3438
f 3448/3931/3427 3458/3942/3438 3456/3940/3436
f 3454/3938/3434 3452/3936/3432 3450/3933/3429
s 19
f 3467/3952/3448 3468/3982/3478 3469/3953/3449
f 3470/3954/3450 3469/3953/3449 3471/3955/3451
f 3472/3956/3452 3471/3955/3451 3473/3957/3453
f 3474/3958/3454 3473/3957/3453 3475/3959/3455
f 3476/3960/3456 3475/3959/3455 3477/3961/3457
f 3479/3963/3459 3480/3965/3461 3478/3962/3458
f 3479/3963/3459 3481/3966/3462 3482/3964/3460
f 3481/3966/3462 3483/3968/3464 3484/3967/3463
f 3483/3968/3464 3485/3970/3466 3486/3969/3465
f 3485/3970/3466 3487/3972/3468 3488/3971/3467
f 3487/3972/3468 3489/3974/3470 3490/3973/3469
f 3489/3974/3470 3491/3976/3472 3492/3975/3471
f 3491/3976/3472 3493/3978/3474 3494/3977/3473
f 3493/3978/3474 3495/3996/3492 3496/3979/3475
f 3496/3979/3475 3495/3996/3492 3497/3980/3476
f 3498/3981/3477 3497/3980/3476 3468/3982/3478
f 3468/3982/3478 3499/3998/3494 3500/3983/3479
f 3469/3953/3449 3500/3983/3479 3501/3984/3480
f 3471/3955/3451 3501/3984/3480 3502/3985/3481
f 3473/3957/3453 3502/3985/3481 3503/3986/3482
f 3475/3959/3455 3503/3986/3482 3504/3987/3483
f 3477/3961/3457 3504/3987/3483 3505/3988/3484
f 3479/3963/3459 3505/3988/3484 3506/3989/3485
f 3507/3990/3486 3483/3968/3464 3481/3966/3462
f 3507/3990/3486 3508/3991/3487 3485/3970/3466
f 3508/3991/3487 3509/3992/3488 3487/3972/3468
f 3509/3992/3488 3510/3993/3489 3489/3974/3470
f 3510/3993/3489 3511/3994/3490 3491/3976/3472
f 3511/3994/3490 3512/3995/3491 3493/3978/3474
f 3512/3995/3491 3513/3997/3493 3495/3996/3492
f 3513/3997/3493 3514/4000/3495 3497/3980/3476
f 3497/3980/3476 3514/4000/3495 3499/3998/3494
s 10
f 3516/4001/3496 3517/4009/3504 3518/4002/3497
f 3520/4004/3499 3516/4001/3496 3519/4003/3498
f 3522/4006/3501 3523/4010/3505 3524/4007/3502
f 3517/4009/3504 3522/4006/3501 3525/4008/3503
f 3523/4010/3505 3526/4014/3509 3527/4011/3506
f 3528/4012/3507 3121/3612/3108 3120/3611/3107
f 3526/4014/3509 3528/4012/3507 3529/4013/3508
s 11
f 3530/4015/3510 3531/4021/3516 3532/4016/3511
f 3534/4018/3513 3535/4025/3520 3536/4019/3514
f 3537/4020/3515 3536/4019/3514 3531/4021/3516
f 3538/4022/3517 3539/4024/3519 3132/3622/3118
f 3533/4017/3512 3532/4016/3511 3539/4024/3519
f 3535/4025/3520 3540/4081/3576 3541/4026/3521
f 3536/4019/3514 3541/4026/3521 3542/4027/3522
f 3531/4021/3516 3542/4027/3522 3543/4028/3523
f 3532/4016/3511 3543/4028/3523 3544/4029/3524
f 3539/4024/3519 3544/4029/3524 3139/3630/3126
f 3541/4026/3521 3540/4081/3576 3545/4030/3525
f 3542/4027/3522 3541/4026/3521 3546/4031/3526
f 3543/4028/3523 3542/4027/3522 3547/4032/3527
f 3548/4033/3528 3549/4038/3533 3544/4029/3524
f 3544/4029/3524 3549/4038/3533 3145/3635/3131
f 3546/4031/3526 3545/4030/3525 3550/4034/3529
f 3547/4032/3527 3546/4031/3526 3551/4035/3530
f 3548/4033/3528 3547/4032/3527 3552/4036/3531
s 20
f 3554/4039/3534 3555/4046/3541 3556/4040/3535
s 21
f 3558/4042/3537 3559/4048/3543 3560/4043/3538
s 20
f 3562/4045/3540 3563/4053/3548 3555/4046/3541
s 21
f 3564/4047/3542 3565/4056/3551 3559/4048/3543
s 20
f 3566/4049/3544 3556/4040/3535 3555/4046/3541
f 3567/4050/3545 3555/4046/3541 3568/4051/3546
s 21
f 3570/4054/3549 3560/4043/3538 3559/4048/3543
f 3571/4055/3550 3559/4048/3543 3565/4056/3551
f 3565/4056/3551 3573/4059/3554 3574/4058/3553
s 22
f 3579/4062/3557 3575/4072/3567 3576/4060/3555
f 3576/4060/3555 3577/4064/3559 3578/4061/3556
f 3576/4060/3555 3580/4073/3568 3581/4063/3558
f 3582/4065/3560 3583/4068/3563 3584/4066/3561
f 3583/4068/3563 3575/4072/3567 3586/4069/3564
f 3588/4070/3565 3583/4068/3563 3582/4065/3560
f 3583/4068/3563 3588/4070/3565 3576/4060/3555
f 3588/4070/3565 3587/4071/3566 3580/4073/3568
s 11
f 3145/3635/3131 3549/4038/3533 3553/4037/3532
g LowBody.001_Mesh
v -0.744363 1.011871 0.852973
v -0.792656 1.015400 0.804687
v -0.681503 1.000880 0.890550
v -0.819220 1.017788 0.765380
v -0.848536 1.022335 0.704822
v -0.900906 1.030979 0.569624
v -0.956358 1.049985 0.300409
v -0.967632 1.059845 -0.003466
v -0.626282 1.125620 0.815081
v -0.669611 1.131218 0.776488
v -0.573555 1.112180 0.847439
v -0.696575 1.132971 0.735653
v -0.723170 1.134481 0.680676
v -0.767734 1.140546 0.554203
v -0.818633 1.148393 0.308362
v -0.830118 1.158331 -0.003922
v -0.507778 1.238717 0.776498
v -0.463357 1.272769 0.768087
v -0.473899 1.298111 0.728967
v -0.542759 1.241767 0.744694
v -0.466271 1.225398 0.803377
v -0.441048 1.253632 0.792031
v -0.593316 1.240813 0.654428
v -0.569191 1.241970 0.703009
v -0.486478 1.306376 0.689133
v -0.505775 1.316009 0.607462
v -0.517431 1.322158 0.540985
v -0.630311 1.244491 0.537370
v -0.679027 1.247067 0.317071
v -0.544788 1.333409 0.327153
v -0.562454 1.333607 -0.004809
v -0.686669 1.255533 -0.004398
v -0.414676 1.306456 0.763515
v -0.417637 1.333716 0.735677
v -0.418440 1.282995 0.778496
v -0.429517 1.352147 0.681485
v -0.453076 1.373046 0.560827
v -0.476097 1.384594 0.331075
v -0.485903 1.387527 -0.005063
v -0.798016 1.015400 -0.812761
v -0.750044 1.011871 -0.861366
v -0.687434 1.000880 -0.899360
v -0.853233 1.022335 -0.712528
v -0.824319 1.017788 -0.773279
v -0.904706 1.030979 -0.576985
v -0.958372 1.049985 -0.307409
v -0.674787 1.131218 -0.785378
v -0.631715 1.125620 -0.824257
v -0.579203 1.112180 -0.856964
v -0.727710 1.134481 -0.689213
v -0.701479 1.132971 -0.744365
v -0.771434 1.140546 -0.562449
v -0.820702 1.148393 -0.316274
v -0.512957 1.238717 -0.786461
v -0.547727 1.241767 -0.754426
v -0.478764 1.298111 -0.739157
v -0.468482 1.272769 -0.778344
v -0.471630 1.225398 -0.813614
v -0.446331 1.253632 -0.802435
v -0.597685 1.240813 -0.663827
v -0.509834 1.316009 -0.617442
v -0.491079 1.306376 -0.699239
v -0.573882 1.241970 -0.712567
v -0.633902 1.244491 -0.546525
v -0.521049 1.322158 -0.550888
v -0.681158 1.247067 -0.325909
v -0.546988 1.333409 -0.336881
v -0.422548 1.333716 -0.746238
v -0.419771 1.306456 -0.774096
v -0.423635 1.282995 -0.789050
v -0.456827 1.373046 -0.571156
v -0.434068 1.352147 -0.691968
v -0.478325 1.384594 -0.341258
vn -0.4235 0.6461 0.6350
vn -0.5019 0.6955 0.5142
vn -0.5411 0.6985 0.4683
vn -0.3195 0.6086 0.7263
vn -0.3670 0.6409 0.6742
vn -0.5762 0.7266 0.3743
vn -0.5961 0.7547 0.2741
vn -0.5924 0.7455 0.3054
vn -0.5733 0.7394 0.3531
vn -0.5963 0.7785 0.1957
vn -0.5924 0.7758 0.2171
vn -0.5787 0.8085 0.1073
vn -0.5671 0.8236 0.0019
vn -0.5800 0.8146 0.0019
vn -0.5852 0.8052 0.0956
vn -0.3861 0.6457 0.6589
vn -0.5135 0.7391 0.4360
vn -0.5108 0.7293 0.4551
vn -0.3021 0.5783 0.7578
vn -0.3864 0.6408 0.6634
vn -0.5794 0.7797 0.2373
vn -0.5723 0.7739 0.2712
vn -0.5990 0.7748 0.2021
vn -0.5633 0.7666 0.3082
vn -0.5747 0.8011 0.1674
vn -0.5629 0.8221 0.0849
vn -0.5468 0.8372 0.0018
vn -0.5422 0.8402 0.0018
vn -0.5722 0.8170 0.0711
vn -0.3604 0.5974 0.7164
vn -0.5022 0.6770 0.5380
vn -0.2328 0.5424 0.8072
vn -0.5685 0.7628 0.3081
vn -0.6371 0.7515 0.1711
vn -0.6013 0.7847 0.1507
vn -0.5685 0.8227 0.0019
vn -0.5984 0.7986 0.0648
vn -0.3051 0.5863 0.7504
vn -0.4470 0.6445 -0.6203
vn -0.5053 0.6955 -0.5108
vn -0.3767 0.6256 -0.6831
vn -0.3243 0.6086 -0.7242
vn -0.3101 0.5863 -0.7484
vn -0.5785 0.7248 -0.3741
vn -0.5979 0.7547 -0.2701
vn -0.5769 0.7381 -0.3498
vn -0.5390 0.6994 -0.4694
vn -0.5995 0.7456 -0.2911
vn -0.5976 0.7785 -0.1918
vn -0.5803 0.8075 -0.1059
vn -0.5797 0.8095 -0.0934
vn -0.5960 0.7727 -0.2185
vn -0.3831 0.6472 -0.6591
vn -0.5164 0.7391 -0.4325
vn -0.3746 0.6563 -0.6550
vn -0.3072 0.5783 -0.7558
vn -0.3173 0.5882 -0.7439
vn -0.5792 0.7814 -0.2325
vn -0.5741 0.7739 -0.2674
vn -0.5670 0.7647 -0.3063
vn -0.5157 0.7268 -0.4536
vn -0.5754 0.8014 -0.1634
vn -0.5864 0.7858 -0.1963
vn -0.5628 0.8227 -0.0806
vn -0.5695 0.8189 -0.0710
vn -0.5976 0.7913 -0.1291
vn -0.3652 0.5974 -0.7140
vn -0.2382 0.5424 -0.8057
vn -0.5705 0.7628 -0.3043
vn -0.5061 0.6768 -0.5346
vn -0.6382 0.7515 -0.1669
vn -0.5988 0.7986 -0.0608
vn -0.3123 0.5882 0.7460
vt 0.906237 0.244818
vt 0.864931 0.374702
vt 0.878068 0.211428
vt 0.935278 0.285485
vt 0.888865 0.403429
vt 0.857095 0.193715
vt 0.815733 0.338714
vt 0.826107 0.175853
vt 0.843415 0.356380
vt 0.753170 0.312100
vt 0.758461 0.144853
vt 0.627478 0.122266
vt 0.485167 0.293476
vt 0.482319 0.129833
vt 0.634261 0.285627
vt 0.870851 0.561871
vt 0.845628 0.624333
vt 0.851578 0.537775
vt 0.892149 0.586037
vt 0.868179 0.616461
vt 0.805571 0.501559
vt 0.825328 0.620819
vt 0.784957 0.614637
vt 0.829952 0.519245
vt 0.748091 0.479331
vt 0.641497 0.450467
vt 0.490546 0.602650
vt 0.488078 0.460783
vt 0.649392 0.604250
vt 0.867901 0.673903
vt 0.850682 0.688301
vt 0.878474 0.657172
vt 0.822729 0.691810
vt 0.763158 0.690239
vt 0.752522 0.611559
vt 0.492118 0.692987
vt 0.652748 0.686904
vt 0.914565 0.435700
vt 0.063557 0.305042
vt 0.109275 0.428707
vt 0.086399 0.460780
vt 0.036002 0.349754
vt 0.061885 0.496639
vt 0.110801 0.247051
vt 0.157100 0.385785
vt 0.130101 0.407359
vt 0.090496 0.267714
vt 0.141091 0.224810
vt 0.218583 0.350305
vt 0.337364 0.142999
vt 0.336276 0.306923
vt 0.207491 0.184230
vt 0.109876 0.616256
vt 0.137207 0.674962
vt 0.114438 0.670329
vt 0.089470 0.643403
vt 0.096792 0.678498
vt 0.172897 0.546775
vt 0.157334 0.668559
vt 0.149191 0.567897
vt 0.128263 0.589469
vt 0.229462 0.516396
vt 0.197390 0.656629
vt 0.334788 0.472386
vt 0.332257 0.626915
vt 0.229531 0.648936
vt 0.116713 0.727588
vt 0.105584 0.712409
vt 0.162394 0.739003
vt 0.134389 0.739493
vt 0.221763 0.728931
vt 0.331783 0.709843
vt 0.886066 0.622091
s 1
g off
g LowBody.001_Glass
usemtl Glass
f 3589/4082/3577 3598/4083/3578 3590/4084/3579
f 3591/4085/3580 3597/4086/3581 3589/4082/3577
f 3592/4087/3582 3601/4088/3583 3593/4089/3584
f 3590/4084/3579 3600/4090/3585 3592/4087/3582
f 3593/4089/3584 3602/4091/3586 3594/4092/3587
f 3595/4093/3588 3604/4094/3589 3596/4095/3590
f 3594/4092/3587 3603/4096/3591 3595/4093/3588
f 3605/4097/3592 3607/4098/3593 3608/4099/3594
f 3609/4100/3595 3606/4101/3596 3605/4097/3592
f 3611/4102/3597 3613/4103/3598 3614/4104/3599
f 3608/4099/3594 3613/4103/3598 3612/4105/3600
f 3614/4104/3599 3616/4106/3601 3611/4102/3597
f 3617/4107/3602 3619/4108/3603 3620/4109/3604
f 3616/4106/3601 3618/4110/3605 3617/4107/3602
f 3607/4098/3593 3621/4111/3606 3622/4112/3607
f 3606/4101/3596 3623/4113/3608 3621/4111/3606
f 3614/4104/3599 3624/4114/3609 3625/4115/3610
f 3607/4098/3593 3624/4114/3609 3613/4103/3598
f 3615/4116/3611 3614/4104/3599 3625/4115/3610
f 3618/4110/3605 3627/4117/3612 3619/4108/3603
f 3615/4116/3611 3626/4118/3613 3618/4110/3605
f 3597/4086/3581 3608/4099/3594 3598/4083/3578
f 3599/4119/3614 3605/4097/3592 3597/4086/3581
f 3600/4090/3585 3611/4102/3597 3601/4088/3583
f 3598/4083/3578 3612/4105/3600 3600/4090/3585
f 3601/4088/3583 3616/4106/3601 3602/4091/3586
f 3603/4096/3591 3620/4109/3604 3604/4094/3589
f 3602/4091/3586 3617/4107/3602 3603/4096/3591
f 3629/4120/3615 3635/4121/3616 3636/4122/3617
f 3630/4123/3618 3636/4122/3617 3637/4124/3619
f 3632/4125/3620 3638/4126/3621 3639/4127/3622
f 3628/4128/3623 3639/4127/3622 3635/4121/3616
f 3631/4129/3624 3640/4130/3625 3638/4126/3621
f 3634/4131/3626 3604/4094/3589 3641/4132/3627
f 3633/4133/3628 3641/4132/3627 3640/4130/3625
f 3642/4134/3629 3644/4135/3630 3645/4136/3631
f 3646/4137/3632 3645/4136/3631 3647/4138/3633
f 3648/4139/3634 3650/4140/3635 3651/4141/3636
f 3643/4142/3637 3650/4140/3635 3644/4135/3630
f 3652/4143/3638 3649/4144/3639 3648/4139/3634
f 3654/4145/3640 3619/4108/3603 3655/4146/3641
f 3652/4143/3638 3655/4146/3641 3653/4147/3642
f 3644/4135/3630 3657/4148/3643 3645/4136/3631
f 3645/4136/3631 3658/4149/3644 3647/4138/3633
f 3649/4144/3639 3660/4150/3645 3650/4140/3635
f 3644/4135/3630 3660/4150/3645 3656/4151/3646
f 3653/4147/3642 3659/4152/3647 3649/4144/3639
f 3655/4146/3641 3627/4117/3612 3661/4153/3648
f 3653/4147/3642 3661/4153/3648 3659/4152/3647
f 3636/4122/3617 3643/4142/3637 3642/4134/3629
f 3637/4124/3619 3642/4134/3629 3646/4137/3632
f 3639/4127/3622 3648/4139/3634 3651/4141/3636
f 3635/4121/3616 3651/4141/3636 3643/4142/3637
f 3638/4126/3621 3652/4143/3638 3648/4139/3634
f 3641/4132/3627 3620/4109/3604 3654/4145/3640
f 3640/4130/3625 3654/4145/3640 3652/4143/3638
f 3589/4082/3577 3597/4086/3581 3598/4083/3578
f 3591/4085/3580 3599/4119/3614 3597/4086/3581
f 3592/4087/3582 3600/4090/3585 3601/4088/3583
f 3590/4084/3579 3598/4083/3578 3600/4090/3585
f 3593/4089/3584 3601/4088/3583 3602/4091/3586
f 3595/4093/3588 3603/4096/3591 3604/4094/3589
f 3594/4092/3587 3602/4091/3586 3603/4096/3591
f 3605/4097/3592 3606/4101/3596 3607/4098/3593
f 3609/4100/3595 3610/4154/3649 3606/4101/3596
f 3611/4102/3597 3612/4105/3600 3613/4103/3598
f 3608/4099/3594 3607/4098/3593 3613/4103/3598
f 3614/4104/3599 3615/4116/3611 3616/4106/3601
f 3617/4107/3602 3618/4110/3605 3619/4108/3603
f 3616/4106/3601 3615/4116/3611 3618/4110/3605
f 3607/4098/3593 3606/4101/3596 3621/4111/3606
f 3606/4101/3596 3610/4154/3649 3623/4113/3608
f 3614/4104/3599 3613/4103/3598 3624/4114/3609
f 3607/4098/3593 3622/4112/3607 3624/4114/3609
f 3618/4110/3605 3626/4118/3613 3627/4117/3612
f 3615/4116/3611 3625/4115/3610 3626/4118/3613
f 3597/4086/3581 3605/4097/3592 3608/4099/3594
f 3599/4119/3614 3609/4100/3595 3605/4097/3592
f 3600/4090/3585 3612/4105/3600 3611/4102/3597
f 3598/4083/3578 3608/4099/3594 3612/4105/3600
f 3601/4088/3583 3611/4102/3597 3616/4106/3601
f 3603/4096/3591 3617/4107/3602 3620/4109/3604
f 3602/4091/3586 3616/4106/3601 3617/4107/3602
f 3629/4120/3615 3628/4128/3623 3635/4121/3616
f 3630/4123/3618 3629/4120/3615 3636/4122/3617
f 3632/4125/3620 3631/4129/3624 3638/4126/3621
f 3628/4128/3623 3632/4125/3620 3639/4127/3622
f 3631/4129/3624 3633/4133/3628 3640/4130/3625
f 3634/4131/3626 3596/4095/3590 3604/4094/3589
f 3633/4133/3628 3634/4131/3626 3641/4132/3627
f 3642/4134/3629 3643/4142/3637 3644/4135/3630
f 3646/4137/3632 3642/4134/3629 3645/4136/3631
f 3648/4139/3634 3649/4144/3639 3650/4140/3635
f 3643/4142/3637 3651/4141/3636 3650/4140/3635
f 3652/4143/3638 3653/4147/3642 3649/4144/3639
f 3654/4145/3640 3620/4109/3604 3619/4108/3603
f 3652/4143/3638 3654/4145/3640 3655/4146/3641
f 3644/4135/3630 3656/4151/3646 3657/4148/3643
f 3645/4136/3631 3657/4148/3643 3658/4149/3644
f 3649/4144/3639 3659/4152/3647 3660/4150/3645
f 3644/4135/3630 3650/4140/3635 3660/4150/3645
f 3655/4146/3641 3619/4108/3603 3627/4117/3612
f 3653/4147/3642 3655/4146/3641 3661/4153/3648
f 3636/4122/3617 3635/4121/3616 3643/4142/3637
f 3637/4124/3619 3636/4122/3617 3642/4134/3629
f 3639/4127/3622 3638/4126/3621 3648/4139/3634
f 3635/4121/3616 3639/4127/3622 3651/4141/3636
f 3638/4126/3621 3640/4130/3625 3652/4143/3638
f 3641/4132/3627 3604/4094/3589 3620/4109/3604
f 3640/4130/3625 3641/4132/3627 3654/4145/3640
g LowBody.002_Mesh
v -2.507261 0.858439 0.257750
v -2.499306 0.843802 0.402913
v -2.492754 0.860053 0.406396
v -2.500947 0.874101 0.256837
v -2.497015 0.829658 0.400768
v -2.488236 0.803593 0.447870
v -2.493301 0.812867 0.456972
v -2.508563 0.881686 0.001640
v -2.478059 0.787328 0.501236
v -2.452202 0.783816 0.508945
v -2.456957 0.811813 0.490342
v -2.489801 0.829076 0.464790
v -2.515160 0.863431 0.001662
v -2.515826 0.847224 0.001664
v -2.507546 0.844315 0.261493
v -2.444996 0.762032 0.525818
v -2.485515 0.775765 0.489693
v -2.466635 0.748528 0.531014
v -2.480039 0.766063 0.482125
v -2.462999 0.731120 0.543565
v -2.442842 0.732874 0.546647
v -2.434512 0.694755 0.574251
v -2.430517 0.629137 0.610670
v -2.429870 0.607379 0.614595
v -2.429788 0.653958 0.598822
v -2.444601 0.629363 0.601171
v -2.443405 0.611501 0.602509
v -2.446898 0.654857 0.592558
v -2.456042 0.695596 0.568032
v -2.430795 0.557952 0.579314
v -2.445216 0.539571 0.448399
v -2.427375 0.573798 0.604758
v -2.427936 0.590755 0.613493
v -2.442354 0.568052 0.570911
v -2.455768 0.550034 0.445879
v -2.440867 0.581790 0.592327
v -2.441756 0.597345 0.600496
v -2.477954 0.741235 0.516001
v -2.472415 0.718348 0.534857
v -2.451339 0.626810 0.587087
v -2.448118 0.611771 0.592014
v -2.456739 0.651574 0.577158
v -2.465523 0.689805 0.555652
v -2.488261 0.529056 0.001573
v -2.484370 0.519769 0.001560
v -2.479140 0.526733 0.181018
v -2.482765 0.537819 0.180207
v -2.446617 0.573986 0.564401
v -2.459305 0.557704 0.444160
v -2.445395 0.585357 0.583026
v -2.446198 0.598559 0.590447
v -2.473706 0.735534 0.506358
v -2.468434 0.712682 0.522426
v -2.449145 0.627001 0.574825
v -2.446424 0.614948 0.577082
v -2.453967 0.648574 0.564335
v -2.462075 0.683574 0.542741
v -2.486659 0.537292 0.001567
v -2.477874 0.547169 0.179220
v -2.444987 0.580837 0.553965
v -2.457680 0.565889 0.440213
v -2.443766 0.590459 0.568872
v -2.444302 0.602794 0.575328
v -2.488303 0.823029 0.400225
v -2.480192 0.797429 0.446155
v -2.505741 0.837837 0.001631
v -2.497979 0.834827 0.271337
v -2.472733 0.762302 0.478409
v -2.466979 0.733577 0.500744
v -2.462081 0.712305 0.515722
v -2.442625 0.628612 0.566761
v -2.440134 0.616838 0.570599
v -2.448482 0.652429 0.554401
v -2.456249 0.684942 0.534236
v -2.481544 0.541410 0.001550
v -2.471340 0.549234 0.178890
v -2.438663 0.582791 0.548971
v -2.452750 0.568642 0.438640
v -2.436990 0.590954 0.563473
v -2.438155 0.603252 0.570319
v -2.482099 0.822249 0.399949
v -2.474610 0.796862 0.445519
v -2.467191 0.761940 0.477646
v -2.493266 0.834095 0.271242
v -2.461751 0.733150 0.499902
v -2.456860 0.711887 0.514858
v -2.436330 0.628972 0.565317
v -2.434331 0.617133 0.569410
v -2.440421 0.652188 0.552621
v -2.451388 0.684504 0.533275
v -2.479110 0.543249 0.001542
v -2.470553 0.552762 0.178800
v -2.434577 0.583290 0.548785
v -2.449264 0.569333 0.438639
v -2.432559 0.591395 0.562954
v -2.432832 0.603661 0.569407
v -2.438318 0.602555 0.540772
v -2.451942 0.596545 0.431890
v -2.452150 0.617747 0.451124
v -2.457916 0.647991 0.432043
v -2.467539 0.646183 0.363029
v -2.441560 0.617205 0.532685
v -2.476694 0.756054 0.403253
v -2.486125 0.754870 0.301948
v -2.446286 0.651694 0.531508
v -2.454193 0.675292 0.499711
v -2.480361 0.801039 0.390032
v -2.491237 0.796703 0.278619
v -2.471171 0.756035 0.451878
v -2.474906 0.783159 0.429042
v -2.443941 0.627977 0.526737
v -2.461898 0.711763 0.478106
v -2.465461 0.734141 0.476650
v -2.500052 0.788205 0.001612
v -2.499384 0.752000 0.001610
v -2.489411 0.754149 0.239919
v -2.491577 0.637562 0.001584
v -2.485174 0.641570 0.196904
v -2.483711 0.580672 0.001558
v -2.477072 0.585883 0.176196
v -2.468342 0.516386 0.181659
v -2.474679 0.510403 0.001528
v -2.502278 0.835655 0.001619
v -2.495437 0.860053 -0.403211
v -2.501966 0.843802 -0.399685
v -2.508958 0.858439 -0.254473
v -2.502639 0.874101 -0.253602
v -2.499660 0.829658 -0.397556
v -2.496320 0.812867 -0.453782
v -2.491194 0.803593 -0.444715
v -2.481370 0.787328 -0.498146
v -2.492872 0.829076 -0.461625
v -2.509268 0.844315 -0.258213
v -2.488750 0.775765 -0.486554
v -2.470144 0.748528 -0.527999
v -2.483224 0.766063 -0.479023
v -2.466592 0.731120 -0.540574
v -2.447389 0.611501 -0.599648
v -2.448576 0.629363 -0.598301
v -2.450816 0.654857 -0.589673
v -2.459797 0.695596 -0.565087
v -2.448179 0.539571 -0.445529
v -2.458713 0.550034 -0.442939
v -2.446129 0.568052 -0.568056
v -2.444784 0.581790 -0.589483
v -2.445727 0.597345 -0.597645
v -2.481363 0.741235 -0.512913
v -2.475950 0.718348 -0.531805
v -2.452032 0.611771 -0.589122
v -2.455220 0.626810 -0.584172
v -2.460554 0.651574 -0.574209
v -2.469196 0.689805 -0.552645
v -2.480329 0.526733 -0.177929
v -2.483950 0.537819 -0.177094
v -2.462238 0.557704 -0.441196
v -2.450348 0.573986 -0.561518
v -2.449250 0.585357 -0.580151
v -2.450102 0.598559 -0.587568
v -2.477052 0.735534 -0.503297
v -2.471887 0.712682 -0.519399
v -2.450239 0.614948 -0.574201
v -2.452945 0.627001 -0.571926
v -2.457698 0.648574 -0.561404
v -2.465662 0.683574 -0.539757
v -2.479051 0.547169 -0.176139
v -2.460588 0.565889 -0.437259
v -2.448649 0.580837 -0.551094
v -2.447527 0.590459 -0.566009
v -2.448105 0.602794 -0.572461
v -2.483139 0.797429 -0.443053
v -2.490945 0.823029 -0.397070
v -2.499767 0.834827 -0.268122
v -2.475894 0.762302 -0.475355
v -2.470288 0.733577 -0.497729
v -2.465490 0.712305 -0.512738
v -2.443906 0.616838 -0.567759
v -2.446372 0.628612 -0.563904
v -2.452147 0.652429 -0.551506
v -2.459780 0.684942 -0.531290
v -2.472515 0.549234 -0.175853
v -2.455647 0.568642 -0.435720
v -2.442292 0.582791 -0.546143
v -2.440715 0.590954 -0.560655
v -2.441926 0.603252 -0.567493
v -2.477553 0.796862 -0.442454
v -2.484740 0.822249 -0.396835
v -2.470346 0.761940 -0.474629
v -2.495053 0.834095 -0.268057
v -2.465054 0.733150 -0.496920
v -2.460263 0.711887 -0.511909
v -2.438096 0.617133 -0.566609
v -2.440067 0.628972 -0.562502
v -2.444074 0.652188 -0.549781
v -2.454913 0.684504 -0.530363
v -2.471728 0.552762 -0.175767
v -2.452162 0.569333 -0.435741
v -2.438205 0.583290 -0.545982
v -2.436281 0.591395 -0.560165
v -2.436596 0.603661 -0.566616
v -2.454795 0.596545 -0.428976
v -2.441893 0.602555 -0.537945
v -2.469934 0.646183 -0.360013
v -2.460769 0.647991 -0.429090
v -2.455130 0.617747 -0.448208
v -2.445081 0.617205 -0.529836
v -2.488116 0.754870 -0.298811
v -2.479357 0.756054 -0.400174
v -2.449799 0.651694 -0.528630
v -2.457495 0.675292 -0.496780
v -2.493073 0.796703 -0.275448
v -2.482936 0.801039 -0.386929
v -2.477739 0.783159 -0.425975
v -2.474156 0.756035 -0.448836
v -2.447423 0.627977 -0.523874
v -2.465057 0.711763 -0.475124
v -2.468610 0.734141 -0.473644
v -2.490990 0.754149 -0.236760
v -2.486469 0.641570 -0.193774
v -2.478229 0.585883 -0.173121
v -2.469536 0.516386 -0.178641
vn -0.9760 0.2109 0.0535
vn -0.9329 0.3271 0.1505
vn -0.9253 0.3747 0.0591
vn -0.8795 -0.4751 -0.0276
vn -0.9901 -0.1192 0.0740
vn -0.9854 0.1194 0.1214
vn -0.5832 0.4127 0.6997
vn -0.3368 0.5714 0.7484
vn -0.9038 0.1954 0.3807
vn -0.9271 -0.3748 0.0031
vn -0.9345 -0.3542 0.0364
vn -0.9810 0.1939 0.0033
vn -0.1986 0.5314 0.8235
vn -0.5306 0.4164 0.7383
vn -0.1743 0.5808 0.7952
vn -0.8013 -0.5458 -0.2450
vn -0.9859 -0.1065 0.1292
vn -0.2097 0.5565 0.8040
vn -0.5784 0.2296 0.7828
vn -0.8037 -0.0844 0.5891
vn -0.6985 -0.0583 0.7132
vn -0.3724 0.4210 0.8271
vn -0.7447 0.0827 0.6623
vn -0.2364 0.4913 0.8383
vn -0.5953 0.2698 0.7569
vn -0.5593 0.3642 0.7447
vn -0.7149 -0.6826 0.1516
vn -0.8146 -0.5195 0.2579
vn -0.8244 -0.5475 0.1435
vn -0.7426 -0.5903 0.3164
vn -0.8129 -0.3937 0.4293
vn -0.7310 -0.2631 0.6296
vn -0.7403 -0.4155 0.5285
vn -0.8165 -0.2344 0.5276
vn -0.9800 -0.0836 0.1807
vn -0.9715 -0.0576 0.2300
vn -0.5283 0.4159 0.7403
vn -0.9740 -0.1480 0.1713
vn -0.9770 -0.1564 0.1449
vn -0.9693 -0.1052 0.2221
vn -0.9658 -0.0620 0.2516
vn -0.9939 -0.1104 0.0033
vn -0.8456 -0.5274 0.0827
vn -0.9951 0.0833 0.0540
vn -0.9821 -0.1518 0.1115
vn -0.9902 -0.0922 0.1052
vn -0.9747 -0.1677 0.1476
vn -0.9758 -0.1567 0.1527
vn -0.7798 -0.4940 -0.3845
vn -0.7984 -0.4627 -0.3854
vn -0.8135 -0.4449 -0.3745
vn -0.8832 -0.1864 -0.4304
vn -0.8588 -0.3212 -0.3991
vn -0.8535 -0.3824 -0.3540
vn -0.8473 -0.4099 -0.3377
vn -0.8643 0.5030 0.0029
vn -0.6450 0.7641 -0.0078
vn -0.8155 0.5638 -0.1308
vn -0.8077 0.5894 0.0145
vn -0.8743 0.3310 -0.3551
vn -0.8860 0.0404 -0.4619
vn -0.4853 -0.8302 -0.2743
vn -0.3965 -0.7511 -0.5279
vn -0.6123 -0.7906 0.0021
vn -0.6976 -0.7163 -0.0177
vn -0.3788 -0.6415 -0.6671
vn -0.4159 -0.5980 -0.6852
vn -0.4168 -0.5784 -0.7013
vn -0.4486 -0.2222 -0.8657
vn -0.4420 -0.4383 -0.7826
vn -0.4540 -0.5261 -0.7191
vn -0.4598 -0.5552 -0.6931
vn -0.6157 0.7880 0.0020
vn -0.7338 0.6794 0.0068
vn -0.2836 0.9287 -0.2388
vn -0.3531 0.9338 -0.0583
vn -0.3284 0.6948 -0.6398
vn -0.4301 0.1969 -0.8811
vn -0.8385 -0.5231 -0.1527
vn -0.7127 -0.6071 -0.3513
vn -0.7684 -0.4943 -0.4066
vn -0.7668 -0.4806 -0.4255
vn -0.7714 -0.4623 -0.4374
vn -0.7852 -0.3603 -0.5037
vn -0.7867 -0.2032 -0.5830
vn -0.8228 -0.4143 -0.3890
vn -0.7469 -0.4927 -0.4465
vn -0.9122 0.4097 0.0030
vn -0.9978 0.0169 0.0644
vn -0.7827 0.6218 0.0254
vn -0.7581 0.6406 -0.1217
vn -0.7896 0.1000 -0.6054
vn -0.7870 0.4534 -0.4185
vn -0.9789 -0.1244 0.1619
vn -0.9876 -0.1027 0.1184
vn -0.9841 -0.1223 0.1287
vn -0.9849 -0.1226 0.1221
vn -0.9855 -0.1160 0.1239
vn -0.9788 -0.1285 0.1592
vn -0.9900 -0.0970 0.1029
vn -0.9918 -0.1041 0.0736
vn -0.9707 -0.0682 0.2305
vn -0.9814 -0.1508 0.1190
vn -0.9908 -0.0930 0.0983
vn -0.9960 -0.0594 0.0669
vn -0.9927 -0.0618 0.1034
vn -0.9886 -0.0683 0.1343
vn -0.9800 -0.1345 0.1464
vn -0.9825 -0.1424 0.1201
vn -0.9838 -0.1231 0.1303
vn -0.9995 -0.0324 0.0033
vn -0.9964 -0.0702 0.0473
vn -0.9991 -0.0434 0.0033
vn -0.9906 -0.1171 0.0713
vn -0.9947 -0.1031 0.0033
vn -0.9818 -0.1771 0.0689
vn -0.6925 -0.7162 0.0865
vn -0.8243 -0.5662 0.0027
vn -0.6960 -0.7180 0.0023
vn -0.9973 -0.0497 0.0533
vn -0.8609 -0.5087 0.0029
vn -0.9916 -0.1294 0.0033
vn -0.9340 0.3271 -0.1434
vn -0.9764 0.2109 -0.0471
vn -0.9255 0.3751 -0.0528
vn -0.8793 -0.4751 0.0334
vn -0.9904 -0.1198 -0.0682
vn -0.7997 -0.5457 0.2503
vn -0.9862 0.1194 -0.1148
vn -0.9626 0.0923 -0.2548
vn -0.9409 0.3388 0.0043
vn -0.8924 0.1181 -0.4354
vn -0.9867 -0.1065 -0.1226
vn -0.7773 -0.4940 0.3895
vn -0.9347 -0.3542 -0.0302
vn -0.9812 -0.0836 -0.1741
vn -0.8298 0.1988 -0.5214
vn -0.9730 -0.0576 -0.2236
vn -0.8126 0.2189 -0.5401
vn -0.9199 -0.0161 -0.3918
vn -0.9752 -0.1480 -0.1649
vn -0.9779 -0.1564 -0.1385
vn -0.8659 0.0774 -0.4941
vn -0.9708 -0.1052 -0.2157
vn -0.8268 0.1615 -0.5388
vn -0.9675 -0.0620 -0.2452
vn -0.8460 -0.5276 -0.0772
vn -0.9954 0.0833 -0.0474
vn -0.8253 -0.5476 -0.1379
vn -0.9828 -0.1519 -0.1049
vn -0.8890 -0.3958 -0.2305
vn -0.9757 -0.1676 -0.1412
vn -0.9031 -0.2893 -0.3173
vn -0.9768 -0.1567 -0.1463
vn -0.9094 -0.2043 -0.3623
vn -0.9222 -0.0866 -0.3769
vn -0.8110 -0.4449 0.3799
vn -0.7958 -0.4627 0.3906
vn -0.8804 -0.1864 0.4361
vn -0.8562 -0.3212 0.4047
vn -0.8511 -0.3824 0.3596
vn -0.8451 -0.4099 0.3432
vn -0.6450 0.7641 0.0120
vn -0.9908 -0.0922 -0.0986
vn -0.8147 0.5637 0.1362
vn -0.8719 0.3310 0.3609
vn -0.8829 0.0404 0.4677
vn -0.4677 -0.8695 0.1586
vn -0.3978 -0.7480 0.5313
vn -0.4558 -0.8897 0.0276
vn -0.3744 -0.6415 0.6695
vn -0.4122 -0.5781 0.7042
vn -0.4113 -0.5981 0.6878
vn -0.4428 -0.2223 0.8686
vn -0.4368 -0.4383 0.7855
vn -0.4491 -0.5261 0.7222
vn -0.4552 -0.5552 0.6961
vn -0.7338 0.6794 -0.0020
vn -0.8078 0.5894 -0.0091
vn -0.2820 0.9287 0.2407
vn -0.3242 0.6948 0.6420
vn -0.4242 0.1968 0.8839
vn -0.7104 -0.6071 0.3561
vn -0.8369 -0.5473 -0.0115
vn -0.7657 -0.4942 0.4116
vn -0.7640 -0.4806 0.4305
vn -0.7818 -0.3603 0.5089
vn -0.8202 -0.4143 0.3945
vn -0.7439 -0.4927 0.4515
vn -0.7685 -0.4623 0.4423
vn -0.9982 0.0169 -0.0578
vn -0.7829 0.6218 -0.0202
vn -0.7574 0.6406 0.1267
vn -0.7842 0.4534 0.4236
vn -0.7857 0.0999 0.6105
vn -0.7828 -0.2031 0.5882
vn -0.9800 -0.1244 -0.1554
vn -0.9884 -0.1027 -0.1119
vn -0.9849 -0.1223 -0.1221
vn -0.9863 -0.1161 -0.1173
vn -0.9799 -0.1287 -0.1527
vn -0.9857 -0.1226 -0.1155
vn -0.9906 -0.0970 -0.0963
vn -0.9722 -0.0682 -0.2241
vn -0.9923 -0.1041 -0.0670
vn -0.9914 -0.0929 -0.0919
vn -0.9934 -0.0618 -0.0968
vn -0.9895 -0.0683 -0.1277
vn -0.9810 -0.1346 -0.1399
vn -0.9822 -0.1508 -0.1124
vn -0.9833 -0.1425 -0.1135
vn -0.9846 -0.1231 -0.1237
vn -0.9967 -0.0702 -0.0407
vn -0.9964 -0.0593 -0.0604
vn -0.9910 -0.1171 -0.0647
vn -0.9822 -0.1771 -0.0624
vn -0.6929 -0.7163 -0.0824
vn -0.7153 -0.6833 -0.1465
vn -0.3527 0.9338 0.0606
vn -0.7318 -0.6815 -0.0026
vt 0.333241 0.395354
vt 0.228150 0.387811
vt 0.333771 0.386126
vt 0.230562 0.405890
vt 0.188392 0.411947
vt 0.230096 0.397813
vt 0.152639 0.426094
vt 0.149240 0.406860
vt 0.183473 0.401554
vt 0.511699 0.407678
vt 0.330237 0.403038
vt 0.512228 0.398834
vt 0.133314 0.422590
vt 0.127271 0.447187
vt 0.118394 0.434477
vt 0.194318 0.418498
vt 0.162035 0.432653
vt 0.104444 0.452134
vt 0.063046 0.517028
vt 0.074412 0.527052
vt 0.062005 0.530100
vt 0.067569 0.500888
vt 0.074947 0.516670
vt 0.083036 0.475158
vt 0.080458 0.501686
vt 0.098893 0.477886
vt 0.183305 0.578441
vt 0.096624 0.554019
vt 0.186805 0.570758
vt 0.087673 0.560921
vt 0.081288 0.544756
vt 0.062959 0.540100
vt 0.068870 0.550496
vt 0.075870 0.535130
vt 0.140642 0.451831
vt 0.126213 0.464873
vt 0.117317 0.457162
vt 0.082843 0.526686
vt 0.086348 0.517465
vt 0.093345 0.502868
vt 0.110286 0.480988
vt 0.509030 0.590328
vt 0.378622 0.590802
vt 0.379638 0.584268
vt 0.102091 0.550571
vt 0.188806 0.566148
vt 0.088733 0.542850
vt 0.083806 0.534379
vt 0.166969 0.439201
vt 0.147568 0.456077
vt 0.135124 0.468739
vt 0.093263 0.524787
vt 0.094778 0.517484
vt 0.102263 0.504811
vt 0.119195 0.485238
vt 0.509543 0.585714
vt 0.380653 0.578117
vt 0.110036 0.547513
vt 0.191798 0.561541
vt 0.099154 0.540566
vt 0.094721 0.532481
vt 0.231035 0.412043
vt 0.195784 0.424269
vt 0.511671 0.414984
vt 0.322772 0.410328
vt 0.170424 0.443439
vt 0.153010 0.459166
vt 0.141067 0.470675
vt 0.099710 0.524417
vt 0.102215 0.517501
vt 0.111192 0.503678
vt 0.126630 0.486024
vt 0.509558 0.581869
vt 0.380667 0.574272
vt 0.115006 0.544447
vt 0.192802 0.558082
vt 0.105110 0.539042
vt 0.100177 0.532109
vt 0.899700 0.236700
vt 0.897400 0.229500
vt 0.900500 0.236300
vt 0.197756 0.427350
vt 0.172895 0.445752
vt 0.155481 0.461478
vt 0.144033 0.472989
vt 0.106178 0.518664
vt 0.103676 0.524810
vt 0.115645 0.506380
vt 0.129598 0.487953
vt 0.509564 0.580331
vt 0.380674 0.572349
vt 0.192810 0.556159
vt 0.115509 0.542526
vt 0.103650 0.531732
vt 0.107097 0.537893
vt 0.927800 0.255900
vt 0.925900 0.255200
vt 0.927700 0.255200
vt 0.122489 0.532544
vt 0.199312 0.541177
vt 0.201405 0.511957
vt 0.250979 0.514760
vt 0.186468 0.528458
vt 0.128963 0.524867
vt 0.226422 0.452025
vt 0.298304 0.456033
vt 0.131016 0.506414
vt 0.153872 0.493776
vt 0.237423 0.427439
vt 0.316240 0.433385
vt 0.208632 0.435834
vt 0.191225 0.450023
vt 0.231517 0.415505
vt 0.133446 0.519494
vt 0.170308 0.474202
vt 0.172339 0.461516
vt 0.511565 0.443439
vt 0.342427 0.458055
vt 0.510994 0.463434
vt 0.370452 0.521567
vt 0.510258 0.527266
vt 0.383720 0.553514
vt 0.377104 0.598874
vt 0.509009 0.596096
vt 0.508981 0.603402
vt 0.322268 0.412634
vt 0.511663 0.417291
vt 0.509643 0.559181
vt 0.796368 0.392938
vt 0.691229 0.398469
vt 0.690272 0.389238
vt 0.792831 0.410619
vt 0.834953 0.417251
vt 0.828977 0.424159
vt 0.793853 0.402546
vt 0.840445 0.407266
vt 0.512268 0.388067
vt 0.870597 0.432329
vt 0.861152 0.438845
vt 0.856169 0.445370
vt 0.693679 0.406165
vt 0.881904 0.458503
vt 0.895308 0.453919
vt 0.895738 0.471608
vt 0.904692 0.463938
vt 0.945621 0.524018
vt 0.937651 0.533998
vt 0.934214 0.524762
vt 0.940719 0.509010
vt 0.927327 0.510133
vt 0.922464 0.484743
vt 0.911544 0.487795
vt 0.639923 0.592930
vt 0.638956 0.586391
vt 0.832374 0.576060
vt 0.917232 0.557794
vt 0.923169 0.561268
vt 0.931144 0.550134
vt 0.938079 0.552073
vt 0.936133 0.542070
vt 0.944063 0.542857
vt 0.945583 0.534401
vt 0.886798 0.475433
vt 0.874451 0.462331
vt 0.926750 0.532051
vt 0.925785 0.524743
vt 0.918397 0.511652
vt 0.902107 0.492003
vt 0.638482 0.580622
vt 0.830408 0.571441
vt 0.909311 0.554315
vt 0.920244 0.547802
vt 0.925233 0.539738
vt 0.792808 0.416772
vt 0.826972 0.429923
vt 0.701089 0.413488
vt 0.852188 0.449207
vt 0.880841 0.477343
vt 0.869482 0.465397
vt 0.920305 0.531652
vt 0.918347 0.524726
vt 0.909970 0.510864
vt 0.894667 0.492756
vt 0.940100 0.147300
vt 0.940500 0.173300
vt 0.939100 0.147400
vt 0.827450 0.566820
vt 0.904860 0.551228
vt 0.914796 0.546252
vt 0.919780 0.539341
vt 0.929300 0.089500
vt 0.927200 0.090500
vt 0.927300 0.089200
vt 0.905800 0.104300
vt 0.901500 0.109700
vt 0.900800 0.109400
vt 0.898300 0.116400
vt 0.896600 0.134800
vt 0.897400 0.116300
vt 0.910000 0.100800
vt 0.906500 0.104800
vt 0.913100 0.098500
vt 0.910500 0.101400
vt 0.925700 0.091800
vt 0.925400 0.090900
vt 0.922400 0.093600
vt 0.921800 0.092600
vt 0.917600 0.096200
vt 0.917100 0.095700
vt 0.913600 0.099100
vt 0.638000 0.576775
vt 0.638008 0.574852
vt 0.826477 0.561819
vt 0.904372 0.549305
vt 0.931000 0.091600
vt 0.931800 0.093700
vt 0.930600 0.092000
vt 0.929000 0.091300
vt 0.929200 0.090600
vt 0.927300 0.091300
vt 0.897468 0.539291
vt 0.912818 0.544709
vt 0.916312 0.538565
vt 0.820585 0.546424
vt 0.819207 0.517196
vt 0.833524 0.533763
vt 0.891050 0.531586
vt 0.916337 0.532027
vt 0.769614 0.519391
vt 0.796129 0.456771
vt 0.890128 0.513126
vt 0.892181 0.494673
vt 0.905003 0.513160
vt 0.723725 0.459684
vt 0.785809 0.432138
vt 0.814038 0.441045
vt 0.830842 0.455696
vt 0.825474 0.432611
vt 0.849698 0.451893
vt 0.792299 0.420231
vt 0.886610 0.525808
vt 0.867368 0.500000
vt 0.913881 0.525869
vt 0.877859 0.479259
vt 0.851081 0.479967
vt 0.866499 0.467312
vt 0.849641 0.467274
vt 0.679591 0.460738
vt 0.706455 0.436957
vt 0.650098 0.524121
vt 0.635599 0.556005
vt 0.640883 0.601392
vt 0.835319 0.584142
vt 0.826470 0.563741
vt 0.701079 0.416180
vt 0.919700 0.262500
vt 0.919900 0.259900
vt 0.923800 0.261000
vt 0.908800 0.245300
vt 0.904700 0.241800
vt 0.905300 0.241300
vt 0.925800 0.256000
vt 0.924000 0.255500
vt 0.924300 0.254700
vt 0.920400 0.253700
vt 0.915800 0.250600
vt 0.916300 0.250000
vt 0.897300 0.134800
vt 0.940100 0.173300
vt 0.897100 0.173000
s 1
g off
g LowBody.002_Material.002
usemtl Material.002
f 3726/4233/3712 3742/4234/3728 3743/4235/3729
f 3741/4250/3727 3749/4251/3734 3757/4252/3741
f 3826/4338/3812 3736/4339/3722 3841/4340/3827
f 3830/4345/3816 3837/4346/3823 3822/4347/3808
f 3834/4348/3820 3846/4349/3832 3831/4350/3818
f 3847/4351/3833 3833/4352/3819 3832/4353/3817
f 3835/4354/3822 3848/4355/3834 3834/4348/3820
f 3836/4356/3821 3850/4357/3835 3835/4354/3822
f 3837/4346/3823 3853/4358/3836 3838/4359/3824
f 3838/4359/3824 3854/4360/3837 3839/4361/3825
f 3839/4361/3825 3855/4362/3838 3840/4363/3826
f 3840/4363/3826 3851/4364/3839 3836/4356/3821
f 3844/4369/3830 3858/4370/3842 3859/4371/3843
f 3844/4369/3830 3860/4372/3844 3845/4373/3831
f 3845/4373/3831 3852/4374/3845 3837/4346/3823
f 3686/4410/3671 3689/4411/3674 3687/4412/3672
f 3730/4413/3716 3729/4414/3715 3744/4415/3730
f 3733/4416/3718 3732/4417/3719 3748/4418/3733
f 3734/4419/3720 3735/4420/3721 3751/4421/3736
f 3831/4350/3818 3846/4349/3832 3847/4351/3833
f 3834/4348/3820 3848/4355/3834 3846/4349/3832
f 3847/4351/3833 3849/4422/3869 3833/4352/3819
f 3835/4354/3822 3850/4357/3835 3848/4355/3834
f 3836/4356/3821 3851/4364/3839 3850/4357/3835
f 3837/4346/3823 3852/4374/3845 3853/4358/3836
f 3838/4359/3824 3853/4358/3836 3854/4360/3837
f 3839/4361/3825 3854/4360/3837 3855/4362/3838
f 3840/4363/3826 3855/4362/3838 3851/4364/3839
f 3841/4340/3827 3736/4339/3722 3752/4423/3737
f 3844/4369/3830 3859/4371/3843 3860/4372/3844
f 3845/4373/3831 3860/4372/3844 3852/4374/3845
f 3727/4424/3713 3833/4352/3819 3849/4422/3869
g LowBody.002_Par
usemtl Par
f 3662/4155/3650 3664/4156/3651 3665/4157/3652
f 3666/4158/3653 3668/4159/3654 3663/4160/3655
f 3670/4161/3656 3672/4162/3657 3673/4163/3658
f 3663/4160/3655 3673/4163/3658 3664/4156/3651
f 3662/4155/3650 3675/4164/3659 3676/4165/3660
f 3665/4157/3652 3674/4166/3661 3662/4155/3650
f 3668/4159/3654 3670/4161/3656 3673/4163/3658
f 3671/4167/3662 3679/4168/3663 3677/4169/3664
f 3667/4170/3665 3678/4171/3666 3668/4159/3654
f 3679/4168/3663 3682/4172/3667 3677/4169/3664
f 3663/4160/3655 3676/4165/3660 3666/4158/3653
f 3684/4173/3668 3688/4174/3669 3685/4175/3670
f 3686/4176/3671 3687/4177/3672 3684/4173/3668
f 3683/4178/3673 3689/4179/3674 3686/4176/3671
f 3682/4172/3667 3690/4180/3675 3683/4178/3673
f 3692/4181/3676 3695/4182/3677 3696/4183/3678
f 3691/4184/3679 3697/4185/3680 3695/4182/3677
f 3694/4186/3681 3697/4185/3680 3693/4187/3682
f 3685/4175/3670 3698/4188/3683 3694/4186/3681
f 3670/4161/3656 3699/4189/3684 3679/4168/3663
f 3679/4168/3663 3700/4190/3685 3681/4191/3686
f 3687/4177/3672 3702/4192/3687 3688/4174/3669
f 3689/4179/3674 3701/4193/3688 3687/4177/3672
f 3690/4180/3675 3703/4194/3689 3689/4179/3674
f 3681/4191/3686 3704/4195/3690 3690/4180/3675
f 3705/4196/3691 3707/4197/3692 3708/4198/3693
f 3696/4183/3678 3709/4199/3694 3710/4200/3695
f 3695/4182/3677 3711/4201/3696 3709/4199/3694
f 3697/4185/3680 3712/4202/3697 3711/4201/3696
f 3702/4192/3687 3698/4188/3683 3688/4174/3669
f 3699/4189/3684 3680/4203/3698 3713/4204/3699
f 3699/4189/3684 3714/4205/3700 3700/4190/3685
f 3701/4193/3688 3716/4206/3701 3702/4192/3687
f 3703/4194/3689 3715/4207/3702 3701/4193/3688
f 3704/4195/3690 3717/4208/3703 3703/4194/3689
f 3700/4190/3685 3718/4209/3704 3704/4195/3690
f 3719/4210/3705 3708/4198/3693 3720/4211/3706
f 3710/4200/3695 3721/4212/3707 3722/4213/3708
f 3709/4199/3694 3723/4214/3709 3721/4212/3707
f 3711/4201/3696 3724/4215/3710 3723/4214/3709
f 3702/4192/3687 3724/4215/3710 3712/4202/3697
f 3667/4170/3665 3725/4216/3711 3726/4217/3712
f 3676/4165/3660 3727/4218/3713 3728/4219/3714
f 3680/4203/3698 3726/4217/3712 3729/4220/3715
f 3666/4158/3653 3728/4219/3714 3725/4216/3711
f 3713/4204/3699 3729/4220/3715 3730/4221/3716
f 3713/4204/3699 3731/4222/3717 3714/4205/3700
f 3715/4207/3702 3733/4223/3718 3716/4206/3701
f 3717/4208/3703 3732/4224/3719 3715/4207/3702
f 3718/4209/3704 3734/4225/3720 3717/4208/3703
f 3714/4205/3700 3735/4226/3721 3718/4209/3704
f 3736/4227/3722 3720/4211/3706 3737/4228/3723
f 3722/4213/3708 3738/4229/3724 3739/4230/3725
f 3721/4212/3707 3740/4231/3726 3738/4229/3724
f 3723/4214/3709 3741/4232/3727 3740/4231/3726
f 3724/4215/3710 3733/4223/3718 3741/4232/3727
f 3729/4220/3715 3743/4236/3729 3744/4237/3730
f 3730/4221/3716 3744/4237/3730 3746/4238/3731
f 3731/4222/3717 3746/4238/3731 3747/4239/3732
f 3733/4223/3718 3748/4240/3733 3749/4241/3734
f 3732/4224/3719 3750/4242/3735 3748/4240/3733
f 3734/4225/3720 3751/4243/3736 3750/4242/3735
f 3735/4226/3721 3747/4239/3732 3751/4243/3736
f 3752/4244/3737 3737/4228/3723 3753/4245/3738
f 3738/4229/3724 3755/4246/3739 3739/4230/3725
f 3740/4231/3726 3754/4247/3740 3738/4229/3724
f 3740/4231/3726 3757/4248/3741 3756/4249/3742
f 3755/4246/3739 3758/4253/3743 3759/4254/3744
f 3756/4249/3742 3758/4253/3743 3754/4247/3740
f 3759/4254/3744 3761/4255/3745 3762/4256/3746
f 3758/4253/3743 3760/4257/3747 3759/4254/3744
f 3758/4253/3743 3749/4241/3734 3763/4258/3748
f 3762/4256/3746 3764/4259/3749 3765/4260/3750
f 3766/4261/3751 3751/4243/3736 3767/4262/3752
f 3765/4260/3750 3768/4263/3753 3769/4264/3754
f 3764/4259/3749 3771/4265/3755 3768/4263/3753
f 3770/4266/3756 3743/4236/3729 3771/4265/3755
f 3742/4267/3728 3771/4265/3755 3743/4236/3729
f 3750/4242/3735 3772/4268/3757 3748/4240/3733
f 3772/4268/3757 3767/4262/3752 3761/4255/3745
f 3748/4240/3733 3763/4258/3748 3749/4241/3734
f 3772/4268/3757 3760/4257/3747 3763/4258/3748
f 3747/4239/3732 3767/4262/3752 3751/4243/3736
f 3773/4269/3758 3761/4255/3745 3767/4262/3752
f 3746/4238/3731 3773/4269/3758 3747/4239/3732
f 3770/4266/3756 3773/4269/3758 3774/4270/3759
f 3744/4237/3730 3774/4270/3759 3746/4238/3731
f 3775/4271/3760 3777/4272/3761 3769/4264/3754
f 3776/4273/3762 3779/4274/3763 3777/4272/3761
f 3778/4275/3764 3781/4276/3765 3779/4274/3763
f 3742/4267/3728 3769/4264/3754 3768/4263/3753
f 3782/4277/3766 3696/4183/3678 3707/4197/3692
f 3707/4197/3692 3710/4200/3695 3708/4198/3693
f 3708/4198/3693 3722/4213/3708 3720/4211/3706
f 3722/4213/3708 3737/4228/3723 3720/4211/3706
f 3739/4230/3725 3753/4245/3738 3737/4228/3723
f 3753/4245/3738 3759/4254/3744 3781/4276/3765
f 3781/4276/3765 3762/4256/3746 3779/4274/3763
f 3779/4274/3763 3765/4260/3750 3777/4272/3761
f 3777/4272/3761 3765/4260/3750 3769/4264/3754
f 3782/4277/3766 3706/4278/3767 3783/4279/3768
f 3745/4280/3769 3727/4218/3713 3784/4281/3770
f 3753/4245/3738 3780/4282/3771 3752/4244/3737
f 3775/4271/3760 3745/4280/3769 3784/4281/3770
f 3785/4283/3772 3787/4284/3773 3788/4285/3774
f 3789/4286/3775 3790/4287/3776 3791/4288/3777
f 3786/4289/3778 3793/4290/3779 3790/4287/3776
f 3787/4284/3773 3675/4164/3659 3674/4166/3661
f 3788/4285/3774 3674/4166/3661 3669/4291/3780
f 3790/4287/3776 3792/4292/3781 3795/4293/3782
f 3791/4288/3777 3795/4293/3782 3797/4294/3783
f 3786/4289/3778 3794/4295/3784 3787/4284/3773
f 3808/4296/3785 3792/4292/3781 3796/4297/3786
f 3809/4298/3787 3796/4297/3786 3798/4299/3788
f 3800/4300/3789 3810/4301/3790 3811/4302/3791
f 3801/4303/3792 3811/4302/3791 3812/4304/3793
f 3802/4305/3794 3812/4304/3793 3813/4306/3795
f 3798/4299/3788 3813/4306/3795 3809/4298/3787
f 3814/4307/3796 3705/4196/3691 3815/4308/3797
f 3804/4309/3798 3817/4310/3799 3805/4311/3800
f 3805/4311/3800 3818/4312/3801 3806/4313/3802
f 3806/4313/3802 3819/4314/3803 3807/4315/3804
f 3807/4315/3804 3810/4301/3790 3799/4316/3805
f 3808/4296/3785 3797/4294/3783 3795/4293/3782
f 3808/4296/3785 3821/4317/3806 3820/4318/3807
f 3811/4302/3791 3822/4319/3808 3823/4320/3809
f 3812/4304/3793 3823/4320/3809 3824/4321/3810
f 3813/4306/3795 3824/4321/3810 3825/4322/3811
f 3809/4298/3787 3825/4322/3811 3821/4317/3806
f 3815/4308/3797 3719/4210/3705 3826/4323/3812
f 3816/4324/3813 3828/4325/3814 3817/4310/3799
f 3817/4310/3799 3829/4326/3815 3818/4312/3801
f 3818/4312/3801 3830/4327/3816 3819/4314/3803
f 3810/4301/3790 3830/4327/3816 3822/4319/3808
f 3791/4288/3777 3832/4328/3817 3789/4286/3775
f 3794/4295/3784 3727/4218/3713 3675/4164/3659
f 3797/4294/3783 3831/4329/3818 3791/4288/3777
f 3789/4286/3775 3833/4330/3819 3794/4295/3784
f 3820/4318/3807 3834/4331/3820 3797/4294/3783
f 3820/4318/3807 3836/4332/3821 3835/4333/3822
f 3823/4320/3809 3837/4334/3823 3838/4335/3824
f 3824/4321/3810 3838/4335/3824 3839/4336/3825
f 3825/4322/3811 3839/4336/3825 3840/4337/3826
f 3821/4317/3806 3840/4337/3826 3836/4332/3821
f 3827/4341/3828 3843/4342/3829 3828/4325/3814
f 3828/4325/3814 3844/4343/3830 3829/4326/3815
f 3829/4326/3815 3845/4344/3831 3830/4327/3816
f 3841/4365/3827 3752/4244/3737 3856/4366/3840
f 3843/4342/3829 3857/4367/3841 3858/4368/3842
f 3857/4367/3841 3862/4375/3846 3858/4368/3842
f 3859/4376/3843 3862/4375/3846 3860/4377/3844
f 3861/4378/3847 3864/4379/3848 3865/4380/3849
f 3862/4375/3846 3865/4380/3849 3866/4381/3850
f 3862/4375/3846 3852/4382/3845 3860/4377/3844
f 3863/4383/3851 3868/4384/3852 3864/4379/3848
f 3869/4385/3853 3855/4386/3838 3854/4387/3837
f 3867/4388/3854 3872/4389/3855 3868/4384/3852
f 3868/4384/3852 3873/4390/3856 3874/4391/3857
f 3874/4391/3857 3846/4392/3832 3848/4393/3834
f 3847/4394/3833 3873/4390/3856 3872/4389/3855
f 3854/4387/3837 3875/4395/3858 3869/4385/3853
f 3875/4395/3858 3870/4396/3859 3869/4385/3853
f 3853/4397/3836 3866/4381/3850 3875/4395/3858
f 3875/4395/3858 3865/4380/3849 3864/4379/3848
f 3851/4398/3839 3870/4396/3859 3876/4399/3860
f 3876/4399/3860 3864/4379/3848 3868/4384/3852
f 3850/4400/3835 3876/4399/3860 3877/4401/3861
f 3874/4391/3857 3876/4399/3860 3868/4384/3852
f 3848/4393/3834 3877/4401/3861 3874/4391/3857
f 3878/4402/3862 3775/4271/3760 3871/4403/3863
f 3879/4404/3864 3776/4273/3762 3878/4402/3862
f 3880/4405/3865 3778/4275/3764 3879/4404/3864
f 3871/4403/3863 3847/4394/3833 3872/4389/3855
f 3881/4406/3866 3804/4309/3798 3803/4407/3867
f 3814/4307/3796 3816/4324/3813 3804/4309/3798
f 3815/4308/3797 3827/4341/3828 3816/4324/3813
f 3841/4365/3827 3827/4341/3828 3826/4323/3812
f 3856/4366/3840 3842/4408/3868 3841/4365/3827
f 3856/4366/3840 3861/4378/3847 3857/4367/3841
f 3880/4405/3865 3863/4383/3851 3861/4378/3847
f 3879/4404/3864 3867/4388/3854 3863/4383/3851
f 3878/4402/3862 3871/4403/3863 3867/4388/3854
f 3706/4278/3767 3881/4406/3866 3783/4279/3768
f 3727/4218/3713 3849/4409/3869 3784/4281/3770
f 3780/4282/3771 3856/4366/3840 3752/4244/3737
f 3775/4271/3760 3849/4409/3869 3871/4403/3863
f 3662/4155/3650 3663/4160/3655 3664/4156/3651
f 3666/4158/3653 3667/4170/3665 3668/4159/3654
f 3670/4161/3656 3671/4167/3662 3672/4162/3657
f 3663/4160/3655 3668/4159/3654 3673/4163/3658
f 3662/4155/3650 3674/4166/3661 3675/4164/3659
f 3665/4157/3652 3669/4291/3780 3674/4166/3661
f 3668/4159/3654 3678/4171/3666 3670/4161/3656
f 3671/4167/3662 3670/4161/3656 3679/4168/3663
f 3667/4170/3665 3680/4203/3698 3678/4171/3666
f 3679/4168/3663 3681/4191/3686 3682/4172/3667
f 3663/4160/3655 3662/4155/3650 3676/4165/3660
f 3684/4173/3668 3687/4177/3672 3688/4174/3669
f 3683/4178/3673 3690/4180/3675 3689/4179/3674
f 3682/4172/3667 3681/4191/3686 3690/4180/3675
f 3692/4181/3676 3691/4184/3679 3695/4182/3677
f 3691/4184/3679 3693/4187/3682 3697/4185/3680
f 3694/4186/3681 3698/4188/3683 3697/4185/3680
f 3685/4175/3670 3688/4174/3669 3698/4188/3683
f 3670/4161/3656 3678/4171/3666 3699/4189/3684
f 3679/4168/3663 3699/4189/3684 3700/4190/3685
f 3687/4177/3672 3701/4193/3688 3702/4192/3687
f 3689/4179/3674 3703/4194/3689 3701/4193/3688
f 3690/4180/3675 3704/4195/3690 3703/4194/3689
f 3681/4191/3686 3700/4190/3685 3704/4195/3690
f 3705/4196/3691 3706/4278/3767 3707/4197/3692
f 3696/4183/3678 3695/4182/3677 3709/4199/3694
f 3695/4182/3677 3697/4185/3680 3711/4201/3696
f 3697/4185/3680 3698/4188/3683 3712/4202/3697
f 3702/4192/3687 3712/4202/3697 3698/4188/3683
f 3699/4189/3684 3678/4171/3666 3680/4203/3698
f 3699/4189/3684 3713/4204/3699 3714/4205/3700
f 3701/4193/3688 3715/4207/3702 3716/4206/3701
f 3703/4194/3689 3717/4208/3703 3715/4207/3702
f 3704/4195/3690 3718/4209/3704 3717/4208/3703
f 3700/4190/3685 3714/4205/3700 3718/4209/3704
f 3719/4210/3705 3705/4196/3691 3708/4198/3693
f 3710/4200/3695 3709/4199/3694 3721/4212/3707
f 3709/4199/3694 3711/4201/3696 3723/4214/3709
f 3711/4201/3696 3712/4202/3697 3724/4215/3710
f 3702/4192/3687 3716/4206/3701 3724/4215/3710
f 3667/4170/3665 3666/4158/3653 3725/4216/3711
f 3676/4165/3660 3675/4164/3659 3727/4218/3713
f 3680/4203/3698 3667/4170/3665 3726/4217/3712
f 3666/4158/3653 3676/4165/3660 3728/4219/3714
f 3713/4204/3699 3680/4203/3698 3729/4220/3715
f 3713/4204/3699 3730/4221/3716 3731/4222/3717
f 3715/4207/3702 3732/4224/3719 3733/4223/3718
f 3717/4208/3703 3734/4225/3720 3732/4224/3719
f 3718/4209/3704 3735/4226/3721 3734/4225/3720
f 3714/4205/3700 3731/4222/3717 3735/4226/3721
f 3736/4227/3722 3719/4210/3705 3720/4211/3706
f 3722/4213/3708 3721/4212/3707 3738/4229/3724
f 3721/4212/3707 3723/4214/3709 3740/4231/3726
f 3723/4214/3709 3724/4215/3710 3741/4232/3727
f 3724/4215/3710 3716/4206/3701 3733/4223/3718
f 3726/4217/3712 3725/4216/3711 3742/4267/3728
f 3729/4220/3715 3726/4217/3712 3743/4236/3729
f 3731/4222/3717 3730/4221/3716 3746/4238/3731
f 3732/4224/3719 3734/4225/3720 3750/4242/3735
f 3735/4226/3721 3731/4222/3717 3747/4239/3732
f 3752/4244/3737 3736/4227/3722 3737/4228/3723
f 3738/4229/3724 3754/4247/3740 3755/4246/3739
f 3740/4231/3726 3756/4249/3742 3754/4247/3740
f 3740/4231/3726 3741/4232/3727 3757/4248/3741
f 3741/4232/3727 3733/4223/3718 3749/4241/3734
f 3755/4246/3739 3754/4247/3740 3758/4253/3743
f 3756/4249/3742 3757/4248/3741 3758/4253/3743
f 3759/4254/3744 3760/4257/3747 3761/4255/3745
f 3758/4253/3743 3763/4258/3748 3760/4257/3747
f 3758/4253/3743 3757/4248/3741 3749/4241/3734
f 3762/4256/3746 3761/4255/3745 3764/4259/3749
f 3766/4261/3751 3750/4242/3735 3751/4243/3736
f 3765/4260/3750 3764/4259/3749 3768/4263/3753
f 3764/4259/3749 3770/4266/3756 3771/4265/3755
f 3770/4266/3756 3744/4237/3730 3743/4236/3729
f 3742/4267/3728 3768/4263/3753 3771/4265/3755
f 3750/4242/3735 3766/4261/3751 3772/4268/3757
f 3772/4268/3757 3766/4261/3751 3767/4262/3752
f 3748/4240/3733 3772/4268/3757 3763/4258/3748
f 3772/4268/3757 3761/4255/3745 3760/4257/3747
f 3747/4239/3732 3773/4269/3758 3767/4262/3752
f 3773/4269/3758 3764/4259/3749 3761/4255/3745
f 3746/4238/3731 3774/4270/3759 3773/4269/3758
f 3770/4266/3756 3764/4259/3749 3773/4269/3758
f 3744/4237/3730 3770/4266/3756 3774/4270/3759
f 3775/4271/3760 3776/4273/3762 3777/4272/3761
f 3776/4273/3762 3778/4275/3764 3779/4274/3763
f 3778/4275/3764 3780/4282/3771 3781/4276/3765
f 3742/4267/3728 3745/4280/3769 3769/4264/3754
f 3782/4277/3766 3692/4181/3676 3696/4183/3678
f 3707/4197/3692 3696/4183/3678 3710/4200/3695
f 3708/4198/3693 3710/4200/3695 3722/4213/3708
f 3722/4213/3708 3739/4230/3725 3737/4228/3723
f 3739/4230/3725 3755/4246/3739 3753/4245/3738
f 3753/4245/3738 3755/4246/3739 3759/4254/3744
f 3781/4276/3765 3759/4254/3744 3762/4256/3746
f 3779/4274/3763 3762/4256/3746 3765/4260/3750
f 3782/4277/3766 3707/4197/3692 3706/4278/3767
f 3753/4245/3738 3781/4276/3765 3780/4282/3771
f 3775/4271/3760 3769/4264/3754 3745/4280/3769
f 3785/4283/3772 3786/4289/3778 3787/4284/3773
f 3789/4286/3775 3786/4289/3778 3790/4287/3776
f 3786/4289/3778 3785/4283/3772 3793/4290/3779
f 3787/4284/3773 3794/4295/3784 3675/4164/3659
f 3788/4285/3774 3787/4284/3773 3674/4166/3661
f 3790/4287/3776 3793/4290/3779 3792/4292/3781
f 3791/4288/3777 3790/4287/3776 3795/4293/3782
f 3786/4289/3778 3789/4286/3775 3794/4295/3784
f 3803/4407/3867 3804/4309/3798 3805/4311/3800
f 3808/4296/3785 3795/4293/3782 3792/4292/3781
f 3809/4298/3787 3808/4296/3785 3796/4297/3786
f 3800/4300/3789 3799/4316/3805 3810/4301/3790
f 3801/4303/3792 3800/4300/3789 3811/4302/3791
f 3802/4305/3794 3801/4303/3792 3812/4304/3793
f 3798/4299/3788 3802/4305/3794 3813/4306/3795
f 3814/4307/3796 3706/4278/3767 3705/4196/3691
f 3804/4309/3798 3816/4324/3813 3817/4310/3799
f 3805/4311/3800 3817/4310/3799 3818/4312/3801
f 3806/4313/3802 3818/4312/3801 3819/4314/3803
f 3807/4315/3804 3819/4314/3803 3810/4301/3790
f 3808/4296/3785 3820/4318/3807 3797/4294/3783
f 3808/4296/3785 3809/4298/3787 3821/4317/3806
f 3811/4302/3791 3810/4301/3790 3822/4319/3808
f 3812/4304/3793 3811/4302/3791 3823/4320/3809
f 3813/4306/3795 3812/4304/3793 3824/4321/3810
f 3809/4298/3787 3813/4306/3795 3825/4322/3811
f 3815/4308/3797 3705/4196/3691 3719/4210/3705
f 3816/4324/3813 3827/4341/3828 3828/4325/3814
f 3817/4310/3799 3828/4325/3814 3829/4326/3815
f 3818/4312/3801 3829/4326/3815 3830/4327/3816
f 3810/4301/3790 3819/4314/3803 3830/4327/3816
f 3791/4288/3777 3831/4329/3818 3832/4328/3817
f 3794/4295/3784 3833/4330/3819 3727/4218/3713
f 3797/4294/3783 3834/4331/3820 3831/4329/3818
f 3789/4286/3775 3832/4328/3817 3833/4330/3819
f 3820/4318/3807 3835/4333/3822 3834/4331/3820
f 3820/4318/3807 3821/4317/3806 3836/4332/3821
f 3823/4320/3809 3822/4319/3808 3837/4334/3823
f 3824/4321/3810 3823/4320/3809 3838/4335/3824
f 3825/4322/3811 3824/4321/3810 3839/4336/3825
f 3821/4317/3806 3825/4322/3811 3840/4337/3826
f 3826/4323/3812 3719/4210/3705 3736/4227/3722
f 3827/4341/3828 3842/4408/3868 3843/4342/3829
f 3828/4325/3814 3843/4342/3829 3844/4343/3830
f 3829/4326/3815 3844/4343/3830 3845/4344/3831
f 3830/4327/3816 3845/4344/3831 3837/4334/3823
f 3843/4342/3829 3842/4408/3868 3857/4367/3841
f 3844/4343/3830 3843/4342/3829 3858/4368/3842
f 3857/4367/3841 3861/4378/3847 3862/4375/3846
f 3859/4376/3843 3858/4368/3842 3862/4375/3846
f 3861/4378/3847 3863/4383/3851 3864/4379/3848
f 3862/4375/3846 3861/4378/3847 3865/4380/3849
f 3862/4375/3846 3866/4381/3850 3852/4382/3845
f 3863/4383/3851 3867/4388/3854 3868/4384/3852
f 3869/4385/3853 3870/4396/3859 3855/4386/3838
f 3867/4388/3854 3871/4403/3863 3872/4389/3855
f 3868/4384/3852 3872/4389/3855 3873/4390/3856
f 3874/4391/3857 3873/4390/3856 3846/4392/3832
f 3847/4394/3833 3846/4392/3832 3873/4390/3856
f 3854/4387/3837 3853/4397/3836 3875/4395/3858
f 3875/4395/3858 3864/4379/3848 3870/4396/3859
f 3853/4397/3836 3852/4382/3845 3866/4381/3850
f 3875/4395/3858 3866/4381/3850 3865/4380/3849
f 3851/4398/3839 3855/4386/3838 3870/4396/3859
f 3876/4399/3860 3870/4396/3859 3864/4379/3848
f 3850/4400/3835 3851/4398/3839 3876/4399/3860
f 3874/4391/3857 3877/4401/3861 3876/4399/3860
f 3848/4393/3834 3850/4400/3835 3877/4401/3861
f 3878/4402/3862 3776/4273/3762 3775/4271/3760
f 3879/4404/3864 3778/4275/3764 3776/4273/3762
f 3880/4405/3865 3780/4282/3771 3778/4275/3764
f 3871/4403/3863 3849/4409/3869 3847/4394/3833
f 3881/4406/3866 3814/4307/3796 3804/4309/3798
f 3814/4307/3796 3815/4308/3797 3816/4324/3813
f 3815/4308/3797 3826/4323/3812 3827/4341/3828
f 3841/4365/3827 3842/4408/3868 3827/4341/3828
f 3856/4366/3840 3857/4367/3841 3842/4408/3868
f 3856/4366/3840 3880/4405/3865 3861/4378/3847
f 3880/4405/3865 3879/4404/3864 3863/4383/3851
f 3879/4404/3864 3878/4402/3862 3867/4388/3854
f 3706/4278/3767 3814/4307/3796 3881/4406/3866
f 3780/4282/3771 3880/4405/3865 3856/4366/3840
f 3775/4271/3760 3784/4281/3770 3849/4409/3869
g Defense_Mesh
v -2.476227 0.426259 0.887143
v -2.414560 0.294063 0.787498
v -2.400283 0.295021 0.840410
v -2.453456 0.431942 0.949932
v -2.509160 0.527011 0.991919
v -2.494005 0.495447 0.989980
v -2.489235 0.534450 1.027650
v -2.500284 0.559417 1.030236
v -2.434285 0.571732 0.973215
v -2.442828 0.550917 0.940961
v -2.506560 0.534452 0.978184
v -2.495455 0.569285 1.022292
v -2.421589 0.592540 1.003071
v -2.407586 0.599982 1.027721
v -2.362418 0.596791 0.978029
v -2.380662 0.587658 0.967361
v -2.420666 0.525511 0.662330
v -2.478477 0.515634 0.654548
v -2.416094 0.526718 0.699763
v -2.472540 0.555000 1.048519
v -2.407296 0.557780 1.058293
v -2.411569 0.592076 1.068380
v -2.483527 0.581656 1.056099
v -2.432035 0.292401 0.578721
v -2.504370 0.409825 0.584564
v -2.523935 0.389277 0.228290
v -2.462039 0.298138 0.218664
v -2.468604 0.595264 1.051112
v -2.412524 0.599300 1.061097
v -2.401714 0.531014 1.045625
v -2.423475 0.523086 0.624956
v -2.402569 0.543885 0.871993
v -2.450359 0.537009 0.875295
v -2.396710 0.548611 0.910445
v -2.404115 0.537194 0.833281
v -2.351088 0.529430 1.046843
v -2.320372 0.555311 1.059827
v -2.512766 0.514785 0.918182
v -2.521412 0.496837 0.917841
v -2.427688 0.520094 0.580998
v -2.399800 0.499559 1.029964
v -2.320289 0.498585 1.031667
v -2.328996 0.600266 1.064159
v -2.325250 0.603029 1.040736
v -2.267665 0.603179 0.994415
v -1.956990 0.610747 1.039579
v -2.322365 0.600880 0.985601
v -2.392192 0.571809 0.953525
v -2.395963 0.557451 0.934810
v -2.327062 0.589645 1.071617
v -2.490203 0.417376 0.759181
v -2.464378 0.524752 0.763297
v -2.411795 0.530039 0.747209
v -2.387278 0.435504 0.973302
v -2.438003 0.507764 0.451330
v -2.494387 0.499408 0.450863
v -2.489068 0.507645 0.564221
v -2.466187 0.478216 0.001500
v -2.455371 0.486227 0.180053
v -2.505815 0.454570 0.908722
v -2.311822 0.435755 0.976995
v -2.354413 0.297355 0.865676
v -2.275332 0.297178 0.865592
v -2.032333 0.595085 1.053883
v -2.240839 0.600150 1.062165
v -2.033948 0.581953 1.055416
v -2.243805 0.589554 1.070045
v -2.243203 0.582504 1.069409
v -2.035412 0.571209 1.052841
v -1.967873 0.589821 1.046138
v -2.236035 0.542822 1.052965
v -2.034988 0.558038 1.047590
v -2.052014 0.498339 1.021141
v -2.070704 0.436509 0.971976
v -1.976560 0.571664 1.044035
v -1.984818 0.555992 1.039121
v -2.004325 0.498592 1.014493
v -2.021041 0.434993 0.965688
v -2.108237 0.296725 0.863950
v -2.047920 0.296841 0.862246
v -2.381854 0.287510 0.196668
v -2.534392 0.492943 0.776520
v -2.536337 0.478498 0.779030
v -2.521202 0.442599 0.770661
v -2.544548 0.481520 0.657996
v -2.545315 0.468394 0.660102
v -2.530178 0.435433 0.654617
v -2.549559 0.477007 0.566478
v -2.551782 0.462957 0.567962
v -2.537122 0.431237 0.568046
v -2.554164 0.471583 0.473096
v -2.556793 0.457498 0.482237
v -2.542892 0.427680 0.489861
v -2.552929 0.411473 0.214511
v -2.526697 0.387170 0.114555
v -2.529076 0.384182 0.001708
v -2.476057 0.300786 0.001532
v -2.463863 0.298487 0.196768
v -2.569491 0.432147 0.087865
v -2.567256 0.432318 0.158660
v -2.568815 0.440566 0.162241
v -2.568060 0.442570 0.082111
v -2.514734 0.476159 0.178695
v -2.505387 0.469584 0.001629
v -2.525731 0.466318 0.040166
v -2.565051 0.425524 0.204095
v -2.566751 0.443806 0.237536
v -2.559956 0.459897 0.266830
v -2.547664 0.463236 0.172962
v -2.498885 0.494507 0.391511
v -2.548896 0.457119 0.061942
v -2.527005 0.465700 0.001701
v -2.550768 0.455598 0.001780
v -2.569342 0.439678 0.001841
v -2.569603 0.430810 0.001842
v -2.552030 0.430126 0.001784
v -2.553040 0.431332 0.092819
v -2.551862 0.431538 0.160831
v -2.561475 0.421379 0.192546
v -2.546968 0.421696 0.191312
v -2.552651 0.411490 0.200633
v -2.542766 0.413414 0.199386
v -2.525530 0.388978 0.197617
v -2.531756 0.415757 0.194873
v -2.531821 0.430740 0.166317
v -2.529984 0.430049 0.100697
v -2.531291 0.428874 0.001715
v -2.482096 0.426259 -0.884058
v -2.459743 0.431942 -0.946995
v -2.405845 0.295021 -0.837828
v -2.419770 0.294063 -0.784823
v -2.515723 0.527011 -0.988613
v -2.507101 0.559417 -1.026989
v -2.496036 0.534450 -1.024475
v -2.500556 0.495447 -0.986775
v -2.440726 0.571732 -0.970406
v -2.502220 0.569285 -1.019077
v -2.513032 0.534452 -0.974896
v -2.449055 0.550917 -0.938096
v -2.428228 0.592540 -1.000345
v -2.387066 0.587658 -0.964908
v -2.368892 0.596791 -0.975696
v -2.414388 0.599982 -1.025087
v -2.425047 0.525511 -0.659618
v -2.420723 0.526718 -0.697080
v -2.482805 0.515634 -0.651452
v -2.479479 0.555000 -1.045455
v -2.490516 0.581656 -1.052961
v -2.418641 0.592076 -1.065720
v -2.414302 0.557780 -1.055660
v -2.525437 0.389277 -0.224903
v -2.508234 0.409825 -0.581298
v -2.435862 0.292401 -0.575935
v -2.463478 0.298138 -0.215688
v -2.419548 0.599300 -1.058429
v -2.475561 0.595264 -1.048073
v -2.408636 0.531014 -1.043029
v -2.427608 0.523086 -0.622226
v -2.408340 0.543885 -0.869396
v -2.402736 0.548611 -0.907887
v -2.456151 0.537009 -0.872381
v -2.409629 0.537194 -0.830675
v -2.327389 0.555311 -1.057770
v -2.358018 0.529430 -1.044583
v -2.527484 0.496837 -0.914456
v -2.518840 0.514785 -0.914854
v -2.431530 0.520094 -0.578242
v -2.406618 0.499559 -1.027382
v -2.327120 0.498585 -1.029611
v -2.332140 0.603029 -1.038647
v -2.336042 0.600266 -1.062045
v -1.963881 0.610747 -1.039932
v -2.274250 0.603179 -0.992709
v -2.328890 0.600880 -0.983534
v -2.402151 0.557451 -0.932256
v -2.398504 0.571809 -0.950994
v -2.334158 0.589645 -1.069516
v -2.495224 0.417376 -0.756005
v -2.469427 0.524752 -0.760292
v -2.416739 0.530039 -0.744554
v -2.393720 0.435504 -0.970805
v -2.440985 0.507764 -0.448507
v -2.492797 0.507645 -0.561057
v -2.497364 0.499408 -0.447667
v -2.456555 0.486227 -0.177120
v -2.511827 0.454570 -0.905439
v -2.318291 0.435755 -0.974998
v -2.360143 0.297355 -0.863399
v -2.281063 0.297178 -0.863838
v -2.039317 0.595085 -1.053735
v -2.247874 0.600150 -1.060637
v -2.040942 0.581953 -1.055258
v -2.250892 0.589554 -1.068497
v -2.250286 0.582504 -1.067864
v -2.042389 0.571209 -1.052673
v -1.974807 0.589821 -1.046419
v -2.041930 0.558038 -1.047425
v -2.243009 0.542822 -1.051467
v -2.058781 0.498339 -1.020863
v -2.077144 0.436509 -0.971577
v -1.983480 0.571664 -1.044257
v -1.991705 0.555992 -1.039290
v -2.011049 0.498592 -1.014531
v -2.027441 0.434993 -0.965617
v -2.113960 0.296725 -0.863304
v -2.053634 0.296841 -0.861999
v -2.541489 0.478498 -0.775548
v -2.539527 0.492943 -0.773051
v -2.526299 0.442599 -0.767280
v -2.549679 0.468394 -0.656564
v -2.548897 0.481520 -0.654462
v -2.534505 0.435433 -0.651179
v -2.555534 0.462957 -0.564383
v -2.553301 0.477007 -0.562913
v -2.540876 0.431237 -0.564563
v -2.559977 0.457498 -0.478626
v -2.557288 0.471583 -0.469502
v -2.546128 0.427680 -0.486343
v -2.554339 0.411473 -0.210932
v -2.527445 0.387170 -0.111152
v -2.465158 0.298487 -0.193780
v -2.570061 0.432147 -0.084179
v -2.568592 0.442570 -0.078434
v -2.569879 0.440566 -0.158558
v -2.568296 0.432318 -0.154987
v -2.515907 0.476159 -0.175370
v -2.525986 0.466318 -0.036771
v -2.566391 0.425524 -0.200437
v -2.568313 0.443806 -0.233865
v -2.548798 0.463236 -0.169419
v -2.561712 0.459897 -0.263203
v -2.501469 0.494507 -0.388286
v -2.549294 0.457119 -0.058393
v -2.553644 0.431332 -0.089242
v -2.552916 0.431538 -0.157260
v -2.562739 0.421379 -0.188911
v -2.548224 0.421696 -0.187773
v -2.553969 0.411490 -0.197056
v -2.544076 0.413414 -0.195874
v -2.526829 0.388978 -0.194220
v -2.532912 0.430740 -0.162878
v -2.533036 0.415757 -0.191434
v -2.530640 0.430049 -0.097272
vn -0.6985 -0.6802 0.2223
vn -0.6531 -0.6038 0.4571
vn -0.4831 -0.6631 0.5717
vn -0.9615 -0.0896 0.2597
vn -0.4968 -0.5249 0.6911
vn -0.9267 0.0495 0.3726
vn -0.3056 0.8357 -0.4564
vn -0.7823 0.5925 -0.1922
vn -0.7046 0.6891 -0.1694
vn -0.2377 0.9117 -0.3352
vn -0.0417 0.9887 -0.1438
vn -0.3043 0.8058 -0.5080
vn -0.1737 0.9839 -0.0426
vn -0.3126 0.9491 -0.0378
vn -0.1712 0.9833 -0.0623
vn -0.2335 -0.4953 0.8367
vn -0.1095 0.2578 0.9600
vn -0.6843 0.2982 0.6655
vn -0.8477 -0.5230 0.0886
vn -0.7328 -0.6774 0.0647
vn -0.6597 -0.7504 0.0415
vn -0.0847 0.9122 0.4009
vn -0.2083 0.9757 -0.0684
vn -0.1130 -0.4459 0.8879
vn -0.1640 0.9845 -0.0625
vn -0.1719 0.9777 -0.1209
vn -0.2537 0.9605 -0.1146
vn -0.1639 0.9765 -0.1397
vn -0.0751 -0.3631 0.9287
vn -0.0274 -0.4429 0.8962
vn 0.0018 -0.3825 0.9240
vn -0.9886 -0.0037 0.1505
vn -0.1697 -0.5553 0.8142
vn 0.0180 0.8624 0.5059
vn -0.0075 0.9994 0.0351
vn -0.0704 0.9967 -0.0399
vn -0.2370 0.7978 -0.5544
vn -0.2875 0.9091 -0.3015
vn -0.7151 0.6931 -0.0909
vn -0.7458 -0.6578 0.1054
vn -0.8436 -0.5189 0.1380
vn -0.2749 0.9597 -0.0583
vn -0.1284 0.9863 -0.1032
vn -0.1205 0.9905 -0.0663
vn -0.6027 -0.5716 0.5568
vn 0.0038 0.1468 0.9892
vn -0.3613 0.8931 0.2681
vn -0.1682 0.9833 -0.0693
vn -0.3234 0.9450 -0.0492
vn -0.1799 0.9813 -0.0679
vn -0.7178 -0.6292 0.2981
vn -0.1301 -0.6516 0.7473
vn 0.0008 -0.5581 0.8298
vn -0.1492 -0.6457 0.7489
vn -0.0095 -0.6430 0.7658
vn 0.0847 0.3130 0.9460
vn 0.0135 0.9951 0.0980
vn -0.0196 0.8721 0.4890
vn 0.1086 -0.0807 0.9908
vn 0.0151 0.2526 0.9675
vn 0.0339 -0.2364 0.9711
vn 0.0986 -0.3071 0.9466
vn 0.1357 0.0836 0.9872
vn 0.0454 -0.4496 0.8921
vn 0.0992 -0.3950 0.9133
vn 0.0754 -0.5306 0.8443
vn 0.0482 -0.6248 0.7793
vn 0.1513 -0.2524 0.9557
vn 0.1377 -0.3904 0.9103
vn 0.1222 -0.5183 0.8464
vn 0.0848 -0.6165 0.7828
vn 0.0013 -0.6126 0.7904
vn 0.0137 -0.6137 0.7894
vn 0.0298 -0.6036 0.7967
vn -0.8076 0.5893 0.0221
vn -0.9840 -0.1418 0.1078
vn -0.7767 -0.6185 0.1191
vn -0.9785 -0.1877 0.0853
vn -0.8404 0.5416 0.0194
vn -0.7559 -0.6475 0.0968
vn -0.7239 -0.6846 0.0852
vn -0.9884 -0.1335 0.0719
vn -0.8068 0.5907 0.0103
vn -0.7651 -0.6378 0.0884
vn -0.9928 -0.1056 0.0561
vn -0.7904 0.6126 -0.0062
vn -0.7653 -0.6394 0.0747
vn -0.9451 -0.3258 0.0250
vn -0.8411 -0.5408 0.0050
vn -0.6541 -0.7555 0.0363
vn -0.7783 -0.6275 0.0230
vn -0.9633 0.2685 0.0062
vn -0.8575 0.5145 0.0055
vn -0.2150 0.9766 0.0007
vn -0.2020 0.9794 0.0007
vn -0.3097 0.9505 -0.0269
vn -0.9006 -0.4303 0.0612
vn -0.9946 0.0996 0.0305
vn -0.5423 0.8391 -0.0430
vn -0.2868 0.9562 -0.0589
vn -0.1853 0.9817 -0.0442
vn -0.2629 0.9632 -0.0559
vn -0.6960 -0.7175 0.0282
vn -0.7340 0.6788 -0.0225
vn -0.2922 0.9547 -0.0561
vn -0.5092 0.8603 -0.0240
vn -0.5302 0.8479 0.0018
vn -0.9064 0.4224 0.0030
vn -0.0505 -0.9987 0.0002
vn -0.0552 -0.9984 0.0084
vn -0.6882 -0.7247 -0.0351
vn -0.0165 -0.9888 -0.1485
vn -0.5417 -0.8046 -0.2433
vn -0.1345 -0.8714 -0.4718
vn -0.5025 -0.7328 -0.4587
vn -0.1356 -0.4073 -0.9032
vn -0.8432 -0.5308 -0.0854
vn -0.6268 -0.5090 -0.5900
vn -0.5750 -0.7885 -0.2181
vn -0.7049 -0.7093 0.0052
vn -0.1368 -0.9906 -0.0040
vn -0.2881 0.9576 0.0010
vn -0.7270 -0.6866 0.0024
vn -0.9520 -0.3061 0.0032
vn -0.7113 -0.7029 0.0024
vn -0.7000 -0.6802 -0.2177
vn -0.6260 -0.6240 -0.4676
vn -0.8440 -0.5198 -0.1318
vn -0.9632 -0.0896 -0.2533
vn -0.5014 -0.5249 -0.6878
vn -0.6063 -0.5716 -0.5528
vn -0.3026 0.8356 0.4584
vn -0.7810 0.5925 0.1974
vn -0.2850 0.9092 0.3035
vn -0.2355 0.9117 0.3368
vn -0.0674 0.9915 0.1112
vn -0.2078 0.9757 0.0698
vn -0.1697 0.9854 0.0137
vn -0.1641 0.9836 0.0752
vn -0.3124 0.9491 0.0398
vn -0.2391 -0.4953 -0.8352
vn -0.1159 0.2579 -0.9592
vn -0.0813 -0.3632 -0.9282
vn -0.7332 -0.6774 -0.0598
vn -0.8476 -0.5241 -0.0833
vn -0.8246 -0.5632 -0.0529
vn -0.0873 0.9122 -0.4003
vn -0.3631 0.8931 -0.2658
vn -0.7034 0.6891 0.1740
vn -0.1188 -0.4459 -0.8872
vn -0.1644 0.9855 0.0421
vn -0.1696 0.9753 0.1414
vn -0.1882 0.9696 0.1567
vn -0.2529 0.9605 0.1162
vn -0.9291 0.0495 -0.3665
vn -0.0334 -0.4429 -0.8960
vn -0.9896 -0.0037 -0.1439
vn -0.7145 0.6931 0.0957
vn -0.1751 -0.5553 -0.8130
vn -0.0047 -0.5581 -0.8298
vn 0.0146 0.8624 -0.5060
vn -0.0077 0.9994 -0.0351
vn -0.2462 0.7960 0.5530
vn -0.0028 0.1468 -0.9892
vn -0.7464 -0.6578 -0.1004
vn -0.7245 -0.6846 -0.0804
vn -0.2745 0.9597 0.0601
vn -0.1189 0.9882 0.0968
vn -0.6887 0.2982 -0.6609
vn -0.4869 -0.6631 -0.5685
vn -0.1351 -0.6516 -0.7465
vn -0.0042 -0.3825 -0.9240
vn -0.3009 0.8058 0.5100
vn -0.1677 0.9833 0.0705
vn -0.3231 0.9450 0.0514
vn -0.2918 0.9547 0.0580
vn -0.7198 -0.6292 -0.2933
vn -0.1818 0.8796 0.4396
vn -0.1792 0.9815 0.0677
vn -0.0145 -0.6430 -0.7657
vn -0.1542 -0.6457 -0.7479
vn 0.0146 -0.6176 -0.7863
vn 0.0785 0.3129 -0.9465
vn -0.0524 0.9964 -0.0665
vn 0.0158 0.4317 -0.9019
vn 0.1151 -0.0140 -0.9933
vn -0.0228 0.8721 -0.4888
vn 0.1291 0.0836 -0.9881
vn -0.0700 0.9967 0.0405
vn 0.0087 0.2525 -0.9676
vn 0.1044 -0.3300 -0.9382
vn 0.0395 -0.4496 -0.8924
vn 0.0271 -0.2362 -0.9713
vn 0.0697 -0.5306 -0.8447
vn 0.0932 -0.3949 -0.9140
vn 0.0432 -0.6248 -0.7796
vn 0.1420 -0.2589 -0.9554
vn 0.1317 -0.3904 -0.9112
vn 0.1158 -0.5198 -0.8464
vn 0.0777 -0.6229 -0.7785
vn 0.0143 -0.6126 -0.7902
vn 0.0085 -0.6137 -0.7895
vn -0.8077 0.5893 -0.0166
vn -0.7775 -0.6185 -0.1139
vn -0.9847 -0.1418 -0.1013
vn -0.9791 -0.1877 -0.0789
vn -0.8405 0.5416 -0.0138
vn -0.7565 -0.6475 -0.0918
vn -0.9889 -0.1334 -0.0653
vn -0.8068 0.5907 -0.0050
vn -0.7657 -0.6378 -0.0834
vn -0.9932 -0.1054 -0.0499
vn -0.7903 0.6126 0.0113
vn -0.7657 -0.6394 -0.0697
vn -0.6961 -0.7175 -0.0236
vn -0.9453 -0.3258 -0.0188
vn -0.7784 -0.6275 -0.0178
vn -0.9633 0.2685 0.0002
vn -0.6880 -0.7247 0.0396
vn -0.1924 0.9793 0.0621
vn -0.2625 0.9632 0.0577
vn -0.3095 0.9505 0.0289
vn -0.9010 -0.4303 -0.0552
vn -0.9947 0.0996 -0.0239
vn -0.5420 0.8391 0.0466
vn -0.2864 0.9562 0.0608
vn -0.7338 0.6788 0.0273
vn -0.5089 0.8604 0.0273
vn -0.8575 0.5145 0.0002
vn -0.0553 -0.9984 -0.0080
vn -0.5401 -0.8046 0.2469
vn -0.0154 -0.9888 0.1488
vn -0.4995 -0.7328 0.4621
vn -0.1313 -0.8714 0.4727
vn -0.8426 -0.5307 0.0909
vn -0.5736 -0.7885 0.2219
vn -0.6229 -0.5090 0.5941
vn -0.8281 -0.5588 -0.0451
vn -0.7049 -0.7093 -0.0006
vn -0.1296 -0.4073 0.9040
vn -0.1930 0.8566 -0.4785
vn 0.0139 0.4473 0.8943
vn -0.1194 0.9909 0.0630
vt 0.229079 0.514249
vt 0.233319 0.548525
vt 0.210103 0.515292
vt 0.204248 0.487228
vt 0.195365 0.489314
vt 0.194760 0.484545
vt 0.194356 0.469494
vt 0.206267 0.484545
vt 0.194760 0.482310
vt 0.183455 0.471878
vt 0.168717 0.464129
vt 0.178609 0.462340
vt 0.287826 0.463878
vt 0.292469 0.476694
vt 0.276319 0.463282
vt 0.188300 0.487228
vt 0.173966 0.483502
vt 0.187290 0.483502
vt 0.318108 0.543459
vt 0.421873 0.511865
vt 0.424901 0.536305
vt 0.174370 0.481416
vt 0.175985 0.474859
vt 0.176591 0.496468
vt 0.299535 0.464027
vt 0.222013 0.463878
vt 0.226051 0.474161
vt 0.208286 0.458466
vt 0.174774 0.490804
vt 0.165689 0.499001
vt 0.155797 0.494679
vt 0.222417 0.495025
vt 0.180830 0.502131
vt 0.155192 0.483502
vt 0.153778 0.478286
vt 0.153375 0.465470
vt 0.189107 0.460552
vt 0.206065 0.469047
vt 0.173966 0.489362
vt 0.155192 0.489362
vt 0.174370 0.487275
vt 0.221004 0.490554
vt 0.264812 0.514249
vt 0.251891 0.547780
vt 0.259563 0.474757
vt 0.234934 0.463133
vt 0.261582 0.462835
vt 0.205258 0.494530
vt 0.155192 0.486483
vt 0.185473 0.486977
vt 0.187290 0.489362
vt 0.352225 0.465666
vt 0.319521 0.478035
vt 0.312859 0.464474
vt 0.225445 0.504860
vt 0.191732 0.516735
vt 0.162459 0.507496
vt 0.215150 0.553592
vt 0.171948 0.524187
vt 0.072351 0.468896
vt 0.131501 0.461665
vt 0.128473 0.478505
vt 0.074168 0.471578
vt 0.130290 0.481188
vt 0.130694 0.482827
vt 0.075581 0.473814
vt 0.037209 0.464942
vt 0.153778 0.484146
vt 0.134196 0.496813
vt 0.132379 0.494130
vt 0.155192 0.492342
vt 0.134600 0.498452
vt 0.132107 0.492663
vt 0.076792 0.476943
vt 0.062909 0.517402
vt 0.067880 0.538760
vt 0.041449 0.468221
vt 0.045284 0.471351
vt 0.057397 0.484018
vt 0.038729 0.510326
vt 0.162031 0.521950
vt 0.073104 0.535182
vt 0.055945 0.540100
vt 0.259967 0.492640
vt 0.259765 0.496068
vt 0.262389 0.505009
vt 0.293882 0.496366
vt 0.294084 0.493385
vt 0.295901 0.504711
vt 0.316089 0.513057
vt 0.320732 0.496366
vt 0.320732 0.493087
vt 0.321136 0.504264
vt 0.345967 0.496366
vt 0.348389 0.493087
vt 0.344150 0.503668
vt 0.455789 0.513504
vt 0.488897 0.535560
vt 0.431160 0.536305
vt 0.463662 0.495919
vt 0.441052 0.495025
vt 0.465075 0.493534
vt 0.488897 0.469243
vt 0.488897 0.478035
vt 0.477390 0.482804
vt 0.428535 0.499346
vt 0.418441 0.495770
vt 0.437418 0.488467
vt 0.371202 0.478632
vt 0.434390 0.467454
vt 0.435197 0.480718
vt 0.425709 0.503668
vt 0.409357 0.492491
vt 0.353436 0.478184
vt 0.470930 0.488318
vt 0.488897 0.488616
vt 0.488897 0.493981
vt 0.488897 0.499793
vt 0.462249 0.499495
vt 0.442263 0.496664
vt 0.442465 0.499793
vt 0.432169 0.500241
vt 0.433986 0.502774
vt 0.429746 0.503519
vt 0.431563 0.504860
vt 0.431160 0.512014
vt 0.434188 0.506053
vt 0.441657 0.503966
vt 0.460028 0.504413
vt 0.768200 0.583800
vt 0.769000 0.583700
vt 0.768800 0.587100
vt 0.307400 0.586300
vt 0.307500 0.588500
vt 0.306200 0.587700
vt 0.488897 0.482953
vt 0.488897 0.495919
vt 0.488897 0.514249
vt 0.488897 0.504413
vt 0.748715 0.514547
vt 0.744273 0.548824
vt 0.725700 0.548078
vt 0.773546 0.493385
vt 0.806068 0.491565
vt 0.772536 0.500688
vt 0.806875 0.471894
vt 0.771527 0.490703
vt 0.771729 0.475204
vt 0.817777 0.474278
vt 0.832716 0.466529
vt 0.825246 0.477259
vt 0.689968 0.464027
vt 0.701677 0.463431
vt 0.685527 0.476843
vt 0.812932 0.489479
vt 0.827265 0.485753
vt 0.826458 0.493056
vt 0.555921 0.512014
vt 0.659686 0.543608
vt 0.552892 0.536305
vt 0.827063 0.483667
vt 0.815960 0.483369
vt 0.806471 0.484710
vt 0.824641 0.498719
vt 0.678461 0.464176
vt 0.755780 0.464176
vt 0.769710 0.464623
vt 0.751743 0.474459
vt 0.806673 0.486946
vt 0.835542 0.468049
vt 0.755377 0.495323
vt 0.756790 0.490852
vt 0.820401 0.504382
vt 0.838772 0.476544
vt 0.842133 0.485902
vt 0.843547 0.480686
vt 0.812124 0.462803
vt 0.842133 0.488734
vt 0.712982 0.514547
vt 0.661705 0.513206
vt 0.718231 0.475055
vt 0.742860 0.463431
vt 0.813941 0.485753
vt 0.767691 0.515590
vt 0.809500 0.518986
vt 0.841528 0.496930
vt 0.822824 0.464740
vt 0.625569 0.465815
vt 0.658475 0.478184
vt 0.624357 0.478184
vt 0.752348 0.505158
vt 0.802030 0.461611
vt 0.665137 0.464623
vt 0.829284 0.526438
vt 0.762442 0.553890
vt 0.809701 0.541779
vt 0.919115 0.459577
vt 0.861917 0.462112
vt 0.941927 0.459711
vt 0.917298 0.477885
vt 0.878618 0.490671
vt 0.936678 0.463436
vt 0.844152 0.467870
vt 0.510300 0.582600
vt 0.500600 0.574100
vt 0.511200 0.580800
vt 0.863129 0.493354
vt 0.915885 0.480120
vt 0.861312 0.459907
vt 0.862725 0.494844
vt 0.881480 0.496364
vt 0.914674 0.483250
vt 0.853273 0.511863
vt 0.932439 0.466864
vt 0.938369 0.469994
vt 0.943632 0.500239
vt 0.948628 0.516632
vt 0.939225 0.528828
vt 0.922066 0.523910
vt 0.718029 0.492938
vt 0.715405 0.505158
vt 0.718029 0.496366
vt 0.683912 0.496664
vt 0.683710 0.493534
vt 0.681893 0.504860
vt 0.657062 0.496515
vt 0.657062 0.493385
vt 0.656658 0.504413
vt 0.631827 0.496515
vt 0.629606 0.493087
vt 0.633644 0.503817
vt 0.552085 0.503668
vt 0.522005 0.513504
vt 0.514334 0.495919
vt 0.536742 0.495025
vt 0.535531 0.496664
vt 0.543606 0.467603
vt 0.542597 0.480718
vt 0.500606 0.482804
vt 0.549259 0.499346
vt 0.559353 0.495770
vt 0.540578 0.488467
vt 0.606592 0.478781
vt 0.568437 0.492491
vt 0.506864 0.488318
vt 0.512719 0.493534
vt 0.515545 0.499495
vt 0.545625 0.500241
vt 0.535329 0.499942
vt 0.364000 0.586800
vt 0.361900 0.586300
vt 0.362700 0.584600
vt 0.546634 0.512014
vt 0.536137 0.503966
vt 0.543808 0.506202
vt 0.546634 0.536305
vt 0.548249 0.503519
vt 0.517765 0.504413
vt 0.544010 0.502774
vt 0.546230 0.504860
vt 0.185473 0.481118
vt 0.199201 0.459360
vt 0.031960 0.461217
vt 0.803827 0.489660
vt 0.803626 0.487573
vt 0.822602 0.489809
vt 0.716212 0.463133
vt 0.357600 0.584400
vt 0.363000 0.587700
s 1
g off
g Defense_def
usemtl def
f 3882/4425/3870 3884/4426/3871 3885/4427/3872
f 3886/4428/3873 3888/4429/3874 3889/4430/3875
f 3890/4431/3876 3892/4432/3877 3893/4433/3878
f 3894/4434/3879 3896/4435/3880 3897/4436/3881
f 3898/4437/3882 3899/4438/3883 3900/4439/3884
f 3901/4440/3885 3903/4441/3886 3904/4442/3887
f 3905/4443/3888 3907/4444/3889 3908/4445/3890
f 3894/4434/3879 3910/4446/3891 3895/4447/3892
f 3893/4433/3878 3894/4434/3879 3890/4431/3876
f 3911/4448/3893 3901/4440/3885 3888/4429/3874
f 3898/4437/3882 3912/4449/3894 3899/4438/3883
f 3913/4450/3895 3914/4451/3896 3915/4452/3897
f 3886/4428/3873 3893/4433/3878 3892/4432/3877
f 3902/4453/3898 3917/4454/3899 3918/4455/3900
f 3892/4432/3877 3920/4456/3901 3886/4428/3873
f 3888/4429/3874 3922/4457/3902 3911/4448/3893
f 3922/4457/3902 3917/4454/3899 3911/4448/3893
f 3895/4447/3892 3924/4458/3903 3925/4459/3904
f 3896/4435/3880 3925/4459/3904 3928/4460/3905
f 3929/4461/3906 3891/4462/3907 3890/4431/3876
f 3903/4463/3886 3924/4464/3903 3910/4465/3891
f 3891/4462/3907 3919/4466/3908 3892/4432/3877
f 3932/4467/3909 3905/4443/3888 3883/4468/3910
f 3933/4469/3911 3916/4470/3912 3934/4471/3913
f 3913/4450/3895 3916/4470/3912 3914/4451/3896
f 3904/4442/3887 3893/4433/3878 3889/4430/3875
f 3885/4427/3872 3922/4457/3902 3887/4472/3914
f 3902/4453/3898 3931/4473/3915 3903/4441/3886
f 3903/4463/3886 3909/4474/3916 3904/4475/3887
f 3890/4431/3876 3897/4436/3881 3929/4461/3906
f 3936/4476/3917 3938/4477/3918 3921/4478/3919
f 3885/4427/3872 3941/4479/3920 3882/4425/3870
f 3891/4462/3907 3915/4452/3897 3914/4451/3896
f 3889/4430/3875 3901/4440/3885 3904/4442/3887
f 3921/4478/3919 3899/4438/3883 3912/4449/3894
f 3935/4480/3921 3923/4481/3922 3922/4457/3902
f 3920/4456/3901 3887/4472/3914 3886/4428/3873
f 3943/4482/3923 3942/4483/3924 3935/4480/3921
f 3885/4427/3872 3943/4482/3923 3935/4480/3921
f 3945/4484/3925 3926/4485/3926 3946/4486/3927
f 3947/4487/3928 3946/4486/3927 3948/4488/3929
f 3947/4487/3928 3949/4489/3930 3950/4490/3931
f 3951/4491/3932 3945/4484/3925 3947/4487/3928
f 3926/4485/3926 3925/4459/3904 3946/4486/3927
f 3925/4492/3904 3948/4493/3929 3946/4494/3927
f 3948/4493/3929 3931/4495/3915 3949/4496/3930
f 3950/4490/3931 3952/4497/3933 3953/4498/3934
f 3949/4489/3930 3918/4455/3900 3952/4497/3933
f 3918/4455/3900 3923/4481/3922 3952/4497/3933
f 3954/4499/3935 3952/4497/3933 3923/4481/3922
f 3955/4500/3936 3923/4481/3922 3942/4483/3924
f 3947/4487/3928 3956/4501/3937 3951/4491/3932
f 3950/4490/3931 3957/4502/3938 3956/4501/3937
f 3953/4498/3934 3958/4503/3939 3957/4502/3938
f 3954/4499/3935 3959/4504/3940 3958/4503/3939
f 3955/4500/3936 3944/4505/3941 3960/4506/3942
f 3955/4500/3936 3961/4507/3943 3959/4504/3940
f 3900/4439/3884 3933/4469/3911 3934/4471/3913
f 3920/4456/3901 3963/4508/3944 3964/4509/3945
f 3914/4451/3896 3963/4508/3944 3919/4466/3908
f 3882/4425/3870 3965/4510/3946 3932/4467/3909
f 3941/4479/3920 3964/4509/3945 3965/4510/3946
f 3963/4508/3944 3967/4511/3947 3964/4509/3945
f 3963/4508/3944 3899/4438/3883 3966/4512/3948
f 3932/4467/3909 3968/4513/3949 3906/4514/3950
f 3965/4510/3946 3967/4511/3947 3968/4513/3949
f 3966/4512/3948 3970/4515/3951 3967/4511/3947
f 3966/4512/3948 3938/4477/3918 3969/4516/3952
f 3968/4513/3949 3971/4517/3953 3906/4514/3950
f 3968/4513/3949 3970/4515/3951 3971/4517/3953
f 3883/4468/3910 3882/4425/3870 3932/4467/3909
f 3969/4516/3952 3973/4518/3954 3970/4515/3951
f 3938/4477/3918 3972/4519/3955 3969/4516/3952
f 3971/4517/3953 3974/4520/3956 3906/4514/3950
f 3970/4515/3951 3974/4520/3956 3971/4517/3953
f 3974/4520/3956 3907/4444/3889 3906/4514/3950
f 3976/4521/3957 3978/4522/3958 3979/4523/3959
f 3980/4524/3960 3982/4525/3961 3983/4526/3962
f 3939/4527/3963 3985/4528/3964 3986/4529/3965
f 3987/4530/3966 3988/4531/3967 3982/4525/3961
f 3988/4531/3967 3990/4532/3968 3982/4525/3961
f 3991/4533/3969 3940/4534/3970 3984/4535/3971
f 3988/4531/3967 3987/4530/3966 3975/4536/3972
f 3973/4518/3954 3989/4537/3973 3988/4531/3967
f 3972/4519/3955 3991/4533/3969 3989/4537/3973
f 3991/4533/3969 3937/4538/3974 3936/4476/3917
f 3989/4537/3973 3984/4535/3971 3990/4532/3968
f 3984/4535/3971 3992/4539/3975 3990/4532/3968
f 3986/4529/3965 3994/4540/3976 3992/4539/3975
f 3990/4532/3968 3983/4526/3962 3982/4525/3961
f 3992/4539/3975 3995/4541/3977 3983/4526/3962
f 3980/4524/3960 3997/4542/3978 3998/4543/3979
f 3981/4544/3980 3998/4543/3979 3999/4545/3981
f 4000/4546/3982 3999/4545/3981 4001/4547/3983
f 4002/4548/3984 4001/4547/3983 4003/4549/3985
f 4004/4550/3986 4005/4551/3987 4006/4552/3988
f 3976/4521/3957 4006/4552/3988 4007/4553/3989
f 3979/4523/3959 4004/4550/3986 3976/4521/3957
f 3982/4525/3961 4000/4546/3982 3987/4530/3966
f 3987/4530/3966 4002/4548/3984 3975/4536/3972
f 3975/4536/3972 4004/4550/3986 3907/4444/3889
f 4004/4550/3986 3908/4445/3890 3907/4444/3889
f 3908/4554/3890 3979/4555/3959 3962/4556/3990
f 4007/4553/3989 3999/4545/3981 3998/4543/3979
f 4006/4552/3988 4001/4547/3983 3999/4545/3981
f 4001/4557/3983 4005/4558/3987 4003/4559/3985
f 4003/4549/3985 4004/4550/3986 4002/4548/3984
f 4005/4551/3987 4004/4550/3986 4003/4549/3985
f 3993/4560/3991 3986/4529/3965 3985/4528/3964
f 3996/4561/3992 3983/4526/3962 3995/4541/3977
f 3977/4562/3993 4007/4553/3989 4008/4563/3994
f 4008/4563/3994 3998/4543/3979 3997/4542/3978
f 4009/4564/3995 4011/4565/3996 4012/4566/3997
f 4013/4567/3998 4015/4568/3999 4016/4569/4000
f 4017/4570/4001 4019/4571/4002 4020/4572/4003
f 4021/4573/4004 4023/4574/4005 4024/4575/4006
f 4025/4576/4007 4026/4577/4008 4027/4578/4009
f 4028/4579/4010 4030/4580/4011 4031/4581/4012
f 4032/4582/4013 4034/4583/4014 4035/4584/4015
f 4021/4573/4004 4036/4585/4016 4037/4586/4017
f 4018/4587/4018 4021/4573/4004 4037/4586/4017
f 4038/4588/4019 4028/4579/4010 4031/4581/4012
f 4025/4576/4007 4027/4578/4009 4039/4589/4020
f 4040/4590/4021 4041/4591/4022 4042/4592/4023
f 4013/4567/3998 4018/4587/4018 4014/4593/4024
f 4031/4581/4012 4045/4594/4025 4038/4588/4019
f 4019/4571/4002 4046/4595/4026 4047/4596/4027
f 4015/4568/3999 4049/4597/4028 4016/4569/4000
f 4049/4597/4028 4045/4594/4025 4050/4598/4029
f 4024/4575/4006 4052/4599/4030 4036/4585/4016
f 4023/4574/4005 4051/4600/4031 4024/4575/4006
f 4020/4572/4003 4057/4601/4032 4017/4570/4001
f 4030/4580/4011 4052/4599/4030 4058/4602/4033
f 4020/4572/4003 4047/4596/4027 4042/4592/4023
f 4059/4603/4034 4034/4583/4014 4033/4604/4035
f 4060/4605/4036 4043/4606/4037 4042/4592/4023
f 4040/4590/4021 4042/4592/4023 4043/4606/4037
f 4029/4607/4038 4018/4587/4018 4037/4586/4017
f 4010/4608/4039 4049/4597/4028 4062/4609/4040
f 4031/4581/4012 4058/4602/4033 4044/4610/4041
f 4030/4580/4011 4037/4586/4017 4036/4585/4016
f 4017/4570/4001 4022/4611/4042 4021/4573/4004
f 4063/4612/4043 4064/4613/4044 4065/4614/4045
f 4010/4608/4039 4067/4615/4046 4016/4569/4000
f 4020/4572/4003 4041/4591/4022 4056/4616/4047
f 4014/4593/4024 4028/4579/4010 4015/4568/3999
f 4048/4617/4048 4027/4578/4009 4064/4613/4044
f 4062/4609/4040 4050/4598/4029 4068/4618/4049
f 4046/4595/4026 4016/4569/4000 4067/4615/4046
f 4069/4619/4050 4068/4618/4049 4070/4620/4051
f 4010/4608/4039 4069/4619/4050 4011/4565/3996
f 4071/4621/4052 4054/4622/4053 4053/4623/4054
f 4073/4624/4055 4072/4625/4056 4071/4621/4052
f 4077/4626/4057 4071/4621/4052 4053/4623/4054
f 4054/4622/4053 4051/4600/4031 4055/4627/4058
f 4074/4628/4059 4051/4629/4031 4072/4630/4056
f 4074/4631/4059 4058/4602/4033 4052/4599/4030
f 4076/4632/4060 4079/4633/4061 4075/4634/4062
f 4075/4634/4062 4044/4610/4041 4058/4602/4033
f 4044/4610/4041 4050/4598/4029 4045/4594/4025
f 4080/4635/4063 4079/4633/4061 4078/4636/4064
f 4081/4637/4065 4050/4598/4029 4080/4635/4063
f 4073/4624/4055 4082/4638/4066 4076/4632/4060
f 4076/4632/4060 4083/4639/4067 4078/4636/4064
f 4078/4636/4064 4084/4640/4068 4080/4635/4063
f 4080/4635/4063 4085/4641/4069 4081/4637/4065
f 4081/4637/4065 4070/4620/4051 4068/4618/4049
f 4081/4637/4065 4087/4642/4070 4086/4643/4071
f 4026/4577/4008 4060/4605/4036 4027/4578/4009
f 4046/4595/4026 4089/4644/4072 4047/4596/4027
f 4042/4592/4023 4089/4644/4072 4060/4605/4036
f 4009/4564/3995 4090/4645/4073 4067/4615/4046
f 4067/4615/4046 4088/4646/4074 4046/4595/4026
f 4089/4644/4072 4091/4647/4075 4092/4648/4076
f 4089/4644/4072 4027/4578/4009 4060/4605/4036
f 4059/4603/4034 4093/4649/4077 4090/4645/4073
f 4090/4645/4073 4091/4647/4075 4088/4646/4074
f 4092/4648/4076 4094/4650/4078 4095/4651/4079
f 4092/4648/4076 4064/4613/4044 4027/4578/4009
f 4093/4649/4077 4033/4604/4035 4096/4652/4080
f 4093/4649/4077 4094/4650/4078 4091/4647/4075
f 4012/4566/3997 4059/4603/4034 4009/4564/3995
f 4095/4651/4079 4097/4653/4081 4098/4654/4082
f 4064/4613/4044 4098/4654/4082 4065/4614/4045
f 4096/4652/4080 4033/4604/4035 4099/4655/4083
f 4094/4650/4078 4099/4655/4083 4097/4653/4081
f 4099/4655/4083 4032/4582/4013 4100/4656/4084
f 4101/4657/4085 3978/4522/3958 3977/4562/3993
f 4103/4658/4086 4105/4659/4087 4106/4660/4088
f 4066/4661/4089 4107/4662/4090 4108/4663/4091
f 4109/4664/4092 4105/4659/4087 4110/4665/4093
f 4111/4666/4094 4110/4665/4093 4105/4659/4087
f 4066/4661/4089 4113/4667/4095 4107/4662/4090
f 4100/4656/4084 4110/4665/4093 4099/4655/4083
f 4112/4668/4096 4097/4653/4081 4110/4665/4093
f 4113/4667/4095 4098/4654/4082 4112/4668/4096
f 4113/4667/4095 4063/4612/4043 4065/4614/4045
f 4112/4668/4096 4107/4662/4090 4113/4667/4095
f 4114/4669/4097 4107/4662/4090 4111/4666/4094
f 3994/4540/3976 4108/4663/4091 4114/4669/4097
f 4104/4670/4098 4111/4666/4094 4105/4659/4087
f 3995/4541/3977 4114/4669/4097 4104/4670/4098
f 4103/4658/4086 3997/4542/3978 3996/4561/3992
f 4106/4660/4088 4115/4671/4099 4103/4658/4086
f 4117/4672/4100 4116/4673/4101 4106/4660/4088
f 4119/4674/4102 4118/4675/4103 4117/4676/4100
f 4121/4677/4104 4122/4678/4105 4123/4679/4106
f 4101/4657/4085 4122/4678/4105 4121/4677/4104
f 4102/4680/4107 4101/4657/4085 4121/4677/4104
f 4105/4659/4087 4117/4672/4100 4106/4660/4088
f 4109/4664/4092 4119/4681/4102 4117/4672/4100
f 4100/4656/4084 4121/4677/4104 4119/4681/4102
f 4035/4584/4015 4121/4677/4104 4032/4582/4013
f 4116/4673/4101 4124/4682/4108 4115/4671/4099
f 4118/4683/4103 4122/4678/4105 4116/4673/4101
f 4118/4683/4103 4120/4684/4109 4123/4679/4106
f 4120/4684/4109 4119/4681/4102 4121/4677/4104
f 4123/4679/4106 4120/4684/4109 4121/4677/4104
f 3993/4560/3991 3985/4528/3964 4108/4663/4091
f 3996/4561/3992 4104/4670/4098 4103/4658/4086
f 3977/4562/3993 4124/4682/4108 4101/4657/4085
f 4008/4563/3994 4115/4671/4099 4124/4682/4108
f 3882/4425/3870 3883/4468/3910 3884/4426/3871
f 3886/4428/3873 3887/4472/3914 3888/4429/3874
f 3890/4431/3876 3891/4462/3907 3892/4432/3877
f 3894/4434/3879 3895/4447/3892 3896/4435/3880
f 3901/4440/3885 3902/4453/3898 3903/4441/3886
f 3905/4443/3888 3906/4514/3950 3907/4444/3889
f 3894/4434/3879 3909/4685/3916 3910/4446/3891
f 3893/4433/3878 3909/4685/3916 3894/4434/3879
f 3911/4448/3893 3902/4453/3898 3901/4440/3885
f 3886/4428/3873 3889/4430/3875 3893/4433/3878
f 3902/4453/3898 3911/4448/3893 3917/4454/3899
f 3892/4432/3877 3919/4466/3908 3920/4456/3901
f 3888/4429/3874 3887/4472/3914 3922/4457/3902
f 3922/4457/3902 3923/4481/3922 3917/4454/3899
f 3895/4447/3892 3910/4446/3891 3924/4458/3903
f 3896/4435/3880 3895/4447/3892 3925/4459/3904
f 3929/4461/3906 3930/4686/4110 3891/4462/3907
f 3903/4441/3886 3931/4473/3915 3924/4458/3903
f 3891/4462/3907 3914/4451/3896 3919/4466/3908
f 3932/4467/3909 3906/4514/3950 3905/4443/3888
f 3933/4469/3911 3914/4451/3896 3916/4470/3912
f 3904/4442/3887 3909/4685/3916 3893/4433/3878
f 3885/4427/3872 3935/4480/3921 3922/4457/3902
f 3902/4453/3898 3918/4455/3900 3931/4473/3915
f 3903/4463/3886 3910/4465/3891 3909/4474/3916
f 3890/4431/3876 3894/4434/3879 3897/4436/3881
f 3936/4476/3917 3937/4538/3974 3938/4477/3918
f 3885/4427/3872 3887/4472/3914 3941/4479/3920
f 3891/4462/3907 3930/4686/4110 3915/4452/3897
f 3889/4430/3875 3888/4429/3874 3901/4440/3885
f 3921/4478/3919 3938/4477/3918 3899/4438/3883
f 3935/4480/3921 3942/4483/3924 3923/4481/3922
f 3920/4456/3901 3941/4479/3920 3887/4472/3914
f 3943/4482/3923 3944/4505/3941 3942/4483/3924
f 3885/4427/3872 3884/4426/3871 3943/4482/3923
f 3945/4484/3925 3927/4687/4111 3926/4485/3926
f 3947/4487/3928 3945/4484/3925 3946/4486/3927
f 3947/4487/3928 3948/4488/3929 3949/4489/3930
f 3951/4491/3932 3927/4687/4111 3945/4484/3925
f 3926/4485/3926 3928/4460/3905 3925/4459/3904
f 3925/4459/3904 3924/4458/3903 3948/4488/3929
f 3948/4488/3929 3924/4458/3903 3931/4473/3915
f 3950/4490/3931 3949/4489/3930 3952/4497/3933
f 3949/4489/3930 3931/4473/3915 3918/4455/3900
f 3918/4455/3900 3917/4454/3899 3923/4481/3922
f 3954/4499/3935 3953/4498/3934 3952/4497/3933
f 3955/4500/3936 3954/4499/3935 3923/4481/3922
f 3947/4487/3928 3950/4490/3931 3956/4501/3937
f 3950/4490/3931 3953/4498/3934 3957/4502/3938
f 3953/4498/3934 3954/4499/3935 3958/4503/3939
f 3954/4499/3935 3955/4500/3936 3959/4504/3940
f 3955/4500/3936 3942/4483/3924 3944/4505/3941
f 3955/4500/3936 3960/4506/3942 3961/4507/3943
f 3900/4439/3884 3899/4438/3883 3933/4469/3911
f 3920/4456/3901 3919/4466/3908 3963/4508/3944
f 3914/4451/3896 3933/4469/3911 3963/4508/3944
f 3882/4425/3870 3941/4479/3920 3965/4510/3946
f 3941/4479/3920 3920/4456/3901 3964/4509/3945
f 3963/4508/3944 3966/4512/3948 3967/4511/3947
f 3963/4508/3944 3933/4469/3911 3899/4438/3883
f 3932/4467/3909 3965/4510/3946 3968/4513/3949
f 3965/4510/3946 3964/4509/3945 3967/4511/3947
f 3966/4512/3948 3969/4516/3952 3970/4515/3951
f 3966/4512/3948 3899/4438/3883 3938/4477/3918
f 3968/4513/3949 3967/4511/3947 3970/4515/3951
f 3969/4516/3952 3972/4519/3955 3973/4518/3954
f 3938/4477/3918 3937/4538/3974 3972/4519/3955
f 3970/4515/3951 3973/4518/3954 3974/4520/3956
f 3974/4520/3956 3975/4536/3972 3907/4444/3889
f 3976/4521/3957 3977/4562/3993 3978/4522/3958
f 3980/4524/3960 3981/4544/3980 3982/4525/3961
f 3986/4529/3965 3984/4535/3971 3940/4534/3970
f 3940/4534/3970 3939/4527/3963 3986/4529/3965
f 3988/4531/3967 3989/4537/3973 3990/4532/3968
f 3991/4533/3969 3936/4476/3917 3940/4534/3970
f 3975/4536/3972 3974/4520/3956 3988/4531/3967
f 3974/4520/3956 3973/4518/3954 3988/4531/3967
f 3973/4518/3954 3972/4519/3955 3989/4537/3973
f 3972/4519/3955 3937/4538/3974 3991/4533/3969
f 3989/4537/3973 3991/4533/3969 3984/4535/3971
f 3984/4535/3971 3986/4529/3965 3992/4539/3975
f 3986/4529/3965 3993/4560/3991 3994/4540/3976
f 3990/4532/3968 3992/4539/3975 3983/4526/3962
f 3992/4539/3975 3994/4540/3976 3995/4541/3977
f 3980/4524/3960 3996/4561/3992 3997/4542/3978
f 3981/4544/3980 3980/4524/3960 3998/4543/3979
f 4000/4546/3982 3981/4544/3980 3999/4545/3981
f 4002/4548/3984 4000/4546/3982 4001/4547/3983
f 3976/4521/3957 4004/4550/3986 4006/4552/3988
f 3982/4525/3961 3981/4544/3980 4000/4546/3982
f 3987/4530/3966 4000/4546/3982 4002/4548/3984
f 3975/4536/3972 4002/4548/3984 4004/4550/3986
f 4004/4550/3986 3979/4523/3959 3908/4445/3890
f 4007/4553/3989 4006/4552/3988 3999/4545/3981
f 4006/4552/3988 4005/4551/3987 4001/4547/3983
f 3996/4561/3992 3980/4524/3960 3983/4526/3962
f 3977/4562/3993 3976/4521/3957 4007/4553/3989
f 4008/4563/3994 4007/4553/3989 3998/4543/3979
f 4009/4564/3995 4010/4608/4039 4011/4565/3996
f 4013/4567/3998 4014/4593/4024 4015/4568/3999
f 4017/4570/4001 4018/4587/4018 4019/4571/4002
f 4021/4573/4004 4022/4611/4042 4023/4574/4005
f 4028/4579/4010 4029/4607/4038 4030/4580/4011
f 4032/4582/4013 4033/4604/4035 4034/4583/4014
f 4021/4573/4004 4024/4575/4006 4036/4585/4016
f 4018/4587/4018 4017/4570/4001 4021/4573/4004
f 4038/4588/4019 4015/4568/3999 4028/4579/4010
f 4013/4567/3998 4019/4571/4002 4018/4587/4018
f 4031/4581/4012 4044/4610/4041 4045/4594/4025
f 4019/4571/4002 4013/4567/3998 4046/4595/4026
f 4015/4568/3999 4038/4588/4019 4049/4597/4028
f 4049/4597/4028 4038/4588/4019 4045/4594/4025
f 4024/4575/4006 4051/4600/4031 4052/4599/4030
f 4023/4574/4005 4055/4627/4058 4051/4600/4031
f 4020/4572/4003 4056/4616/4047 4057/4601/4032
f 4030/4688/4011 4036/4689/4016 4052/4690/4030
f 4020/4572/4003 4019/4571/4002 4047/4596/4027
f 4059/4603/4034 4012/4566/3997 4034/4583/4014
f 4060/4605/4036 4061/4691/4112 4043/4606/4037
f 4029/4607/4038 4014/4593/4024 4018/4587/4018
f 4010/4608/4039 4016/4569/4000 4049/4597/4028
f 4031/4581/4012 4030/4580/4011 4058/4602/4033
f 4030/4580/4011 4029/4607/4038 4037/4586/4017
f 4017/4570/4001 4057/4601/4032 4022/4611/4042
f 4063/4612/4043 4048/4617/4048 4064/4613/4044
f 4010/4608/4039 4009/4564/3995 4067/4615/4046
f 4020/4572/4003 4042/4592/4023 4041/4591/4022
f 4014/4593/4024 4029/4607/4038 4028/4579/4010
f 4048/4617/4048 4039/4589/4020 4027/4578/4009
f 4062/4609/4040 4049/4597/4028 4050/4598/4029
f 4046/4595/4026 4013/4567/3998 4016/4569/4000
f 4069/4619/4050 4062/4609/4040 4068/4618/4049
f 4010/4608/4039 4062/4609/4040 4069/4619/4050
f 4071/4621/4052 4072/4625/4056 4054/4622/4053
f 4073/4624/4055 4074/4631/4059 4072/4625/4056
f 4075/4634/4062 4074/4631/4059 4073/4624/4055
f 4077/4626/4057 4073/4624/4055 4071/4621/4052
f 4054/4622/4053 4072/4625/4056 4051/4600/4031
f 4074/4631/4059 4052/4599/4030 4051/4600/4031
f 4074/4631/4059 4075/4634/4062 4058/4602/4033
f 4076/4632/4060 4078/4636/4064 4079/4633/4061
f 4075/4634/4062 4079/4633/4061 4044/4610/4041
f 4044/4610/4041 4079/4633/4061 4050/4598/4029
f 4080/4635/4063 4050/4598/4029 4079/4633/4061
f 4081/4637/4065 4068/4618/4049 4050/4598/4029
f 4073/4624/4055 4077/4626/4057 4082/4638/4066
f 4076/4632/4060 4082/4638/4066 4083/4639/4067
f 4078/4636/4064 4083/4639/4067 4084/4640/4068
f 4080/4635/4063 4084/4640/4068 4085/4641/4069
f 4081/4637/4065 4086/4643/4071 4070/4620/4051
f 4081/4637/4065 4085/4641/4069 4087/4642/4070
f 4026/4577/4008 4061/4691/4112 4060/4605/4036
f 4046/4595/4026 4088/4646/4074 4089/4644/4072
f 4042/4592/4023 4047/4596/4027 4089/4644/4072
f 4009/4564/3995 4059/4603/4034 4090/4645/4073
f 4067/4615/4046 4090/4645/4073 4088/4646/4074
f 4089/4644/4072 4088/4646/4074 4091/4647/4075
f 4089/4644/4072 4092/4648/4076 4027/4578/4009
f 4059/4603/4034 4033/4604/4035 4093/4649/4077
f 4090/4645/4073 4093/4649/4077 4091/4647/4075
f 4092/4648/4076 4091/4647/4075 4094/4650/4078
f 4092/4648/4076 4095/4651/4079 4064/4613/4044
f 4093/4649/4077 4096/4652/4080 4094/4650/4078
f 4095/4651/4079 4094/4650/4078 4097/4653/4081
f 4064/4613/4044 4095/4651/4079 4098/4654/4082
f 4094/4650/4078 4096/4652/4080 4099/4655/4083
f 4099/4655/4083 4033/4604/4035 4032/4582/4013
f 4101/4657/4085 4102/4680/4107 3978/4522/3958
f 4103/4658/4086 4104/4670/4098 4105/4659/4087
f 3985/4528/3964 3939/4527/3963 4108/4663/4091
f 3939/4527/3963 4066/4661/4089 4108/4663/4091
f 4111/4666/4094 4112/4668/4096 4110/4665/4093
f 4066/4661/4089 4063/4612/4043 4113/4667/4095
f 4109/4664/4092 4110/4665/4093 4100/4656/4084
f 4110/4665/4093 4097/4653/4081 4099/4655/4083
f 4112/4668/4096 4098/4654/4082 4097/4653/4081
f 4113/4667/4095 4065/4614/4045 4098/4654/4082
f 4112/4668/4096 4111/4666/4094 4107/4662/4090
f 4114/4669/4097 4108/4663/4091 4107/4662/4090
f 3994/4540/3976 3993/4560/3991 4108/4663/4091
f 4104/4670/4098 4114/4669/4097 4111/4666/4094
f 3995/4541/3977 3994/4540/3976 4114/4669/4097
f 4103/4658/4086 4115/4671/4099 3997/4542/3978
f 4106/4660/4088 4116/4673/4101 4115/4671/4099
f 4117/4676/4100 4118/4675/4103 4116/4692/4101
f 4119/4674/4102 4120/4693/4109 4118/4675/4103
f 4101/4657/4085 4124/4682/4108 4122/4678/4105
f 4105/4659/4087 4109/4664/4092 4117/4672/4100
f 4109/4664/4092 4100/4656/4084 4119/4681/4102
f 4100/4656/4084 4032/4582/4013 4121/4677/4104
f 4035/4584/4015 4102/4680/4107 4121/4677/4104
f 4116/4673/4101 4122/4678/4105 4124/4682/4108
f 4118/4683/4103 4123/4679/4106 4122/4678/4105
f 3996/4561/3992 3995/4541/3977 4104/4670/4098
f 3977/4562/3993 4008/4563/3994 4124/4682/4108
f 4008/4563/3994 3997/4542/3978 4115/4671/4099
