# Blender 3.6.2
# www.blender.org
mtllib llantader.mtl
g LowTire_Mesh
v 0.336472 0.061385 -0.128577
v 0.332647 0.060797 -0.045782
v 0.338101 0.000055 -0.045742
v 0.341978 0.000055 -0.128537
v 0.320598 0.119126 -0.128693
v 0.316926 0.117985 -0.045897
v 0.295325 0.172311 -0.128878
v 0.291895 0.170661 -0.046080
v 0.261622 0.219971 -0.129124
v 0.258515 0.217864 -0.046324
v 0.220456 0.261138 -0.129425
v 0.217744 0.258636 -0.046621
v 0.172798 0.294842 -0.129773
v 0.170543 0.292017 -0.046966
v 0.119614 0.320115 -0.130162
v 0.117868 0.317048 -0.047351
v 0.061875 0.335990 -0.130583
v 0.060682 0.332771 -0.047769
v 0.000546 0.341496 -0.131032
v -0.000059 0.338225 -0.048213
v -0.060782 0.335990 -0.131480
v -0.060799 0.332771 -0.048657
v -0.118522 0.320115 -0.131901
v -0.117986 0.317048 -0.049074
v -0.171705 0.294842 -0.132290
v -0.170660 0.292017 -0.049459
v -0.219364 0.261138 -0.132638
v -0.217862 0.258636 -0.049804
v -0.260529 0.219971 -0.132939
v -0.258633 0.217864 -0.050102
v -0.294233 0.172311 -0.133185
v -0.292013 0.170661 -0.050346
v -0.319505 0.119126 -0.133370
v -0.317043 0.117985 -0.050529
v -0.335380 0.061385 -0.133486
v -0.332766 0.060797 -0.050644
v -0.340886 0.000055 -0.133526
v -0.338220 0.000055 -0.050683
v -0.335380 -0.061275 -0.133486
v -0.332766 -0.060687 -0.050644
v -0.319505 -0.119016 -0.133370
v -0.317043 -0.117875 -0.050529
v -0.294233 -0.172201 -0.133185
v -0.292013 -0.170551 -0.050346
v -0.260530 -0.219861 -0.132939
v -0.258633 -0.217754 -0.050102
v -0.219364 -0.261028 -0.132638
v -0.217862 -0.258526 -0.049804
v -0.171705 -0.294732 -0.132290
v -0.170660 -0.291907 -0.049459
v -0.118521 -0.320005 -0.131901
v -0.117986 -0.316938 -0.049074
v -0.060782 -0.335880 -0.131480
v -0.060799 -0.332660 -0.048657
v 0.000546 -0.341386 -0.131032
v -0.000059 -0.338115 -0.048213
v 0.061875 -0.335880 -0.130583
v 0.060682 -0.332660 -0.047769
v 0.119614 -0.320005 -0.130162
v 0.117868 -0.316938 -0.047351
v 0.172798 -0.294732 -0.129773
v 0.170543 -0.291907 -0.046966
v 0.220456 -0.261028 -0.129425
v 0.217744 -0.258526 -0.046621
v 0.261622 -0.219861 -0.129124
v 0.258515 -0.217754 -0.046324
v 0.295325 -0.172201 -0.128878
v 0.291895 -0.170551 -0.046080
v 0.320598 -0.119016 -0.128693
v 0.316926 -0.117875 -0.045897
v 0.336472 -0.061275 -0.128577
v 0.332647 -0.060687 -0.045782
v 0.329543 0.000055 -0.167736
v 0.324241 0.059100 -0.167775
v 0.324241 -0.058990 -0.167775
v 0.308959 -0.114580 -0.167886
v 0.284627 -0.165783 -0.168064
v 0.252180 -0.211667 -0.168301
v 0.212549 -0.251300 -0.168591
v 0.166666 -0.283748 -0.168926
v 0.115464 -0.308080 -0.169300
v 0.059876 -0.323363 -0.169706
v 0.000832 -0.328665 -0.170137
v -0.058211 -0.323363 -0.170569
v -0.113800 -0.308080 -0.170975
v -0.165001 -0.283748 -0.171349
v -0.210885 -0.251300 -0.171684
v -0.250516 -0.211668 -0.171974
v -0.282964 -0.165783 -0.172211
v -0.307295 -0.114580 -0.172389
v -0.322577 -0.058990 -0.172500
v -0.327879 0.000055 -0.172539
v -0.322577 0.059100 -0.172500
v -0.307295 0.114690 -0.172389
v -0.282964 0.165893 -0.172211
v -0.250516 0.211778 -0.171974
v -0.210885 0.251410 -0.171684
v -0.165002 0.283859 -0.171349
v -0.113800 0.308190 -0.170975
v -0.058211 0.323473 -0.170569
v 0.000832 0.328775 -0.170137
v 0.059875 0.323473 -0.169706
v 0.115464 0.308190 -0.169300
v 0.166666 0.283859 -0.168926
v 0.212548 0.251410 -0.168591
v 0.252180 0.211778 -0.168301
v 0.284627 0.165893 -0.168064
v 0.308959 0.114690 -0.167886
v 0.303329 0.000055 -0.183877
v 0.298453 0.054370 -0.183912
v 0.298453 -0.054260 -0.183912
v 0.284395 -0.105398 -0.184015
v 0.262013 -0.152500 -0.184179
v 0.232164 -0.194708 -0.184397
v 0.195707 -0.231166 -0.184663
v 0.153500 -0.261016 -0.184971
v 0.106399 -0.283399 -0.185316
v 0.055262 -0.297457 -0.185689
v 0.000949 -0.302334 -0.186086
v -0.053365 -0.297457 -0.186483
v -0.104502 -0.283399 -0.186856
v -0.151602 -0.261016 -0.187201
v -0.193809 -0.231166 -0.187509
v -0.230266 -0.194708 -0.187775
v -0.260115 -0.152500 -0.187993
v -0.282498 -0.105398 -0.188157
v -0.296555 -0.054260 -0.188260
v -0.301432 0.000055 -0.188295
v -0.296555 0.054370 -0.188260
v -0.282498 0.105508 -0.188157
v -0.260115 0.152610 -0.187993
v -0.230266 0.194818 -0.187775
v -0.193809 0.231276 -0.187509
v -0.151602 0.261126 -0.187201
v -0.104502 0.283509 -0.186856
v -0.053365 0.297567 -0.186483
v 0.000949 0.302444 -0.186086
v 0.055262 0.297567 -0.185689
v 0.106399 0.283509 -0.185316
v 0.153499 0.261126 -0.184971
v 0.195707 0.231276 -0.184663
v 0.232164 0.194819 -0.184397
v 0.262013 0.152610 -0.184179
v 0.284395 0.105508 -0.184015
v 0.262851 0.000055 -0.191782
v 0.258628 0.047089 -0.191813
v 0.258628 -0.046979 -0.191813
v 0.246455 -0.091262 -0.191902
v 0.227072 -0.132050 -0.192043
v 0.201225 -0.168601 -0.192232
v 0.169656 -0.200171 -0.192463
v 0.133106 -0.226019 -0.192730
v 0.092319 -0.245402 -0.193028
v 0.048037 -0.257576 -0.193351
v 0.001004 -0.261799 -0.193695
v -0.046029 -0.257576 -0.194038
v -0.090310 -0.245402 -0.194362
v -0.131097 -0.226019 -0.194660
v -0.167647 -0.200171 -0.194927
v -0.199216 -0.168601 -0.195158
v -0.225064 -0.132050 -0.195347
v -0.244446 -0.091262 -0.195488
v -0.256620 -0.046979 -0.195577
v -0.260843 0.000055 -0.195608
v -0.256620 0.047089 -0.195577
v -0.244446 0.091372 -0.195488
v -0.225064 0.132160 -0.195347
v -0.199216 0.168711 -0.195158
v -0.167647 0.200281 -0.194927
v -0.131097 0.226129 -0.194660
v -0.090310 0.245512 -0.194362
v -0.046029 0.257686 -0.194038
v 0.001004 0.261909 -0.193695
v 0.048037 0.257686 -0.193351
v 0.092319 0.245512 -0.193028
v 0.133106 0.226129 -0.192730
v 0.169656 0.200281 -0.192463
v 0.201225 0.168711 -0.192232
v 0.227072 0.132160 -0.192043
v 0.246455 0.091372 -0.191902
v 0.232853 0.000055 -0.186625
v 0.229113 0.041708 -0.186652
v 0.229113 -0.041598 -0.186652
v 0.218331 -0.080813 -0.186731
v 0.201168 -0.116935 -0.186856
v 0.178277 -0.149303 -0.187023
v 0.150319 -0.177262 -0.187228
v 0.117952 -0.200152 -0.187464
v 0.081832 -0.217317 -0.187728
v 0.042617 -0.228098 -0.188015
v 0.000965 -0.231839 -0.188319
v -0.040687 -0.228098 -0.188623
v -0.079901 -0.217317 -0.188910
v -0.116022 -0.200152 -0.189174
v -0.148389 -0.177262 -0.189410
v -0.176347 -0.149303 -0.189614
v -0.199237 -0.116935 -0.189782
v -0.216401 -0.080813 -0.189907
v -0.227182 -0.041598 -0.189986
v -0.230922 0.000055 -0.190013
v -0.227182 0.041708 -0.189986
v -0.216401 0.080924 -0.189907
v -0.199237 0.117045 -0.189782
v -0.176347 0.149413 -0.189614
v -0.148389 0.177372 -0.189410
v -0.116022 0.200263 -0.189174
v -0.079901 0.217427 -0.188910
v -0.040687 0.228209 -0.188623
v 0.000965 0.231949 -0.188319
v 0.042617 0.228209 -0.188015
v 0.081832 0.217427 -0.187728
v 0.117952 0.200263 -0.187464
v 0.150319 0.177372 -0.187228
v 0.178277 0.149413 -0.187023
v 0.201168 0.117045 -0.186856
v 0.218331 0.080924 -0.186731
v 0.187017 0.000055 -0.155954
v 0.184013 0.033515 -0.155976
v 0.184013 -0.033405 -0.155976
v 0.175353 -0.064908 -0.156039
v 0.161564 -0.093925 -0.156140
v 0.143177 -0.119927 -0.156274
v 0.120717 -0.142387 -0.156438
v 0.094716 -0.160775 -0.156628
v 0.065700 -0.174564 -0.156840
v 0.034197 -0.183225 -0.157070
v 0.000738 -0.186229 -0.157315
v -0.032721 -0.183225 -0.157559
v -0.064223 -0.174564 -0.157789
v -0.093239 -0.160775 -0.158001
v -0.119240 -0.142387 -0.158191
v -0.141700 -0.119927 -0.158355
v -0.160087 -0.093925 -0.158490
v -0.173876 -0.064908 -0.158591
v -0.182537 -0.033405 -0.158654
v -0.185541 0.000055 -0.158676
v -0.182537 0.033515 -0.158654
v -0.173876 0.065018 -0.158591
v -0.160087 0.094035 -0.158490
v -0.141700 0.120037 -0.158355
v -0.119240 0.142497 -0.158191
v -0.093239 0.160885 -0.158001
v -0.064223 0.174674 -0.157789
v -0.032721 0.183335 -0.157559
v 0.000738 0.186339 -0.157315
v 0.034197 0.183335 -0.157070
v 0.065700 0.174674 -0.156840
v 0.094716 0.160885 -0.156628
v 0.120717 0.142497 -0.156438
v 0.143177 0.120037 -0.156274
v 0.161564 0.094035 -0.156140
v 0.175353 0.065018 -0.156039
v 0.175202 0.000055 -0.156040
v 0.172389 0.031393 -0.156061
v 0.172389 -0.031283 -0.156061
v 0.164277 -0.060788 -0.156120
v 0.151363 -0.087964 -0.156214
v 0.134142 -0.112317 -0.156340
v 0.113107 -0.133352 -0.156494
v 0.088755 -0.150574 -0.156672
v 0.061580 -0.163488 -0.156870
v 0.032076 -0.171599 -0.157086
v 0.000738 -0.174413 -0.157315
v -0.030599 -0.171599 -0.157544
v -0.060103 -0.163488 -0.157759
v -0.087278 -0.150574 -0.157958
v -0.111631 -0.133352 -0.158136
v -0.132665 -0.112317 -0.158289
v -0.149887 -0.087964 -0.158415
v -0.162800 -0.060788 -0.158510
v -0.170911 -0.031283 -0.158569
v -0.173725 0.000055 -0.158589
v -0.170911 0.031393 -0.158569
v -0.162800 0.060898 -0.158510
v -0.149887 0.088074 -0.158415
v -0.132665 0.112427 -0.158289
v -0.111631 0.133462 -0.158136
v -0.087278 0.150684 -0.157958
v -0.060103 0.163598 -0.157759
v -0.030599 0.171710 -0.157544
v 0.000738 0.174523 -0.157315
v 0.032076 0.171710 -0.157086
v 0.061580 0.163598 -0.156870
v 0.088755 0.150684 -0.156672
v 0.113107 0.133462 -0.156494
v 0.134142 0.112427 -0.156340
v 0.151363 0.088074 -0.156214
v 0.164277 0.060898 -0.156120
v 0.141125 0.000055 -0.142924
v 0.138859 0.025289 -0.142940
v 0.138859 -0.025179 -0.142940
v 0.132328 -0.048937 -0.142988
v 0.121929 -0.070821 -0.143064
v 0.108062 -0.090431 -0.143165
v 0.091124 -0.107369 -0.143289
v 0.071515 -0.121237 -0.143432
v 0.049632 -0.131635 -0.143592
v 0.025874 -0.138167 -0.143766
v 0.000641 -0.140433 -0.143950
v -0.024593 -0.138167 -0.144135
v -0.048350 -0.131635 -0.144308
v -0.070233 -0.121237 -0.144468
v -0.089843 -0.107369 -0.144611
v -0.106780 -0.090431 -0.144735
v -0.120647 -0.070821 -0.144836
v -0.131046 -0.048937 -0.144912
v -0.137578 -0.025179 -0.144960
v -0.139844 0.000055 -0.144977
v -0.137578 0.025289 -0.144960
v -0.131046 0.049048 -0.144912
v -0.120647 0.070931 -0.144836
v -0.106780 0.090541 -0.144735
v -0.089843 0.107479 -0.144611
v -0.070233 0.121347 -0.144468
v -0.048350 0.131746 -0.144308
v -0.024593 0.138277 -0.144135
v 0.000641 0.140543 -0.143950
v 0.025874 0.138277 -0.143766
v 0.049632 0.131746 -0.143592
v 0.071515 0.121347 -0.143432
v 0.091124 0.107479 -0.143289
v 0.108062 0.090541 -0.143165
v 0.121929 0.070931 -0.143064
v 0.132328 0.049048 -0.142988
v 0.130080 0.000055 -0.171417
v 0.127995 0.023268 -0.171432
v 0.127995 -0.023158 -0.171432
v 0.121987 -0.045013 -0.171476
v 0.112421 -0.065144 -0.171546
v 0.099665 -0.083183 -0.171639
v 0.084084 -0.098764 -0.171753
v 0.066046 -0.111521 -0.171885
v 0.045915 -0.121087 -0.172032
v 0.024061 -0.127095 -0.172192
v 0.000848 -0.129180 -0.172361
v -0.022364 -0.127095 -0.172531
v -0.044218 -0.121087 -0.172691
v -0.064348 -0.111521 -0.172838
v -0.082387 -0.098764 -0.172970
v -0.097968 -0.083183 -0.173083
v -0.110725 -0.065144 -0.173177
v -0.120290 -0.045013 -0.173246
v -0.126298 -0.023158 -0.173290
v -0.128383 0.000055 -0.173306
v -0.126298 0.023268 -0.173290
v -0.120290 0.045123 -0.173246
v -0.110725 0.065254 -0.173177
v -0.097968 0.083293 -0.173083
v -0.082387 0.098874 -0.172970
v -0.064348 0.111631 -0.172838
v -0.044218 0.121197 -0.172691
v -0.022364 0.127205 -0.172531
v 0.000848 0.129290 -0.172361
v 0.024061 0.127205 -0.172192
v 0.045915 0.121197 -0.172032
v 0.066046 0.111631 -0.171885
v 0.084084 0.098874 -0.171753
v 0.099665 0.083293 -0.171639
v 0.112421 0.065254 -0.171546
v 0.121987 0.045123 -0.171476
v 0.121940 0.000055 -0.179341
v 0.119988 0.021796 -0.179355
v 0.119988 -0.021686 -0.179355
v 0.114361 -0.042154 -0.179396
v 0.105402 -0.061008 -0.179462
v 0.093454 -0.077903 -0.179549
v 0.078862 -0.092496 -0.179656
v 0.061967 -0.104444 -0.179779
v 0.043115 -0.113403 -0.179917
v 0.022646 -0.119030 -0.180066
v 0.000906 -0.120982 -0.180225
v -0.020835 -0.119030 -0.180384
v -0.041302 -0.113403 -0.180534
v -0.060156 -0.104444 -0.180671
v -0.077050 -0.092496 -0.180795
v -0.091643 -0.077903 -0.180901
v -0.103590 -0.061008 -0.180989
v -0.112549 -0.042154 -0.181054
v -0.118176 -0.021686 -0.181095
v -0.120128 0.000055 -0.181109
v -0.118176 0.021796 -0.181095
v -0.112549 0.042265 -0.181054
v -0.103590 0.061118 -0.180989
v -0.091643 0.078013 -0.180901
v -0.077050 0.092606 -0.180795
v -0.060156 0.104554 -0.180671
v -0.041302 0.113513 -0.180534
v -0.020835 0.119140 -0.180384
v 0.000906 0.121092 -0.180225
v 0.022646 0.119140 -0.180066
v 0.043115 0.113513 -0.179917
v 0.061967 0.104554 -0.179779
v 0.078862 0.092606 -0.179656
v 0.093454 0.078013 -0.179549
v 0.105402 0.061118 -0.179462
v 0.114361 0.042265 -0.179396
v 0.077933 0.000055 -0.186503
v 0.076692 0.013882 -0.186512
v 0.076692 -0.013772 -0.186512
v 0.073113 -0.026790 -0.186538
v 0.067415 -0.038781 -0.186579
v 0.059816 -0.049526 -0.186635
v 0.050535 -0.058807 -0.186703
v 0.039791 -0.066406 -0.186781
v 0.027800 -0.072104 -0.186869
v 0.014782 -0.075683 -0.186964
v 0.000956 -0.076924 -0.187065
v -0.012871 -0.075683 -0.187166
v -0.025889 -0.072104 -0.187261
v -0.037879 -0.066406 -0.187349
v -0.048624 -0.058807 -0.187427
v -0.057905 -0.049526 -0.187495
v -0.065503 -0.038781 -0.187551
v -0.071201 -0.026790 -0.187592
v -0.074779 -0.013772 -0.187618
v -0.076021 0.000055 -0.187627
v -0.074779 0.013882 -0.187618
v -0.071201 0.026900 -0.187592
v -0.065503 0.038891 -0.187551
v -0.057905 0.049636 -0.187495
v -0.048624 0.058917 -0.187427
v -0.037879 0.066516 -0.187349
v -0.025889 0.072214 -0.187261
v -0.012871 0.075793 -0.187166
v 0.000956 0.077034 -0.187065
v 0.014782 0.075793 -0.186964
v 0.027800 0.072214 -0.186869
v 0.039791 0.066516 -0.186781
v 0.050535 0.058917 -0.186703
v 0.059816 0.049636 -0.186635
v 0.067415 0.038891 -0.186579
v 0.073113 0.026900 -0.186538
v 0.072451 0.000055 -0.193195
v 0.071299 0.012889 -0.193203
v 0.071299 -0.012779 -0.193203
v 0.067978 -0.024861 -0.193227
v 0.062689 -0.035991 -0.193266
v 0.055636 -0.045964 -0.193318
v 0.047022 -0.054578 -0.193381
v 0.037049 -0.061631 -0.193453
v 0.025921 -0.066920 -0.193535
v 0.013838 -0.070242 -0.193623
v 0.001004 -0.071394 -0.193717
v -0.011829 -0.070242 -0.193811
v -0.023911 -0.066920 -0.193899
v -0.035041 -0.061631 -0.193980
v -0.045013 -0.054578 -0.194053
v -0.053627 -0.045964 -0.194116
v -0.060680 -0.035991 -0.194168
v -0.065969 -0.024861 -0.194206
v -0.069290 -0.012779 -0.194230
v -0.070443 0.000055 -0.194239
v -0.069290 0.012889 -0.194230
v -0.065969 0.024971 -0.194206
v -0.060680 0.036101 -0.194168
v -0.053627 0.046074 -0.194116
v -0.045013 0.054688 -0.194053
v -0.035041 0.061741 -0.193980
v -0.023911 0.067030 -0.193899
v -0.011829 0.070352 -0.193811
v 0.001004 0.071504 -0.193717
v 0.013838 0.070352 -0.193623
v 0.025921 0.067030 -0.193535
v 0.037049 0.061741 -0.193453
v 0.047022 0.054688 -0.193381
v 0.055636 0.046074 -0.193318
v 0.062689 0.036101 -0.193266
v 0.067978 0.024972 -0.193227
v 0.068045 0.000055 -0.210406
v 0.066966 0.012075 -0.210414
v 0.066966 -0.011965 -0.210414
v 0.063855 -0.023281 -0.210437
v 0.058901 -0.033704 -0.210473
v 0.052296 -0.043045 -0.210522
v 0.044229 -0.051113 -0.210580
v 0.034889 -0.057718 -0.210649
v 0.024465 -0.062672 -0.210725
v 0.013150 -0.065783 -0.210808
v 0.001130 -0.066862 -0.210895
v -0.010890 -0.065783 -0.210983
v -0.022206 -0.062672 -0.211066
v -0.032628 -0.057718 -0.211142
v -0.041969 -0.051113 -0.211210
v -0.050037 -0.043045 -0.211269
v -0.056642 -0.033704 -0.211317
v -0.061595 -0.023281 -0.211354
v -0.064706 -0.011965 -0.211376
v -0.065785 0.000055 -0.211384
v -0.064706 0.012075 -0.211376
v -0.061595 0.023391 -0.211354
v -0.056642 0.033814 -0.211317
v -0.050037 0.043155 -0.211269
v -0.041969 0.051223 -0.211210
v -0.032628 0.057828 -0.211142
v -0.022206 0.062782 -0.211066
v -0.010890 0.065893 -0.210983
v 0.001130 0.066972 -0.210895
v 0.013150 0.065893 -0.210808
v 0.024465 0.062782 -0.210725
v 0.034889 0.057828 -0.210649
v 0.044229 0.051223 -0.210580
v 0.052296 0.043155 -0.210522
v 0.058901 0.033814 -0.210473
v 0.063855 0.023391 -0.210437
v 0.060580 0.000055 -0.211985
v 0.059621 0.010732 -0.211992
v 0.059621 -0.010622 -0.211992
v 0.056858 -0.020674 -0.212012
v 0.052459 -0.029933 -0.212044
v 0.046591 -0.038230 -0.212087
v 0.039425 -0.045396 -0.212140
v 0.031128 -0.051264 -0.212200
v 0.021869 -0.055664 -0.212268
v 0.011818 -0.058427 -0.212341
v 0.001141 -0.059386 -0.212419
v -0.009536 -0.058427 -0.212497
v -0.019587 -0.055664 -0.212571
v -0.028846 -0.051264 -0.212638
v -0.037143 -0.045396 -0.212699
v -0.044309 -0.038230 -0.212751
v -0.050177 -0.029933 -0.212794
v -0.054576 -0.020674 -0.212826
v -0.057339 -0.010622 -0.212847
v -0.058298 0.000055 -0.212854
v -0.057339 0.010732 -0.212847
v -0.054576 0.020784 -0.212826
v -0.050177 0.030043 -0.212794
v -0.044309 0.038340 -0.212751
v -0.037143 0.045506 -0.212699
v -0.028846 0.051374 -0.212638
v -0.019587 0.055774 -0.212571
v -0.009536 0.058537 -0.212497
v 0.001141 0.059496 -0.212419
v 0.011818 0.058537 -0.212341
v 0.021869 0.055774 -0.212268
v 0.031128 0.051374 -0.212200
v 0.039425 0.045506 -0.212140
v 0.046591 0.038340 -0.212087
v 0.052459 0.030043 -0.212044
v 0.056858 0.020784 -0.212012
v 0.030309 0.000055 -0.192878
v 0.029836 0.005320 -0.192881
v 0.029836 -0.005210 -0.192881
v 0.028473 -0.010166 -0.192891
v 0.026304 -0.014732 -0.192907
v 0.023411 -0.018823 -0.192928
v 0.019877 -0.022356 -0.192954
v 0.015786 -0.025250 -0.192984
v 0.011220 -0.027419 -0.193017
v 0.006265 -0.028782 -0.193053
v 0.001000 -0.029255 -0.193092
v -0.004265 -0.028782 -0.193130
v -0.009221 -0.027419 -0.193167
v -0.013786 -0.025250 -0.193200
v -0.017878 -0.022356 -0.193230
v -0.021411 -0.018823 -0.193256
v -0.024305 -0.014732 -0.193277
v -0.026473 -0.010166 -0.193293
v -0.027836 -0.005210 -0.193303
v -0.028308 0.000055 -0.193306
v -0.027836 0.005320 -0.193303
v -0.026473 0.010276 -0.193293
v -0.024305 0.014842 -0.193277
v -0.021411 0.018933 -0.193256
v -0.017878 0.022467 -0.193230
v -0.013786 0.025360 -0.193200
v -0.009221 0.027529 -0.193167
v -0.004265 0.028892 -0.193130
v 0.001000 0.029365 -0.193092
v 0.006265 0.028892 -0.193053
v 0.011220 0.027529 -0.193017
v 0.015786 0.025360 -0.192984
v 0.019877 0.022467 -0.192954
v 0.023411 0.018933 -0.192928
v 0.026304 0.014842 -0.192907
v 0.028473 0.010276 -0.192891
v 0.000935 0.000055 -0.184275
v 0.323100 0.059084 -0.023509
v 0.328400 0.000055 -0.023470
v 0.307822 0.114659 -0.023621
v 0.283497 0.165849 -0.023798
v 0.251058 0.211720 -0.024035
v 0.211437 0.251342 -0.024325
v 0.165567 0.283782 -0.024660
v 0.114379 0.308107 -0.025034
v 0.058805 0.323386 -0.025440
v -0.000222 0.328686 -0.025871
v -0.059249 0.323386 -0.026303
v -0.114823 0.308107 -0.026709
v -0.166012 0.283782 -0.027083
v -0.211881 0.251342 -0.027418
v -0.251502 0.211720 -0.027707
v -0.283941 0.165849 -0.027944
v -0.308266 0.114659 -0.028122
v -0.323544 0.059084 -0.028234
v -0.328844 0.000055 -0.028272
v -0.323544 -0.058974 -0.028234
v -0.308266 -0.114549 -0.028122
v -0.283941 -0.165739 -0.027944
v -0.251502 -0.211610 -0.027707
v -0.211881 -0.251232 -0.027418
v -0.166012 -0.283672 -0.027083
v -0.114823 -0.307997 -0.026709
v -0.059249 -0.323276 -0.026303
v -0.000222 -0.328576 -0.025871
v 0.058805 -0.323276 -0.025440
v 0.114379 -0.307997 -0.025034
v 0.165567 -0.283672 -0.024660
v 0.211437 -0.251232 -0.024325
v 0.251058 -0.211610 -0.024035
v 0.283497 -0.165738 -0.023798
v 0.307822 -0.114549 -0.023621
v 0.323100 -0.058974 -0.023509
v 0.286841 0.052489 -0.005119
v 0.291549 0.000055 -0.005085
v 0.273269 0.101855 -0.005219
v 0.251663 0.147326 -0.005376
v 0.222848 0.188072 -0.005587
v 0.187654 0.223268 -0.005844
v 0.146909 0.252083 -0.006142
v 0.101439 0.273690 -0.006474
v 0.052074 0.287262 -0.006835
v -0.000358 0.291970 -0.007218
v -0.052791 0.287262 -0.007601
v -0.102156 0.273690 -0.007962
v -0.147624 0.252083 -0.008294
v -0.188370 0.223268 -0.008591
v -0.223565 0.188072 -0.008849
v -0.252380 0.147326 -0.009059
v -0.273987 0.101855 -0.009217
v -0.287558 0.052489 -0.009316
v -0.292265 0.000055 -0.009352
v -0.287558 -0.052379 -0.009317
v -0.273987 -0.101745 -0.009218
v -0.252380 -0.147216 -0.009060
v -0.223565 -0.187962 -0.008849
v -0.188370 -0.223157 -0.008591
v -0.147624 -0.251973 -0.008294
v -0.102156 -0.273580 -0.007962
v -0.052791 -0.287152 -0.007601
v -0.000358 -0.291860 -0.007218
v 0.052074 -0.287152 -0.006835
v 0.101439 -0.273580 -0.006474
v 0.146909 -0.251973 -0.006142
v 0.187654 -0.223158 -0.005844
v 0.222848 -0.187962 -0.005587
v 0.251663 -0.147215 -0.005376
v 0.273269 -0.101745 -0.005219
v 0.286841 -0.052379 -0.005119
v 0.244202 0.044712 0.000402
v 0.248210 0.000055 0.000431
v 0.232643 0.086756 0.000318
v 0.214240 0.125482 0.000183
v 0.189699 0.160186 0.000004
v 0.159726 0.190161 -0.000215
v 0.125023 0.214702 -0.000469
v 0.086298 0.233105 -0.000752
v 0.044255 0.244664 -0.001059
v -0.000401 0.248673 -0.001385
v -0.045057 0.244664 -0.001711
v -0.087100 0.233105 -0.002018
v -0.125825 0.214702 -0.002301
v -0.160528 0.190161 -0.002555
v -0.190502 0.160186 -0.002774
v -0.215042 0.125482 -0.002953
v -0.233445 0.086756 -0.003088
v -0.245003 0.044712 -0.003172
v -0.249012 0.000055 -0.003201
v -0.245003 -0.044602 -0.003172
v -0.233445 -0.086646 -0.003088
v -0.215042 -0.125372 -0.002953
v -0.190502 -0.160076 -0.002774
v -0.160528 -0.190051 -0.002555
v -0.125825 -0.214592 -0.002301
v -0.087100 -0.232995 -0.002018
v -0.045057 -0.244554 -0.001711
v -0.000401 -0.248563 -0.001385
v 0.044255 -0.244554 -0.001059
v 0.086298 -0.232995 -0.000752
v 0.125023 -0.214592 -0.000469
v 0.159726 -0.190051 -0.000215
v 0.189699 -0.160076 0.000004
v 0.214240 -0.125372 0.000183
v 0.232643 -0.086646 0.000318
v 0.244202 -0.044602 0.000402
v 0.193552 0.035463 -0.001741
v 0.196731 0.000055 -0.001718
v 0.184387 0.068798 -0.001808
v 0.169797 0.099504 -0.001915
v 0.150339 0.127019 -0.002057
v 0.126573 0.150786 -0.002230
v 0.099058 0.170244 -0.002431
v 0.068353 0.184835 -0.002656
v 0.035018 0.194000 -0.002899
v -0.000388 0.197179 -0.003158
v -0.035795 0.194000 -0.003417
v -0.069129 0.184835 -0.003660
v -0.099834 0.170244 -0.003885
v -0.127349 0.150786 -0.004086
v -0.151115 0.127019 -0.004259
v -0.170572 0.099504 -0.004401
v -0.185164 0.068798 -0.004508
v -0.194328 0.035462 -0.004575
v -0.197507 0.000055 -0.004598
v -0.194328 -0.035352 -0.004575
v -0.185164 -0.068688 -0.004508
v -0.170572 -0.099394 -0.004401
v -0.151115 -0.126909 -0.004259
v -0.127349 -0.150676 -0.004086
v -0.099834 -0.170134 -0.003885
v -0.069129 -0.184725 -0.003660
v -0.035795 -0.193890 -0.003417
v -0.000388 -0.197069 -0.003158
v 0.035018 -0.193890 -0.002899
v 0.068353 -0.184725 -0.002656
v 0.099058 -0.170134 -0.002431
v 0.126573 -0.150676 -0.002230
v 0.150339 -0.126909 -0.002057
v 0.169797 -0.099394 -0.001915
v 0.184387 -0.068688 -0.001808
v 0.193552 -0.035352 -0.001741
v 0.144909 0.026578 -0.005281
v 0.147290 0.000055 -0.005264
v 0.138045 0.051548 -0.005332
v 0.127115 0.074549 -0.005411
v 0.112539 0.095160 -0.005518
v 0.094738 0.112962 -0.005648
v 0.074127 0.127538 -0.005799
v 0.051127 0.138468 -0.005967
v 0.026158 0.145333 -0.006149
v -0.000365 0.147714 -0.006343
v -0.026886 0.145333 -0.006537
v -0.051856 0.138468 -0.006719
v -0.074857 0.127538 -0.006887
v -0.095466 0.112962 -0.007038
v -0.113269 0.095160 -0.007168
v -0.127844 0.074549 -0.007274
v -0.138774 0.051548 -0.007354
v -0.145639 0.026578 -0.007404
v -0.148020 0.000055 -0.007422
v -0.145639 -0.026467 -0.007404
v -0.138774 -0.051438 -0.007354
v -0.127844 -0.074439 -0.007274
v -0.113269 -0.095050 -0.007168
v -0.095466 -0.112852 -0.007038
v -0.074857 -0.127428 -0.006887
v -0.051856 -0.138358 -0.006719
v -0.026886 -0.145223 -0.006537
v -0.000365 -0.147604 -0.006343
v 0.026158 -0.145223 -0.006149
v 0.051127 -0.138358 -0.005967
v 0.074127 -0.127428 -0.005799
v 0.094738 -0.112852 -0.005648
v 0.112539 -0.095049 -0.005518
v 0.127115 -0.074439 -0.005411
v 0.138045 -0.051438 -0.005332
v 0.144909 -0.026467 -0.005281
v 0.140984 0.025857 -0.008609
v 0.143301 0.000055 -0.008592
v 0.134306 0.050149 -0.008658
v 0.123673 0.072524 -0.008736
v 0.109494 0.092574 -0.008839
v 0.092176 0.109893 -0.008966
v 0.072126 0.124072 -0.009112
v 0.049752 0.134705 -0.009276
v 0.025461 0.141383 -0.009453
v -0.000341 0.143700 -0.009642
v -0.026142 0.141383 -0.009830
v -0.050432 0.134705 -0.010008
v -0.072808 0.124072 -0.010171
v -0.092857 0.109893 -0.010318
v -0.110176 0.092574 -0.010444
v -0.124354 0.072524 -0.010548
v -0.134987 0.050149 -0.010626
v -0.141665 0.025857 -0.010674
v -0.143982 0.000055 -0.010691
v -0.141665 -0.025747 -0.010674
v -0.134987 -0.050039 -0.010626
v -0.124354 -0.072414 -0.010548
v -0.110176 -0.092464 -0.010444
v -0.092857 -0.109783 -0.010318
v -0.072808 -0.123962 -0.010171
v -0.050432 -0.134595 -0.010008
v -0.026142 -0.141273 -0.009830
v -0.000341 -0.143590 -0.009642
v 0.025461 -0.141273 -0.009453
v 0.049752 -0.134595 -0.009276
v 0.072127 -0.123962 -0.009112
v 0.092176 -0.109783 -0.008966
v 0.109495 -0.092464 -0.008839
v 0.123673 -0.072414 -0.008736
v 0.134306 -0.050038 -0.008658
v 0.140984 -0.025746 -0.008609
v 0.141488 0.025857 -0.077600
v 0.143805 0.000055 -0.077583
v 0.134810 0.050149 -0.077649
v 0.124177 0.072524 -0.077727
v 0.109999 0.092574 -0.077830
v 0.092680 0.109893 -0.077957
v 0.072631 0.124072 -0.078103
v 0.050256 0.134705 -0.078267
v 0.025965 0.141383 -0.078444
v 0.000163 0.143700 -0.078633
v -0.025638 0.141383 -0.078821
v -0.049928 0.134705 -0.078999
v -0.072304 0.124072 -0.079162
v -0.092353 0.109893 -0.079309
v -0.109672 0.092574 -0.079435
v -0.123850 0.072524 -0.079539
v -0.134483 0.050149 -0.079617
v -0.141161 0.025857 -0.079665
v -0.143478 0.000055 -0.079682
v -0.141161 -0.025746 -0.079665
v -0.134483 -0.050039 -0.079617
v -0.123850 -0.072414 -0.079539
v -0.109672 -0.092464 -0.079435
v -0.092353 -0.109783 -0.079309
v -0.072304 -0.123962 -0.079162
v -0.049928 -0.134595 -0.078999
v -0.025638 -0.141273 -0.078821
v 0.000164 -0.143590 -0.078633
v 0.025965 -0.141273 -0.078444
v 0.050256 -0.134595 -0.078267
v 0.072631 -0.123962 -0.078103
v 0.092680 -0.109783 -0.077957
v 0.109999 -0.092464 -0.077830
v 0.124177 -0.072414 -0.077727
v 0.134810 -0.050038 -0.077649
v 0.141488 -0.025746 -0.077600
v 0.131664 0.024003 -0.122733
v 0.133815 0.000055 -0.122718
v 0.125466 0.046550 -0.122779
v 0.115598 0.067317 -0.122851
v 0.102437 0.085928 -0.122947
v 0.086363 0.102002 -0.123064
v 0.067753 0.115163 -0.123200
v 0.046986 0.125032 -0.123352
v 0.024440 0.131230 -0.123517
v 0.000493 0.133381 -0.123692
v -0.023455 0.131230 -0.123867
v -0.046001 0.125032 -0.124031
v -0.066767 0.115163 -0.124183
v -0.085378 0.102002 -0.124319
v -0.101452 0.085928 -0.124437
v -0.114612 0.067317 -0.124533
v -0.124481 0.046550 -0.124605
v -0.130679 0.024003 -0.124650
v -0.132830 0.000055 -0.124666
v -0.130679 -0.023893 -0.124650
v -0.124481 -0.046440 -0.124605
v -0.114612 -0.067207 -0.124533
v -0.101452 -0.085818 -0.124437
v -0.085378 -0.101892 -0.124319
v -0.066767 -0.115053 -0.124183
v -0.046001 -0.124922 -0.124031
v -0.023455 -0.131120 -0.123867
v 0.000493 -0.133271 -0.123692
v 0.024440 -0.131120 -0.123517
v 0.046986 -0.124922 -0.123352
v 0.067753 -0.115053 -0.123200
v 0.086363 -0.101892 -0.123064
v 0.102437 -0.085818 -0.122947
v 0.115598 -0.067207 -0.122851
v 0.125466 -0.046440 -0.122779
v 0.131664 -0.023893 -0.122733
v 0.097173 0.017690 -0.134832
v 0.098757 0.000055 -0.134820
v 0.092609 0.034293 -0.134865
v 0.085341 0.049586 -0.134918
v 0.075650 0.063291 -0.134989
v 0.063814 0.075128 -0.135075
v 0.050109 0.084819 -0.135175
v 0.034816 0.092087 -0.135287
v 0.018214 0.096651 -0.135409
v 0.000579 0.098235 -0.135537
v -0.017055 0.096651 -0.135666
v -0.033658 0.092087 -0.135788
v -0.048950 0.084819 -0.135899
v -0.062655 0.075128 -0.135999
v -0.074492 0.063291 -0.136086
v -0.084182 0.049586 -0.136157
v -0.091450 0.034293 -0.136210
v -0.096014 0.017690 -0.136243
v -0.097598 0.000055 -0.136255
v -0.096014 -0.017580 -0.136243
v -0.091450 -0.034183 -0.136210
v -0.084182 -0.049476 -0.136157
v -0.074492 -0.063181 -0.136086
v -0.062655 -0.075018 -0.135999
v -0.048950 -0.084709 -0.135899
v -0.033658 -0.091977 -0.135788
v -0.017055 -0.096541 -0.135666
v 0.000579 -0.098125 -0.135537
v 0.018214 -0.096541 -0.135409
v 0.034816 -0.091977 -0.135287
v 0.050109 -0.084709 -0.135175
v 0.063814 -0.075018 -0.135075
v 0.075650 -0.063181 -0.134989
v 0.085341 -0.049476 -0.134918
v 0.092609 -0.034183 -0.134865
v 0.097173 -0.017580 -0.134832
v 0.000579 0.000055 -0.135537
vn 0.9759 0.1763 -0.1286
vn 0.9744 -0.0000 0.2246
vn 0.9917 -0.0000 -0.1285
vn 0.9296 0.3453 -0.1290
vn 0.9589 0.1737 0.2245
vn 0.8560 0.5005 -0.1295
vn 0.9132 0.3401 0.2243
vn 0.7584 0.6386 -0.1302
vn 0.8407 0.4930 0.2237
vn 0.6396 0.7575 -0.1311
vn 0.7446 0.6291 0.2230
vn 0.5015 0.8550 -0.1321
vn 0.6275 0.7462 0.2222
vn 0.3462 0.9286 -0.1333
vn 0.4914 0.8424 0.2212
vn 0.1773 0.9749 -0.1345
vn 0.3385 0.9149 0.2201
vn 0.0010 0.9907 -0.1357
vn 0.1721 0.9605 0.2188
vn -0.1753 0.9749 -0.1370
vn -0.0016 0.9761 0.2175
vn -0.3443 0.9286 -0.1383
vn -0.1753 0.9605 0.2163
vn -0.4995 0.8550 -0.1394
vn -0.3417 0.9149 0.2151
vn -0.6376 0.7575 -0.1404
vn -0.4946 0.8424 0.2140
vn -0.7565 0.6386 -0.1413
vn -0.6307 0.7462 0.2130
vn -0.8540 0.5005 -0.1420
vn -0.7478 0.6291 0.2121
vn -0.9276 0.3453 -0.1426
vn -0.8439 0.4931 0.2114
vn -0.9739 0.1763 -0.1429
vn -0.9164 0.3401 0.2109
vn -0.9897 -0.0000 -0.1430
vn -0.9620 0.1737 0.2105
vn -0.9739 -0.1763 -0.1429
vn -0.9776 -0.0000 0.2104
vn -0.9276 -0.3453 -0.1426
vn -0.9620 -0.1737 0.2105
vn -0.8540 -0.5005 -0.1420
vn -0.9164 -0.3401 0.2109
vn -0.7565 -0.6386 -0.1413
vn -0.8439 -0.4931 0.2114
vn -0.6376 -0.7575 -0.1404
vn -0.7478 -0.6291 0.2121
vn -0.4995 -0.8550 -0.1394
vn -0.6307 -0.7462 0.2130
vn -0.3443 -0.9286 -0.1383
vn -0.4946 -0.8424 0.2140
vn -0.1753 -0.9749 -0.1370
vn -0.3417 -0.9149 0.2151
vn 0.0010 -0.9907 -0.1357
vn -0.1753 -0.9605 0.2163
vn 0.1773 -0.9749 -0.1345
vn -0.0016 -0.9761 0.2175
vn 0.3462 -0.9286 -0.1333
vn 0.1721 -0.9605 0.2188
vn 0.5014 -0.8550 -0.1321
vn 0.3385 -0.9149 0.2201
vn 0.6396 -0.7575 -0.1311
vn 0.4914 -0.8424 0.2212
vn 0.7584 -0.6386 -0.1302
vn 0.6275 -0.7462 0.2222
vn 0.8560 -0.5005 -0.1295
vn 0.7446 -0.6291 0.2230
vn 0.9296 -0.3453 -0.1290
vn 0.8407 -0.4931 0.2237
vn 0.9759 -0.1763 -0.1286
vn 0.9132 -0.3401 0.2243
vn 0.9589 -0.1737 0.2245
vn 0.7828 0.1408 -0.6061
vn 0.7955 -0.0000 -0.6060
vn 0.7828 -0.1408 -0.6061
vn 0.7457 -0.2756 -0.6066
vn 0.6869 -0.3995 -0.6071
vn 0.6090 -0.5097 -0.6077
vn 0.5141 -0.6045 -0.6084
vn 0.4039 -0.6824 -0.6092
vn 0.2801 -0.7413 -0.6100
vn 0.1452 -0.7784 -0.6108
vn 0.0045 -0.7910 -0.6117
vn -0.1363 -0.7784 -0.6128
vn -0.2711 -0.7413 -0.6140
vn -0.3950 -0.6824 -0.6150
vn -0.5052 -0.6045 -0.6159
vn -0.6000 -0.5097 -0.6166
vn -0.6780 -0.3995 -0.6171
vn -0.7368 -0.2756 -0.6174
vn -0.7739 -0.1408 -0.6175
vn -0.7865 -0.0000 -0.6175
vn -0.7739 0.1408 -0.6175
vn -0.7368 0.2756 -0.6174
vn -0.6780 0.3995 -0.6171
vn -0.6001 0.5097 -0.6166
vn -0.5052 0.6045 -0.6159
vn -0.3950 0.6824 -0.6150
vn -0.2711 0.7413 -0.6140
vn -0.1363 0.7784 -0.6128
vn 0.0045 0.7910 -0.6117
vn 0.1452 0.7784 -0.6108
vn 0.2801 0.7413 -0.6100
vn 0.4039 0.6824 -0.6092
vn 0.5141 0.6045 -0.6084
vn 0.6090 0.5097 -0.6077
vn 0.6869 0.3995 -0.6071
vn 0.7457 0.2756 -0.6066
vn 0.3667 0.0651 -0.9280
vn 0.3726 -0.0000 -0.9280
vn 0.3667 -0.0651 -0.9280
vn 0.3495 -0.1274 -0.9282
vn 0.3222 -0.1847 -0.9285
vn 0.2862 -0.2356 -0.9288
vn 0.2424 -0.2794 -0.9291
vn 0.1914 -0.3154 -0.9294
vn 0.1342 -0.3427 -0.9298
vn 0.0719 -0.3600 -0.9302
vn 0.0068 -0.3658 -0.9307
vn -0.0583 -0.3600 -0.9311
vn -0.1206 -0.3427 -0.9317
vn -0.1778 -0.3154 -0.9321
vn -0.2288 -0.2794 -0.9325
vn -0.2726 -0.2356 -0.9328
vn -0.3086 -0.1847 -0.9331
vn -0.3359 -0.1274 -0.9332
vn -0.3531 -0.0651 -0.9333
vn -0.3590 -0.0000 -0.9333
vn -0.3531 0.0651 -0.9333
vn -0.3359 0.1274 -0.9332
vn -0.3086 0.1846 -0.9331
vn -0.2726 0.2356 -0.9328
vn -0.2288 0.2794 -0.9325
vn -0.1778 0.3154 -0.9321
vn -0.1206 0.3427 -0.9317
vn -0.0583 0.3600 -0.9311
vn 0.0068 0.3658 -0.9307
vn 0.0719 0.3600 -0.9302
vn 0.1342 0.3427 -0.9298
vn 0.1914 0.3154 -0.9294
vn 0.2424 0.2794 -0.9291
vn 0.2862 0.2356 -0.9288
vn 0.3222 0.1847 -0.9285
vn 0.3495 0.1274 -0.9282
vn 0.0214 0.0025 -0.9998
vn 0.0216 -0.0000 -0.9998
vn 0.0214 -0.0025 -0.9998
vn 0.0205 -0.0049 -0.9998
vn 0.0193 -0.0070 -0.9998
vn 0.0178 -0.0089 -0.9998
vn 0.0162 -0.0105 -0.9998
vn 0.0143 -0.0120 -0.9998
vn 0.0122 -0.0132 -0.9998
vn 0.0098 -0.0140 -0.9999
vn 0.0073 -0.0143 -0.9999
vn 0.0048 -0.0140 -0.9999
vn 0.0024 -0.0132 -0.9999
vn 0.0003 -0.0120 -0.9999
vn -0.0016 -0.0105 -0.9999
vn -0.0032 -0.0089 -1.0000
vn -0.0047 -0.0070 -1.0000
vn -0.0059 -0.0049 -1.0000
vn -0.0067 -0.0025 -1.0000
vn -0.0070 -0.0000 -1.0000
vn -0.0067 0.0025 -1.0000
vn -0.0059 0.0049 -1.0000
vn -0.0047 0.0070 -1.0000
vn -0.0032 0.0089 -1.0000
vn -0.0016 0.0105 -0.9999
vn 0.0003 0.0120 -0.9999
vn 0.0024 0.0132 -0.9999
vn 0.0048 0.0140 -0.9999
vn 0.0073 0.0143 -0.9999
vn 0.0098 0.0140 -0.9999
vn 0.0122 0.0132 -0.9998
vn 0.0143 0.0120 -0.9998
vn 0.0162 0.0105 -0.9998
vn 0.0178 0.0089 -0.9998
vn 0.0193 0.0070 -0.9998
vn 0.0205 0.0049 -0.9998
vn -0.3547 -0.0654 -0.9327
vn -0.3606 -0.0000 -0.9327
vn -0.3547 0.0654 -0.9327
vn -0.3377 0.1281 -0.9325
vn -0.3107 0.1858 -0.9322
vn -0.2746 0.2372 -0.9318
vn -0.2304 0.2814 -0.9315
vn -0.1790 0.3175 -0.9312
vn -0.1213 0.3445 -0.9309
vn -0.0586 0.3615 -0.9305
vn 0.0068 0.3674 -0.9300
vn 0.0722 0.3615 -0.9296
vn 0.1349 0.3446 -0.9290
vn 0.1926 0.3175 -0.9285
vn 0.2440 0.2814 -0.9281
vn 0.2882 0.2372 -0.9277
vn 0.3242 0.1858 -0.9275
vn 0.3513 0.1281 -0.9274
vn 0.3683 0.0654 -0.9274
vn 0.3742 -0.0000 -0.9273
vn 0.3683 -0.0654 -0.9274
vn 0.3513 -0.1281 -0.9274
vn 0.3242 -0.1858 -0.9275
vn 0.2882 -0.2372 -0.9277
vn 0.2440 -0.2814 -0.9281
vn 0.1926 -0.3175 -0.9285
vn 0.1349 -0.3446 -0.9290
vn 0.0722 -0.3615 -0.9296
vn 0.0068 -0.3674 -0.9300
vn -0.0586 -0.3615 -0.9305
vn -0.1213 -0.3446 -0.9309
vn -0.1790 -0.3175 -0.9312
vn -0.2304 -0.2814 -0.9315
vn -0.2746 -0.2372 -0.9318
vn -0.3107 -0.1858 -0.9322
vn -0.3377 -0.1281 -0.9325
vn -0.2973 -0.0550 -0.9532
vn -0.3023 -0.0000 -0.9532
vn -0.2973 0.0550 -0.9532
vn -0.2826 0.1076 -0.9532
vn -0.2594 0.1559 -0.9531
vn -0.2289 0.1989 -0.9529
vn -0.1919 0.2359 -0.9526
vn -0.1490 0.2664 -0.9523
vn -0.1007 0.2896 -0.9518
vn -0.0481 0.3043 -0.9514
vn 0.0070 0.3093 -0.9510
vn 0.0619 0.3043 -0.9506
vn 0.1146 0.2896 -0.9503
vn 0.1629 0.2664 -0.9500
vn 0.2058 0.2359 -0.9497
vn 0.2428 0.1989 -0.9495
vn 0.2733 0.1559 -0.9492
vn 0.2965 0.1077 -0.9489
vn 0.3112 0.0550 -0.9487
vn 0.3162 -0.0000 -0.9487
vn 0.3112 -0.0550 -0.9487
vn 0.2965 -0.1077 -0.9489
vn 0.2733 -0.1559 -0.9492
vn 0.2428 -0.1989 -0.9495
vn 0.2058 -0.2359 -0.9497
vn 0.1629 -0.2664 -0.9500
vn 0.1146 -0.2896 -0.9503
vn 0.0619 -0.3043 -0.9506
vn 0.0069 -0.3093 -0.9510
vn -0.0481 -0.3043 -0.9514
vn -0.1007 -0.2896 -0.9519
vn -0.1490 -0.2664 -0.9523
vn -0.1919 -0.2359 -0.9526
vn -0.2289 -0.1989 -0.9529
vn -0.2594 -0.1559 -0.9531
vn -0.2826 -0.1077 -0.9532
vn -0.1660 -0.0313 -0.9856
vn -0.1688 -0.0000 -0.9857
vn -0.1660 0.0313 -0.9856
vn -0.1579 0.0614 -0.9855
vn -0.1450 0.0891 -0.9854
vn -0.1278 0.1138 -0.9853
vn -0.1066 0.1350 -0.9851
vn -0.0819 0.1522 -0.9849
vn -0.0542 0.1651 -0.9848
vn -0.0241 0.1732 -0.9846
vn 0.0072 0.1760 -0.9844
vn 0.0385 0.1732 -0.9841
vn 0.0686 0.1651 -0.9839
vn 0.0963 0.1522 -0.9836
vn 0.1210 0.1350 -0.9834
vn 0.1422 0.1138 -0.9833
vn 0.1594 0.0891 -0.9832
vn 0.1723 0.0614 -0.9831
vn 0.1804 0.0313 -0.9831
vn 0.1832 -0.0000 -0.9831
vn 0.1804 -0.0313 -0.9831
vn 0.1723 -0.0614 -0.9831
vn 0.1594 -0.0891 -0.9832
vn 0.1422 -0.1138 -0.9833
vn 0.1210 -0.1350 -0.9834
vn 0.0963 -0.1522 -0.9836
vn 0.0686 -0.1651 -0.9839
vn 0.0385 -0.1732 -0.9841
vn 0.0072 -0.1760 -0.9844
vn -0.0241 -0.1732 -0.9846
vn -0.0542 -0.1651 -0.9848
vn -0.0819 -0.1522 -0.9849
vn -0.1066 -0.1350 -0.9851
vn -0.1278 -0.1138 -0.9853
vn -0.1450 -0.0891 -0.9854
vn -0.1579 -0.0614 -0.9855
vn 0.3643 0.0647 -0.9290
vn 0.3700 -0.0000 -0.9290
vn 0.3643 -0.0647 -0.9290
vn 0.3479 -0.1268 -0.9289
vn 0.3215 -0.1842 -0.9288
vn 0.2859 -0.2353 -0.9289
vn 0.2421 -0.2791 -0.9292
vn 0.1910 -0.3147 -0.9298
vn 0.1336 -0.3411 -0.9305
vn 0.0715 -0.3575 -0.9312
vn 0.0068 -0.3632 -0.9317
vn -0.0579 -0.3575 -0.9321
vn -0.1200 -0.3412 -0.9323
vn -0.1774 -0.3147 -0.9325
vn -0.2285 -0.2791 -0.9327
vn -0.2723 -0.2353 -0.9330
vn -0.3079 -0.1842 -0.9334
vn -0.3343 -0.1268 -0.9339
vn -0.3506 -0.0647 -0.9343
vn -0.3564 -0.0000 -0.9343
vn -0.3506 0.0647 -0.9343
vn -0.3343 0.1268 -0.9339
vn -0.3079 0.1842 -0.9334
vn -0.2723 0.2353 -0.9330
vn -0.2285 0.2791 -0.9327
vn -0.1774 0.3147 -0.9325
vn -0.1200 0.3411 -0.9323
vn -0.0579 0.3575 -0.9321
vn 0.0068 0.3632 -0.9317
vn 0.0715 0.3575 -0.9312
vn 0.1336 0.3411 -0.9305
vn 0.1910 0.3147 -0.9298
vn 0.2421 0.2791 -0.9292
vn 0.2859 0.2353 -0.9289
vn 0.3215 0.1842 -0.9288
vn 0.3479 0.1268 -0.9289
vn 0.8244 0.1484 -0.5462
vn 0.8377 -0.0000 -0.5461
vn 0.8244 -0.1484 -0.5462
vn 0.7854 -0.2905 -0.5466
vn 0.7234 -0.4211 -0.5471
vn 0.6413 -0.5373 -0.5477
vn 0.5413 -0.6373 -0.5484
vn 0.4251 -0.7194 -0.5493
vn 0.2945 -0.7814 -0.5502
vn 0.1524 -0.8204 -0.5511
vn 0.0040 -0.8337 -0.5522
vn -0.1443 -0.8204 -0.5533
vn -0.2865 -0.7814 -0.5544
vn -0.4170 -0.7194 -0.5554
vn -0.5333 -0.6373 -0.5563
vn -0.6333 -0.5373 -0.5570
vn -0.7154 -0.4211 -0.5576
vn -0.7773 -0.2905 -0.5580
vn -0.8163 -0.1484 -0.5582
vn -0.8297 -0.0000 -0.5583
vn -0.8163 0.1484 -0.5582
vn -0.7773 0.2905 -0.5580
vn -0.7154 0.4211 -0.5576
vn -0.6333 0.5373 -0.5570
vn -0.5333 0.6373 -0.5563
vn -0.4170 0.7194 -0.5554
vn -0.2865 0.7814 -0.5545
vn -0.1443 0.8204 -0.5533
vn 0.0040 0.8337 -0.5522
vn 0.1524 0.8204 -0.5511
vn 0.2945 0.7814 -0.5502
vn 0.4251 0.7194 -0.5493
vn 0.5413 0.6373 -0.5484
vn 0.6413 0.5373 -0.5477
vn 0.7234 0.4211 -0.5471
vn 0.7854 0.2905 -0.5466
vn 0.4560 0.0813 -0.8862
vn 0.4634 -0.0000 -0.8862
vn 0.4560 -0.0813 -0.8862
vn 0.4345 -0.1591 -0.8865
vn 0.4004 -0.2306 -0.8869
vn 0.3553 -0.2941 -0.8873
vn 0.3006 -0.3488 -0.8877
vn 0.2371 -0.3939 -0.8881
vn 0.1656 -0.4280 -0.8885
vn 0.0878 -0.4496 -0.8889
vn 0.0065 -0.4569 -0.8895
vn -0.0748 -0.4496 -0.8901
vn -0.1526 -0.4280 -0.8908
vn -0.2241 -0.3939 -0.8914
vn -0.2876 -0.3488 -0.8920
vn -0.3423 -0.2941 -0.8924
vn -0.3874 -0.2306 -0.8926
vn -0.4215 -0.1591 -0.8928
vn -0.4430 -0.0813 -0.8928
vn -0.4504 -0.0000 -0.8928
vn -0.4430 0.0813 -0.8928
vn -0.4215 0.1591 -0.8928
vn -0.3874 0.2306 -0.8926
vn -0.3423 0.2941 -0.8924
vn -0.2876 0.3489 -0.8920
vn -0.2241 0.3939 -0.8914
vn -0.1526 0.4280 -0.8908
vn -0.0748 0.4496 -0.8901
vn 0.0065 0.4569 -0.8895
vn 0.0878 0.4496 -0.8889
vn 0.1656 0.4280 -0.8885
vn 0.2371 0.3939 -0.8881
vn 0.3006 0.3488 -0.8877
vn 0.3553 0.2941 -0.8873
vn 0.4004 0.2306 -0.8869
vn 0.4345 0.1591 -0.8865
vn 0.4763 0.0850 -0.8752
vn 0.4839 -0.0000 -0.8751
vn 0.4763 -0.0850 -0.8752
vn 0.4543 -0.1665 -0.8752
vn 0.4191 -0.2415 -0.8752
vn 0.3722 -0.3084 -0.8755
vn 0.3148 -0.3657 -0.8759
vn 0.2479 -0.4127 -0.8765
vn 0.1729 -0.4479 -0.8772
vn 0.0914 -0.4699 -0.8780
vn 0.0064 -0.4775 -0.8786
vn -0.0786 -0.4699 -0.8792
vn -0.1601 -0.4479 -0.8797
vn -0.2351 -0.4127 -0.8800
vn -0.3019 -0.3657 -0.8804
vn -0.3593 -0.3084 -0.8808
vn -0.4062 -0.2415 -0.8813
vn -0.4414 -0.1665 -0.8817
vn -0.4635 -0.0850 -0.8820
vn -0.4711 -0.0000 -0.8821
vn -0.4635 0.0850 -0.8820
vn -0.4414 0.1665 -0.8817
vn -0.4062 0.2415 -0.8813
vn -0.3593 0.3084 -0.8808
vn -0.3019 0.3657 -0.8804
vn -0.2351 0.4127 -0.8800
vn -0.1601 0.4478 -0.8797
vn -0.0786 0.4699 -0.8792
vn 0.0064 0.4775 -0.8786
vn 0.0914 0.4699 -0.8780
vn 0.1729 0.4479 -0.8772
vn 0.2480 0.4127 -0.8765
vn 0.3148 0.3657 -0.8759
vn 0.3722 0.3084 -0.8755
vn 0.4191 0.2415 -0.8752
vn 0.4543 0.1665 -0.8752
vn 0.8755 0.1577 -0.4567
vn 0.8897 -0.0000 -0.4566
vn 0.8755 -0.1577 -0.4567
vn 0.8341 -0.3089 -0.4570
vn 0.7683 -0.4478 -0.4573
vn 0.6811 -0.5714 -0.4578
vn 0.5748 -0.6777 -0.4586
vn 0.4512 -0.7650 -0.4596
vn 0.3123 -0.8308 -0.4608
vn 0.1611 -0.8721 -0.4620
vn 0.0034 -0.8863 -0.4631
vn -0.1543 -0.8721 -0.4643
vn -0.3055 -0.8308 -0.4653
vn -0.4444 -0.7650 -0.4662
vn -0.5680 -0.6778 -0.4669
vn -0.6743 -0.5714 -0.4677
vn -0.7616 -0.4478 -0.4685
vn -0.8274 -0.3089 -0.4691
vn -0.8688 -0.1577 -0.4695
vn -0.8829 -0.0000 -0.4695
vn -0.8688 0.1577 -0.4695
vn -0.8274 0.3089 -0.4691
vn -0.7616 0.4478 -0.4685
vn -0.6744 0.5714 -0.4677
vn -0.5680 0.6777 -0.4669
vn -0.4444 0.7650 -0.4662
vn -0.3055 0.8308 -0.4653
vn -0.1543 0.8721 -0.4643
vn 0.0034 0.8863 -0.4631
vn 0.1611 0.8721 -0.4620
vn 0.3123 0.8308 -0.4608
vn 0.4512 0.7650 -0.4596
vn 0.5748 0.6777 -0.4586
vn 0.6811 0.5714 -0.4578
vn 0.7684 0.4478 -0.4573
vn 0.8341 0.3089 -0.4570
vn 0.6959 0.1249 -0.7072
vn 0.7072 -0.0000 -0.7070
vn 0.6959 -0.1249 -0.7072
vn 0.6629 -0.2445 -0.7077
vn 0.6105 -0.3543 -0.7083
vn 0.5414 -0.4520 -0.7090
vn 0.4572 -0.5362 -0.7096
vn 0.3595 -0.6053 -0.7102
vn 0.2497 -0.6577 -0.7107
vn 0.1301 -0.6907 -0.7113
vn 0.0052 -0.7020 -0.7122
vn -0.1197 -0.6907 -0.7131
vn -0.2393 -0.6577 -0.7143
vn -0.3491 -0.6053 -0.7153
vn -0.4468 -0.5362 -0.7162
vn -0.5309 -0.4520 -0.7168
vn -0.6001 -0.3543 -0.7172
vn -0.6525 -0.2445 -0.7173
vn -0.6855 -0.1249 -0.7173
vn -0.6968 -0.0000 -0.7173
vn -0.6855 0.1249 -0.7173
vn -0.6524 0.2445 -0.7173
vn -0.6001 0.3543 -0.7172
vn -0.5309 0.4520 -0.7168
vn -0.4468 0.5362 -0.7162
vn -0.3491 0.6053 -0.7153
vn -0.2393 0.6577 -0.7143
vn -0.1197 0.6907 -0.7131
vn 0.0052 0.7020 -0.7122
vn 0.1301 0.6907 -0.7113
vn 0.2497 0.6577 -0.7107
vn 0.3595 0.6053 -0.7102
vn 0.4572 0.5362 -0.7096
vn 0.5414 0.4520 -0.7090
vn 0.6105 0.3543 -0.7083
vn 0.6629 0.2445 -0.7077
vn -0.1529 -0.0290 -0.9878
vn -0.1555 -0.0000 -0.9878
vn -0.1529 0.0290 -0.9878
vn -0.1457 0.0568 -0.9877
vn -0.1339 0.0826 -0.9875
vn -0.1180 0.1056 -0.9874
vn -0.0984 0.1252 -0.9872
vn -0.0754 0.1411 -0.9871
vn -0.0496 0.1529 -0.9870
vn -0.0218 0.1601 -0.9869
vn 0.0072 0.1627 -0.9866
vn 0.0362 0.1601 -0.9864
vn 0.0641 0.1529 -0.9862
vn 0.0898 0.1411 -0.9859
vn 0.1128 0.1252 -0.9857
vn 0.1324 0.1056 -0.9855
vn 0.1483 0.0826 -0.9855
vn 0.1601 0.0569 -0.9855
vn 0.1673 0.0290 -0.9855
vn 0.1699 -0.0000 -0.9855
vn 0.1673 -0.0290 -0.9855
vn 0.1601 -0.0569 -0.9855
vn 0.1483 -0.0826 -0.9855
vn 0.1325 -0.1056 -0.9855
vn 0.1128 -0.1252 -0.9857
vn 0.0898 -0.1411 -0.9859
vn 0.0641 -0.1529 -0.9862
vn 0.0362 -0.1601 -0.9864
vn 0.0072 -0.1627 -0.9866
vn -0.0218 -0.1601 -0.9869
vn -0.0496 -0.1529 -0.9870
vn -0.0754 -0.1411 -0.9871
vn -0.0984 -0.1253 -0.9872
vn -0.1180 -0.1056 -0.9874
vn -0.1339 -0.0826 -0.9875
vn -0.1457 -0.0568 -0.9877
vn -0.4111 -0.0756 -0.9085
vn -0.4179 -0.0000 -0.9085
vn -0.4110 0.0756 -0.9085
vn -0.3911 0.1479 -0.9084
vn -0.3595 0.2143 -0.9082
vn -0.3177 0.2735 -0.9079
vn -0.2668 0.3244 -0.9075
vn -0.2077 0.3662 -0.9071
vn -0.1412 0.3977 -0.9066
vn -0.0689 0.4177 -0.9060
vn 0.0066 0.4245 -0.9054
vn 0.0822 0.4177 -0.9049
vn 0.1545 0.3977 -0.9044
vn 0.2209 0.3662 -0.9039
vn 0.2801 0.3244 -0.9035
vn 0.3309 0.2735 -0.9031
vn 0.3728 0.2143 -0.9028
vn 0.4043 0.1479 -0.9026
vn 0.4243 0.0755 -0.9024
vn 0.4311 -0.0000 -0.9023
vn 0.4243 -0.0755 -0.9024
vn 0.4043 -0.1479 -0.9026
vn 0.3728 -0.2143 -0.9028
vn 0.3310 -0.2735 -0.9031
vn 0.2801 -0.3244 -0.9035
vn 0.2209 -0.3662 -0.9039
vn 0.1545 -0.3977 -0.9044
vn 0.0822 -0.4177 -0.9049
vn 0.0066 -0.4245 -0.9054
vn -0.0689 -0.4177 -0.9060
vn -0.1412 -0.3977 -0.9066
vn -0.2077 -0.3662 -0.9071
vn -0.2668 -0.3244 -0.9075
vn -0.3177 -0.2735 -0.9079
vn -0.3595 -0.2143 -0.9082
vn -0.3911 -0.1479 -0.9084
vn 0.0073 -0.0000 -1.0000
vn 0.7341 -0.0000 0.6790
vn 0.7223 0.1315 0.6790
vn 0.6876 0.2575 0.6789
vn 0.6326 0.3732 0.6786
vn 0.5598 0.4761 0.6782
vn 0.4712 0.5648 0.6775
vn 0.3683 0.6376 0.6767
vn 0.2526 0.6925 0.6757
vn 0.1266 0.7272 0.6746
vn -0.0049 0.7391 0.6736
vn -0.1364 0.7272 0.6727
vn -0.2624 0.6925 0.6720
vn -0.3781 0.6376 0.6712
vn -0.4811 0.5648 0.6705
vn -0.5697 0.4761 0.6699
vn -0.6425 0.3732 0.6693
vn -0.6975 0.2575 0.6688
vn -0.7321 0.1315 0.6683
vn -0.7440 -0.0000 0.6682
vn -0.7321 -0.1315 0.6684
vn -0.6975 -0.2575 0.6688
vn -0.6425 -0.3732 0.6693
vn -0.5697 -0.4761 0.6699
vn -0.4811 -0.5648 0.6705
vn -0.3781 -0.6376 0.6712
vn -0.2624 -0.6926 0.6720
vn -0.1364 -0.7272 0.6727
vn -0.0049 -0.7391 0.6736
vn 0.1266 -0.7272 0.6746
vn 0.2526 -0.6925 0.6757
vn 0.3683 -0.6376 0.6767
vn 0.4712 -0.5648 0.6775
vn 0.5598 -0.4761 0.6782
vn 0.6326 -0.3732 0.6786
vn 0.6876 -0.2575 0.6789
vn 0.7223 -0.1315 0.6790
vn 0.2991 -0.0000 0.9542
vn 0.2942 0.0544 0.9542
vn 0.2797 0.1066 0.9541
vn 0.2569 0.1545 0.9540
vn 0.2267 0.1970 0.9538
vn 0.1901 0.2337 0.9535
vn 0.1475 0.2639 0.9532
vn 0.0996 0.2867 0.9528
vn 0.0475 0.3011 0.9524
vn -0.0070 0.3061 0.9520
vn -0.0614 0.3011 0.9516
vn -0.1135 0.2867 0.9513
vn -0.1614 0.2639 0.9510
vn -0.2040 0.2337 0.9507
vn -0.2407 0.1970 0.9504
vn -0.2708 0.1545 0.9502
vn -0.2936 0.1066 0.9500
vn -0.3081 0.0544 0.9498
vn -0.3130 -0.0000 0.9497
vn -0.3081 -0.0544 0.9498
vn -0.2936 -0.1066 0.9500
vn -0.2708 -0.1545 0.9502
vn -0.2407 -0.1970 0.9504
vn -0.2040 -0.2337 0.9507
vn -0.1614 -0.2639 0.9510
vn -0.1135 -0.2867 0.9513
vn -0.0614 -0.3011 0.9516
vn -0.0070 -0.3061 0.9520
vn 0.0475 -0.3011 0.9524
vn 0.0996 -0.2867 0.9528
vn 0.1475 -0.2639 0.9532
vn 0.1901 -0.2337 0.9535
vn 0.2267 -0.1970 0.9538
vn 0.2569 -0.1545 0.9540
vn 0.2797 -0.1066 0.9541
vn 0.2942 -0.0544 0.9542
vn 0.0472 -0.0000 0.9989
vn 0.0463 0.0097 0.9989
vn 0.0437 0.0190 0.9989
vn 0.0396 0.0274 0.9988
vn 0.0342 0.0350 0.9988
vn 0.0277 0.0415 0.9988
vn 0.0201 0.0469 0.9987
vn 0.0117 0.0510 0.9986
vn 0.0024 0.0536 0.9986
vn -0.0073 0.0545 0.9985
vn -0.0170 0.0536 0.9984
vn -0.0263 0.0510 0.9984
vn -0.0347 0.0469 0.9983
vn -0.0423 0.0415 0.9982
vn -0.0488 0.0350 0.9982
vn -0.0542 0.0274 0.9982
vn -0.0583 0.0190 0.9981
vn -0.0609 0.0097 0.9981
vn -0.0618 -0.0000 0.9981
vn -0.0609 -0.0097 0.9981
vn -0.0583 -0.0190 0.9981
vn -0.0542 -0.0274 0.9982
vn -0.0488 -0.0350 0.9982
vn -0.0423 -0.0415 0.9982
vn -0.0347 -0.0469 0.9983
vn -0.0263 -0.0510 0.9984
vn -0.0170 -0.0536 0.9984
vn -0.0073 -0.0545 0.9985
vn 0.0024 -0.0536 0.9986
vn 0.0117 -0.0510 0.9986
vn 0.0201 -0.0469 0.9987
vn 0.0277 -0.0415 0.9988
vn 0.0342 -0.0350 0.9988
vn 0.0396 -0.0274 0.9988
vn 0.0437 -0.0190 0.9989
vn 0.0463 -0.0097 0.9989
vn -0.0558 -0.0000 0.9984
vn -0.0550 -0.0086 0.9984
vn -0.0528 -0.0169 0.9985
vn -0.0492 -0.0245 0.9985
vn -0.0444 -0.0313 0.9985
vn -0.0386 -0.0371 0.9986
vn -0.0318 -0.0419 0.9986
vn -0.0242 -0.0455 0.9987
vn -0.0159 -0.0477 0.9987
vn -0.0073 -0.0485 0.9988
vn 0.0013 -0.0477 0.9989
vn 0.0096 -0.0455 0.9989
vn 0.0172 -0.0419 0.9990
vn 0.0240 -0.0371 0.9990
vn 0.0298 -0.0313 0.9991
vn 0.0346 -0.0245 0.9991
vn 0.0382 -0.0169 0.9991
vn 0.0404 -0.0086 0.9991
vn 0.0412 -0.0000 0.9992
vn 0.0404 0.0086 0.9991
vn 0.0382 0.0169 0.9991
vn 0.0346 0.0245 0.9991
vn 0.0298 0.0313 0.9991
vn 0.0240 0.0371 0.9990
vn 0.0172 0.0419 0.9990
vn 0.0096 0.0455 0.9989
vn 0.0013 0.0477 0.9989
vn -0.0073 0.0485 0.9988
vn -0.0159 0.0477 0.9987
vn -0.0242 0.0455 0.9987
vn -0.0318 0.0419 0.9986
vn -0.0386 0.0371 0.9986
vn -0.0444 0.0313 0.9985
vn -0.0492 0.0245 0.9985
vn -0.0528 0.0169 0.9985
vn -0.0550 0.0086 0.9984
vn -0.3588 -0.0000 0.9334
vn -0.3532 -0.0627 0.9335
vn -0.3370 -0.1228 0.9335
vn -0.3111 -0.1781 0.9335
vn -0.2766 -0.2274 0.9337
vn -0.2343 -0.2698 0.9340
vn -0.1849 -0.3043 0.9344
vn -0.1296 -0.3302 0.9350
vn -0.0695 -0.3463 0.9355
vn -0.0068 -0.3520 0.9360
vn 0.0558 -0.3463 0.9364
vn 0.1159 -0.3302 0.9368
vn 0.1713 -0.3043 0.9370
vn 0.2206 -0.2698 0.9373
vn 0.2629 -0.2274 0.9376
vn 0.2975 -0.1781 0.9380
vn 0.3234 -0.1228 0.9383
vn 0.3395 -0.0626 0.9385
vn 0.3451 -0.0000 0.9385
vn 0.3395 0.0627 0.9385
vn 0.3234 0.1228 0.9383
vn 0.2975 0.1781 0.9380
vn 0.2629 0.2274 0.9376
vn 0.2206 0.2698 0.9373
vn 0.1713 0.3043 0.9370
vn 0.1159 0.3302 0.9368
vn 0.0558 0.3463 0.9364
vn -0.0068 0.3520 0.9360
vn -0.0695 0.3463 0.9355
vn -0.1296 0.3302 0.9350
vn -0.1850 0.3043 0.9344
vn -0.2343 0.2698 0.9340
vn -0.2766 0.2275 0.9337
vn -0.3111 0.1781 0.9335
vn -0.3370 0.1228 0.9335
vn -0.3532 0.0626 0.9335
vn -0.9027 -0.0000 0.4303
vn -0.8883 -0.1601 0.4305
vn -0.8464 -0.3135 0.4306
vn -0.7796 -0.4545 0.4308
vn -0.6911 -0.5800 0.4313
vn -0.5831 -0.6879 0.4321
vn -0.4577 -0.7764 0.4332
vn -0.3167 -0.8432 0.4344
vn -0.1632 -0.8851 0.4358
vn -0.0032 -0.8995 0.4369
vn 0.1569 -0.8851 0.4381
vn 0.3103 -0.8432 0.4390
vn 0.4513 -0.7764 0.4398
vn 0.5768 -0.6879 0.4406
vn 0.6847 -0.5800 0.4414
vn 0.7732 -0.4545 0.4422
vn 0.8400 -0.3135 0.4429
vn 0.8819 -0.1600 0.4434
vn 0.8963 -0.0000 0.4435
vn 0.8819 0.1601 0.4434
vn 0.8400 0.3135 0.4429
vn 0.7732 0.4545 0.4422
vn 0.6847 0.5800 0.4414
vn 0.5768 0.6879 0.4406
vn 0.4513 0.7764 0.4398
vn 0.3103 0.8432 0.4390
vn 0.1569 0.8851 0.4381
vn -0.0032 0.8995 0.4369
vn -0.1632 0.8851 0.4358
vn -0.3167 0.8432 0.4344
vn -0.4577 0.7764 0.4332
vn -0.5831 0.6879 0.4321
vn -0.6911 0.5800 0.4313
vn -0.7796 0.4545 0.4308
vn -0.8464 0.3135 0.4306
vn -0.8883 0.1600 0.4305
vn -0.9945 -0.0000 0.1044
vn -0.9787 -0.1769 0.1045
vn -0.9322 -0.3463 0.1048
vn -0.8584 -0.5020 0.1054
vn -0.7606 -0.6405 0.1061
vn -0.6413 -0.7598 0.1069
vn -0.5028 -0.8576 0.1080
vn -0.3471 -0.9315 0.1091
vn -0.1777 -0.9779 0.1103
vn -0.0008 -0.9938 0.1116
vn 0.1760 -0.9779 0.1129
vn 0.3455 -0.9315 0.1142
vn 0.5012 -0.8576 0.1153
vn 0.6397 -0.7598 0.1163
vn 0.7589 -0.6405 0.1172
vn 0.8568 -0.5020 0.1179
vn 0.9306 -0.3463 0.1185
vn 0.9770 -0.1769 0.1188
vn 0.9929 -0.0000 0.1189
vn 0.9770 0.1769 0.1188
vn 0.9306 0.3463 0.1185
vn 0.8568 0.5020 0.1179
vn 0.7589 0.6405 0.1172
vn 0.6397 0.7598 0.1163
vn 0.5012 0.8576 0.1153
vn 0.3455 0.9315 0.1142
vn 0.1760 0.9779 0.1129
vn -0.0008 0.9938 0.1116
vn -0.1777 0.9779 0.1103
vn -0.3471 0.9315 0.1091
vn -0.5028 0.8576 0.1080
vn -0.6413 0.7598 0.1069
vn -0.7606 0.6405 0.1061
vn -0.8584 0.5020 0.1054
vn -0.9322 0.3463 0.1048
vn -0.9787 0.1769 0.1045
vn -0.7584 -0.0000 0.6518
vn -0.7463 -0.1341 0.6520
vn -0.7109 -0.2625 0.6525
vn -0.6548 -0.3805 0.6531
vn -0.5805 -0.4854 0.6538
vn -0.4902 -0.5757 0.6544
vn -0.3852 -0.6500 0.6551
vn -0.2673 -0.7061 0.6557
vn -0.1389 -0.7415 0.6564
vn -0.0048 -0.7536 0.6573
vn 0.1293 -0.7415 0.6584
vn 0.2577 -0.7061 0.6596
vn 0.3756 -0.6500 0.6606
vn 0.4806 -0.5757 0.6615
vn 0.5709 -0.4854 0.6622
vn 0.6451 -0.3804 0.6626
vn 0.7013 -0.2625 0.6628
vn 0.7367 -0.1341 0.6628
vn 0.7488 -0.0000 0.6628
vn 0.7367 0.1341 0.6628
vn 0.7013 0.2625 0.6628
vn 0.6451 0.3805 0.6626
vn 0.5709 0.4854 0.6622
vn 0.4806 0.5757 0.6615
vn 0.3756 0.6500 0.6606
vn 0.2577 0.7061 0.6596
vn 0.1293 0.7415 0.6584
vn -0.0048 0.7536 0.6573
vn -0.1389 0.7415 0.6564
vn -0.2673 0.7061 0.6557
vn -0.3852 0.6500 0.6551
vn -0.4902 0.5757 0.6544
vn -0.5805 0.4854 0.6538
vn -0.6548 0.3804 0.6531
vn -0.7109 0.2625 0.6525
vn -0.7463 0.1341 0.6520
vn -0.1780 -0.0000 0.9840
vn -0.1752 -0.0304 0.9841
vn -0.1671 -0.0594 0.9841
vn -0.1543 -0.0861 0.9843
vn -0.1374 -0.1098 0.9844
vn -0.1170 -0.1303 0.9846
vn -0.0933 -0.1471 0.9847
vn -0.0666 -0.1599 0.9849
vn -0.0376 -0.1680 0.9851
vn -0.0072 -0.1708 0.9853
vn 0.0232 -0.1680 0.9855
vn 0.0522 -0.1599 0.9858
vn 0.0789 -0.1471 0.9860
vn 0.1026 -0.1303 0.9862
vn 0.1230 -0.1098 0.9863
vn 0.1399 -0.0861 0.9864
vn 0.1527 -0.0594 0.9865
vn 0.1608 -0.0304 0.9865
vn 0.1636 -0.0000 0.9865
vn 0.1608 0.0304 0.9865
vn 0.1527 0.0594 0.9865
vn 0.1399 0.0861 0.9864
vn 0.1231 0.1098 0.9863
vn 0.1026 0.1303 0.9862
vn 0.0789 0.1471 0.9860
vn 0.0522 0.1599 0.9858
vn 0.0232 0.1680 0.9855
vn -0.0072 0.1708 0.9853
vn -0.0376 0.1680 0.9851
vn -0.0666 0.1599 0.9849
vn -0.0933 0.1471 0.9847
vn -0.1170 0.1303 0.9846
vn -0.1374 0.1098 0.9844
vn -0.1543 0.0861 0.9843
vn -0.1671 0.0594 0.9841
vn -0.1752 0.0304 0.9841
vn -0.0073 -0.0000 1.0000
vt 0.133025 0.684356
vt 0.180525 0.708293
vt 0.133025 0.708293
vt 0.133025 0.661091
vt 0.180525 0.684356
vt 0.133025 0.638162
vt 0.180525 0.661091
vt 0.133025 0.615485
vt 0.180525 0.638162
vt 0.133025 0.592808
vt 0.180525 0.615485
vt 0.133025 0.570131
vt 0.180525 0.592808
vt 0.133025 0.547202
vt 0.180525 0.570131
vt 0.133025 0.523937
vt 0.180525 0.547202
vt 0.133025 0.500000
vt 0.180525 0.523937
vt 0.133025 0.476063
vt 0.180525 0.500000
vt 0.133025 0.452798
vt 0.180525 0.476063
vt 0.133025 0.429869
vt 0.180525 0.452798
vt 0.133025 0.407192
vt 0.180525 0.429869
vt 0.133025 0.384515
vt 0.180525 0.407192
vt 0.133025 0.361838
vt 0.180525 0.384515
vt 0.133025 0.338909
vt 0.180525 0.361838
vt 0.133025 0.315644
vt 0.180525 0.338909
vt 0.133025 0.291707
vt 0.180525 0.315644
vt 0.133025 0.267686
vt 0.180525 0.291707
vt 0.133025 0.244421
vt 0.180525 0.267686
vt 0.133025 0.221492
vt 0.180525 0.244421
vt 0.133025 0.198815
vt 0.180525 0.221492
vt 0.133025 0.176222
vt 0.180525 0.198815
vt 0.133025 0.153461
vt 0.180525 0.176222
vt 0.133025 0.130616
vt 0.180525 0.153461
vt 0.133025 0.107267
vt 0.180525 0.130616
vt 0.133025 0.083331
vt 0.180525 0.107267
vt 0.133025 0.892733
vt 0.180525 0.916669
vt 0.133025 0.916669
vt 0.133025 0.869384
vt 0.180525 0.892733
vt 0.133025 0.846539
vt 0.180525 0.869384
vt 0.133025 0.823778
vt 0.180525 0.846539
vt 0.133025 0.801185
vt 0.180525 0.823778
vt 0.133025 0.778508
vt 0.180525 0.801185
vt 0.133025 0.755579
vt 0.180525 0.778508
vt 0.133025 0.732314
vt 0.180525 0.755579
vt 0.180525 0.732314
vt 0.109525 0.684356
vt 0.109525 0.708293
vt 0.109525 0.732314
vt 0.109525 0.755579
vt 0.109525 0.778508
vt 0.109525 0.801185
vt 0.109525 0.823778
vt 0.109525 0.846539
vt 0.109525 0.869384
vt 0.109525 0.892733
vt 0.109525 0.083331
vt 0.109525 0.107267
vt 0.109525 0.130616
vt 0.109525 0.153461
vt 0.109525 0.176222
vt 0.109525 0.198815
vt 0.109525 0.221492
vt 0.109525 0.244421
vt 0.109525 0.267686
vt 0.109525 0.291707
vt 0.109525 0.315644
vt 0.109525 0.338909
vt 0.109525 0.361838
vt 0.109525 0.384515
vt 0.109525 0.407192
vt 0.109525 0.429869
vt 0.109525 0.452798
vt 0.109525 0.476063
vt 0.109525 0.500000
vt 0.109525 0.523937
vt 0.109525 0.547202
vt 0.109525 0.570131
vt 0.109525 0.592808
vt 0.109525 0.615485
vt 0.109525 0.638162
vt 0.109525 0.661091
vt 0.091925 0.684356
vt 0.091925 0.708293
vt 0.091925 0.732314
vt 0.091925 0.755579
vt 0.091925 0.778508
vt 0.091925 0.801185
vt 0.091925 0.823778
vt 0.091925 0.846539
vt 0.091925 0.869384
vt 0.109525 0.916669
vt 0.091925 0.892733
vt 0.091925 0.083331
vt 0.091925 0.107267
vt 0.091925 0.130616
vt 0.091925 0.153461
vt 0.091925 0.176222
vt 0.091925 0.198815
vt 0.091925 0.221492
vt 0.091925 0.244421
vt 0.091925 0.267686
vt 0.091925 0.291707
vt 0.091925 0.315644
vt 0.091925 0.338909
vt 0.091925 0.361838
vt 0.091925 0.384515
vt 0.091925 0.407192
vt 0.091925 0.429869
vt 0.091925 0.452798
vt 0.091925 0.476063
vt 0.091925 0.500000
vt 0.091925 0.523937
vt 0.091925 0.547202
vt 0.091925 0.570131
vt 0.091925 0.592808
vt 0.091925 0.615485
vt 0.091925 0.638162
vt 0.091925 0.661091
vt 0.068425 0.684356
vt 0.068425 0.708293
vt 0.068425 0.732314
vt 0.068425 0.755579
vt 0.068425 0.778508
vt 0.068425 0.801185
vt 0.068425 0.823778
vt 0.068425 0.846539
vt 0.068425 0.869384
vt 0.091925 0.916669
vt 0.068425 0.892733
vt 0.068425 0.083331
vt 0.068425 0.107267
vt 0.068425 0.130616
vt 0.068425 0.153461
vt 0.068425 0.176222
vt 0.068425 0.198815
vt 0.068425 0.221492
vt 0.068425 0.244421
vt 0.068425 0.267686
vt 0.068425 0.291707
vt 0.068425 0.315644
vt 0.068425 0.338909
vt 0.068425 0.361838
vt 0.068425 0.384515
vt 0.068425 0.407192
vt 0.068425 0.429869
vt 0.068425 0.452798
vt 0.068425 0.476063
vt 0.068425 0.500000
vt 0.068425 0.523937
vt 0.068425 0.547202
vt 0.068425 0.570131
vt 0.068425 0.592808
vt 0.068425 0.615485
vt 0.068425 0.638162
vt 0.068425 0.661091
vt 0.051025 0.684356
vt 0.051025 0.708293
vt 0.051025 0.732314
vt 0.051025 0.755579
vt 0.051025 0.778508
vt 0.051025 0.801185
vt 0.051025 0.823778
vt 0.051025 0.846539
vt 0.051025 0.869384
vt 0.068425 0.916669
vt 0.051025 0.892733
vt 0.051025 0.083331
vt 0.051025 0.107267
vt 0.051025 0.130616
vt 0.051025 0.153461
vt 0.051025 0.176222
vt 0.051025 0.198815
vt 0.051025 0.221492
vt 0.051025 0.244421
vt 0.051025 0.267686
vt 0.051025 0.291707
vt 0.051025 0.315644
vt 0.051025 0.338909
vt 0.051025 0.361838
vt 0.051025 0.384515
vt 0.051025 0.407192
vt 0.051025 0.429869
vt 0.051025 0.452798
vt 0.051025 0.476063
vt 0.051025 0.500000
vt 0.051025 0.523937
vt 0.051025 0.547202
vt 0.051025 0.570131
vt 0.051025 0.592808
vt 0.051025 0.615485
vt 0.051025 0.638162
vt 0.051025 0.661091
vt 0.019525 0.684356
vt 0.019525 0.708293
vt 0.019525 0.732314
vt 0.019525 0.755579
vt 0.019525 0.778508
vt 0.019525 0.801185
vt 0.019525 0.823778
vt 0.019525 0.846539
vt 0.019525 0.869384
vt 0.051025 0.916669
vt 0.019525 0.892733
vt 0.019525 0.083331
vt 0.019525 0.107267
vt 0.019525 0.130616
vt 0.019525 0.153461
vt 0.019525 0.176222
vt 0.019525 0.198815
vt 0.019525 0.221492
vt 0.019525 0.244421
vt 0.019525 0.267686
vt 0.019525 0.291707
vt 0.019525 0.315644
vt 0.019525 0.338909
vt 0.019525 0.361838
vt 0.019525 0.384515
vt 0.019525 0.407192
vt 0.019525 0.429869
vt 0.019525 0.452798
vt 0.019525 0.476063
vt 0.019525 0.500000
vt 0.019525 0.523937
vt 0.019525 0.547202
vt 0.019525 0.570131
vt 0.019525 0.592808
vt 0.019525 0.615485
vt 0.019525 0.638162
vt 0.019525 0.661091
vt 0.445907 0.907051
vt 0.460922 0.898363
vt 0.461390 0.907051
vt 0.430713 0.902086
vt 0.446339 0.898363
vt 0.416635 0.892550
vt 0.432009 0.893595
vt 0.403925 0.878898
vt 0.418724 0.884581
vt 0.392764 0.861654
vt 0.406734 0.871778
vt 0.383403 0.841339
vt 0.396184 0.855514
vt 0.376058 0.818347
vt 0.387363 0.836310
vt 0.370945 0.793199
vt 0.380414 0.814624
vt 0.368280 0.766353
vt 0.375589 0.790913
vt 0.368280 0.738331
vt 0.373069 0.765569
vt 0.371017 0.710766
vt 0.373069 0.739115
vt 0.376310 0.685226
vt 0.375697 0.713117
vt 0.383799 0.662168
vt 0.380666 0.689015
vt 0.393304 0.641919
vt 0.387759 0.667198
vt 0.404502 0.624936
vt 0.396688 0.648125
vt 0.417175 0.611611
vt 0.407274 0.632121
vt 0.431037 0.602336
vt 0.419228 0.619515
vt 0.445835 0.597437
vt 0.432333 0.610762
vt 0.461282 0.597437
vt 0.446267 0.606190
vt 0.476476 0.602466
vt 0.460850 0.606190
vt 0.490554 0.612003
vt 0.475180 0.610958
vt 0.503300 0.625655
vt 0.488465 0.619972
vt 0.514425 0.642899
vt 0.500491 0.632775
vt 0.523786 0.663213
vt 0.511005 0.649039
vt 0.531132 0.686206
vt 0.519826 0.668243
vt 0.536280 0.711354
vt 0.526775 0.689929
vt 0.538945 0.738200
vt 0.531600 0.713640
vt 0.538945 0.766222
vt 0.534120 0.738984
vt 0.536172 0.793787
vt 0.534120 0.765438
vt 0.530915 0.819327
vt 0.531528 0.791435
vt 0.523390 0.842385
vt 0.526559 0.815538
vt 0.513921 0.862633
vt 0.519466 0.837290
vt 0.502688 0.879617
vt 0.510501 0.856428
vt 0.490014 0.892942
vt 0.499915 0.872431
vt 0.476152 0.902217
vt 0.487961 0.885038
vt 0.474892 0.893791
vt 0.459589 0.871909
vt 0.447672 0.871909
vt 0.435898 0.867990
vt 0.425024 0.860609
vt 0.415195 0.850092
vt 0.406590 0.836767
vt 0.399353 0.821090
vt 0.393664 0.803323
vt 0.389739 0.783858
vt 0.387687 0.763152
vt 0.387651 0.741466
vt 0.389811 0.720172
vt 0.393880 0.700446
vt 0.399677 0.682613
vt 0.407022 0.667002
vt 0.415663 0.653873
vt 0.425457 0.643552
vt 0.436186 0.636432
vt 0.447600 0.632644
vt 0.459553 0.632644
vt 0.471291 0.636563
vt 0.482165 0.643944
vt 0.491994 0.654461
vt 0.500599 0.667786
vt 0.507836 0.683462
vt 0.513525 0.701229
vt 0.517486 0.720694
vt 0.519538 0.741401
vt 0.519538 0.763087
vt 0.517414 0.784381
vt 0.513345 0.804107
vt 0.507512 0.821940
vt 0.500203 0.837551
vt 0.491526 0.850680
vt 0.481732 0.861000
vt 0.471003 0.868120
vt 0.458473 0.850680
vt 0.448680 0.850680
vt 0.438994 0.847479
vt 0.430065 0.841405
vt 0.421964 0.832717
vt 0.414907 0.821744
vt 0.408930 0.808810
vt 0.404285 0.794179
vt 0.401045 0.778176
vt 0.399353 0.761127
vt 0.399353 0.743295
vt 0.401117 0.725789
vt 0.404502 0.709590
vt 0.409254 0.694893
vt 0.415303 0.682025
vt 0.422432 0.671248
vt 0.430497 0.662822
vt 0.439318 0.656943
vt 0.448716 0.653873
vt 0.458545 0.653873
vt 0.468195 0.657073
vt 0.477124 0.663148
vt 0.485225 0.671836
vt 0.492318 0.682809
vt 0.498259 0.695742
vt 0.502904 0.710374
vt 0.506180 0.726377
vt 0.507836 0.743426
vt 0.507836 0.761258
vt 0.506072 0.778763
vt 0.502723 0.794963
vt 0.497935 0.809659
vt 0.491886 0.822527
vt 0.484757 0.833305
vt 0.476692 0.841731
vt 0.467907 0.847610
vt 0.458077 0.842907
vt 0.449040 0.842842
vt 0.440147 0.839902
vt 0.431937 0.834285
vt 0.424484 0.826316
vt 0.417967 0.816257
vt 0.412495 0.804303
vt 0.408174 0.790848
vt 0.405222 0.776151
vt 0.403637 0.760409
vt 0.403673 0.744014
vt 0.405294 0.727880
vt 0.408390 0.712921
vt 0.412783 0.699466
vt 0.418363 0.687578
vt 0.424916 0.677649
vt 0.432333 0.669876
vt 0.440471 0.664455
vt 0.449112 0.661646
vt 0.458149 0.661711
vt 0.467042 0.664650
vt 0.475288 0.670268
vt 0.482741 0.678237
vt 0.489258 0.688296
vt 0.494730 0.700250
vt 0.499015 0.713705
vt 0.502003 0.728402
vt 0.503552 0.744144
vt 0.503552 0.760539
vt 0.501895 0.776673
vt 0.498835 0.791631
vt 0.494406 0.805087
vt 0.488862 0.816910
vt 0.482273 0.826838
vt 0.474856 0.834677
vt 0.466754 0.840098
vt 0.456601 0.812991
vt 0.450552 0.812991
vt 0.444575 0.811031
vt 0.439066 0.807243
vt 0.434062 0.801886
vt 0.429705 0.795159
vt 0.426033 0.787124
vt 0.423152 0.778110
vt 0.421172 0.768247
vt 0.420128 0.757731
vt 0.420128 0.746757
vt 0.421208 0.735914
vt 0.423296 0.725920
vt 0.426249 0.716841
vt 0.429957 0.708937
vt 0.434386 0.702274
vt 0.439354 0.697049
vt 0.444791 0.693456
vt 0.450588 0.691562
vt 0.456673 0.691562
vt 0.462614 0.693522
vt 0.468123 0.697310
vt 0.473127 0.702666
vt 0.477484 0.709394
vt 0.481156 0.717429
vt 0.484037 0.726443
vt 0.486053 0.736306
vt 0.487097 0.746822
vt 0.487061 0.757796
vt 0.485981 0.768639
vt 0.483893 0.778633
vt 0.480976 0.787712
vt 0.477232 0.795616
vt 0.472839 0.802278
vt 0.467835 0.807504
vt 0.462398 0.811096
vt 0.456349 0.807569
vt 0.450804 0.807569
vt 0.445403 0.805740
vt 0.440363 0.802344
vt 0.435826 0.797445
vt 0.431829 0.791305
vt 0.428517 0.783989
vt 0.425889 0.775824
vt 0.424052 0.766810
vt 0.423116 0.757208
vt 0.423116 0.747214
vt 0.424124 0.737351
vt 0.425997 0.728272
vt 0.428697 0.720041
vt 0.432081 0.712791
vt 0.436114 0.706716
vt 0.440651 0.702013
vt 0.445583 0.698682
vt 0.450876 0.696984
vt 0.456385 0.696984
vt 0.461822 0.698812
vt 0.466826 0.702209
vt 0.471399 0.707108
vt 0.475360 0.713248
vt 0.478708 0.720564
vt 0.481300 0.728729
vt 0.483137 0.737743
vt 0.484073 0.747345
vt 0.484073 0.757339
vt 0.483065 0.767202
vt 0.481192 0.776281
vt 0.478492 0.784512
vt 0.475108 0.791762
vt 0.471111 0.797837
vt 0.466574 0.802540
vt 0.461606 0.805871
vt 0.455773 0.796661
vt 0.451344 0.796661
vt 0.446988 0.795159
vt 0.442955 0.792415
vt 0.439318 0.788496
vt 0.436114 0.783532
vt 0.433450 0.777718
vt 0.431325 0.771121
vt 0.429885 0.763871
vt 0.429129 0.756228
vt 0.429129 0.748194
vt 0.429957 0.740290
vt 0.431469 0.732975
vt 0.433630 0.726312
vt 0.436366 0.720564
vt 0.439570 0.715665
vt 0.443207 0.711876
vt 0.447204 0.709264
vt 0.451452 0.707892
vt 0.455881 0.707892
vt 0.460237 0.709394
vt 0.464270 0.712138
vt 0.467907 0.716057
vt 0.471075 0.721021
vt 0.473775 0.726834
vt 0.475864 0.733432
vt 0.477304 0.740682
vt 0.478060 0.748325
vt 0.478060 0.756359
vt 0.477268 0.764263
vt 0.475720 0.771578
vt 0.473559 0.778176
vt 0.470859 0.783989
vt 0.467618 0.788823
vt 0.463982 0.792676
vt 0.460021 0.795289
vt 0.455521 0.791958
vt 0.451560 0.791958
vt 0.447672 0.790652
vt 0.444071 0.788169
vt 0.440831 0.784642
vt 0.437986 0.780200
vt 0.435574 0.774975
vt 0.433702 0.769096
vt 0.432406 0.762630
vt 0.431721 0.755771
vt 0.431757 0.748586
vt 0.432478 0.741531
vt 0.433810 0.734999
vt 0.435754 0.729121
vt 0.438202 0.723895
vt 0.441083 0.719584
vt 0.444323 0.716187
vt 0.447888 0.713836
vt 0.451668 0.712595
vt 0.455629 0.712595
vt 0.459517 0.713901
vt 0.463118 0.716383
vt 0.466394 0.719911
vt 0.469239 0.724287
vt 0.471615 0.729513
vt 0.473487 0.735457
vt 0.474783 0.741923
vt 0.475468 0.748782
vt 0.475468 0.755967
vt 0.474747 0.763021
vt 0.473379 0.769553
vt 0.471435 0.775432
vt 0.469023 0.780658
vt 0.466142 0.784969
vt 0.462866 0.788365
vt 0.459337 0.790717
vt 0.454441 0.770402
vt 0.452640 0.770402
vt 0.450840 0.769815
vt 0.449220 0.768639
vt 0.447708 0.767006
vt 0.446411 0.764981
vt 0.445331 0.762630
vt 0.444467 0.759886
vt 0.443891 0.756947
vt 0.443603 0.753811
vt 0.443603 0.750480
vt 0.443963 0.747280
vt 0.444575 0.744275
vt 0.445475 0.741597
vt 0.446592 0.739245
vt 0.447924 0.737286
vt 0.449400 0.735718
vt 0.451020 0.734673
vt 0.452748 0.734150
vt 0.454585 0.734150
vt 0.456349 0.734738
vt 0.458005 0.735914
vt 0.459481 0.737547
vt 0.460777 0.739572
vt 0.461858 0.741923
vt 0.462722 0.744667
vt 0.463298 0.747606
vt 0.463622 0.750741
vt 0.463586 0.754073
vt 0.463262 0.757273
vt 0.462614 0.760278
vt 0.461750 0.762956
vt 0.460597 0.765308
vt 0.459301 0.767267
vt 0.457789 0.768835
vt 0.456169 0.769880
vt 0.453613 0.752244
vt 0.194425 0.708293
vt 0.194425 0.684356
vt 0.194425 0.661091
vt 0.194425 0.638162
vt 0.194425 0.615485
vt 0.194425 0.592808
vt 0.194425 0.570131
vt 0.194425 0.547202
vt 0.194425 0.523937
vt 0.194425 0.500000
vt 0.194425 0.476063
vt 0.194425 0.452798
vt 0.194425 0.429869
vt 0.194425 0.407192
vt 0.194425 0.384515
vt 0.194425 0.361838
vt 0.194425 0.338909
vt 0.194425 0.315644
vt 0.194425 0.291707
vt 0.194425 0.267686
vt 0.194425 0.244421
vt 0.194425 0.221492
vt 0.194425 0.198815
vt 0.194425 0.176222
vt 0.194425 0.153461
vt 0.194425 0.130616
vt 0.180525 0.083331
vt 0.194425 0.107267
vt 0.194425 0.916669
vt 0.194425 0.892733
vt 0.194425 0.869384
vt 0.194425 0.846539
vt 0.194425 0.823778
vt 0.194425 0.801185
vt 0.194425 0.778508
vt 0.194425 0.755579
vt 0.194425 0.732314
vt 0.217925 0.708293
vt 0.217925 0.684356
vt 0.217925 0.661091
vt 0.217925 0.638162
vt 0.217925 0.615485
vt 0.217925 0.592808
vt 0.217925 0.570131
vt 0.217925 0.547202
vt 0.217925 0.523937
vt 0.217925 0.500000
vt 0.217925 0.476063
vt 0.217925 0.452798
vt 0.217925 0.429869
vt 0.217925 0.407192
vt 0.217925 0.384515
vt 0.217925 0.361838
vt 0.217925 0.338909
vt 0.217925 0.315644
vt 0.217925 0.291707
vt 0.217925 0.267686
vt 0.217925 0.244421
vt 0.217925 0.221492
vt 0.217925 0.198815
vt 0.217925 0.176222
vt 0.217925 0.153461
vt 0.217925 0.130616
vt 0.194425 0.083331
vt 0.217925 0.107267
vt 0.217925 0.916669
vt 0.217925 0.892733
vt 0.217925 0.869384
vt 0.217925 0.846539
vt 0.217925 0.823778
vt 0.217925 0.801185
vt 0.217925 0.778508
vt 0.217925 0.755579
vt 0.217925 0.732314
vt 0.242825 0.708293
vt 0.242825 0.684356
vt 0.242825 0.661091
vt 0.242825 0.638162
vt 0.242825 0.615485
vt 0.242825 0.592808
vt 0.242825 0.570131
vt 0.242825 0.547202
vt 0.242825 0.523937
vt 0.242825 0.500000
vt 0.242825 0.476063
vt 0.242825 0.452798
vt 0.242825 0.429869
vt 0.242825 0.407192
vt 0.242825 0.384515
vt 0.242825 0.361838
vt 0.242825 0.338909
vt 0.242825 0.315644
vt 0.242825 0.291707
vt 0.242825 0.267686
vt 0.242825 0.244421
vt 0.242825 0.221492
vt 0.242825 0.198815
vt 0.242825 0.176222
vt 0.242825 0.153461
vt 0.242825 0.130616
vt 0.217925 0.083331
vt 0.242825 0.107267
vt 0.242825 0.916669
vt 0.242825 0.892733
vt 0.242825 0.869384
vt 0.242825 0.846539
vt 0.242825 0.823778
vt 0.242825 0.801185
vt 0.242825 0.778508
vt 0.242825 0.755579
vt 0.242825 0.732314
vt 0.272225 0.708293
vt 0.272225 0.684356
vt 0.272225 0.661091
vt 0.272225 0.638162
vt 0.272225 0.615485
vt 0.272225 0.592808
vt 0.272225 0.570131
vt 0.272225 0.547202
vt 0.272225 0.523937
vt 0.272225 0.500000
vt 0.272225 0.476063
vt 0.272225 0.452798
vt 0.272225 0.429869
vt 0.272225 0.407192
vt 0.272225 0.384515
vt 0.272225 0.361838
vt 0.272225 0.338909
vt 0.272225 0.315644
vt 0.272225 0.291707
vt 0.272225 0.267686
vt 0.272225 0.244421
vt 0.272225 0.221492
vt 0.272225 0.198815
vt 0.272225 0.176222
vt 0.272225 0.153461
vt 0.272225 0.130616
vt 0.242825 0.083331
vt 0.272225 0.107267
vt 0.272225 0.916669
vt 0.272225 0.892733
vt 0.272225 0.869384
vt 0.272225 0.846539
vt 0.272225 0.823778
vt 0.272225 0.801185
vt 0.272225 0.778508
vt 0.272225 0.755579
vt 0.272225 0.732314
vt 0.300425 0.708293
vt 0.300425 0.684356
vt 0.300425 0.661091
vt 0.300425 0.638162
vt 0.300425 0.615485
vt 0.300425 0.592808
vt 0.300425 0.570131
vt 0.300425 0.547202
vt 0.300425 0.523937
vt 0.300425 0.500000
vt 0.300425 0.476063
vt 0.300425 0.452798
vt 0.300425 0.429869
vt 0.300425 0.407192
vt 0.300425 0.384515
vt 0.300425 0.361838
vt 0.300425 0.338909
vt 0.300425 0.315644
vt 0.300425 0.291707
vt 0.300425 0.267686
vt 0.300425 0.244421
vt 0.300425 0.221492
vt 0.300425 0.198815
vt 0.300425 0.176222
vt 0.300425 0.153461
vt 0.300425 0.130616
vt 0.272225 0.083331
vt 0.300425 0.107267
vt 0.300425 0.916669
vt 0.300425 0.892733
vt 0.300425 0.869384
vt 0.300425 0.846539
vt 0.300425 0.823778
vt 0.300425 0.801185
vt 0.300425 0.778508
vt 0.300425 0.755579
vt 0.300425 0.732314
vt 0.702901 0.861132
vt 0.724314 0.881025
vt 0.722392 0.884972
vt 0.687089 0.833425
vt 0.705262 0.857738
vt 0.675120 0.802796
vt 0.689889 0.830741
vt 0.667050 0.769957
vt 0.678195 0.800823
vt 0.662932 0.735698
vt 0.670289 0.768694
vt 0.662932 0.700807
vt 0.666281 0.735224
vt 0.667104 0.666152
vt 0.666281 0.701201
vt 0.675560 0.632445
vt 0.670344 0.667336
vt 0.688352 0.600633
vt 0.678579 0.634498
vt 0.704933 0.572530
vt 0.691097 0.603396
vt 0.724204 0.549875
vt 0.707294 0.576004
vt 0.745506 0.532666
vt 0.726071 0.553901
vt 0.768346 0.521062
vt 0.746879 0.537087
vt 0.792174 0.515142
vt 0.769225 0.525719
vt 0.816442 0.515142
vt 0.792504 0.519957
vt 0.840544 0.521141
vt 0.816167 0.519957
vt 0.863988 0.533298
vt 0.839721 0.525798
vt 0.886114 0.551690
vt 0.862561 0.537639
vt 0.905660 0.575530
vt 0.884192 0.555637
vt 0.921417 0.603238
vt 0.903244 0.578925
vt 0.933386 0.633866
vt 0.918617 0.605922
vt 0.941457 0.666705
vt 0.930311 0.635840
vt 0.945574 0.700965
vt 0.938217 0.667968
vt 0.945574 0.735856
vt 0.942225 0.701438
vt 0.941402 0.770510
vt 0.942225 0.735461
vt 0.932947 0.804138
vt 0.938162 0.769247
vt 0.920154 0.836030
vt 0.929927 0.802165
vt 0.903573 0.864053
vt 0.917409 0.833267
vt 0.884302 0.886788
vt 0.901212 0.860659
vt 0.863000 0.903996
vt 0.882436 0.882762
vt 0.840160 0.915600
vt 0.861627 0.899576
vt 0.816332 0.921521
vt 0.839281 0.910943
vt 0.792065 0.921521
vt 0.816057 0.916706
vt 0.767962 0.915522
vt 0.792339 0.916706
vt 0.744573 0.903365
vt 0.768840 0.910864
vt 0.745946 0.899023
vt 0.746550 0.835319
vt 0.732934 0.818505
vt 0.721843 0.799007
vt 0.713443 0.777457
vt 0.707788 0.754328
vt 0.704933 0.730251
vt 0.704933 0.705701
vt 0.707898 0.681388
vt 0.713882 0.657706
vt 0.722886 0.635366
vt 0.734581 0.615710
vt 0.748142 0.599843
vt 0.763130 0.587766
vt 0.779217 0.579556
vt 0.795963 0.575451
vt 0.813038 0.575530
vt 0.830003 0.579793
vt 0.846419 0.588318
vt 0.861957 0.601343
vt 0.875628 0.618157
vt 0.886663 0.637655
vt 0.895063 0.659206
vt 0.900773 0.682335
vt 0.903628 0.706411
vt 0.903573 0.730962
vt 0.900609 0.755275
vt 0.894679 0.778957
vt 0.885620 0.801296
vt 0.873926 0.820873
vt 0.860364 0.836819
vt 0.845376 0.848897
vt 0.829289 0.857028
vt 0.812544 0.861132
vt 0.795469 0.861132
vt 0.778558 0.856870
vt 0.762087 0.848265
vt 0.760934 0.805796
vt 0.750722 0.793166
vt 0.742432 0.778562
vt 0.736173 0.762458
vt 0.731945 0.745092
vt 0.729804 0.727015
vt 0.729859 0.708701
vt 0.732110 0.690466
vt 0.736612 0.672704
vt 0.743420 0.656048
vt 0.752205 0.641365
vt 0.762362 0.629446
vt 0.773562 0.620447
vt 0.785641 0.614368
vt 0.798214 0.611290
vt 0.810951 0.611369
vt 0.823634 0.614605
vt 0.835987 0.621078
vt 0.847572 0.630867
vt 0.857784 0.643418
vt 0.866074 0.658022
vt 0.872333 0.674204
vt 0.876561 0.691571
vt 0.878702 0.709648
vt 0.878647 0.727962
vt 0.876396 0.746197
vt 0.871894 0.763879
vt 0.865086 0.780614
vt 0.856356 0.795297
vt 0.846199 0.807217
vt 0.834944 0.816216
vt 0.822865 0.822294
vt 0.810292 0.825373
vt 0.797555 0.825294
vt 0.784872 0.822057
vt 0.772574 0.815584
vt 0.772793 0.781798
vt 0.765382 0.772641
vt 0.759342 0.762064
vt 0.754785 0.750302
vt 0.751765 0.737750
vt 0.750228 0.724646
vt 0.750228 0.711306
vt 0.751875 0.698044
vt 0.755170 0.685177
vt 0.760111 0.673099
vt 0.766480 0.662363
vt 0.773837 0.653759
vt 0.782017 0.647207
vt 0.790747 0.642786
vt 0.799861 0.640655
vt 0.809140 0.640655
vt 0.818363 0.643023
vt 0.827313 0.647681
vt 0.835713 0.654864
vt 0.843180 0.664021
vt 0.849164 0.674599
vt 0.853721 0.686361
vt 0.856796 0.698912
vt 0.858333 0.712016
vt 0.858278 0.725357
vt 0.856631 0.738619
vt 0.853392 0.751486
vt 0.848395 0.763563
vt 0.842027 0.774220
vt 0.834670 0.782904
vt 0.826489 0.789455
vt 0.817759 0.793797
vt 0.808645 0.796007
vt 0.799367 0.796007
vt 0.790143 0.793639
vt 0.781249 0.788903
vt 0.804253 0.718331
vt 0.019525 0.916669
vt 0.300425 0.083331
s 1
g off
g LowTire_Tire
usemtl Tire
f 1/1/1 3/2/2 4/3/3
f 5/4/4 2/5/5 1/1/1
f 7/6/6 6/7/7 5/4/4
f 9/8/8 8/9/9 7/6/6
f 11/10/10 10/11/11 9/8/8
f 13/12/12 12/13/13 11/10/10
f 15/14/14 14/15/15 13/12/12
f 17/16/16 16/17/17 15/14/14
f 19/18/18 18/19/19 17/16/16
f 21/20/20 20/21/21 19/18/18
f 23/22/22 22/23/23 21/20/20
f 25/24/24 24/25/25 23/22/22
f 27/26/26 26/27/27 25/24/24
f 29/28/28 28/29/29 27/26/26
f 31/30/30 30/31/31 29/28/28
f 33/32/32 32/33/33 31/30/30
f 35/34/34 34/35/35 33/32/32
f 37/36/36 36/37/37 35/34/34
f 39/38/38 38/39/39 37/36/36
f 41/40/40 40/41/41 39/38/38
f 43/42/42 42/43/43 41/40/40
f 45/44/44 44/45/45 43/42/42
f 47/46/46 46/47/47 45/44/44
f 49/48/48 48/49/49 47/46/46
f 51/50/50 50/51/51 49/48/48
f 53/52/52 52/53/53 51/50/50
f 55/54/54 54/55/55 53/52/52
f 57/56/56 56/57/57 55/58/54
f 59/59/58 58/60/59 57/56/56
f 61/61/60 60/62/61 59/59/58
f 63/63/62 62/64/63 61/61/60
f 65/65/64 64/66/65 63/63/62
f 67/67/66 66/68/67 65/65/64
f 69/69/68 68/70/69 67/67/66
f 71/71/70 70/72/71 69/69/68
f 4/3/3 72/73/72 71/71/70
f 4/3/3 74/74/73 1/1/1
f 71/71/70 73/75/74 4/3/3
f 69/69/68 75/76/75 71/71/70
f 67/67/66 76/77/76 69/69/68
f 65/65/64 77/78/77 67/67/66
f 63/63/62 78/79/78 65/65/64
f 61/61/60 79/80/79 63/63/62
f 59/59/58 80/81/80 61/61/60
f 57/56/56 81/82/81 59/59/58
f 55/58/54 82/83/82 57/56/56
f 53/52/52 83/84/83 55/54/54
f 51/50/50 84/85/84 53/52/52
f 49/48/48 85/86/85 51/50/50
f 47/46/46 86/87/86 49/48/48
f 45/44/44 87/88/87 47/46/46
f 43/42/42 88/89/88 45/44/44
f 41/40/40 89/90/89 43/42/42
f 39/38/38 90/91/90 41/40/40
f 37/36/36 91/92/91 39/38/38
f 35/34/34 92/93/92 37/36/36
f 33/32/32 93/94/93 35/34/34
f 31/30/30 94/95/94 33/32/32
f 29/28/28 95/96/95 31/30/30
f 27/26/26 96/97/96 29/28/28
f 25/24/24 97/98/97 27/26/26
f 23/22/22 98/99/98 25/24/24
f 21/20/20 99/100/99 23/22/22
f 19/18/18 100/101/100 21/20/20
f 17/16/16 101/102/101 19/18/18
f 15/14/14 102/103/102 17/16/16
f 13/12/12 103/104/103 15/14/14
f 11/10/10 104/105/104 13/12/12
f 9/8/8 105/106/105 11/10/10
f 7/6/6 106/107/106 9/8/8
f 5/4/4 107/108/107 7/6/6
f 1/1/1 108/109/108 5/4/4
f 73/75/74 110/110/109 74/74/73
f 75/76/75 109/111/110 73/75/74
f 76/77/76 111/112/111 75/76/75
f 77/78/77 112/113/112 76/77/76
f 78/79/78 113/114/113 77/78/77
f 79/80/79 114/115/114 78/79/78
f 80/81/80 115/116/115 79/80/79
f 81/82/81 116/117/116 80/81/80
f 82/83/82 117/118/117 81/82/81
f 83/119/83 118/120/118 82/83/82
f 84/85/84 119/121/119 83/84/83
f 85/86/85 120/122/120 84/85/84
f 86/87/86 121/123/121 85/86/85
f 87/88/87 122/124/122 86/87/86
f 88/89/88 123/125/123 87/88/87
f 89/90/89 124/126/124 88/89/88
f 90/91/90 125/127/125 89/90/89
f 91/92/91 126/128/126 90/91/90
f 92/93/92 127/129/127 91/92/91
f 93/94/93 128/130/128 92/93/92
f 94/95/94 129/131/129 93/94/93
f 95/96/95 130/132/130 94/95/94
f 96/97/96 131/133/131 95/96/95
f 97/98/97 132/134/132 96/97/96
f 98/99/98 133/135/133 97/98/97
f 99/100/99 134/136/134 98/99/98
f 100/101/100 135/137/135 99/100/99
f 101/102/101 136/138/136 100/101/100
f 102/103/102 137/139/137 101/102/101
f 103/104/103 138/140/138 102/103/102
f 104/105/104 139/141/139 103/104/103
f 105/106/105 140/142/140 104/105/104
f 106/107/106 141/143/141 105/106/105
f 107/108/107 142/144/142 106/107/106
f 108/109/108 143/145/143 107/108/107
f 74/74/73 144/146/144 108/109/108
f 109/111/110 146/147/145 110/110/109
f 111/112/111 145/148/146 109/111/110
f 112/113/112 147/149/147 111/112/111
f 113/114/113 148/150/148 112/113/112
f 114/115/114 149/151/149 113/114/113
f 115/116/115 150/152/150 114/115/114
f 116/117/116 151/153/151 115/116/115
f 117/118/117 152/154/152 116/117/116
f 118/120/118 153/155/153 117/118/117
f 119/156/119 154/157/154 118/120/118
f 120/122/120 155/158/155 119/121/119
f 121/123/121 156/159/156 120/122/120
f 122/124/122 157/160/157 121/123/121
f 123/125/123 158/161/158 122/124/122
f 124/126/124 159/162/159 123/125/123
f 125/127/125 160/163/160 124/126/124
f 126/128/126 161/164/161 125/127/125
f 127/129/127 162/165/162 126/128/126
f 128/130/128 163/166/163 127/129/127
f 129/131/129 164/167/164 128/130/128
f 130/132/130 165/168/165 129/131/129
f 131/133/131 166/169/166 130/132/130
f 132/134/132 167/170/167 131/133/131
f 133/135/133 168/171/168 132/134/132
f 134/136/134 169/172/169 133/135/133
f 135/137/135 170/173/170 134/136/134
f 136/138/136 171/174/171 135/137/135
f 137/139/137 172/175/172 136/138/136
f 138/140/138 173/176/173 137/139/137
f 139/141/139 174/177/174 138/140/138
f 140/142/140 175/178/175 139/141/139
f 141/143/141 176/179/176 140/142/140
f 142/144/142 177/180/177 141/143/141
f 143/145/143 178/181/178 142/144/142
f 144/146/144 179/182/179 143/145/143
f 110/110/109 180/183/180 144/146/144
f 145/148/146 182/184/181 146/147/145
f 147/149/147 181/185/182 145/148/146
f 148/150/148 183/186/183 147/149/147
f 149/151/149 184/187/184 148/150/148
f 150/152/150 185/188/185 149/151/149
f 151/153/151 186/189/186 150/152/150
f 152/154/152 187/190/187 151/153/151
f 153/155/153 188/191/188 152/154/152
f 154/157/154 189/192/189 153/155/153
f 155/193/155 190/194/190 154/157/154
f 156/159/156 191/195/191 155/158/155
f 157/160/157 192/196/192 156/159/156
f 158/161/158 193/197/193 157/160/157
f 159/162/159 194/198/194 158/161/158
f 160/163/160 195/199/195 159/162/159
f 161/164/161 196/200/196 160/163/160
f 162/165/162 197/201/197 161/164/161
f 163/166/163 198/202/198 162/165/162
f 164/167/164 199/203/199 163/166/163
f 165/168/165 200/204/200 164/167/164
f 166/169/166 201/205/201 165/168/165
f 167/170/167 202/206/202 166/169/166
f 168/171/168 203/207/203 167/170/167
f 169/172/169 204/208/204 168/171/168
f 170/173/170 205/209/205 169/172/169
f 171/174/171 206/210/206 170/173/170
f 172/175/172 207/211/207 171/174/171
f 173/176/173 208/212/208 172/175/172
f 174/177/174 209/213/209 173/176/173
f 175/178/175 210/214/210 174/177/174
f 176/179/176 211/215/211 175/178/175
f 177/180/177 212/216/212 176/179/176
f 178/181/178 213/217/213 177/180/177
f 179/182/179 214/218/214 178/181/178
f 180/183/180 215/219/215 179/182/179
f 146/147/145 216/220/216 180/183/180
f 181/185/182 218/221/217 182/184/181
f 183/186/183 217/222/218 181/185/182
f 184/187/184 219/223/219 183/186/183
f 185/188/185 220/224/220 184/187/184
f 186/189/186 221/225/221 185/188/185
f 187/190/187 222/226/222 186/189/186
f 188/191/188 223/227/223 187/190/187
f 189/192/189 224/228/224 188/191/188
f 190/194/190 225/229/225 189/192/189
f 191/230/191 226/231/226 190/194/190
f 192/196/192 227/232/227 191/195/191
f 193/197/193 228/233/228 192/196/192
f 194/198/194 229/234/229 193/197/193
f 195/199/195 230/235/230 194/198/194
f 196/200/196 231/236/231 195/199/195
f 197/201/197 232/237/232 196/200/196
f 198/202/198 233/238/233 197/201/197
f 199/203/199 234/239/234 198/202/198
f 200/204/200 235/240/235 199/203/199
f 201/205/201 236/241/236 200/204/200
f 202/206/202 237/242/237 201/205/201
f 203/207/203 238/243/238 202/206/202
f 204/208/204 239/244/239 203/207/203
f 205/209/205 240/245/240 204/208/204
f 206/210/206 241/246/241 205/209/205
f 207/211/207 242/247/242 206/210/206
f 208/212/208 243/248/243 207/211/207
f 209/213/209 244/249/244 208/212/208
f 210/214/210 245/250/245 209/213/209
f 211/215/211 246/251/246 210/214/210
f 212/216/212 247/252/247 211/215/211
f 213/217/213 248/253/248 212/216/212
f 214/218/214 249/254/249 213/217/213
f 215/219/215 250/255/250 214/218/214
f 216/220/216 251/256/251 215/219/215
f 182/184/181 252/257/252 216/220/216
f 217/258/218 254/259/253 218/260/217
f 219/261/219 253/262/254 217/258/218
f 220/263/220 255/264/255 219/261/219
f 221/265/221 256/266/256 220/263/220
f 222/267/222 257/268/257 221/265/221
f 223/269/223 258/270/258 222/267/222
f 224/271/224 259/272/259 223/269/223
f 225/273/225 260/274/260 224/271/224
f 226/275/226 261/276/261 225/273/225
f 227/277/227 262/278/262 226/275/226
f 228/279/228 263/280/263 227/277/227
f 229/281/229 264/282/264 228/279/228
f 230/283/230 265/284/265 229/281/229
f 231/285/231 266/286/266 230/283/230
f 232/287/232 267/288/267 231/285/231
f 233/289/233 268/290/268 232/287/232
f 234/291/234 269/292/269 233/289/233
f 235/293/235 270/294/270 234/291/234
f 236/295/236 271/296/271 235/293/235
f 237/297/237 272/298/272 236/295/236
f 238/299/238 273/300/273 237/297/237
f 239/301/239 274/302/274 238/299/238
f 240/303/240 275/304/275 239/301/239
f 241/305/241 276/306/276 240/303/240
f 242/307/242 277/308/277 241/305/241
f 243/309/243 278/310/278 242/307/242
f 244/311/244 279/312/279 243/309/243
f 245/313/245 280/314/280 244/311/244
f 246/315/246 281/316/281 245/313/245
f 247/317/247 282/318/282 246/315/246
f 248/319/248 283/320/283 247/317/247
f 249/321/249 284/322/284 248/319/248
f 250/323/250 285/324/285 249/321/249
f 251/325/251 286/326/286 250/323/250
f 252/327/252 287/328/287 251/325/251
f 218/260/217 288/329/288 252/327/252
f 253/262/254 290/330/289 254/259/253
f 255/264/255 289/331/290 253/262/254
f 256/266/256 291/332/291 255/264/255
f 257/268/257 292/333/292 256/266/256
f 258/270/258 293/334/293 257/268/257
f 259/272/259 294/335/294 258/270/258
f 260/274/260 295/336/295 259/272/259
f 261/276/261 296/337/296 260/274/260
f 262/278/262 297/338/297 261/276/261
f 263/280/263 298/339/298 262/278/262
f 264/282/264 299/340/299 263/280/263
f 265/284/265 300/341/300 264/282/264
f 266/286/266 301/342/301 265/284/265
f 267/288/267 302/343/302 266/286/266
f 268/290/268 303/344/303 267/288/267
f 269/292/269 304/345/304 268/290/268
f 270/294/270 305/346/305 269/292/269
f 271/296/271 306/347/306 270/294/270
f 272/298/272 307/348/307 271/296/271
f 273/300/273 308/349/308 272/298/272
f 274/302/274 309/350/309 273/300/273
f 275/304/275 310/351/310 274/302/274
f 276/306/276 311/352/311 275/304/275
f 277/308/277 312/353/312 276/306/276
f 278/310/278 313/354/313 277/308/277
f 279/312/279 314/355/314 278/310/278
f 280/314/280 315/356/315 279/312/279
f 281/316/281 316/357/316 280/314/280
f 282/318/282 317/358/317 281/316/281
f 283/320/283 318/359/318 282/318/282
f 284/322/284 319/360/319 283/320/283
f 285/324/285 320/361/320 284/322/284
f 286/326/286 321/362/321 285/324/285
f 287/328/287 322/363/322 286/326/286
f 288/329/288 323/364/323 287/328/287
f 254/259/253 324/365/324 288/329/288
f 289/331/290 326/366/325 290/330/289
f 291/332/291 325/367/326 289/331/290
f 292/333/292 327/368/327 291/332/291
f 293/334/293 328/369/328 292/333/292
f 294/335/294 329/370/329 293/334/293
f 295/336/295 330/371/330 294/335/294
f 296/337/296 331/372/331 295/336/295
f 297/338/297 332/373/332 296/337/296
f 298/339/298 333/374/333 297/338/297
f 299/340/299 334/375/334 298/339/298
f 300/341/300 335/376/335 299/340/299
f 301/342/301 336/377/336 300/341/300
f 302/343/302 337/378/337 301/342/301
f 303/344/303 338/379/338 302/343/302
f 304/345/304 339/380/339 303/344/303
f 305/346/305 340/381/340 304/345/304
f 306/347/306 341/382/341 305/346/305
f 307/348/307 342/383/342 306/347/306
f 308/349/308 343/384/343 307/348/307
f 309/350/309 344/385/344 308/349/308
f 310/351/310 345/386/345 309/350/309
f 311/352/311 346/387/346 310/351/310
f 312/353/312 347/388/347 311/352/311
f 313/354/313 348/389/348 312/353/312
f 314/355/314 349/390/349 313/354/313
f 315/356/315 350/391/350 314/355/314
f 316/357/316 351/392/351 315/356/315
f 317/358/317 352/393/352 316/357/316
f 318/359/318 353/394/353 317/358/317
f 319/360/319 354/395/354 318/359/318
f 320/361/320 355/396/355 319/360/319
f 321/362/321 356/397/356 320/361/320
f 322/363/322 357/398/357 321/362/321
f 323/364/323 358/399/358 322/363/322
f 324/365/324 359/400/359 323/364/323
f 290/330/289 360/401/360 324/365/324
f 325/367/326 362/402/361 326/366/325
f 327/368/327 361/403/362 325/367/326
f 328/369/328 363/404/363 327/368/327
f 329/370/329 364/405/364 328/369/328
f 330/371/330 365/406/365 329/370/329
f 331/372/331 366/407/366 330/371/330
f 332/373/332 367/408/367 331/372/331
f 333/374/333 368/409/368 332/373/332
f 334/375/334 369/410/369 333/374/333
f 335/376/335 370/411/370 334/375/334
f 336/377/336 371/412/371 335/376/335
f 337/378/337 372/413/372 336/377/336
f 338/379/338 373/414/373 337/378/337
f 339/380/339 374/415/374 338/379/338
f 340/381/340 375/416/375 339/380/339
f 341/382/341 376/417/376 340/381/340
f 342/383/342 377/418/377 341/382/341
f 343/384/343 378/419/378 342/383/342
f 344/385/344 379/420/379 343/384/343
f 345/386/345 380/421/380 344/385/344
f 346/387/346 381/422/381 345/386/345
f 347/388/347 382/423/382 346/387/346
f 348/389/348 383/424/383 347/388/347
f 349/390/349 384/425/384 348/389/348
f 350/391/350 385/426/385 349/390/349
f 351/392/351 386/427/386 350/391/350
f 352/393/352 387/428/387 351/392/351
f 353/394/353 388/429/388 352/393/352
f 354/395/354 389/430/389 353/394/353
f 355/396/355 390/431/390 354/395/354
f 356/397/356 391/432/391 355/396/355
f 357/398/357 392/433/392 356/397/356
f 358/399/358 393/434/393 357/398/357
f 359/400/359 394/435/394 358/399/358
f 360/401/360 395/436/395 359/400/359
f 326/366/325 396/437/396 360/401/360
f 361/403/362 398/438/397 362/402/361
f 363/404/363 397/439/398 361/403/362
f 364/405/364 399/440/399 363/404/363
f 365/406/365 400/441/400 364/405/364
f 366/407/366 401/442/401 365/406/365
f 367/408/367 402/443/402 366/407/366
f 368/409/368 403/444/403 367/408/367
f 369/410/369 404/445/404 368/409/368
f 370/411/370 405/446/405 369/410/369
f 371/412/371 406/447/406 370/411/370
f 372/413/372 407/448/407 371/412/371
f 373/414/373 408/449/408 372/413/372
f 374/415/374 409/450/409 373/414/373
f 375/416/375 410/451/410 374/415/374
f 376/417/376 411/452/411 375/416/375
f 377/418/377 412/453/412 376/417/376
f 378/419/378 413/454/413 377/418/377
f 379/420/379 414/455/414 378/419/378
f 380/421/380 415/456/415 379/420/379
f 381/422/381 416/457/416 380/421/380
f 382/423/382 417/458/417 381/422/381
f 383/424/383 418/459/418 382/423/382
f 384/425/384 419/460/419 383/424/383
f 385/426/385 420/461/420 384/425/384
f 386/427/386 421/462/421 385/426/385
f 387/428/387 422/463/422 386/427/386
f 388/429/388 423/464/423 387/428/387
f 389/430/389 424/465/424 388/429/388
f 390/431/390 425/466/425 389/430/389
f 391/432/391 426/467/426 390/431/390
f 392/433/392 427/468/427 391/432/391
f 393/434/393 428/469/428 392/433/392
f 394/435/394 429/470/429 393/434/393
f 395/436/395 430/471/430 394/435/394
f 396/437/396 431/472/431 395/436/395
f 362/402/361 432/473/432 396/437/396
f 397/439/398 434/474/433 398/438/397
f 399/440/399 433/475/434 397/439/398
f 400/441/400 435/476/435 399/440/399
f 401/442/401 436/477/436 400/441/400
f 402/443/402 437/478/437 401/442/401
f 403/444/403 438/479/438 402/443/402
f 404/445/404 439/480/439 403/444/403
f 405/446/405 440/481/440 404/445/404
f 406/447/406 441/482/441 405/446/405
f 407/448/407 442/483/442 406/447/406
f 408/449/408 443/484/443 407/448/407
f 409/450/409 444/485/444 408/449/408
f 410/451/410 445/486/445 409/450/409
f 411/452/411 446/487/446 410/451/410
f 412/453/412 447/488/447 411/452/411
f 413/454/413 448/489/448 412/453/412
f 414/455/414 449/490/449 413/454/413
f 415/456/415 450/491/450 414/455/414
f 416/457/416 451/492/451 415/456/415
f 417/458/417 452/493/452 416/457/416
f 418/459/418 453/494/453 417/458/417
f 419/460/419 454/495/454 418/459/418
f 420/461/420 455/496/455 419/460/419
f 421/462/421 456/497/456 420/461/420
f 422/463/422 457/498/457 421/462/421
f 423/464/423 458/499/458 422/463/422
f 424/465/424 459/500/459 423/464/423
f 425/466/425 460/501/460 424/465/424
f 426/467/426 461/502/461 425/466/425
f 427/468/427 462/503/462 426/467/426
f 428/469/428 463/504/463 427/468/427
f 429/470/429 464/505/464 428/469/428
f 430/471/430 465/506/465 429/470/429
f 431/472/431 466/507/466 430/471/430
f 432/473/432 467/508/467 431/472/431
f 398/438/397 468/509/468 432/473/432
f 433/475/434 470/510/469 434/474/433
f 435/476/435 469/511/470 433/475/434
f 436/477/436 471/512/471 435/476/435
f 437/478/437 472/513/472 436/477/436
f 438/479/438 473/514/473 437/478/437
f 439/480/439 474/515/474 438/479/438
f 440/481/440 475/516/475 439/480/439
f 441/482/441 476/517/476 440/481/440
f 442/483/442 477/518/477 441/482/441
f 443/484/443 478/519/478 442/483/442
f 444/485/444 479/520/479 443/484/443
f 445/486/445 480/521/480 444/485/444
f 446/487/446 481/522/481 445/486/445
f 447/488/447 482/523/482 446/487/446
f 448/489/448 483/524/483 447/488/447
f 449/490/449 484/525/484 448/489/448
f 450/491/450 485/526/485 449/490/449
f 451/492/451 486/527/486 450/491/450
f 452/493/452 487/528/487 451/492/451
f 453/494/453 488/529/488 452/493/452
f 454/495/454 489/530/489 453/494/453
f 455/496/455 490/531/490 454/495/454
f 456/497/456 491/532/491 455/496/455
f 457/498/457 492/533/492 456/497/456
f 458/499/458 493/534/493 457/498/457
f 459/500/459 494/535/494 458/499/458
f 460/501/460 495/536/495 459/500/459
f 461/502/461 496/537/496 460/501/460
f 462/503/462 497/538/497 461/502/461
f 463/504/463 498/539/498 462/503/462
f 464/505/464 499/540/499 463/504/463
f 465/506/465 500/541/500 464/505/464
f 466/507/466 501/542/501 465/506/465
f 467/508/467 502/543/502 466/507/466
f 468/509/468 503/544/503 467/508/467
f 434/474/433 504/545/504 468/509/468
f 469/511/470 506/546/505 470/510/469
f 471/512/471 505/547/506 469/511/470
f 472/513/472 507/548/507 471/512/471
f 473/514/473 508/549/508 472/513/472
f 474/515/474 509/550/509 473/514/473
f 475/516/475 510/551/510 474/515/474
f 476/517/476 511/552/511 475/516/475
f 477/518/477 512/553/512 476/517/476
f 478/519/478 513/554/513 477/518/477
f 479/520/479 514/555/514 478/519/478
f 480/521/480 515/556/515 479/520/479
f 481/522/481 516/557/516 480/521/480
f 482/523/482 517/558/517 481/522/481
f 483/524/483 518/559/518 482/523/482
f 484/525/484 519/560/519 483/524/483
f 485/526/485 520/561/520 484/525/484
f 486/527/486 521/562/521 485/526/485
f 487/528/487 522/563/522 486/527/486
f 488/529/488 523/564/523 487/528/487
f 489/530/489 524/565/524 488/529/488
f 490/531/490 525/566/525 489/530/489
f 491/532/491 526/567/526 490/531/490
f 492/533/492 527/568/527 491/532/491
f 493/534/493 528/569/528 492/533/492
f 494/535/494 529/570/529 493/534/493
f 495/536/495 530/571/530 494/535/494
f 496/537/496 531/572/531 495/536/495
f 497/538/497 532/573/532 496/537/496
f 498/539/498 533/574/533 497/538/497
f 499/540/499 534/575/534 498/539/498
f 500/541/500 535/576/535 499/540/499
f 501/542/501 536/577/536 500/541/500
f 502/543/502 537/578/537 501/542/501
f 503/544/503 538/579/538 502/543/502
f 504/545/504 539/580/539 503/544/503
f 470/510/469 540/581/540 504/545/504
f 505/547/506 542/582/541 506/546/505
f 507/548/507 541/583/542 505/547/506
f 508/549/508 543/584/543 507/548/507
f 509/550/509 544/585/544 508/549/508
f 510/551/510 545/586/545 509/550/509
f 511/552/511 546/587/546 510/551/510
f 512/553/512 547/588/547 511/552/511
f 513/554/513 548/589/548 512/553/512
f 514/555/514 549/590/549 513/554/513
f 515/556/515 550/591/550 514/555/514
f 516/557/516 551/592/551 515/556/515
f 517/558/517 552/593/552 516/557/516
f 518/559/518 553/594/553 517/558/517
f 519/560/519 554/595/554 518/559/518
f 520/561/520 555/596/555 519/560/519
f 521/562/521 556/597/556 520/561/520
f 522/563/522 557/598/557 521/562/521
f 523/564/523 558/599/558 522/563/522
f 524/565/524 559/600/559 523/564/523
f 525/566/525 560/601/560 524/565/524
f 526/567/526 561/602/561 525/566/525
f 527/568/527 562/603/562 526/567/526
f 528/569/528 563/604/563 527/568/527
f 529/570/529 564/605/564 528/569/528
f 530/571/530 565/606/565 529/570/529
f 531/572/531 566/607/566 530/571/530
f 532/573/532 567/608/567 531/572/531
f 533/574/533 568/609/568 532/573/532
f 534/575/534 569/610/569 533/574/533
f 535/576/535 570/611/570 534/575/534
f 536/577/536 571/612/571 535/576/535
f 537/578/537 572/613/572 536/577/536
f 538/579/538 573/614/573 537/578/537
f 539/580/539 574/615/574 538/579/538
f 540/581/540 575/616/575 539/580/539
f 506/546/505 576/617/576 540/581/540
f 542/582/541 541/583/542 577/618/577
f 541/583/542 543/584/543 577/618/577
f 543/584/543 544/585/544 577/618/577
f 544/585/544 545/586/545 577/618/577
f 545/586/545 546/587/546 577/618/577
f 546/587/546 547/588/547 577/618/577
f 547/588/547 548/589/548 577/618/577
f 548/589/548 549/590/549 577/618/577
f 549/590/549 550/591/550 577/618/577
f 550/591/550 551/592/551 577/618/577
f 551/592/551 552/593/552 577/618/577
f 552/593/552 553/594/553 577/618/577
f 553/594/553 554/595/554 577/618/577
f 554/595/554 555/596/555 577/618/577
f 555/596/555 556/597/556 577/618/577
f 556/597/556 557/598/557 577/618/577
f 557/598/557 558/599/558 577/618/577
f 558/599/558 559/600/559 577/618/577
f 559/600/559 560/601/560 577/618/577
f 560/601/560 561/602/561 577/618/577
f 561/602/561 562/603/562 577/618/577
f 562/603/562 563/604/563 577/618/577
f 563/604/563 564/605/564 577/618/577
f 564/605/564 565/606/565 577/618/577
f 565/606/565 566/607/566 577/618/577
f 566/607/566 567/608/567 577/618/577
f 567/608/567 568/609/568 577/618/577
f 568/609/568 569/610/569 577/618/577
f 569/610/569 570/611/570 577/618/577
f 570/611/570 571/612/571 577/618/577
f 571/612/571 572/613/572 577/618/577
f 572/613/572 573/614/573 577/618/577
f 573/614/573 574/615/574 577/618/577
f 574/615/574 575/616/575 577/618/577
f 575/616/575 576/617/576 577/618/577
f 576/617/576 542/582/541 577/618/577
f 2/5/5 579/619/578 3/2/2
f 6/7/7 578/620/579 2/5/5
f 8/9/9 580/621/580 6/7/7
f 10/11/11 581/622/581 8/9/9
f 12/13/13 582/623/582 10/11/11
f 14/15/15 583/624/583 12/13/13
f 16/17/17 584/625/584 14/15/15
f 18/19/19 585/626/585 16/17/17
f 20/21/21 586/627/586 18/19/19
f 22/23/23 587/628/587 20/21/21
f 24/25/25 588/629/588 22/23/23
f 26/27/27 589/630/589 24/25/25
f 28/29/29 590/631/590 26/27/27
f 30/31/31 591/632/591 28/29/29
f 32/33/33 592/633/592 30/31/31
f 34/35/35 593/634/593 32/33/33
f 36/37/37 594/635/594 34/35/35
f 38/39/39 595/636/595 36/37/37
f 40/41/41 596/637/596 38/39/39
f 42/43/43 597/638/597 40/41/41
f 44/45/45 598/639/598 42/43/43
f 46/47/47 599/640/599 44/45/45
f 48/49/49 600/641/600 46/47/47
f 50/51/51 601/642/601 48/49/49
f 52/53/53 602/643/602 50/51/51
f 54/55/55 603/644/603 52/53/53
f 56/645/57 604/646/604 54/55/55
f 58/60/59 605/647/605 56/57/57
f 60/62/61 606/648/606 58/60/59
f 62/64/63 607/649/607 60/62/61
f 64/66/65 608/650/608 62/64/63
f 66/68/67 609/651/609 64/66/65
f 68/70/69 610/652/610 66/68/67
f 70/72/71 611/653/611 68/70/69
f 72/73/72 612/654/612 70/72/71
f 3/2/2 613/655/613 72/73/72
f 578/620/579 615/656/614 579/619/578
f 580/621/580 614/657/615 578/620/579
f 581/622/581 616/658/616 580/621/580
f 582/623/582 617/659/617 581/622/581
f 583/624/583 618/660/618 582/623/582
f 584/625/584 619/661/619 583/624/583
f 585/626/585 620/662/620 584/625/584
f 586/627/586 621/663/621 585/626/585
f 587/628/587 622/664/622 586/627/586
f 588/629/588 623/665/623 587/628/587
f 589/630/589 624/666/624 588/629/588
f 590/631/590 625/667/625 589/630/589
f 591/632/591 626/668/626 590/631/590
f 592/633/592 627/669/627 591/632/591
f 593/634/593 628/670/628 592/633/592
f 594/635/594 629/671/629 593/634/593
f 595/636/595 630/672/630 594/635/594
f 596/637/596 631/673/631 595/636/595
f 597/638/597 632/674/632 596/637/596
f 598/639/598 633/675/633 597/638/597
f 599/640/599 634/676/634 598/639/598
f 600/641/600 635/677/635 599/640/599
f 601/642/601 636/678/636 600/641/600
f 602/643/602 637/679/637 601/642/601
f 603/644/603 638/680/638 602/643/602
f 604/646/604 639/681/639 603/644/603
f 605/682/605 640/683/640 604/646/604
f 606/648/606 641/684/641 605/647/605
f 607/649/607 642/685/642 606/648/606
f 608/650/608 643/686/643 607/649/607
f 609/651/609 644/687/644 608/650/608
f 610/652/610 645/688/645 609/651/609
f 611/653/611 646/689/646 610/652/610
f 612/654/612 647/690/647 611/653/611
f 613/655/613 648/691/648 612/654/612
f 579/619/578 649/692/649 613/655/613
f 614/657/615 651/693/650 615/656/614
f 616/658/616 650/694/651 614/657/615
f 617/659/617 652/695/652 616/658/616
f 618/660/618 653/696/653 617/659/617
f 619/661/619 654/697/654 618/660/618
f 620/662/620 655/698/655 619/661/619
f 621/663/621 656/699/656 620/662/620
f 622/664/622 657/700/657 621/663/621
f 623/665/623 658/701/658 622/664/622
f 624/666/624 659/702/659 623/665/623
f 625/667/625 660/703/660 624/666/624
f 626/668/626 661/704/661 625/667/625
f 627/669/627 662/705/662 626/668/626
f 628/670/628 663/706/663 627/669/627
f 629/671/629 664/707/664 628/670/628
f 630/672/630 665/708/665 629/671/629
f 631/673/631 666/709/666 630/672/630
f 632/674/632 667/710/667 631/673/631
f 633/675/633 668/711/668 632/674/632
f 634/676/634 669/712/669 633/675/633
f 635/677/635 670/713/670 634/676/634
f 636/678/636 671/714/671 635/677/635
f 637/679/637 672/715/672 636/678/636
f 638/680/638 673/716/673 637/679/637
f 639/681/639 674/717/674 638/680/638
f 640/683/640 675/718/675 639/681/639
f 641/719/641 676/720/676 640/683/640
f 642/685/642 677/721/677 641/684/641
f 643/686/643 678/722/678 642/685/642
f 644/687/644 679/723/679 643/686/643
f 645/688/645 680/724/680 644/687/644
f 646/689/646 681/725/681 645/688/645
f 647/690/647 682/726/682 646/689/646
f 648/691/648 683/727/683 647/690/647
f 649/692/649 684/728/684 648/691/648
f 615/656/614 685/729/685 649/692/649
f 650/694/651 687/730/686 651/693/650
f 652/695/652 686/731/687 650/694/651
f 653/696/653 688/732/688 652/695/652
f 654/697/654 689/733/689 653/696/653
f 655/698/655 690/734/690 654/697/654
f 656/699/656 691/735/691 655/698/655
f 657/700/657 692/736/692 656/699/656
f 658/701/658 693/737/693 657/700/657
f 659/702/659 694/738/694 658/701/658
f 660/703/660 695/739/695 659/702/659
f 661/704/661 696/740/696 660/703/660
f 662/705/662 697/741/697 661/704/661
f 663/706/663 698/742/698 662/705/662
f 664/707/664 699/743/699 663/706/663
f 665/708/665 700/744/700 664/707/664
f 666/709/666 701/745/701 665/708/665
f 667/710/667 702/746/702 666/709/666
f 668/711/668 703/747/703 667/710/667
f 669/712/669 704/748/704 668/711/668
f 670/713/670 705/749/705 669/712/669
f 671/714/671 706/750/706 670/713/670
f 672/715/672 707/751/707 671/714/671
f 673/716/673 708/752/708 672/715/672
f 674/717/674 709/753/709 673/716/673
f 675/718/675 710/754/710 674/717/674
f 676/720/676 711/755/711 675/718/675
f 677/756/677 712/757/712 676/720/676
f 678/722/678 713/758/713 677/721/677
f 679/723/679 714/759/714 678/722/678
f 680/724/680 715/760/715 679/723/679
f 681/725/681 716/761/716 680/724/680
f 682/726/682 717/762/717 681/725/681
f 683/727/683 718/763/718 682/726/682
f 684/728/684 719/764/719 683/727/683
f 685/729/685 720/765/720 684/728/684
f 651/693/650 721/766/721 685/729/685
f 686/731/687 723/767/722 687/730/686
f 688/732/688 722/768/723 686/731/687
f 689/733/689 724/769/724 688/732/688
f 690/734/690 725/770/725 689/733/689
f 691/735/691 726/771/726 690/734/690
f 692/736/692 727/772/727 691/735/691
f 693/737/693 728/773/728 692/736/692
f 694/738/694 729/774/729 693/737/693
f 695/739/695 730/775/730 694/738/694
f 696/740/696 731/776/731 695/739/695
f 697/741/697 732/777/732 696/740/696
f 698/742/698 733/778/733 697/741/697
f 699/743/699 734/779/734 698/742/698
f 700/744/700 735/780/735 699/743/699
f 701/745/701 736/781/736 700/744/700
f 702/746/702 737/782/737 701/745/701
f 703/747/703 738/783/738 702/746/702
f 704/748/704 739/784/739 703/747/703
f 705/749/705 740/785/740 704/748/704
f 706/750/706 741/786/741 705/749/705
f 707/751/707 742/787/742 706/750/706
f 708/752/708 743/788/743 707/751/707
f 709/753/709 744/789/744 708/752/708
f 710/754/710 745/790/745 709/753/709
f 711/755/711 746/791/746 710/754/710
f 712/757/712 747/792/747 711/755/711
f 713/793/713 748/794/748 712/757/712
f 714/759/714 749/795/749 713/758/713
f 715/760/715 750/796/750 714/759/714
f 716/761/716 751/797/751 715/760/715
f 717/762/717 752/798/752 716/761/716
f 718/763/718 753/799/753 717/762/717
f 719/764/719 754/800/754 718/763/718
f 720/765/720 755/801/755 719/764/719
f 721/766/721 756/802/756 720/765/720
f 687/730/686 757/803/757 721/766/721
f 722/804/723 759/805/758 723/806/722
f 724/807/724 758/808/759 722/804/723
f 725/809/725 760/810/760 724/807/724
f 726/811/726 761/812/761 725/809/725
f 727/813/727 762/814/762 726/811/726
f 728/815/728 763/816/763 727/813/727
f 729/817/729 764/818/764 728/815/728
f 730/819/730 765/820/765 729/817/729
f 731/821/731 766/822/766 730/819/730
f 732/823/732 767/824/767 731/821/731
f 733/825/733 768/826/768 732/823/732
f 734/827/734 769/828/769 733/825/733
f 735/829/735 770/830/770 734/827/734
f 736/831/736 771/832/771 735/829/735
f 737/833/737 772/834/772 736/831/736
f 738/835/738 773/836/773 737/833/737
f 739/837/739 774/838/774 738/835/738
f 740/839/740 775/840/775 739/837/739
f 741/841/741 776/842/776 740/839/740
f 742/843/742 777/844/777 741/841/741
f 743/845/743 778/846/778 742/843/742
f 744/847/744 779/848/779 743/845/743
f 745/849/745 780/850/780 744/847/744
f 746/851/746 781/852/781 745/849/745
f 747/853/747 782/854/782 746/851/746
f 748/855/748 783/856/783 747/853/747
f 749/857/749 784/858/784 748/855/748
f 750/859/750 785/860/785 749/857/749
f 751/861/751 786/862/786 750/859/750
f 752/863/752 787/864/787 751/861/751
f 753/865/753 788/866/788 752/863/752
f 754/867/754 789/868/789 753/865/753
f 755/869/755 790/870/790 754/867/754
f 756/871/756 791/872/791 755/869/755
f 757/873/757 792/874/792 756/871/756
f 723/806/722 793/875/793 757/873/757
f 758/808/759 795/876/794 759/805/758
f 760/810/760 794/877/795 758/808/759
f 761/812/761 796/878/796 760/810/760
f 762/814/762 797/879/797 761/812/761
f 763/816/763 798/880/798 762/814/762
f 764/818/764 799/881/799 763/816/763
f 765/820/765 800/882/800 764/818/764
f 766/822/766 801/883/801 765/820/765
f 767/824/767 802/884/802 766/822/766
f 768/826/768 803/885/803 767/824/767
f 769/828/769 804/886/804 768/826/768
f 770/830/770 805/887/805 769/828/769
f 771/832/771 806/888/806 770/830/770
f 772/834/772 807/889/807 771/832/771
f 773/836/773 808/890/808 772/834/772
f 774/838/774 809/891/809 773/836/773
f 775/840/775 810/892/810 774/838/774
f 776/842/776 811/893/811 775/840/775
f 777/844/777 812/894/812 776/842/776
f 778/846/778 813/895/813 777/844/777
f 779/848/779 814/896/814 778/846/778
f 780/850/780 815/897/815 779/848/779
f 781/852/781 816/898/816 780/850/780
f 782/854/782 817/899/817 781/852/781
f 783/856/783 818/900/818 782/854/782
f 784/858/784 819/901/819 783/856/783
f 785/860/785 820/902/820 784/858/784
f 786/862/786 821/903/821 785/860/785
f 787/864/787 822/904/822 786/862/786
f 788/866/788 823/905/823 787/864/787
f 789/868/789 824/906/824 788/866/788
f 790/870/790 825/907/825 789/868/789
f 791/872/791 826/908/826 790/870/790
f 792/874/792 827/909/827 791/872/791
f 793/875/793 828/910/828 792/874/792
f 759/805/758 829/911/829 793/875/793
f 794/877/795 831/912/830 795/876/794
f 796/878/796 830/913/831 794/877/795
f 797/879/797 832/914/832 796/878/796
f 798/880/798 833/915/833 797/879/797
f 799/881/799 834/916/834 798/880/798
f 800/882/800 835/917/835 799/881/799
f 801/883/801 836/918/836 800/882/800
f 802/884/802 837/919/837 801/883/801
f 803/885/803 838/920/838 802/884/802
f 804/886/804 839/921/839 803/885/803
f 805/887/805 840/922/840 804/886/804
f 806/888/806 841/923/841 805/887/805
f 807/889/807 842/924/842 806/888/806
f 808/890/808 843/925/843 807/889/807
f 809/891/809 844/926/844 808/890/808
f 810/892/810 845/927/845 809/891/809
f 811/893/811 846/928/846 810/892/810
f 812/894/812 847/929/847 811/893/811
f 813/895/813 848/930/848 812/894/812
f 814/896/814 849/931/849 813/895/813
f 815/897/815 850/932/850 814/896/814
f 816/898/816 851/933/851 815/897/815
f 817/899/817 852/934/852 816/898/816
f 818/900/818 853/935/853 817/899/817
f 819/901/819 854/936/854 818/900/818
f 820/902/820 855/937/855 819/901/819
f 821/903/821 856/938/856 820/902/820
f 822/904/822 857/939/857 821/903/821
f 823/905/823 858/940/858 822/904/822
f 824/906/824 859/941/859 823/905/823
f 825/907/825 860/942/860 824/906/824
f 826/908/826 861/943/861 825/907/825
f 827/909/827 862/944/862 826/908/826
f 828/910/828 863/945/863 827/909/827
f 829/911/829 864/946/864 828/910/828
f 795/876/794 865/947/865 829/911/829
f 830/913/831 867/948/866 831/912/830
f 832/914/832 866/949/867 830/913/831
f 833/915/833 868/950/868 832/914/832
f 834/916/834 869/951/869 833/915/833
f 835/917/835 870/952/870 834/916/834
f 836/918/836 871/953/871 835/917/835
f 837/919/837 872/954/872 836/918/836
f 838/920/838 873/955/873 837/919/837
f 839/921/839 874/956/874 838/920/838
f 840/922/840 875/957/875 839/921/839
f 841/923/841 876/958/876 840/922/840
f 842/924/842 877/959/877 841/923/841
f 843/925/843 878/960/878 842/924/842
f 844/926/844 879/961/879 843/925/843
f 845/927/845 880/962/880 844/926/844
f 846/928/846 881/963/881 845/927/845
f 847/929/847 882/964/882 846/928/846
f 848/930/848 883/965/883 847/929/847
f 849/931/849 884/966/884 848/930/848
f 850/932/850 885/967/885 849/931/849
f 851/933/851 886/968/886 850/932/850
f 852/934/852 887/969/887 851/933/851
f 853/935/853 888/970/888 852/934/852
f 854/936/854 889/971/889 853/935/853
f 855/937/855 890/972/890 854/936/854
f 856/938/856 891/973/891 855/937/855
f 857/939/857 892/974/892 856/938/856
f 858/940/858 893/975/893 857/939/857
f 859/941/859 894/976/894 858/940/858
f 860/942/860 895/977/895 859/941/859
f 861/943/861 896/978/896 860/942/860
f 862/944/862 897/979/897 861/943/861
f 863/945/863 898/980/898 862/944/862
f 864/946/864 899/981/899 863/945/863
f 865/947/865 900/982/900 864/946/864
f 831/912/830 901/983/901 865/947/865
f 867/948/866 866/949/867 902/984/902
f 866/949/867 868/950/868 902/984/902
f 868/950/868 869/951/869 902/984/902
f 869/951/869 870/952/870 902/984/902
f 870/952/870 871/953/871 902/984/902
f 871/953/871 872/954/872 902/984/902
f 872/954/872 873/955/873 902/984/902
f 873/955/873 874/956/874 902/984/902
f 874/956/874 875/957/875 902/984/902
f 875/957/875 876/958/876 902/984/902
f 876/958/876 877/959/877 902/984/902
f 877/959/877 878/960/878 902/984/902
f 878/960/878 879/961/879 902/984/902
f 879/961/879 880/962/880 902/984/902
f 880/962/880 881/963/881 902/984/902
f 881/963/881 882/964/882 902/984/902
f 882/964/882 883/965/883 902/984/902
f 883/965/883 884/966/884 902/984/902
f 884/966/884 885/967/885 902/984/902
f 885/967/885 886/968/886 902/984/902
f 886/968/886 887/969/887 902/984/902
f 887/969/887 888/970/888 902/984/902
f 888/970/888 889/971/889 902/984/902
f 889/971/889 890/972/890 902/984/902
f 890/972/890 891/973/891 902/984/902
f 891/973/891 892/974/892 902/984/902
f 892/974/892 893/975/893 902/984/902
f 893/975/893 894/976/894 902/984/902
f 894/976/894 895/977/895 902/984/902
f 895/977/895 896/978/896 902/984/902
f 896/978/896 897/979/897 902/984/902
f 897/979/897 898/980/898 902/984/902
f 898/980/898 899/981/899 902/984/902
f 899/981/899 900/982/900 902/984/902
f 900/982/900 901/983/901 902/984/902
f 901/983/901 867/948/866 902/984/902
f 1/1/1 2/5/5 3/2/2
f 5/4/4 6/7/7 2/5/5
f 7/6/6 8/9/9 6/7/7
f 9/8/8 10/11/11 8/9/9
f 11/10/10 12/13/13 10/11/11
f 13/12/12 14/15/15 12/13/13
f 15/14/14 16/17/17 14/15/15
f 17/16/16 18/19/19 16/17/17
f 19/18/18 20/21/21 18/19/19
f 21/20/20 22/23/23 20/21/21
f 23/22/22 24/25/25 22/23/23
f 25/24/24 26/27/27 24/25/25
f 27/26/26 28/29/29 26/27/27
f 29/28/28 30/31/31 28/29/29
f 31/30/30 32/33/33 30/31/31
f 33/32/32 34/35/35 32/33/33
f 35/34/34 36/37/37 34/35/35
f 37/36/36 38/39/39 36/37/37
f 39/38/38 40/41/41 38/39/39
f 41/40/40 42/43/43 40/41/41
f 43/42/42 44/45/45 42/43/43
f 45/44/44 46/47/47 44/45/45
f 47/46/46 48/49/49 46/47/47
f 49/48/48 50/51/51 48/49/49
f 51/50/50 52/53/53 50/51/51
f 53/52/52 54/55/55 52/53/53
f 55/54/54 56/645/57 54/55/55
f 57/56/56 58/60/59 56/57/57
f 59/59/58 60/62/61 58/60/59
f 61/61/60 62/64/63 60/62/61
f 63/63/62 64/66/65 62/64/63
f 65/65/64 66/68/67 64/66/65
f 67/67/66 68/70/69 66/68/67
f 69/69/68 70/72/71 68/70/69
f 71/71/70 72/73/72 70/72/71
f 4/3/3 3/2/2 72/73/72
f 4/3/3 73/75/74 74/74/73
f 71/71/70 75/76/75 73/75/74
f 69/69/68 76/77/76 75/76/75
f 67/67/66 77/78/77 76/77/76
f 65/65/64 78/79/78 77/78/77
f 63/63/62 79/80/79 78/79/78
f 61/61/60 80/81/80 79/80/79
f 59/59/58 81/82/81 80/81/80
f 57/56/56 82/83/82 81/82/81
f 55/58/54 83/119/83 82/83/82
f 53/52/52 84/85/84 83/84/83
f 51/50/50 85/86/85 84/85/84
f 49/48/48 86/87/86 85/86/85
f 47/46/46 87/88/87 86/87/86
f 45/44/44 88/89/88 87/88/87
f 43/42/42 89/90/89 88/89/88
f 41/40/40 90/91/90 89/90/89
f 39/38/38 91/92/91 90/91/90
f 37/36/36 92/93/92 91/92/91
f 35/34/34 93/94/93 92/93/92
f 33/32/32 94/95/94 93/94/93
f 31/30/30 95/96/95 94/95/94
f 29/28/28 96/97/96 95/96/95
f 27/26/26 97/98/97 96/97/96
f 25/24/24 98/99/98 97/98/97
f 23/22/22 99/100/99 98/99/98
f 21/20/20 100/101/100 99/100/99
f 19/18/18 101/102/101 100/101/100
f 17/16/16 102/103/102 101/102/101
f 15/14/14 103/104/103 102/103/102
f 13/12/12 104/105/104 103/104/103
f 11/10/10 105/106/105 104/105/104
f 9/8/8 106/107/106 105/106/105
f 7/6/6 107/108/107 106/107/106
f 5/4/4 108/109/108 107/108/107
f 1/1/1 74/74/73 108/109/108
f 73/75/74 109/111/110 110/110/109
f 75/76/75 111/112/111 109/111/110
f 76/77/76 112/113/112 111/112/111
f 77/78/77 113/114/113 112/113/112
f 78/79/78 114/115/114 113/114/113
f 79/80/79 115/116/115 114/115/114
f 80/81/80 116/117/116 115/116/115
f 81/82/81 117/118/117 116/117/116
f 82/83/82 118/120/118 117/118/117
f 83/119/83 119/156/119 118/120/118
f 84/85/84 120/122/120 119/121/119
f 85/86/85 121/123/121 120/122/120
f 86/87/86 122/124/122 121/123/121
f 87/88/87 123/125/123 122/124/122
f 88/89/88 124/126/124 123/125/123
f 89/90/89 125/127/125 124/126/124
f 90/91/90 126/128/126 125/127/125
f 91/92/91 127/129/127 126/128/126
f 92/93/92 128/130/128 127/129/127
f 93/94/93 129/131/129 128/130/128
f 94/95/94 130/132/130 129/131/129
f 95/96/95 131/133/131 130/132/130
f 96/97/96 132/134/132 131/133/131
f 97/98/97 133/135/133 132/134/132
f 98/99/98 134/136/134 133/135/133
f 99/100/99 135/137/135 134/136/134
f 100/101/100 136/138/136 135/137/135
f 101/102/101 137/139/137 136/138/136
f 102/103/102 138/140/138 137/139/137
f 103/104/103 139/141/139 138/140/138
f 104/105/104 140/142/140 139/141/139
f 105/106/105 141/143/141 140/142/140
f 106/107/106 142/144/142 141/143/141
f 107/108/107 143/145/143 142/144/142
f 108/109/108 144/146/144 143/145/143
f 74/74/73 110/110/109 144/146/144
f 109/111/110 145/148/146 146/147/145
f 111/112/111 147/149/147 145/148/146
f 112/113/112 148/150/148 147/149/147
f 113/114/113 149/151/149 148/150/148
f 114/115/114 150/152/150 149/151/149
f 115/116/115 151/153/151 150/152/150
f 116/117/116 152/154/152 151/153/151
f 117/118/117 153/155/153 152/154/152
f 118/120/118 154/157/154 153/155/153
f 119/156/119 155/193/155 154/157/154
f 120/122/120 156/159/156 155/158/155
f 121/123/121 157/160/157 156/159/156
f 122/124/122 158/161/158 157/160/157
f 123/125/123 159/162/159 158/161/158
f 124/126/124 160/163/160 159/162/159
f 125/127/125 161/164/161 160/163/160
f 126/128/126 162/165/162 161/164/161
f 127/129/127 163/166/163 162/165/162
f 128/130/128 164/167/164 163/166/163
f 129/131/129 165/168/165 164/167/164
f 130/132/130 166/169/166 165/168/165
f 131/133/131 167/170/167 166/169/166
f 132/134/132 168/171/168 167/170/167
f 133/135/133 169/172/169 168/171/168
f 134/136/134 170/173/170 169/172/169
f 135/137/135 171/174/171 170/173/170
f 136/138/136 172/175/172 171/174/171
f 137/139/137 173/176/173 172/175/172
f 138/140/138 174/177/174 173/176/173
f 139/141/139 175/178/175 174/177/174
f 140/142/140 176/179/176 175/178/175
f 141/143/141 177/180/177 176/179/176
f 142/144/142 178/181/178 177/180/177
f 143/145/143 179/182/179 178/181/178
f 144/146/144 180/183/180 179/182/179
f 110/110/109 146/147/145 180/183/180
f 145/148/146 181/185/182 182/184/181
f 147/149/147 183/186/183 181/185/182
f 148/150/148 184/187/184 183/186/183
f 149/151/149 185/188/185 184/187/184
f 150/152/150 186/189/186 185/188/185
f 151/153/151 187/190/187 186/189/186
f 152/154/152 188/191/188 187/190/187
f 153/155/153 189/192/189 188/191/188
f 154/157/154 190/194/190 189/192/189
f 155/193/155 191/230/191 190/194/190
f 156/159/156 192/196/192 191/195/191
f 157/160/157 193/197/193 192/196/192
f 158/161/158 194/198/194 193/197/193
f 159/162/159 195/199/195 194/198/194
f 160/163/160 196/200/196 195/199/195
f 161/164/161 197/201/197 196/200/196
f 162/165/162 198/202/198 197/201/197
f 163/166/163 199/203/199 198/202/198
f 164/167/164 200/204/200 199/203/199
f 165/168/165 201/205/201 200/204/200
f 166/169/166 202/206/202 201/205/201
f 167/170/167 203/207/203 202/206/202
f 168/171/168 204/208/204 203/207/203
f 169/172/169 205/209/205 204/208/204
f 170/173/170 206/210/206 205/209/205
f 171/174/171 207/211/207 206/210/206
f 172/175/172 208/212/208 207/211/207
f 173/176/173 209/213/209 208/212/208
f 174/177/174 210/214/210 209/213/209
f 175/178/175 211/215/211 210/214/210
f 176/179/176 212/216/212 211/215/211
f 177/180/177 213/217/213 212/216/212
f 178/181/178 214/218/214 213/217/213
f 179/182/179 215/219/215 214/218/214
f 180/183/180 216/220/216 215/219/215
f 146/147/145 182/184/181 216/220/216
f 181/185/182 217/222/218 218/221/217
f 183/186/183 219/223/219 217/222/218
f 184/187/184 220/224/220 219/223/219
f 185/188/185 221/225/221 220/224/220
f 186/189/186 222/226/222 221/225/221
f 187/190/187 223/227/223 222/226/222
f 188/191/188 224/228/224 223/227/223
f 189/192/189 225/229/225 224/228/224
f 190/194/190 226/231/226 225/229/225
f 191/230/191 227/985/227 226/231/226
f 192/196/192 228/233/228 227/232/227
f 193/197/193 229/234/229 228/233/228
f 194/198/194 230/235/230 229/234/229
f 195/199/195 231/236/231 230/235/230
f 196/200/196 232/237/232 231/236/231
f 197/201/197 233/238/233 232/237/232
f 198/202/198 234/239/234 233/238/233
f 199/203/199 235/240/235 234/239/234
f 200/204/200 236/241/236 235/240/235
f 201/205/201 237/242/237 236/241/236
f 202/206/202 238/243/238 237/242/237
f 203/207/203 239/244/239 238/243/238
f 204/208/204 240/245/240 239/244/239
f 205/209/205 241/246/241 240/245/240
f 206/210/206 242/247/242 241/246/241
f 207/211/207 243/248/243 242/247/242
f 208/212/208 244/249/244 243/248/243
f 209/213/209 245/250/245 244/249/244
f 210/214/210 246/251/246 245/250/245
f 211/215/211 247/252/247 246/251/246
f 212/216/212 248/253/248 247/252/247
f 213/217/213 249/254/249 248/253/248
f 214/218/214 250/255/250 249/254/249
f 215/219/215 251/256/251 250/255/250
f 216/220/216 252/257/252 251/256/251
f 182/184/181 218/221/217 252/257/252
f 217/258/218 253/262/254 254/259/253
f 219/261/219 255/264/255 253/262/254
f 220/263/220 256/266/256 255/264/255
f 221/265/221 257/268/257 256/266/256
f 222/267/222 258/270/258 257/268/257
f 223/269/223 259/272/259 258/270/258
f 224/271/224 260/274/260 259/272/259
f 225/273/225 261/276/261 260/274/260
f 226/275/226 262/278/262 261/276/261
f 227/277/227 263/280/263 262/278/262
f 228/279/228 264/282/264 263/280/263
f 229/281/229 265/284/265 264/282/264
f 230/283/230 266/286/266 265/284/265
f 231/285/231 267/288/267 266/286/266
f 232/287/232 268/290/268 267/288/267
f 233/289/233 269/292/269 268/290/268
f 234/291/234 270/294/270 269/292/269
f 235/293/235 271/296/271 270/294/270
f 236/295/236 272/298/272 271/296/271
f 237/297/237 273/300/273 272/298/272
f 238/299/238 274/302/274 273/300/273
f 239/301/239 275/304/275 274/302/274
f 240/303/240 276/306/276 275/304/275
f 241/305/241 277/308/277 276/306/276
f 242/307/242 278/310/278 277/308/277
f 243/309/243 279/312/279 278/310/278
f 244/311/244 280/314/280 279/312/279
f 245/313/245 281/316/281 280/314/280
f 246/315/246 282/318/282 281/316/281
f 247/317/247 283/320/283 282/318/282
f 248/319/248 284/322/284 283/320/283
f 249/321/249 285/324/285 284/322/284
f 250/323/250 286/326/286 285/324/285
f 251/325/251 287/328/287 286/326/286
f 252/327/252 288/329/288 287/328/287
f 218/260/217 254/259/253 288/329/288
f 253/262/254 289/331/290 290/330/289
f 255/264/255 291/332/291 289/331/290
f 256/266/256 292/333/292 291/332/291
f 257/268/257 293/334/293 292/333/292
f 258/270/258 294/335/294 293/334/293
f 259/272/259 295/336/295 294/335/294
f 260/274/260 296/337/296 295/336/295
f 261/276/261 297/338/297 296/337/296
f 262/278/262 298/339/298 297/338/297
f 263/280/263 299/340/299 298/339/298
f 264/282/264 300/341/300 299/340/299
f 265/284/265 301/342/301 300/341/300
f 266/286/266 302/343/302 301/342/301
f 267/288/267 303/344/303 302/343/302
f 268/290/268 304/345/304 303/344/303
f 269/292/269 305/346/305 304/345/304
f 270/294/270 306/347/306 305/346/305
f 271/296/271 307/348/307 306/347/306
f 272/298/272 308/349/308 307/348/307
f 273/300/273 309/350/309 308/349/308
f 274/302/274 310/351/310 309/350/309
f 275/304/275 311/352/311 310/351/310
f 276/306/276 312/353/312 311/352/311
f 277/308/277 313/354/313 312/353/312
f 278/310/278 314/355/314 313/354/313
f 279/312/279 315/356/315 314/355/314
f 280/314/280 316/357/316 315/356/315
f 281/316/281 317/358/317 316/357/316
f 282/318/282 318/359/318 317/358/317
f 283/320/283 319/360/319 318/359/318
f 284/322/284 320/361/320 319/360/319
f 285/324/285 321/362/321 320/361/320
f 286/326/286 322/363/322 321/362/321
f 287/328/287 323/364/323 322/363/322
f 288/329/288 324/365/324 323/364/323
f 254/259/253 290/330/289 324/365/324
f 289/331/290 325/367/326 326/366/325
f 291/332/291 327/368/327 325/367/326
f 292/333/292 328/369/328 327/368/327
f 293/334/293 329/370/329 328/369/328
f 294/335/294 330/371/330 329/370/329
f 295/336/295 331/372/331 330/371/330
f 296/337/296 332/373/332 331/372/331
f 297/338/297 333/374/333 332/373/332
f 298/339/298 334/375/334 333/374/333
f 299/340/299 335/376/335 334/375/334
f 300/341/300 336/377/336 335/376/335
f 301/342/301 337/378/337 336/377/336
f 302/343/302 338/379/338 337/378/337
f 303/344/303 339/380/339 338/379/338
f 304/345/304 340/381/340 339/380/339
f 305/346/305 341/382/341 340/381/340
f 306/347/306 342/383/342 341/382/341
f 307/348/307 343/384/343 342/383/342
f 308/349/308 344/385/344 343/384/343
f 309/350/309 345/386/345 344/385/344
f 310/351/310 346/387/346 345/386/345
f 311/352/311 347/388/347 346/387/346
f 312/353/312 348/389/348 347/388/347
f 313/354/313 349/390/349 348/389/348
f 314/355/314 350/391/350 349/390/349
f 315/356/315 351/392/351 350/391/350
f 316/357/316 352/393/352 351/392/351
f 317/358/317 353/394/353 352/393/352
f 318/359/318 354/395/354 353/394/353
f 319/360/319 355/396/355 354/395/354
f 320/361/320 356/397/356 355/396/355
f 321/362/321 357/398/357 356/397/356
f 322/363/322 358/399/358 357/398/357
f 323/364/323 359/400/359 358/399/358
f 324/365/324 360/401/360 359/400/359
f 290/330/289 326/366/325 360/401/360
f 325/367/326 361/403/362 362/402/361
f 327/368/327 363/404/363 361/403/362
f 328/369/328 364/405/364 363/404/363
f 329/370/329 365/406/365 364/405/364
f 330/371/330 366/407/366 365/406/365
f 331/372/331 367/408/367 366/407/366
f 332/373/332 368/409/368 367/408/367
f 333/374/333 369/410/369 368/409/368
f 334/375/334 370/411/370 369/410/369
f 335/376/335 371/412/371 370/411/370
f 336/377/336 372/413/372 371/412/371
f 337/378/337 373/414/373 372/413/372
f 338/379/338 374/415/374 373/414/373
f 339/380/339 375/416/375 374/415/374
f 340/381/340 376/417/376 375/416/375
f 341/382/341 377/418/377 376/417/376
f 342/383/342 378/419/378 377/418/377
f 343/384/343 379/420/379 378/419/378
f 344/385/344 380/421/380 379/420/379
f 345/386/345 381/422/381 380/421/380
f 346/387/346 382/423/382 381/422/381
f 347/388/347 383/424/383 382/423/382
f 348/389/348 384/425/384 383/424/383
f 349/390/349 385/426/385 384/425/384
f 350/391/350 386/427/386 385/426/385
f 351/392/351 387/428/387 386/427/386
f 352/393/352 388/429/388 387/428/387
f 353/394/353 389/430/389 388/429/388
f 354/395/354 390/431/390 389/430/389
f 355/396/355 391/432/391 390/431/390
f 356/397/356 392/433/392 391/432/391
f 357/398/357 393/434/393 392/433/392
f 358/399/358 394/435/394 393/434/393
f 359/400/359 395/436/395 394/435/394
f 360/401/360 396/437/396 395/436/395
f 326/366/325 362/402/361 396/437/396
f 361/403/362 397/439/398 398/438/397
f 363/404/363 399/440/399 397/439/398
f 364/405/364 400/441/400 399/440/399
f 365/406/365 401/442/401 400/441/400
f 366/407/366 402/443/402 401/442/401
f 367/408/367 403/444/403 402/443/402
f 368/409/368 404/445/404 403/444/403
f 369/410/369 405/446/405 404/445/404
f 370/411/370 406/447/406 405/446/405
f 371/412/371 407/448/407 406/447/406
f 372/413/372 408/449/408 407/448/407
f 373/414/373 409/450/409 408/449/408
f 374/415/374 410/451/410 409/450/409
f 375/416/375 411/452/411 410/451/410
f 376/417/376 412/453/412 411/452/411
f 377/418/377 413/454/413 412/453/412
f 378/419/378 414/455/414 413/454/413
f 379/420/379 415/456/415 414/455/414
f 380/421/380 416/457/416 415/456/415
f 381/422/381 417/458/417 416/457/416
f 382/423/382 418/459/418 417/458/417
f 383/424/383 419/460/419 418/459/418
f 384/425/384 420/461/420 419/460/419
f 385/426/385 421/462/421 420/461/420
f 386/427/386 422/463/422 421/462/421
f 387/428/387 423/464/423 422/463/422
f 388/429/388 424/465/424 423/464/423
f 389/430/389 425/466/425 424/465/424
f 390/431/390 426/467/426 425/466/425
f 391/432/391 427/468/427 426/467/426
f 392/433/392 428/469/428 427/468/427
f 393/434/393 429/470/429 428/469/428
f 394/435/394 430/471/430 429/470/429
f 395/436/395 431/472/431 430/471/430
f 396/437/396 432/473/432 431/472/431
f 362/402/361 398/438/397 432/473/432
f 397/439/398 433/475/434 434/474/433
f 399/440/399 435/476/435 433/475/434
f 400/441/400 436/477/436 435/476/435
f 401/442/401 437/478/437 436/477/436
f 402/443/402 438/479/438 437/478/437
f 403/444/403 439/480/439 438/479/438
f 404/445/404 440/481/440 439/480/439
f 405/446/405 441/482/441 440/481/440
f 406/447/406 442/483/442 441/482/441
f 407/448/407 443/484/443 442/483/442
f 408/449/408 444/485/444 443/484/443
f 409/450/409 445/486/445 444/485/444
f 410/451/410 446/487/446 445/486/445
f 411/452/411 447/488/447 446/487/446
f 412/453/412 448/489/448 447/488/447
f 413/454/413 449/490/449 448/489/448
f 414/455/414 450/491/450 449/490/449
f 415/456/415 451/492/451 450/491/450
f 416/457/416 452/493/452 451/492/451
f 417/458/417 453/494/453 452/493/452
f 418/459/418 454/495/454 453/494/453
f 419/460/419 455/496/455 454/495/454
f 420/461/420 456/497/456 455/496/455
f 421/462/421 457/498/457 456/497/456
f 422/463/422 458/499/458 457/498/457
f 423/464/423 459/500/459 458/499/458
f 424/465/424 460/501/460 459/500/459
f 425/466/425 461/502/461 460/501/460
f 426/467/426 462/503/462 461/502/461
f 427/468/427 463/504/463 462/503/462
f 428/469/428 464/505/464 463/504/463
f 429/470/429 465/506/465 464/505/464
f 430/471/430 466/507/466 465/506/465
f 431/472/431 467/508/467 466/507/466
f 432/473/432 468/509/468 467/508/467
f 398/438/397 434/474/433 468/509/468
f 433/475/434 469/511/470 470/510/469
f 435/476/435 471/512/471 469/511/470
f 436/477/436 472/513/472 471/512/471
f 437/478/437 473/514/473 472/513/472
f 438/479/438 474/515/474 473/514/473
f 439/480/439 475/516/475 474/515/474
f 440/481/440 476/517/476 475/516/475
f 441/482/441 477/518/477 476/517/476
f 442/483/442 478/519/478 477/518/477
f 443/484/443 479/520/479 478/519/478
f 444/485/444 480/521/480 479/520/479
f 445/486/445 481/522/481 480/521/480
f 446/487/446 482/523/482 481/522/481
f 447/488/447 483/524/483 482/523/482
f 448/489/448 484/525/484 483/524/483
f 449/490/449 485/526/485 484/525/484
f 450/491/450 486/527/486 485/526/485
f 451/492/451 487/528/487 486/527/486
f 452/493/452 488/529/488 487/528/487
f 453/494/453 489/530/489 488/529/488
f 454/495/454 490/531/490 489/530/489
f 455/496/455 491/532/491 490/531/490
f 456/497/456 492/533/492 491/532/491
f 457/498/457 493/534/493 492/533/492
f 458/499/458 494/535/494 493/534/493
f 459/500/459 495/536/495 494/535/494
f 460/501/460 496/537/496 495/536/495
f 461/502/461 497/538/497 496/537/496
f 462/503/462 498/539/498 497/538/497
f 463/504/463 499/540/499 498/539/498
f 464/505/464 500/541/500 499/540/499
f 465/506/465 501/542/501 500/541/500
f 466/507/466 502/543/502 501/542/501
f 467/508/467 503/544/503 502/543/502
f 468/509/468 504/545/504 503/544/503
f 434/474/433 470/510/469 504/545/504
f 469/511/470 505/547/506 506/546/505
f 471/512/471 507/548/507 505/547/506
f 472/513/472 508/549/508 507/548/507
f 473/514/473 509/550/509 508/549/508
f 474/515/474 510/551/510 509/550/509
f 475/516/475 511/552/511 510/551/510
f 476/517/476 512/553/512 511/552/511
f 477/518/477 513/554/513 512/553/512
f 478/519/478 514/555/514 513/554/513
f 479/520/479 515/556/515 514/555/514
f 480/521/480 516/557/516 515/556/515
f 481/522/481 517/558/517 516/557/516
f 482/523/482 518/559/518 517/558/517
f 483/524/483 519/560/519 518/559/518
f 484/525/484 520/561/520 519/560/519
f 485/526/485 521/562/521 520/561/520
f 486/527/486 522/563/522 521/562/521
f 487/528/487 523/564/523 522/563/522
f 488/529/488 524/565/524 523/564/523
f 489/530/489 525/566/525 524/565/524
f 490/531/490 526/567/526 525/566/525
f 491/532/491 527/568/527 526/567/526
f 492/533/492 528/569/528 527/568/527
f 493/534/493 529/570/529 528/569/528
f 494/535/494 530/571/530 529/570/529
f 495/536/495 531/572/531 530/571/530
f 496/537/496 532/573/532 531/572/531
f 497/538/497 533/574/533 532/573/532
f 498/539/498 534/575/534 533/574/533
f 499/540/499 535/576/535 534/575/534
f 500/541/500 536/577/536 535/576/535
f 501/542/501 537/578/537 536/577/536
f 502/543/502 538/579/538 537/578/537
f 503/544/503 539/580/539 538/579/538
f 504/545/504 540/581/540 539/580/539
f 470/510/469 506/546/505 540/581/540
f 505/547/506 541/583/542 542/582/541
f 507/548/507 543/584/543 541/583/542
f 508/549/508 544/585/544 543/584/543
f 509/550/509 545/586/545 544/585/544
f 510/551/510 546/587/546 545/586/545
f 511/552/511 547/588/547 546/587/546
f 512/553/512 548/589/548 547/588/547
f 513/554/513 549/590/549 548/589/548
f 514/555/514 550/591/550 549/590/549
f 515/556/515 551/592/551 550/591/550
f 516/557/516 552/593/552 551/592/551
f 517/558/517 553/594/553 552/593/552
f 518/559/518 554/595/554 553/594/553
f 519/560/519 555/596/555 554/595/554
f 520/561/520 556/597/556 555/596/555
f 521/562/521 557/598/557 556/597/556
f 522/563/522 558/599/558 557/598/557
f 523/564/523 559/600/559 558/599/558
f 524/565/524 560/601/560 559/600/559
f 525/566/525 561/602/561 560/601/560
f 526/567/526 562/603/562 561/602/561
f 527/568/527 563/604/563 562/603/562
f 528/569/528 564/605/564 563/604/563
f 529/570/529 565/606/565 564/605/564
f 530/571/530 566/607/566 565/606/565
f 531/572/531 567/608/567 566/607/566
f 532/573/532 568/609/568 567/608/567
f 533/574/533 569/610/569 568/609/568
f 534/575/534 570/611/570 569/610/569
f 535/576/535 571/612/571 570/611/570
f 536/577/536 572/613/572 571/612/571
f 537/578/537 573/614/573 572/613/572
f 538/579/538 574/615/574 573/614/573
f 539/580/539 575/616/575 574/615/574
f 540/581/540 576/617/576 575/616/575
f 506/546/505 542/582/541 576/617/576
f 2/5/5 578/620/579 579/619/578
f 6/7/7 580/621/580 578/620/579
f 8/9/9 581/622/581 580/621/580
f 10/11/11 582/623/582 581/622/581
f 12/13/13 583/624/583 582/623/582
f 14/15/15 584/625/584 583/624/583
f 16/17/17 585/626/585 584/625/584
f 18/19/19 586/627/586 585/626/585
f 20/21/21 587/628/587 586/627/586
f 22/23/23 588/629/588 587/628/587
f 24/25/25 589/630/589 588/629/588
f 26/27/27 590/631/590 589/630/589
f 28/29/29 591/632/591 590/631/590
f 30/31/31 592/633/592 591/632/591
f 32/33/33 593/634/593 592/633/592
f 34/35/35 594/635/594 593/634/593
f 36/37/37 595/636/595 594/635/594
f 38/39/39 596/637/596 595/636/595
f 40/41/41 597/638/597 596/637/596
f 42/43/43 598/639/598 597/638/597
f 44/45/45 599/640/599 598/639/598
f 46/47/47 600/641/600 599/640/599
f 48/49/49 601/642/601 600/641/600
f 50/51/51 602/643/602 601/642/601
f 52/53/53 603/644/603 602/643/602
f 54/55/55 604/646/604 603/644/603
f 56/645/57 605/682/605 604/646/604
f 58/60/59 606/648/606 605/647/605
f 60/62/61 607/649/607 606/648/606
f 62/64/63 608/650/608 607/649/607
f 64/66/65 609/651/609 608/650/608
f 66/68/67 610/652/610 609/651/609
f 68/70/69 611/653/611 610/652/610
f 70/72/71 612/654/612 611/653/611
f 72/73/72 613/655/613 612/654/612
f 3/2/2 579/619/578 613/655/613
f 578/620/579 614/657/615 615/656/614
f 580/621/580 616/658/616 614/657/615
f 581/622/581 617/659/617 616/658/616
f 582/623/582 618/660/618 617/659/617
f 583/624/583 619/661/619 618/660/618
f 584/625/584 620/662/620 619/661/619
f 585/626/585 621/663/621 620/662/620
f 586/627/586 622/664/622 621/663/621
f 587/628/587 623/665/623 622/664/622
f 588/629/588 624/666/624 623/665/623
f 589/630/589 625/667/625 624/666/624
f 590/631/590 626/668/626 625/667/625
f 591/632/591 627/669/627 626/668/626
f 592/633/592 628/670/628 627/669/627
f 593/634/593 629/671/629 628/670/628
f 594/635/594 630/672/630 629/671/629
f 595/636/595 631/673/631 630/672/630
f 596/637/596 632/674/632 631/673/631
f 597/638/597 633/675/633 632/674/632
f 598/639/598 634/676/634 633/675/633
f 599/640/599 635/677/635 634/676/634
f 600/641/600 636/678/636 635/677/635
f 601/642/601 637/679/637 636/678/636
f 602/643/602 638/680/638 637/679/637
f 603/644/603 639/681/639 638/680/638
f 604/646/604 640/683/640 639/681/639
f 605/682/605 641/719/641 640/683/640
f 606/648/606 642/685/642 641/684/641
f 607/649/607 643/686/643 642/685/642
f 608/650/608 644/687/644 643/686/643
f 609/651/609 645/688/645 644/687/644
f 610/652/610 646/689/646 645/688/645
f 611/653/611 647/690/647 646/689/646
f 612/654/612 648/691/648 647/690/647
f 613/655/613 649/692/649 648/691/648
f 579/619/578 615/656/614 649/692/649
f 614/657/615 650/694/651 651/693/650
f 616/658/616 652/695/652 650/694/651
f 617/659/617 653/696/653 652/695/652
f 618/660/618 654/697/654 653/696/653
f 619/661/619 655/698/655 654/697/654
f 620/662/620 656/699/656 655/698/655
f 621/663/621 657/700/657 656/699/656
f 622/664/622 658/701/658 657/700/657
f 623/665/623 659/702/659 658/701/658
f 624/666/624 660/703/660 659/702/659
f 625/667/625 661/704/661 660/703/660
f 626/668/626 662/705/662 661/704/661
f 627/669/627 663/706/663 662/705/662
f 628/670/628 664/707/664 663/706/663
f 629/671/629 665/708/665 664/707/664
f 630/672/630 666/709/666 665/708/665
f 631/673/631 667/710/667 666/709/666
f 632/674/632 668/711/668 667/710/667
f 633/675/633 669/712/669 668/711/668
f 634/676/634 670/713/670 669/712/669
f 635/677/635 671/714/671 670/713/670
f 636/678/636 672/715/672 671/714/671
f 637/679/637 673/716/673 672/715/672
f 638/680/638 674/717/674 673/716/673
f 639/681/639 675/718/675 674/717/674
f 640/683/640 676/720/676 675/718/675
f 641/719/641 677/756/677 676/720/676
f 642/685/642 678/722/678 677/721/677
f 643/686/643 679/723/679 678/722/678
f 644/687/644 680/724/680 679/723/679
f 645/688/645 681/725/681 680/724/680
f 646/689/646 682/726/682 681/725/681
f 647/690/647 683/727/683 682/726/682
f 648/691/648 684/728/684 683/727/683
f 649/692/649 685/729/685 684/728/684
f 615/656/614 651/693/650 685/729/685
f 650/694/651 686/731/687 687/730/686
f 652/695/652 688/732/688 686/731/687
f 653/696/653 689/733/689 688/732/688
f 654/697/654 690/734/690 689/733/689
f 655/698/655 691/735/691 690/734/690
f 656/699/656 692/736/692 691/735/691
f 657/700/657 693/737/693 692/736/692
f 658/701/658 694/738/694 693/737/693
f 659/702/659 695/739/695 694/738/694
f 660/703/660 696/740/696 695/739/695
f 661/704/661 697/741/697 696/740/696
f 662/705/662 698/742/698 697/741/697
f 663/706/663 699/743/699 698/742/698
f 664/707/664 700/744/700 699/743/699
f 665/708/665 701/745/701 700/744/700
f 666/709/666 702/746/702 701/745/701
f 667/710/667 703/747/703 702/746/702
f 668/711/668 704/748/704 703/747/703
f 669/712/669 705/749/705 704/748/704
f 670/713/670 706/750/706 705/749/705
f 671/714/671 707/751/707 706/750/706
f 672/715/672 708/752/708 707/751/707
f 673/716/673 709/753/709 708/752/708
f 674/717/674 710/754/710 709/753/709
f 675/718/675 711/755/711 710/754/710
f 676/720/676 712/757/712 711/755/711
f 677/756/677 713/793/713 712/757/712
f 678/722/678 714/759/714 713/758/713
f 679/723/679 715/760/715 714/759/714
f 680/724/680 716/761/716 715/760/715
f 681/725/681 717/762/717 716/761/716
f 682/726/682 718/763/718 717/762/717
f 683/727/683 719/764/719 718/763/718
f 684/728/684 720/765/720 719/764/719
f 685/729/685 721/766/721 720/765/720
f 651/693/650 687/730/686 721/766/721
f 686/731/687 722/768/723 723/767/722
f 688/732/688 724/769/724 722/768/723
f 689/733/689 725/770/725 724/769/724
f 690/734/690 726/771/726 725/770/725
f 691/735/691 727/772/727 726/771/726
f 692/736/692 728/773/728 727/772/727
f 693/737/693 729/774/729 728/773/728
f 694/738/694 730/775/730 729/774/729
f 695/739/695 731/776/731 730/775/730
f 696/740/696 732/777/732 731/776/731
f 697/741/697 733/778/733 732/777/732
f 698/742/698 734/779/734 733/778/733
f 699/743/699 735/780/735 734/779/734
f 700/744/700 736/781/736 735/780/735
f 701/745/701 737/782/737 736/781/736
f 702/746/702 738/783/738 737/782/737
f 703/747/703 739/784/739 738/783/738
f 704/748/704 740/785/740 739/784/739
f 705/749/705 741/786/741 740/785/740
f 706/750/706 742/787/742 741/786/741
f 707/751/707 743/788/743 742/787/742
f 708/752/708 744/789/744 743/788/743
f 709/753/709 745/790/745 744/789/744
f 710/754/710 746/791/746 745/790/745
f 711/755/711 747/792/747 746/791/746
f 712/757/712 748/794/748 747/792/747
f 713/793/713 749/986/749 748/794/748
f 714/759/714 750/796/750 749/795/749
f 715/760/715 751/797/751 750/796/750
f 716/761/716 752/798/752 751/797/751
f 717/762/717 753/799/753 752/798/752
f 718/763/718 754/800/754 753/799/753
f 719/764/719 755/801/755 754/800/754
f 720/765/720 756/802/756 755/801/755
f 721/766/721 757/803/757 756/802/756
f 687/730/686 723/767/722 757/803/757
f 722/804/723 758/808/759 759/805/758
f 724/807/724 760/810/760 758/808/759
f 725/809/725 761/812/761 760/810/760
f 726/811/726 762/814/762 761/812/761
f 727/813/727 763/816/763 762/814/762
f 728/815/728 764/818/764 763/816/763
f 729/817/729 765/820/765 764/818/764
f 730/819/730 766/822/766 765/820/765
f 731/821/731 767/824/767 766/822/766
f 732/823/732 768/826/768 767/824/767
f 733/825/733 769/828/769 768/826/768
f 734/827/734 770/830/770 769/828/769
f 735/829/735 771/832/771 770/830/770
f 736/831/736 772/834/772 771/832/771
f 737/833/737 773/836/773 772/834/772
f 738/835/738 774/838/774 773/836/773
f 739/837/739 775/840/775 774/838/774
f 740/839/740 776/842/776 775/840/775
f 741/841/741 777/844/777 776/842/776
f 742/843/742 778/846/778 777/844/777
f 743/845/743 779/848/779 778/846/778
f 744/847/744 780/850/780 779/848/779
f 745/849/745 781/852/781 780/850/780
f 746/851/746 782/854/782 781/852/781
f 747/853/747 783/856/783 782/854/782
f 748/855/748 784/858/784 783/856/783
f 749/857/749 785/860/785 784/858/784
f 750/859/750 786/862/786 785/860/785
f 751/861/751 787/864/787 786/862/786
f 752/863/752 788/866/788 787/864/787
f 753/865/753 789/868/789 788/866/788
f 754/867/754 790/870/790 789/868/789
f 755/869/755 791/872/791 790/870/790
f 756/871/756 792/874/792 791/872/791
f 757/873/757 793/875/793 792/874/792
f 723/806/722 759/805/758 793/875/793
f 758/808/759 794/877/795 795/876/794
f 760/810/760 796/878/796 794/877/795
f 761/812/761 797/879/797 796/878/796
f 762/814/762 798/880/798 797/879/797
f 763/816/763 799/881/799 798/880/798
f 764/818/764 800/882/800 799/881/799
f 765/820/765 801/883/801 800/882/800
f 766/822/766 802/884/802 801/883/801
f 767/824/767 803/885/803 802/884/802
f 768/826/768 804/886/804 803/885/803
f 769/828/769 805/887/805 804/886/804
f 770/830/770 806/888/806 805/887/805
f 771/832/771 807/889/807 806/888/806
f 772/834/772 808/890/808 807/889/807
f 773/836/773 809/891/809 808/890/808
f 774/838/774 810/892/810 809/891/809
f 775/840/775 811/893/811 810/892/810
f 776/842/776 812/894/812 811/893/811
f 777/844/777 813/895/813 812/894/812
f 778/846/778 814/896/814 813/895/813
f 779/848/779 815/897/815 814/896/814
f 780/850/780 816/898/816 815/897/815
f 781/852/781 817/899/817 816/898/816
f 782/854/782 818/900/818 817/899/817
f 783/856/783 819/901/819 818/900/818
f 784/858/784 820/902/820 819/901/819
f 785/860/785 821/903/821 820/902/820
f 786/862/786 822/904/822 821/903/821
f 787/864/787 823/905/823 822/904/822
f 788/866/788 824/906/824 823/905/823
f 789/868/789 825/907/825 824/906/824
f 790/870/790 826/908/826 825/907/825
f 791/872/791 827/909/827 826/908/826
f 792/874/792 828/910/828 827/909/827
f 793/875/793 829/911/829 828/910/828
f 759/805/758 795/876/794 829/911/829
f 794/877/795 830/913/831 831/912/830
f 796/878/796 832/914/832 830/913/831
f 797/879/797 833/915/833 832/914/832
f 798/880/798 834/916/834 833/915/833
f 799/881/799 835/917/835 834/916/834
f 800/882/800 836/918/836 835/917/835
f 801/883/801 837/919/837 836/918/836
f 802/884/802 838/920/838 837/919/837
f 803/885/803 839/921/839 838/920/838
f 804/886/804 840/922/840 839/921/839
f 805/887/805 841/923/841 840/922/840
f 806/888/806 842/924/842 841/923/841
f 807/889/807 843/925/843 842/924/842
f 808/890/808 844/926/844 843/925/843
f 809/891/809 845/927/845 844/926/844
f 810/892/810 846/928/846 845/927/845
f 811/893/811 847/929/847 846/928/846
f 812/894/812 848/930/848 847/929/847
f 813/895/813 849/931/849 848/930/848
f 814/896/814 850/932/850 849/931/849
f 815/897/815 851/933/851 850/932/850
f 816/898/816 852/934/852 851/933/851
f 817/899/817 853/935/853 852/934/852
f 818/900/818 854/936/854 853/935/853
f 819/901/819 855/937/855 854/936/854
f 820/902/820 856/938/856 855/937/855
f 821/903/821 857/939/857 856/938/856
f 822/904/822 858/940/858 857/939/857
f 823/905/823 859/941/859 858/940/858
f 824/906/824 860/942/860 859/941/859
f 825/907/825 861/943/861 860/942/860
f 826/908/826 862/944/862 861/943/861
f 827/909/827 863/945/863 862/944/862
f 828/910/828 864/946/864 863/945/863
f 829/911/829 865/947/865 864/946/864
f 795/876/794 831/912/830 865/947/865
f 830/913/831 866/949/867 867/948/866
f 832/914/832 868/950/868 866/949/867
f 833/915/833 869/951/869 868/950/868
f 834/916/834 870/952/870 869/951/869
f 835/917/835 871/953/871 870/952/870
f 836/918/836 872/954/872 871/953/871
f 837/919/837 873/955/873 872/954/872
f 838/920/838 874/956/874 873/955/873
f 839/921/839 875/957/875 874/956/874
f 840/922/840 876/958/876 875/957/875
f 841/923/841 877/959/877 876/958/876
f 842/924/842 878/960/878 877/959/877
f 843/925/843 879/961/879 878/960/878
f 844/926/844 880/962/880 879/961/879
f 845/927/845 881/963/881 880/962/880
f 846/928/846 882/964/882 881/963/881
f 847/929/847 883/965/883 882/964/882
f 848/930/848 884/966/884 883/965/883
f 849/931/849 885/967/885 884/966/884
f 850/932/850 886/968/886 885/967/885
f 851/933/851 887/969/887 886/968/886
f 852/934/852 888/970/888 887/969/887
f 853/935/853 889/971/889 888/970/888
f 854/936/854 890/972/890 889/971/889
f 855/937/855 891/973/891 890/972/890
f 856/938/856 892/974/892 891/973/891
f 857/939/857 893/975/893 892/974/892
f 858/940/858 894/976/894 893/975/893
f 859/941/859 895/977/895 894/976/894
f 860/942/860 896/978/896 895/977/895
f 861/943/861 897/979/897 896/978/896
f 862/944/862 898/980/898 897/979/897
f 863/945/863 899/981/899 898/980/898
f 864/946/864 900/982/900 899/981/899
f 865/947/865 901/983/901 900/982/900
f 831/912/830 867/948/866 901/983/901
