# Blender 3.6.2
# www.blender.org
mtllib llanta_derecha1.mtl
g LowTire.001_Mesh
v 0.132249 0.060782 -0.336279
v 0.132249 -0.000548 -0.341785
v 0.049428 0.060194 -0.333059
v 0.132249 0.118523 -0.320404
v 0.171356 0.058497 -0.323762
v 0.049428 -0.000548 -0.338513
v 0.171356 0.114087 -0.308479
v 0.171356 0.165290 -0.284147
v 0.187305 0.104905 -0.283798
v 0.187305 0.152007 -0.261415
v 0.187305 0.194216 -0.231566
v 0.194914 0.131557 -0.226418
v 0.194914 0.168108 -0.200570
v 0.194914 0.199678 -0.169000
v 0.189538 0.148810 -0.177661
v 0.189538 0.176769 -0.149702
v 0.189538 0.199660 -0.117334
v 0.158533 0.141894 -0.120326
v 0.158533 0.160282 -0.094324
v 0.158533 0.174071 -0.065307
v 0.158533 0.150081 -0.088363
v 0.158533 0.162995 -0.061187
v 0.145168 0.131143 -0.049337
v 0.158533 0.171107 -0.031682
v 0.145168 0.137674 -0.025578
v 0.145168 0.139940 -0.000344
v 0.173580 0.126602 -0.023557
v 0.173580 0.128687 -0.000344
v 0.173580 0.126602 0.022869
v 0.181444 0.120489 -0.000344
v 0.181444 0.118537 0.021397
v 0.181444 0.112910 0.041865
v 0.188284 0.075190 0.013483
v 0.188284 0.071611 0.026501
v 0.188284 0.065913 0.038492
v 0.194936 0.066427 0.024572
v 0.194936 0.061138 0.035702
v 0.194936 0.054085 0.045675
v 0.212115 0.057225 0.033415
v 0.212115 0.050620 0.042756
v 0.212115 0.042552 0.050824
v 0.213639 0.044903 0.037941
v 0.213639 0.037737 0.045107
v 0.213639 0.029440 0.050975
v 0.194311 0.018330 0.022067
v 0.194311 0.014239 0.024961
v 0.185494 -0.000548 -0.000344
v 0.194311 0.009673 0.027130
v 0.213639 0.020181 0.055374
v 0.194311 0.004717 0.028493
v 0.213639 0.010129 0.058138
v 0.194311 -0.000548 0.028965
v 0.213639 -0.000548 0.059097
v 0.194311 -0.005813 0.028493
v 0.213639 -0.011225 0.058138
v 0.194311 -0.010769 0.027130
v 0.194311 -0.015335 0.024961
v 0.213639 -0.021277 0.055374
v 0.212115 -0.023884 0.062383
v 0.213639 -0.030536 0.050974
v 0.212115 -0.012568 0.065494
v 0.194936 -0.013382 0.069952
v 0.212115 -0.000548 0.066573
v 0.194936 -0.000548 0.071105
v 0.194936 0.012286 0.069952
v 0.188284 -0.000548 0.076635
v 0.188284 0.013279 0.075393
v 0.181444 0.021193 0.118741
v 0.188284 0.026297 0.071814
v 0.181444 0.041662 0.113114
v 0.181444 0.060515 0.104155
v 0.173580 0.044520 0.120798
v 0.173580 0.064651 0.111232
v 0.173580 0.082690 0.098475
v 0.145168 0.070328 0.120947
v 0.145168 0.089938 0.107080
v 0.158533 0.111824 0.133063
v 0.145168 0.106876 0.090142
v 0.158533 0.132859 0.112028
v 0.158533 0.150081 0.087675
v 0.158533 0.141894 0.119638
v 0.158533 0.160282 0.093636
v 0.189538 0.199660 0.116646
v 0.158533 0.174071 0.064619
v 0.189538 0.216824 0.080524
v 0.194914 0.244909 0.090973
v 0.189538 0.227606 0.041309
v 0.194914 0.257083 0.046690
v 0.194914 0.261306 -0.000344
v 0.187305 0.296964 0.053971
v 0.187305 0.301841 -0.000344
v 0.171356 0.328172 -0.000344
v 0.187305 0.296964 -0.054659
v 0.171356 0.322870 -0.059389
v 0.171356 0.307587 -0.114979
v 0.132249 0.335387 -0.061674
v 0.132249 0.319512 -0.119415
v 0.132249 0.294239 -0.172600
v 0.049428 0.316445 -0.118274
v 0.049428 0.291414 -0.170950
v 0.049428 0.258033 -0.218153
v 0.027086 0.283179 -0.166137
v 0.027086 0.250739 -0.212009
v 0.027086 0.211117 -0.251631
v 0.008432 0.222665 -0.188361
v 0.008432 0.187469 -0.223556
v 0.008432 0.146723 -0.252372
v 0.002599 0.159583 -0.190449
v 0.002599 0.124879 -0.214991
v 0.002599 0.086153 -0.233394
v 0.004372 0.098901 -0.170533
v 0.004372 0.068195 -0.185124
v 0.004372 0.034860 -0.194289
v 0.007557 0.050945 -0.138757
v 0.007557 0.025975 -0.145622
v 0.010856 0.025254 -0.141672
v 0.007557 -0.000548 -0.148003
v 0.010856 -0.000548 -0.143989
v 0.079849 -0.000548 -0.143989
v 0.010856 -0.026349 -0.141672
v 0.079849 -0.026349 -0.141672
v 0.079849 -0.050641 -0.134994
v 0.124909 -0.024496 -0.131519
v 0.124909 -0.047043 -0.125321
v 0.124909 -0.067810 -0.115453
v 0.136755 -0.034786 -0.092376
v 0.136755 -0.050079 -0.085108
v 0.136755 -0.000548 -0.000344
v 0.136755 -0.063784 -0.075417
v 0.124909 -0.086421 -0.102291
v 0.136755 -0.075621 -0.063580
v 0.124909 -0.102495 -0.086217
v 0.136755 -0.085312 -0.049875
v 0.124909 -0.115656 -0.067606
v 0.136755 -0.092580 -0.034582
v 0.124909 -0.125525 -0.046839
v 0.136755 -0.097144 -0.017979
v 0.136755 -0.098728 -0.000344
v 0.124909 -0.131723 -0.024292
v 0.079849 -0.141876 -0.026146
v 0.124909 -0.133874 -0.000344
v 0.079849 -0.135198 -0.050438
v 0.010856 -0.135198 -0.050438
v 0.079849 -0.124565 -0.072813
v 0.010856 -0.124565 -0.072813
v 0.010856 -0.110386 -0.092863
v 0.007557 -0.128031 -0.074838
v 0.007557 -0.113455 -0.095449
v 0.004372 -0.151279 -0.127308
v 0.007557 -0.095652 -0.113251
v 0.004372 -0.127512 -0.151075
v 0.004372 -0.099997 -0.170533
v 0.002599 -0.160679 -0.190449
v 0.002599 -0.125975 -0.214991
v 0.002599 -0.087249 -0.233394
v 0.008432 -0.147818 -0.252372
v 0.008432 -0.102348 -0.273979
v 0.027086 -0.115152 -0.308396
v 0.008432 -0.052982 -0.287551
v 0.027086 -0.059577 -0.323675
v 0.049428 -0.061290 -0.333059
v 0.027086 -0.000548 -0.328975
v 0.008432 -0.000548 -0.292259
v 0.027086 0.058481 -0.323675
v 0.027086 0.114056 -0.308396
v 0.008432 0.051886 -0.287551
v 0.049428 0.117382 -0.317337
v 0.049428 0.170058 -0.292306
v 0.132249 0.171708 -0.295131
v 0.132249 0.219368 -0.261427
v 0.171356 0.211175 -0.251699
v 0.171356 0.250807 -0.212066
v 0.187305 0.230673 -0.195108
v 0.187305 0.260523 -0.152899
v 0.194914 0.225526 -0.132449
v 0.194914 0.244909 -0.091661
v 0.189538 0.216824 -0.081213
v 0.189538 0.227606 -0.041997
v 0.158533 0.182732 -0.033804
v 0.158533 0.185736 -0.000344
v 0.158533 0.173920 -0.000344
v 0.158533 0.171107 0.030994
v 0.145168 0.137674 0.024890
v 0.145168 0.131143 0.048648
v 0.173580 0.120594 0.044724
v 0.173580 0.111028 0.064854
v 0.181444 0.103951 0.060719
v 0.181444 0.092003 0.077614
v 0.188284 0.058314 0.049237
v 0.188284 0.049033 0.058518
v 0.194936 0.045471 0.054289
v 0.194936 0.035498 0.061342
v 0.212115 0.033211 0.057429
v 0.212115 0.022788 0.062383
v 0.194936 0.024368 0.066631
v 0.212115 0.011472 0.065494
v 0.188284 0.038288 0.066117
v 0.181444 0.077410 0.092207
v 0.173580 0.098271 0.082894
v 0.145168 0.120744 0.070532
v 0.158533 0.162995 0.060499
v 0.158533 0.182732 0.033116
v 0.189538 0.231346 -0.000344
v 0.194914 0.257083 -0.047378
v 0.187305 0.282906 -0.105797
v 0.171356 0.283256 -0.166182
v 0.132249 0.260535 -0.220260
v 0.049428 0.217261 -0.258925
v 0.027086 0.165246 -0.284071
v 0.008432 0.101252 -0.273979
v 0.002599 0.044109 -0.244953
v 0.002599 -0.000548 -0.248962
v 0.004372 -0.000548 -0.197468
v 0.004372 -0.035955 -0.194289
v 0.007557 -0.027070 -0.145622
v 0.007557 -0.052041 -0.138757
v 0.010856 -0.050641 -0.134994
v 0.010856 -0.073017 -0.124362
v 0.079849 -0.073017 -0.124362
v 0.079849 -0.093067 -0.110182
v 0.010856 -0.093067 -0.110182
v 0.079849 -0.110386 -0.092863
v 0.007557 -0.075042 -0.127827
v 0.004372 -0.069291 -0.185124
v 0.002599 -0.045205 -0.244953
v 0.049428 -0.118478 -0.317337
v 0.132249 -0.061878 -0.336279
v 0.132249 -0.119619 -0.320404
v 0.171356 -0.059593 -0.323762
v 0.171356 -0.000548 -0.329064
v 0.187305 -0.000548 -0.302733
v 0.187305 0.053767 -0.297856
v 0.194914 0.046486 -0.257975
v 0.194914 0.090769 -0.245801
v 0.189538 0.080321 -0.217716
v 0.189538 0.116442 -0.200552
v 0.158533 0.093432 -0.161174
v 0.158533 0.119434 -0.142786
v 0.158533 0.111824 -0.133751
v 0.158533 0.132859 -0.112716
v 0.145168 0.106876 -0.090830
v 0.145168 0.120744 -0.071220
v 0.173580 0.111028 -0.065543
v 0.173580 0.120594 -0.045412
v 0.181444 0.112910 -0.042554
v 0.181444 0.118537 -0.022085
v 0.188284 0.075190 -0.014171
v 0.188284 0.076431 -0.000344
v 0.194936 0.070901 -0.000344
v 0.194936 0.069749 0.012490
v 0.212115 0.065290 0.011676
v 0.212115 0.062179 0.022992
v 0.213639 0.055171 0.020385
v 0.213639 0.050771 0.029644
v 0.194311 0.024757 0.014442
v 0.194311 0.021864 0.018534
v 0.194311 0.026926 0.009877
v 0.194311 0.028289 0.004921
v 0.213639 0.057934 0.010333
v 0.213639 0.058893 -0.000344
v 0.212115 0.066369 -0.000344
v 0.212115 0.065290 -0.012364
v 0.194936 0.069749 -0.013178
v 0.194936 0.066427 -0.025261
v 0.188284 0.071611 -0.027189
v 0.188284 0.065913 -0.039180
v 0.181444 0.103951 -0.061407
v 0.181444 0.092003 -0.078302
v 0.173580 0.098271 -0.083582
v 0.173580 0.082690 -0.099163
v 0.145168 0.089938 -0.107768
v 0.145168 0.070328 -0.121636
v 0.158533 0.087471 -0.150973
v 0.158533 0.060295 -0.163887
v 0.158533 0.064415 -0.174963
v 0.158533 0.032912 -0.183624
v 0.189538 0.041105 -0.228498
v 0.189538 -0.000548 -0.232238
v 0.194914 -0.000548 -0.262198
v 0.194914 -0.047582 -0.257975
v 0.187305 -0.054863 -0.297856
v 0.187305 -0.106001 -0.283798
v 0.171356 -0.115183 -0.308479
v 0.171356 -0.166386 -0.284147
v 0.132249 -0.172804 -0.295131
v 0.049428 -0.171154 -0.292306
v 0.132249 -0.220464 -0.261427
v 0.049428 -0.218357 -0.258925
v 0.049428 -0.259129 -0.218153
v 0.027086 -0.212213 -0.251631
v 0.027086 -0.251835 -0.212009
v 0.027086 -0.284275 -0.166137
v 0.008432 -0.223761 -0.188361
v 0.008432 -0.252576 -0.147615
v 0.008432 -0.274183 -0.102144
v 0.002599 -0.215195 -0.125771
v 0.002599 -0.233598 -0.087045
v 0.002599 -0.245157 -0.045001
v 0.004372 -0.185328 -0.069087
v 0.004372 -0.194493 -0.035751
v 0.004372 -0.197672 -0.000344
v 0.007557 -0.145826 -0.026867
v 0.007557 -0.148207 -0.000344
v 0.007557 -0.145826 0.026178
v 0.010856 -0.144193 -0.000344
v 0.010856 -0.141876 0.025458
v 0.010856 -0.135198 0.049749
v 0.079849 -0.141876 0.025458
v 0.079849 -0.135198 0.049749
v 0.124909 -0.125525 0.046151
v 0.079849 -0.124565 0.072125
v 0.124909 -0.115656 0.066918
v 0.124909 -0.102495 0.085529
v 0.136755 -0.085312 0.049187
v 0.136755 -0.075621 0.062892
v 0.136755 -0.063784 0.074729
v 0.124909 -0.086421 0.101603
v 0.136755 -0.050079 0.084420
v 0.124909 -0.067810 0.114764
v 0.136755 -0.034786 0.091688
v 0.136755 -0.018183 0.096252
v 0.124909 -0.047043 0.124633
v 0.079849 -0.050642 0.134306
v 0.124909 -0.024496 0.130831
v 0.079849 -0.073017 0.123673
v 0.010856 -0.073017 0.123673
v 0.079849 -0.093067 0.109494
v 0.010856 -0.093067 0.109494
v 0.010856 -0.110386 0.092175
v 0.007557 -0.095653 0.112563
v 0.007557 -0.113455 0.094760
v 0.004372 -0.151279 0.126620
v 0.007557 -0.128031 0.074150
v 0.004372 -0.170737 0.099105
v 0.004372 -0.185328 0.068398
v 0.002599 -0.215195 0.125083
v 0.002599 -0.233598 0.086357
v 0.002599 -0.245157 0.044312
v 0.008432 -0.274183 0.101456
v 0.008432 -0.287755 0.052090
v 0.027086 -0.323879 0.058685
v 0.008432 -0.292463 -0.000344
v 0.027086 -0.329179 -0.000344
v 0.027086 -0.323879 -0.059373
v 0.049428 -0.338718 -0.000344
v 0.049428 -0.333263 -0.061086
v 0.132249 -0.336483 -0.061674
v 0.049428 -0.317541 -0.118274
v 0.132249 -0.320608 -0.119415
v 0.132249 -0.295335 -0.172600
v 0.171356 -0.308683 -0.114979
v 0.171356 -0.284351 -0.166182
v 0.171356 -0.251903 -0.212067
v 0.187305 -0.261619 -0.152899
v 0.187305 -0.231769 -0.195108
v 0.194914 -0.200774 -0.169000
v 0.187305 -0.195311 -0.231566
v 0.194914 -0.169204 -0.200570
v 0.194914 -0.132653 -0.226418
v 0.189538 -0.149906 -0.177661
v 0.189538 -0.117538 -0.200552
v 0.189538 -0.081416 -0.217716
v 0.158533 -0.094528 -0.161174
v 0.158533 -0.065511 -0.174963
v 0.158533 -0.034008 -0.183624
v 0.158533 -0.061391 -0.163887
v 0.158533 -0.031886 -0.171999
v 0.158533 -0.000548 -0.174812
v 0.145168 -0.025782 -0.138566
v 0.145168 -0.000548 -0.140832
v 0.145168 0.024686 -0.138566
v 0.173580 -0.000548 -0.129579
v 0.173580 0.022665 -0.127494
v 0.181444 0.021193 -0.119429
v 0.173580 0.044520 -0.121486
v 0.181444 0.041662 -0.113802
v 0.181444 0.060515 -0.104843
v 0.188284 0.026297 -0.072503
v 0.188284 0.038288 -0.066805
v 0.188284 0.049033 -0.059206
v 0.194936 0.035498 -0.062030
v 0.194936 0.045471 -0.054977
v 0.194936 0.054085 -0.046363
v 0.212115 0.042552 -0.051512
v 0.212115 0.050620 -0.043444
v 0.212115 0.057225 -0.034104
v 0.213639 0.044903 -0.038629
v 0.213639 0.050771 -0.030332
v 0.213639 0.055171 -0.021073
v 0.194311 0.024757 -0.015131
v 0.194311 0.026926 -0.010565
v 0.194311 0.028289 -0.005609
v 0.213639 0.057934 -0.011021
v 0.194311 0.028762 -0.000344
v 0.212115 0.062179 -0.023680
v 0.194936 0.061138 -0.036390
v 0.188284 0.058314 -0.049925
v 0.181444 0.077410 -0.092895
v 0.173580 0.064651 -0.111920
v 0.145168 0.048445 -0.132035
v 0.158533 0.030790 -0.171999
v 0.158533 -0.000548 -0.186628
v 0.189538 -0.042201 -0.228498
v 0.194914 -0.091865 -0.245801
v 0.187305 -0.153103 -0.261415
v 0.171356 -0.212270 -0.251699
v 0.132249 -0.261631 -0.220260
v 0.049428 -0.292510 -0.170950
v 0.027086 -0.308600 -0.114948
v 0.008432 -0.287755 -0.052778
v 0.002599 -0.249166 -0.000344
v 0.004372 -0.194493 0.035064
v 0.007557 -0.138961 0.051149
v 0.010856 -0.124565 0.072125
v 0.079849 -0.110386 0.092175
v 0.194311 0.021864 -0.019222
v 0.194311 0.018330 -0.022756
v 0.213639 0.037737 -0.045795
v 0.213639 0.029440 -0.051663
v 0.212115 0.033211 -0.058117
v 0.212115 0.022788 -0.063071
v 0.194936 0.024369 -0.067319
v 0.194936 0.012286 -0.070641
v 0.188284 0.013279 -0.076082
v 0.188284 -0.000548 -0.077323
v 0.181444 -0.000548 -0.121381
v 0.181444 -0.022289 -0.119429
v 0.173580 -0.023761 -0.127494
v 0.173580 -0.045616 -0.121486
v 0.145168 -0.049540 -0.132035
v 0.145168 -0.071424 -0.121636
v 0.158533 -0.088567 -0.150973
v 0.158533 -0.112920 -0.133751
v 0.158533 -0.120530 -0.142787
v 0.158533 -0.142990 -0.120326
v 0.189538 -0.177865 -0.149702
v 0.189538 -0.200755 -0.117334
v 0.194914 -0.226622 -0.132449
v 0.194914 -0.246005 -0.091661
v 0.187305 -0.284002 -0.105798
v 0.187305 -0.298060 -0.054660
v 0.171356 -0.323966 -0.059389
v 0.171356 -0.329268 -0.000344
v 0.132249 -0.341989 -0.000344
v 0.132249 -0.336483 0.060986
v 0.049428 -0.333263 0.060398
v 0.049428 -0.317541 0.117586
v 0.027086 -0.308600 0.114260
v 0.027086 -0.284275 0.165450
v 0.008432 -0.252576 0.146926
v 0.008432 -0.223760 0.187672
v 0.002599 -0.190654 0.159787
v 0.002599 -0.160679 0.189762
v 0.004372 -0.127512 0.150387
v 0.004372 -0.099997 0.169845
v 0.007557 -0.075042 0.127139
v 0.007557 -0.052041 0.138069
v 0.010856 -0.050642 0.134306
v 0.010856 -0.026350 0.140984
v 0.079849 -0.026349 0.140984
v 0.079849 -0.000548 0.143301
v 0.124909 -0.000548 0.132982
v 0.124909 0.023400 0.130831
v 0.136755 -0.000548 0.097836
v 0.136755 0.017087 0.096252
v 0.136755 0.033690 0.091688
v 0.124909 0.045947 0.124633
v 0.136755 0.048983 0.084420
v 0.124909 0.066714 0.114764
v 0.136755 0.062688 0.074729
v 0.124909 0.085325 0.101603
v 0.136755 0.074525 0.062892
v 0.124909 0.101399 0.085529
v 0.136755 0.084216 0.049187
v 0.136755 0.091484 0.033894
v 0.124909 0.114560 0.066918
v 0.079849 0.123469 0.072125
v 0.124909 0.124429 0.046151
v 0.079849 0.109290 0.092175
v 0.010856 0.109290 0.092175
v 0.079849 0.091971 0.109494
v 0.010856 0.091971 0.109494
v 0.010856 0.071921 0.123673
v 0.007557 0.094557 0.112563
v 0.007557 0.073946 0.127139
v 0.004372 0.098901 0.169845
v 0.007557 0.050945 0.138069
v 0.004372 0.068195 0.184437
v 0.004372 0.034859 0.193601
v 0.002599 0.086153 0.232706
v 0.002599 0.044109 0.244265
v 0.002599 -0.000548 0.248274
v 0.008432 0.051886 0.286863
v 0.008433 -0.000548 0.291571
v 0.027086 -0.000548 0.328286
v 0.008433 -0.052982 0.286863
v 0.027086 -0.059577 0.322987
v 0.027086 -0.115152 0.307708
v 0.049428 -0.061290 0.332372
v 0.049428 -0.118478 0.316649
v 0.132249 -0.119619 0.319715
v 0.049428 -0.171154 0.291618
v 0.132249 -0.172804 0.294443
v 0.132249 -0.220464 0.260739
v 0.171356 -0.166386 0.283460
v 0.171356 -0.212271 0.251010
v 0.171356 -0.251903 0.211379
v 0.187305 -0.195311 0.230877
v 0.187305 -0.231769 0.194419
v 0.194914 -0.200774 0.168312
v 0.187305 -0.261619 0.152211
v 0.194914 -0.226622 0.131761
v 0.194914 -0.246005 0.090973
v 0.189538 -0.200755 0.116646
v 0.189538 -0.217920 0.080524
v 0.189538 -0.228701 0.041308
v 0.158533 -0.175167 0.064619
v 0.158533 -0.183828 0.033116
v 0.158533 -0.186832 -0.000344
v 0.158533 -0.172202 0.030994
v 0.158533 -0.175016 -0.000344
v 0.158533 -0.172202 -0.031682
v 0.145168 -0.141036 -0.000344
v 0.145168 -0.138770 -0.025578
v 0.145168 -0.132238 -0.049337
v 0.173580 -0.127698 -0.023557
v 0.173580 -0.121690 -0.045412
v 0.173580 -0.112124 -0.065543
v 0.181444 -0.114006 -0.042554
v 0.181444 -0.105047 -0.061407
v 0.181444 -0.093099 -0.078302
v 0.188284 -0.067009 -0.039180
v 0.188284 -0.059410 -0.049925
v 0.194936 -0.055181 -0.046363
v 0.188284 -0.050129 -0.059206
v 0.194936 -0.046567 -0.054977
v 0.194936 -0.036594 -0.062030
v 0.212115 -0.043648 -0.051512
v 0.212115 -0.034307 -0.058117
v 0.212115 -0.023884 -0.063071
v 0.213639 -0.030536 -0.051663
v 0.213639 -0.021277 -0.056063
v 0.213639 -0.011225 -0.058826
v 0.194311 -0.010769 -0.027818
v 0.194311 -0.005813 -0.029181
v 0.194311 -0.000548 -0.029654
v 0.194311 0.004717 -0.029181
v 0.213639 -0.000548 -0.059785
v 0.212115 -0.000548 -0.067261
v 0.213639 0.010129 -0.058826
v 0.212115 -0.012568 -0.066182
v 0.194936 -0.013382 -0.070641
v 0.194936 -0.025464 -0.067319
v 0.188284 -0.027393 -0.072503
v 0.188284 -0.039384 -0.066805
v 0.181444 -0.061611 -0.104843
v 0.181444 -0.078506 -0.092895
v 0.173580 -0.083786 -0.099163
v 0.173580 -0.099367 -0.083582
v 0.145168 -0.107972 -0.090830
v 0.145168 -0.121840 -0.071220
v 0.158533 -0.151177 -0.088363
v 0.158533 -0.164091 -0.061187
v 0.158533 -0.175167 -0.065307
v 0.158533 -0.183828 -0.033804
v 0.189538 -0.228701 -0.041997
v 0.189538 -0.232442 -0.000344
v 0.194914 -0.262402 -0.000344
v 0.194914 -0.258179 0.046690
v 0.187305 -0.298060 0.053971
v 0.187305 -0.284002 0.105109
v 0.171356 -0.308683 0.114291
v 0.171356 -0.284351 0.165494
v 0.132249 -0.295335 0.171912
v 0.132249 -0.261631 0.219572
v 0.049428 -0.259129 0.217465
v 0.049428 -0.218357 0.258237
v 0.027086 -0.212213 0.250943
v 0.027086 -0.166342 0.283383
v 0.008433 -0.147819 0.251684
v 0.008433 -0.102348 0.273292
v 0.002599 -0.087249 0.232706
v 0.002599 -0.045205 0.244265
v 0.004372 -0.035955 0.193601
v 0.004372 -0.000548 0.196780
v 0.007557 -0.000548 0.147315
v 0.007557 0.025975 0.144934
v 0.010856 0.025254 0.140984
v 0.010856 0.049546 0.134306
v 0.079849 0.049546 0.134306
v 0.079849 0.071921 0.123673
v 0.079849 0.025254 0.140984
v 0.010856 -0.000548 0.143301
v 0.007557 -0.027070 0.144934
v 0.004372 -0.069291 0.184437
v 0.002599 -0.125975 0.214303
v 0.008432 -0.188565 0.222869
v 0.027086 -0.251835 0.211321
v 0.049428 -0.292510 0.170262
v 0.132249 -0.320608 0.118727
v 0.171356 -0.323966 0.058701
v 0.187305 -0.302937 -0.000344
v 0.194914 -0.258179 -0.047378
v 0.189538 -0.217920 -0.081213
v 0.158533 -0.161378 -0.094324
v 0.158533 -0.133955 -0.112716
v 0.145168 -0.091034 -0.107768
v 0.173580 -0.065747 -0.111920
v 0.181444 -0.042757 -0.113802
v 0.188284 -0.014375 -0.076082
v 0.194936 -0.000548 -0.071793
v 0.212115 0.011472 -0.066182
v 0.213639 0.020181 -0.056063
v 0.194311 0.009673 -0.027818
v 0.194311 0.014239 -0.025649
v 0.194311 -0.015335 -0.025649
v 0.194311 -0.019426 -0.022756
v 0.213639 -0.038833 -0.045795
v 0.213639 -0.045999 -0.038629
v 0.212115 -0.051716 -0.043444
v 0.212115 -0.058321 -0.034104
v 0.194936 -0.062234 -0.036390
v 0.194936 -0.067523 -0.025261
v 0.188284 -0.072707 -0.027189
v 0.188284 -0.076286 -0.014171
v 0.181444 -0.119633 -0.022086
v 0.181444 -0.121585 -0.000344
v 0.173580 -0.129783 -0.000344
v 0.173580 -0.127698 0.022869
v 0.145168 -0.138770 0.024890
v 0.145168 -0.132238 0.048648
v 0.158533 -0.164091 0.060499
v 0.158533 -0.151177 0.087675
v 0.158533 -0.161378 0.093636
v 0.158533 -0.142990 0.119638
v 0.189538 -0.177865 0.149014
v 0.189538 -0.149906 0.176973
v 0.194914 -0.169204 0.199881
v 0.194914 -0.132653 0.225730
v 0.187305 -0.153103 0.260727
v 0.187305 -0.106001 0.283110
v 0.171356 -0.115183 0.307791
v 0.171356 -0.059593 0.323074
v 0.132249 -0.061878 0.335591
v 0.132249 -0.000548 0.341097
v 0.049428 -0.000548 0.337826
v 0.049428 0.060194 0.332372
v 0.027086 0.058481 0.322987
v 0.027086 0.114056 0.307708
v 0.008432 0.101252 0.273292
v 0.008432 0.146723 0.251684
v 0.002599 0.124879 0.214303
v 0.002599 0.159583 0.189762
v 0.004372 0.126416 0.150387
v 0.004372 0.150183 0.126620
v 0.007557 0.112359 0.094760
v 0.007557 0.126935 0.074150
v 0.010856 0.123469 0.072125
v 0.010856 0.134102 0.049749
v 0.079849 0.134102 0.049749
v 0.079849 0.140780 0.025458
v 0.124909 0.130627 0.023604
v 0.124909 0.132778 -0.000344
v 0.136755 0.096048 0.017291
v 0.136755 0.097632 -0.000344
v 0.136755 0.096048 -0.017979
v 0.124909 0.130627 -0.024292
v 0.136755 0.091484 -0.034582
v 0.124909 0.124429 -0.046839
v 0.136755 0.084216 -0.049875
v 0.124909 0.114560 -0.067606
v 0.136755 0.074525 -0.063580
v 0.124909 0.101399 -0.086217
v 0.136755 0.062688 -0.075417
v 0.136755 0.048983 -0.085108
v 0.124909 0.085325 -0.102291
v 0.079849 0.091971 -0.110182
v 0.124909 0.066714 -0.115452
v 0.079849 0.109290 -0.092863
v 0.010856 0.109290 -0.092863
v 0.079849 0.123469 -0.072813
v 0.010856 0.123469 -0.072813
v 0.010856 0.134102 -0.050438
v 0.007557 0.126935 -0.074838
v 0.007557 0.137865 -0.051837
v 0.004372 0.184232 -0.069087
v 0.007557 0.144730 -0.026867
v 0.004372 0.193397 -0.035751
v 0.004372 0.196576 -0.000344
v 0.002599 0.244061 -0.045001
v 0.002599 0.248070 -0.000344
v 0.002599 0.244061 0.044313
v 0.008432 0.291367 -0.000344
v 0.008432 0.286659 0.052090
v 0.027086 0.322783 0.058685
v 0.008432 0.273087 0.101456
v 0.027086 0.307504 0.114260
v 0.027086 0.283179 0.165450
v 0.049428 0.316445 0.117586
v 0.049428 0.291414 0.170262
v 0.132249 0.294239 0.171912
v 0.049428 0.258033 0.217465
v 0.132249 0.260535 0.219572
v 0.132249 0.219368 0.260738
v 0.171356 0.250807 0.211379
v 0.171356 0.211175 0.251011
v 0.171356 0.165290 0.283460
v 0.187305 0.194215 0.230877
v 0.187305 0.152007 0.260727
v 0.194914 0.131557 0.225730
v 0.187305 0.104905 0.283110
v 0.194914 0.090769 0.245113
v 0.194914 0.046486 0.257287
v 0.189538 0.080321 0.217028
v 0.189538 0.041105 0.227809
v 0.189538 -0.000548 0.231549
v 0.158533 0.032912 0.182936
v 0.158533 -0.000548 0.185940
v 0.158533 -0.034008 0.182936
v 0.158533 -0.000548 0.174124
v 0.158533 -0.031886 0.171310
v 0.158533 -0.061391 0.163199
v 0.145168 -0.025782 0.137878
v 0.145168 -0.049540 0.131346
v 0.145168 -0.071424 0.120947
v 0.173580 -0.045616 0.120798
v 0.173580 -0.065747 0.111232
v 0.173580 -0.083786 0.098474
v 0.181444 -0.061611 0.104155
v 0.181444 -0.078506 0.092207
v 0.181444 -0.093099 0.077614
v 0.188284 -0.050129 0.058518
v 0.188284 -0.059410 0.049237
v 0.194936 -0.055181 0.045675
v 0.188284 -0.067009 0.038492
v 0.194936 -0.062234 0.035702
v 0.194936 -0.067523 0.024572
v 0.212115 -0.058321 0.033415
v 0.212115 -0.063275 0.022992
v 0.212115 -0.066386 0.011676
v 0.213639 -0.056267 0.020385
v 0.213639 -0.059030 0.010333
v 0.213639 -0.059989 -0.000344
v 0.194311 -0.029385 0.004921
v 0.194311 -0.029858 -0.000344
v 0.194311 -0.029385 -0.005609
v 0.194311 -0.028022 -0.010565
v 0.213639 -0.059030 -0.011022
v 0.212115 -0.066386 -0.012364
v 0.213639 -0.056267 -0.021073
v 0.212115 -0.067465 -0.000344
v 0.194936 -0.071997 -0.000344
v 0.194936 -0.070845 0.012490
v 0.188284 -0.076286 0.013483
v 0.188284 -0.072707 0.026501
v 0.181444 -0.114006 0.041865
v 0.181444 -0.105047 0.060719
v 0.173580 -0.112124 0.064854
v 0.173580 -0.099367 0.082894
v 0.145168 -0.107972 0.090142
v 0.145168 -0.091034 0.107080
v 0.158533 -0.112920 0.133062
v 0.158533 -0.088567 0.150284
v 0.158533 -0.094528 0.160486
v 0.158533 -0.065511 0.174275
v 0.189538 -0.081416 0.217028
v 0.189538 -0.042201 0.227809
v 0.194914 -0.047582 0.257287
v 0.194914 -0.000548 0.261510
v 0.187305 -0.000548 0.302045
v 0.187305 0.053767 0.297168
v 0.171356 0.058497 0.323074
v 0.171356 0.114087 0.307791
v 0.132249 0.118523 0.319715
v 0.132249 0.171708 0.294443
v 0.049428 0.170058 0.291618
v 0.049428 0.217261 0.258237
v 0.027086 0.211117 0.250943
v 0.027086 0.250739 0.211321
v 0.008432 0.222665 0.187673
v 0.008432 0.251480 0.146926
v 0.002599 0.214099 0.125083
v 0.002599 0.232502 0.086357
v 0.004372 0.184232 0.068399
v 0.004372 0.193397 0.035064
v 0.007557 0.144730 0.026178
v 0.007557 0.147111 -0.000344
v 0.010856 0.143097 -0.000344
v 0.010856 0.140780 -0.026146
v 0.079849 0.140780 -0.026146
v 0.079849 0.134102 -0.050438
v 0.079849 0.143097 -0.000344
v 0.010856 0.140780 0.025458
v 0.007557 0.137865 0.051149
v 0.004372 0.169641 0.099105
v 0.002599 0.189558 0.159787
v 0.008432 0.187469 0.222869
v 0.027086 0.165246 0.283383
v 0.049428 0.117382 0.316649
v 0.132249 0.060782 0.335591
v 0.171356 -0.000548 0.328376
v 0.187305 -0.054863 0.297168
v 0.194914 -0.091865 0.245113
v 0.189538 -0.117538 0.199863
v 0.158533 -0.120530 0.142098
v 0.158533 -0.133955 0.112028
v 0.145168 -0.121840 0.070532
v 0.173580 -0.121690 0.044724
v 0.181444 -0.119633 0.021397
v 0.188284 -0.077527 -0.000344
v 0.194936 -0.070845 -0.013178
v 0.212115 -0.063275 -0.023681
v 0.213639 -0.051867 -0.030332
v 0.194311 -0.025853 -0.015131
v 0.194311 -0.022959 -0.019222
v 0.194311 -0.028022 0.009877
v 0.194311 -0.025853 0.014442
v 0.213639 -0.051867 0.029644
v 0.213639 -0.045999 0.037941
v 0.212115 -0.051716 0.042756
v 0.212115 -0.043648 0.050824
v 0.194936 -0.046567 0.054289
v 0.194936 -0.036594 0.061342
v 0.188284 -0.039384 0.066117
v 0.188284 -0.027393 0.071814
v 0.181444 -0.042757 0.113114
v 0.181444 -0.022289 0.118741
v 0.173580 -0.023761 0.126806
v 0.173580 -0.000548 0.128891
v 0.145168 -0.000548 0.140143
v 0.145168 0.024686 0.137878
v 0.158533 0.030790 0.171310
v 0.158533 0.060295 0.163199
v 0.158533 0.064415 0.174275
v 0.158533 0.093432 0.160486
v 0.189538 0.116442 0.199863
v 0.189538 0.148810 0.176973
v 0.194914 0.168108 0.199882
v 0.194914 0.199678 0.168312
v 0.187305 0.230673 0.194419
v 0.187305 0.260523 0.152211
v 0.171356 0.283256 0.165494
v 0.171356 0.307587 0.114291
v 0.132249 0.319512 0.118727
v 0.132249 0.335387 0.060986
v 0.049428 0.332168 0.060398
v 0.049428 0.337622 -0.000344
v 0.027086 0.328083 -0.000344
v 0.027086 0.322783 -0.059373
v 0.008432 0.286659 -0.052778
v 0.008432 0.273087 -0.102144
v 0.002599 0.232502 -0.087045
v 0.002599 0.214099 -0.125771
v 0.004372 0.169641 -0.099793
v 0.004372 0.150183 -0.127308
v 0.007557 0.112359 -0.095449
v 0.007557 0.094557 -0.113251
v 0.010856 0.091971 -0.110182
v 0.010856 0.071921 -0.124361
v 0.079849 0.071921 -0.124361
v 0.079849 0.049546 -0.134994
v 0.124909 0.045947 -0.125321
v 0.124909 0.023400 -0.131519
v 0.136755 0.033690 -0.092376
v 0.136755 0.017087 -0.096940
v 0.136755 -0.000548 -0.098524
v 0.124909 -0.000548 -0.133670
v 0.136755 -0.018183 -0.096940
v 0.079849 0.025254 -0.141672
v 0.010856 0.049546 -0.134994
v 0.007557 0.073946 -0.127827
v 0.004372 0.126416 -0.151075
v 0.002599 0.189558 -0.160475
v 0.008432 0.251480 -0.147615
v 0.027086 0.307504 -0.114948
v 0.049428 0.332168 -0.061086
v 0.132249 0.340893 -0.000344
v 0.171356 0.322870 0.058701
v 0.187305 0.282906 0.105109
v 0.194914 0.225526 0.131761
v 0.189538 0.176769 0.149014
v 0.158533 0.119434 0.142098
v 0.158533 0.087471 0.150284
v 0.145168 0.048445 0.131346
v 0.173580 0.022665 0.126806
v 0.181444 -0.000548 0.120693
v 0.188284 -0.014375 0.075393
v 0.194936 -0.025464 0.066631
v 0.212115 -0.034307 0.057429
v 0.213639 -0.038833 0.045107
v 0.194311 -0.019426 0.022067
v 0.194311 -0.022959 0.018534
v 0.136755 -0.092580 0.033893
v 0.136755 -0.097144 0.017291
v 0.124909 -0.131723 0.023604
v 0.079849 -0.144193 -0.000344
v 0.010856 -0.141876 -0.026146
v 0.007557 -0.138961 -0.051837
v 0.004372 -0.170737 -0.099793
v 0.002599 -0.190654 -0.160475
v 0.008432 -0.188565 -0.223556
v 0.027086 -0.166341 -0.284071
vn 0.1357 -0.0000 -0.9907
vn 0.1358 0.1763 -0.9749
vn 0.6118 0.1408 -0.7784
vn -0.2175 -0.0000 -0.9761
vn 0.1358 0.3453 -0.9286
vn -0.2175 0.1737 -0.9605
vn 0.6120 0.2756 -0.7413
vn 0.6121 0.3995 -0.6824
vn 0.9308 0.1847 -0.3154
vn 0.9308 0.1274 -0.3427
vn 0.9308 0.2356 -0.2794
vn 0.9999 0.0089 -0.0105
vn 0.9999 0.0070 -0.0120
vn 0.9999 0.0105 -0.0089
vn 0.9298 -0.2814 0.2372
vn 0.9298 -0.2372 0.2814
vn 0.9299 -0.3175 0.1858
vn 0.9512 -0.2664 0.1559
vn 0.9512 -0.2359 0.1989
vn 0.9511 -0.2896 0.1076
vn 0.9844 -0.1651 0.0614
vn 0.9843 -0.1522 0.0891
vn 0.9314 0.3411 -0.1268
vn 0.9317 0.3575 -0.0647
vn 0.9844 -0.1732 0.0313
vn 0.9317 0.3632 -0.0000
vn 0.5522 0.8337 -0.0000
vn 0.5522 0.8204 -0.1484
vn 0.5522 0.8204 0.1484
vn 0.8895 0.4496 0.0813
vn 0.8895 0.4569 -0.0000
vn 0.8897 0.4280 0.1591
vn 0.8785 0.4478 0.1665
vn 0.8786 0.4699 0.0850
vn 0.8783 0.4127 0.2415
vn 0.4629 0.7650 0.4478
vn 0.4630 0.8308 0.3089
vn 0.4628 0.6777 0.5714
vn 0.7129 0.5362 0.4520
vn 0.7128 0.6053 0.3543
vn 0.7129 0.4520 0.5362
vn 0.9865 -0.1056 -0.1252
vn 0.9865 -0.1252 -0.1056
vn 0.9865 -0.0826 -0.1411
vn 0.9055 -0.2143 -0.3662
vn 0.9055 -0.2735 -0.3244
vn 1.0000 -0.0000 -0.0000
vn 0.9055 -0.1479 -0.3977
vn 0.9866 -0.0569 -0.1529
vn 0.9054 -0.0755 -0.4177
vn 0.9867 -0.0290 -0.1601
vn 0.9054 -0.0000 -0.4245
vn 0.9867 -0.0000 -0.1627
vn 0.9054 0.0755 -0.4177
vn 0.9867 0.0290 -0.1601
vn 0.9055 0.1479 -0.3977
vn 0.9055 0.2143 -0.3662
vn 0.9866 0.0569 -0.1529
vn 0.7122 -0.1249 0.6907
vn 0.7125 -0.2445 0.6577
vn 0.9865 0.0826 -0.1412
vn 0.4631 -0.0000 0.8863
vn 0.4631 -0.1577 0.8722
vn 0.7122 -0.0000 0.7020
vn 0.8786 -0.0000 0.4775
vn 0.4631 0.1577 0.8722
vn 0.8786 0.0850 0.4699
vn 0.8897 0.1591 0.4280
vn 0.8895 0.0813 0.4496
vn 0.8784 0.1665 0.4479
vn 0.5523 0.2905 0.7814
vn 0.8898 0.2306 0.3939
vn 0.5524 0.4211 0.7194
vn 0.5524 0.5373 0.6373
vn 0.9310 0.2353 0.2791
vn 0.9311 0.1842 0.3147
vn 0.9843 -0.1350 -0.1138
vn 0.9843 -0.1138 -0.1350
vn 0.9310 0.2791 0.2353
vn 0.9512 -0.2359 -0.1989
vn 0.9843 -0.1522 -0.0891
vn 0.9512 -0.2664 -0.1559
vn 0.9300 -0.3446 -0.1281
vn 0.9299 -0.3175 -0.1858
vn 0.9511 -0.2896 -0.1077
vn 0.9999 0.0140 0.0025
vn 0.9999 0.0132 0.0049
vn 0.9301 -0.3615 -0.0654
vn 0.9307 0.3600 0.0651
vn 0.9999 0.0143 -0.0000
vn 0.9307 0.3658 -0.0000
vn 0.6118 0.7784 -0.1408
vn 0.6118 0.7910 -0.0000
vn 0.9307 0.3600 -0.0651
vn 0.1358 0.9749 -0.1763
vn 0.6120 0.7413 -0.2756
vn 0.1358 0.9286 -0.3453
vn 0.1358 0.8550 -0.5005
vn -0.2176 0.8424 -0.4931
vn -0.2176 0.9149 -0.3401
vn -0.2176 0.7462 -0.6291
vn -0.6740 0.5648 -0.4761
vn -0.6740 0.6376 -0.3732
vn -0.6740 0.4761 -0.5648
vn -0.9521 0.1970 -0.2337
vn -0.9521 0.2337 -0.1970
vn -0.9521 0.1545 -0.2639
vn -0.9985 0.0274 -0.0469
vn -0.9985 0.0350 -0.0415
vn -0.9985 0.0190 -0.0510
vn -0.9988 -0.0169 0.0455
vn -0.9988 -0.0245 0.0419
vn -0.9988 -0.0086 0.0477
vn -0.9360 -0.0627 0.3463
vn -0.9359 -0.1228 0.3302
vn -0.4370 -0.1601 0.8851
vn -0.4369 -0.0000 0.8995
vn -0.9360 -0.0000 0.3520
vn -0.1116 -0.0000 0.9938
vn -0.1116 0.1769 0.9779
vn -0.4370 0.1600 0.8851
vn -0.1116 0.3463 0.9315
vn -0.6577 0.2625 0.7061
vn -0.6574 0.1341 0.7415
vn -0.6579 0.3804 0.6500
vn -0.9854 0.0861 0.1471
vn -0.9853 0.0594 0.1599
vn -1.0000 -0.0000 -0.0000
vn -0.9854 0.1098 0.1303
vn -0.6580 0.4854 0.5757
vn -0.9854 0.1303 0.1098
vn -0.6580 0.5757 0.4854
vn -0.9854 0.1471 0.0861
vn -0.6579 0.6500 0.3805
vn -0.9853 0.1599 0.0594
vn -0.6577 0.7061 0.2625
vn -0.9853 0.1680 0.0304
vn -0.9853 0.1708 -0.0000
vn -0.6574 0.7415 0.1341
vn -0.1117 0.9315 0.3463
vn -0.1116 0.9779 0.1769
vn -0.6573 0.7536 -0.0000
vn -0.4365 0.7764 0.4545
vn -0.4367 0.8432 0.3135
vn -0.1116 0.8576 0.5020
vn -0.9358 0.3043 0.1781
vn -0.4364 0.6879 0.5800
vn -0.9357 0.2698 0.2274
vn -0.9988 0.0313 0.0371
vn -0.9988 0.0371 0.0313
vn -0.9357 0.2275 0.2698
vn -0.9985 -0.0350 -0.0415
vn -0.9988 0.0245 0.0419
vn -0.9985 -0.0274 -0.0469
vn -0.9985 -0.0190 -0.0510
vn -0.9521 -0.1066 -0.2867
vn -0.9521 -0.1545 -0.2639
vn -0.6737 -0.1315 -0.7272
vn -0.6739 -0.2575 -0.6926
vn -0.9520 -0.0544 -0.3011
vn -0.2175 -0.1737 -0.9605
vn -0.6736 -0.0000 -0.7391
vn -0.6737 0.1315 -0.7272
vn -0.9520 -0.0000 -0.3061
vn -0.6739 0.2575 -0.6926
vn -0.9520 0.0544 -0.3011
vn -0.2176 0.3401 -0.9149
vn 0.1358 0.5005 -0.8550
vn -0.2176 0.4931 -0.8424
vn 0.1358 0.6386 -0.7575
vn 0.6122 0.5097 -0.6045
vn 0.6122 0.6045 -0.5097
vn 0.9308 0.2794 -0.2356
vn 0.9308 0.3154 -0.1847
vn 0.9999 0.0120 -0.0070
vn 0.9999 0.0132 -0.0049
vn 0.9300 -0.3446 0.1281
vn 0.9510 -0.3043 0.0550
vn 0.9301 -0.3615 0.0654
vn 0.9510 -0.3093 -0.0000
vn 0.9844 -0.1760 -0.0000
vn 0.9844 -0.1732 -0.0313
vn 0.9317 0.3575 0.0647
vn 0.9314 0.3411 0.1268
vn 0.5523 0.7814 0.2905
vn 0.5524 0.7194 0.4211
vn 0.8898 0.3939 0.2306
vn 0.8898 0.3489 0.2941
vn 0.8781 0.3657 0.3084
vn 0.8781 0.3084 0.3657
vn 0.4628 0.5714 0.6778
vn 0.4629 0.4478 0.7650
vn 0.7128 0.3543 0.6053
vn 0.7125 0.2445 0.6577
vn 0.4630 0.3089 0.8308
vn 0.7122 0.1249 0.6907
vn 0.8783 0.2415 0.4127
vn 0.8898 0.2941 0.3488
vn 0.5524 0.6373 0.5373
vn 0.9312 0.3147 0.1842
vn 0.9844 -0.1651 -0.0614
vn 0.9510 -0.3043 -0.0550
vn 0.9301 -0.3674 -0.0000
vn 0.9999 0.0140 -0.0025
vn 0.9308 0.3427 -0.1274
vn 0.6121 0.6824 -0.3995
vn 0.1358 0.7575 -0.6386
vn -0.2176 0.6291 -0.7462
vn -0.6740 0.3732 -0.6376
vn -0.9521 0.1066 -0.2867
vn -0.9985 0.0097 -0.0536
vn -0.9988 -0.0000 0.0485
vn -0.9985 -0.0000 -0.0545
vn -0.9988 0.0086 0.0477
vn -0.9360 0.0626 0.3463
vn -0.9359 0.1228 0.3302
vn -0.4368 0.3135 0.8432
vn -0.4365 0.4545 0.7765
vn -0.1116 0.5020 0.8576
vn -0.1116 0.6406 0.7598
vn -0.4363 0.5800 0.6879
vn -0.1116 0.7598 0.6405
vn -0.9358 0.1781 0.3043
vn -0.9988 0.0169 0.0455
vn -0.9985 -0.0097 -0.0536
vn -0.2176 -0.3401 -0.9149
vn 0.1358 -0.1763 -0.9749
vn 0.1358 -0.3453 -0.9286
vn 0.6118 -0.1408 -0.7784
vn 0.6118 -0.0000 -0.7910
vn 0.9307 0.0651 -0.3600
vn 0.9307 -0.0000 -0.3658
vn 0.9999 0.0025 -0.0140
vn 0.9999 0.0049 -0.0132
vn 0.9299 -0.1858 0.3175
vn 0.9300 -0.1281 0.3446
vn 0.9512 -0.1989 0.2359
vn 0.9512 -0.1559 0.2664
vn 0.9843 -0.1350 0.1138
vn 0.9843 -0.1138 0.1350
vn 0.9312 0.3147 -0.1842
vn 0.9310 0.2791 -0.2353
vn 0.5523 0.7814 -0.2905
vn 0.5524 0.7194 -0.4211
vn 0.8897 0.4280 -0.1591
vn 0.8895 0.4496 -0.0813
vn 0.8786 0.4775 -0.0000
vn 0.8786 0.4699 -0.0850
vn 0.4631 0.8721 0.1577
vn 0.4631 0.8863 -0.0000
vn 0.7125 0.6577 0.2445
vn 0.7122 0.6907 0.1249
vn 0.9865 -0.1411 -0.0826
vn 0.9866 -0.1529 -0.0568
vn 0.9055 -0.3244 -0.2735
vn 0.9055 -0.3662 -0.2143
vn 0.9055 -0.3977 -0.1479
vn 0.9867 -0.1601 -0.0290
vn 0.9054 -0.4177 -0.0756
vn 0.9867 -0.1627 -0.0000
vn 0.7122 0.7020 -0.0000
vn 0.4631 0.8721 -0.1577
vn 0.7122 0.6907 -0.1249
vn 0.4630 0.8308 -0.3089
vn 0.8785 0.4479 -0.1665
vn 0.8783 0.4127 -0.2415
vn 0.8898 0.3939 -0.2306
vn 0.5524 0.6373 -0.5373
vn 0.8898 0.3488 -0.2941
vn 0.5524 0.5373 -0.6373
vn 0.9310 0.2353 -0.2791
vn 0.9843 -0.0891 0.1522
vn 0.9312 0.1842 -0.3147
vn 0.9511 -0.1077 0.2896
vn 0.9844 -0.0614 0.1651
vn 0.9510 -0.0550 0.3043
vn 0.9301 -0.0654 0.3615
vn 0.9301 -0.0000 0.3674
vn 0.9999 -0.0000 -0.0143
vn 0.9307 -0.0651 -0.3600
vn 0.9999 -0.0025 -0.0140
vn 0.6120 -0.2756 -0.7413
vn 0.9308 -0.1274 -0.3427
vn 0.6121 -0.3995 -0.6824
vn 0.1358 -0.5005 -0.8550
vn -0.2176 -0.4931 -0.8424
vn -0.2176 -0.6291 -0.7462
vn 0.1358 -0.6386 -0.7575
vn -0.2176 -0.7462 -0.6291
vn -0.6740 -0.5648 -0.4761
vn -0.6740 -0.4761 -0.5648
vn -0.6740 -0.6376 -0.3732
vn -0.9521 -0.2639 -0.1545
vn -0.9521 -0.2337 -0.1970
vn -0.9521 -0.2867 -0.1066
vn -0.9985 -0.0510 -0.0190
vn -0.9985 -0.0469 -0.0274
vn -0.9985 -0.0536 -0.0097
vn -0.9988 0.0477 0.0086
vn -0.9988 0.0455 0.0169
vn -0.9988 0.0485 -0.0000
vn -0.9360 0.3520 -0.0000
vn -0.9360 0.3463 0.0627
vn -0.9360 0.3463 -0.0626
vn -0.4370 0.8851 -0.1601
vn -0.4369 0.8995 -0.0000
vn -0.4368 0.8432 -0.3135
vn -0.1116 0.9315 -0.3463
vn -0.1116 0.9779 -0.1769
vn -0.6577 0.7061 -0.2625
vn -0.6579 0.6500 -0.3804
vn -0.1116 0.8576 -0.5020
vn -0.6580 0.5757 -0.4854
vn -0.9854 0.1303 -0.1098
vn -0.9854 0.1471 -0.0861
vn -0.9854 0.1098 -0.1303
vn -0.6580 0.4854 -0.5757
vn -0.9854 0.0861 -0.1471
vn -0.6579 0.3805 -0.6500
vn -0.9853 0.0594 -0.1599
vn -0.9853 0.0304 -0.1680
vn -0.6577 0.2625 -0.7061
vn -0.1116 0.5020 -0.8576
vn -0.1117 0.3463 -0.9315
vn -0.6574 0.1341 -0.7415
vn -0.4364 0.5800 -0.6879
vn -0.4365 0.4545 -0.7764
vn -0.1116 0.6405 -0.7598
vn -0.9357 0.2274 -0.2698
vn -0.4363 0.6879 -0.5800
vn -0.9357 0.2698 -0.2275
vn -0.9988 0.0419 -0.0245
vn -0.9988 0.0371 -0.0313
vn -0.9358 0.3043 -0.1781
vn -0.9985 -0.0469 0.0274
vn -0.9988 0.0455 -0.0169
vn -0.9985 -0.0510 0.0190
vn -0.9985 -0.0536 0.0097
vn -0.9520 -0.3011 0.0544
vn -0.9521 -0.2867 0.1066
vn -0.6736 -0.7391 -0.0000
vn -0.6737 -0.7272 0.1315
vn -0.9520 -0.3061 -0.0000
vn -0.2175 -0.9761 -0.0000
vn -0.6737 -0.7272 -0.1315
vn -0.2175 -0.9605 -0.1737
vn 0.1358 -0.9749 -0.1763
vn 0.1358 -0.9286 -0.3453
vn -0.2176 -0.9149 -0.3401
vn 0.1358 -0.8550 -0.5005
vn 0.6121 -0.6824 -0.3995
vn 0.6120 -0.7413 -0.2756
vn 0.6122 -0.6045 -0.5097
vn 0.9308 -0.2794 -0.2356
vn 0.9308 -0.3154 -0.1847
vn 0.9999 -0.0105 -0.0089
vn 0.9999 -0.0089 -0.0105
vn 0.9308 -0.2356 -0.2794
vn 0.9999 -0.0070 -0.0120
vn 0.9299 0.1858 0.3175
vn 0.9298 0.2372 0.2814
vn 0.9300 0.1281 0.3446
vn 0.9511 0.1076 0.2896
vn 0.9512 0.1559 0.2664
vn 0.9510 0.0550 0.3043
vn 0.9844 0.0313 0.1732
vn 0.9844 0.0614 0.1651
vn 0.9844 -0.0000 0.1760
vn 0.9317 -0.0000 -0.3632
vn 0.9317 -0.0647 -0.3575
vn 0.9317 0.0647 -0.3575
vn 0.5522 0.1484 -0.8204
vn 0.5522 -0.0000 -0.8337
vn 0.8895 0.0813 -0.4496
vn 0.8897 0.1591 -0.4280
vn 0.5523 0.2905 -0.7814
vn 0.8898 0.2306 -0.3939
vn 0.8783 0.2415 -0.4127
vn 0.8785 0.1665 -0.4479
vn 0.8781 0.3084 -0.3657
vn 0.4628 0.5714 -0.6777
vn 0.4629 0.4478 -0.7650
vn 0.4628 0.6777 -0.5714
vn 0.7129 0.5362 -0.4520
vn 0.7129 0.4520 -0.5362
vn 0.7128 0.6053 -0.3543
vn 0.9865 -0.1411 0.0826
vn 0.9865 -0.1253 0.1056
vn 0.9866 -0.1529 0.0568
vn 0.9055 -0.3977 0.1479
vn 0.9055 -0.3662 0.2143
vn 0.9054 -0.4177 0.0756
vn 0.9867 -0.1601 0.0290
vn 0.9054 -0.4245 -0.0000
vn 0.7125 0.6577 -0.2445
vn 0.4629 0.7650 -0.4478
vn 0.8781 0.3657 -0.3084
vn 0.8898 0.2941 -0.3488
vn 0.5524 0.4211 -0.7194
vn 0.9314 0.1268 -0.3411
vn 0.9844 -0.0313 0.1732
vn 0.9510 -0.0000 0.3093
vn 0.9301 0.0654 0.3615
vn 0.9999 -0.0049 -0.0132
vn 0.9308 -0.1847 -0.3154
vn 0.6122 -0.5097 -0.6045
vn 0.1358 -0.7575 -0.6386
vn -0.2176 -0.8424 -0.4931
vn -0.6739 -0.6925 -0.2575
vn -0.9520 -0.3011 -0.0544
vn -0.9985 -0.0545 -0.0000
vn -0.9988 0.0477 -0.0086
vn -0.9359 0.3302 -0.1228
vn -0.4365 0.7764 -0.4545
vn -0.1116 0.7598 -0.6405
vn 0.9055 -0.3244 0.2735
vn 0.9055 -0.2735 0.3244
vn 0.9865 -0.1056 0.1252
vn 0.7128 0.3543 -0.6053
vn 0.9865 -0.0826 0.1411
vn 0.4630 0.3089 -0.8308
vn 0.7125 0.2445 -0.6577
vn 0.4631 0.1577 -0.8721
vn 0.8786 0.0850 -0.4699
vn 0.8786 -0.0000 -0.4775
vn 0.8895 -0.0000 -0.4569
vn 0.5522 -0.1484 -0.8204
vn 0.8895 -0.0813 -0.4496
vn 0.9314 -0.1268 -0.3411
vn 0.5523 -0.2905 -0.7814
vn 0.9312 -0.1842 -0.3147
vn 0.9843 0.0891 0.1522
vn 0.9512 0.1989 0.2359
vn 0.9843 0.1138 0.1350
vn 0.9512 0.2359 0.1989
vn 0.9298 0.2814 0.2372
vn 0.9299 0.3175 0.1858
vn 0.9999 -0.0120 -0.0070
vn 0.9308 -0.3427 -0.1274
vn 0.9999 -0.0132 -0.0049
vn 0.9307 -0.3600 -0.0651
vn 0.6118 -0.7784 -0.1408
vn 0.1357 -0.9907 -0.0000
vn 0.6118 -0.7910 -0.0000
vn 0.1358 -0.9749 0.1763
vn -0.2175 -0.9605 0.1737
vn -0.2176 -0.9149 0.3401
vn -0.6739 -0.6926 0.2575
vn -0.9521 -0.2639 0.1545
vn -0.6740 -0.6376 0.3732
vn -0.9521 -0.2337 0.1970
vn -0.9985 -0.0415 0.0350
vn -0.9985 -0.0350 0.0415
vn -0.9988 0.0313 -0.0371
vn -0.9988 0.0245 -0.0419
vn -0.9358 0.1781 -0.3043
vn -0.9359 0.1228 -0.3302
vn -0.4367 0.3135 -0.8432
vn -0.4370 0.1601 -0.8851
vn -0.1116 0.1769 -0.9779
vn -0.1116 -0.0000 -0.9938
vn -0.6573 -0.0000 -0.7536
vn -0.6574 -0.1341 -0.7415
vn -0.9853 -0.0304 -0.1680
vn -0.9853 -0.0000 -0.1708
vn -0.9853 -0.0594 -0.1599
vn -0.6577 -0.2625 -0.7061
vn -0.9854 -0.0861 -0.1471
vn -0.6579 -0.3804 -0.6500
vn -0.9854 -0.1098 -0.1303
vn -0.6580 -0.4854 -0.5757
vn -0.9854 -0.1303 -0.1098
vn -0.6580 -0.5757 -0.4854
vn -0.9854 -0.1471 -0.0861
vn -0.9853 -0.1599 -0.0594
vn -0.6579 -0.6500 -0.3805
vn -0.1116 -0.7598 -0.6405
vn -0.1116 -0.8576 -0.5020
vn -0.6577 -0.7061 -0.2625
vn -0.4364 -0.5800 -0.6879
vn -0.4363 -0.6879 -0.5800
vn -0.1116 -0.6405 -0.7598
vn -0.9357 -0.2274 -0.2698
vn -0.4365 -0.4545 -0.7764
vn -0.9358 -0.1781 -0.3043
vn -0.9988 -0.0169 -0.0455
vn -0.9988 -0.0245 -0.0419
vn -0.9359 -0.1228 -0.3302
vn -0.9985 0.0190 0.0510
vn -0.9988 -0.0086 -0.0477
vn -0.9985 0.0097 0.0536
vn -0.9985 -0.0000 0.0545
vn -0.9520 -0.0000 0.3061
vn -0.9520 0.0544 0.3011
vn -0.6737 -0.1315 0.7272
vn -0.6736 -0.0000 0.7391
vn -0.9520 -0.0544 0.3011
vn -0.2175 -0.1737 0.9605
vn -0.6739 -0.2575 0.6925
vn -0.2176 -0.3401 0.9149
vn 0.1358 -0.3453 0.9286
vn 0.1358 -0.5005 0.8550
vn -0.2176 -0.4931 0.8424
vn 0.1358 -0.6386 0.7575
vn 0.6122 -0.5097 0.6045
vn 0.6121 -0.3995 0.6825
vn 0.6122 -0.6045 0.5097
vn 0.9308 -0.2794 0.2356
vn 0.9308 -0.2356 0.2794
vn 0.9999 -0.0105 0.0089
vn 0.9999 -0.0120 0.0070
vn 0.9308 -0.3154 0.1847
vn 0.9999 -0.0132 0.0049
vn 0.9300 0.3446 -0.1281
vn 0.9299 0.3175 -0.1858
vn 0.9301 0.3615 -0.0654
vn 0.9510 0.3043 -0.0550
vn 0.9511 0.2896 -0.1077
vn 0.9510 0.3093 -0.0000
vn 0.9844 0.1760 -0.0000
vn 0.9844 0.1732 -0.0313
vn 0.9844 0.1732 0.0313
vn 0.9317 -0.3575 -0.0647
vn 0.9317 -0.3632 -0.0000
vn 0.9314 -0.3412 -0.1268
vn 0.5523 -0.7814 -0.2905
vn 0.5522 -0.8204 -0.1484
vn 0.5524 -0.7194 -0.4211
vn 0.8898 -0.3939 -0.2306
vn 0.8897 -0.4280 -0.1591
vn 0.8898 -0.3488 -0.2941
vn 0.8781 -0.3657 -0.3084
vn 0.8783 -0.4127 -0.2415
vn 0.4628 -0.6777 -0.5714
vn 0.4628 -0.5714 -0.6778
vn 0.8781 -0.3084 -0.3657
vn 0.4629 -0.4478 -0.7650
vn 0.7128 -0.3543 -0.6053
vn 0.7129 -0.4520 -0.5362
vn 0.7125 -0.2445 -0.6577
vn 0.9866 0.0568 0.1529
vn 0.9865 0.0826 0.1411
vn 0.9867 0.0290 0.1601
vn 0.9054 0.0756 0.4177
vn 0.9055 0.1479 0.3977
vn 0.9054 -0.0000 0.4245
vn 0.9054 -0.0756 0.4177
vn 0.9867 -0.0000 0.1627
vn 0.7122 -0.1249 -0.6907
vn 0.7122 -0.0000 -0.7020
vn 0.9867 -0.0290 0.1601
vn 0.4630 -0.3089 -0.8308
vn 0.4631 -0.1577 -0.8721
vn 0.8785 -0.1665 -0.4479
vn 0.8783 -0.2415 -0.4127
vn 0.8898 -0.2941 -0.3488
vn 0.8898 -0.2306 -0.3939
vn 0.5524 -0.5373 -0.6373
vn 0.5524 -0.6373 -0.5373
vn 0.9312 -0.3147 -0.1842
vn 0.9310 -0.2791 -0.2353
vn 0.9844 0.1651 0.0614
vn 0.9843 0.1522 0.0891
vn 0.9511 0.2896 0.1076
vn 0.9510 0.3043 0.0550
vn 0.9301 0.3674 -0.0000
vn 0.9301 0.3615 0.0654
vn 0.9999 -0.0140 0.0025
vn 0.9999 -0.0143 -0.0000
vn 0.9307 -0.3600 0.0651
vn 0.9308 -0.3427 0.1274
vn 0.6121 -0.6824 0.3995
vn 0.6120 -0.7413 0.2756
vn 0.1358 -0.8550 0.5005
vn 0.1358 -0.7575 0.6386
vn -0.2176 -0.6291 0.7462
vn -0.2176 -0.7462 0.6291
vn -0.6740 -0.3732 0.6376
vn -0.6740 -0.4761 0.5648
vn -0.9521 -0.1066 0.2867
vn -0.9521 -0.1545 0.2639
vn -0.9985 -0.0097 0.0536
vn -0.9985 -0.0190 0.0510
vn -0.9988 -0.0000 -0.0485
vn -0.9988 0.0086 -0.0477
vn -0.9360 -0.0626 -0.3463
vn -0.9360 -0.0000 -0.3520
vn -0.4370 -0.1600 -0.8851
vn -0.4367 -0.3135 -0.8432
vn -0.1116 -0.5020 -0.8576
vn -0.1117 -0.3463 -0.9315
vn -0.1116 -0.1769 -0.9779
vn -0.4369 -0.0000 -0.8995
vn -0.9360 0.0627 -0.3463
vn -0.9988 0.0169 -0.0455
vn -0.9985 -0.0274 0.0469
vn -0.9521 -0.1970 0.2337
vn -0.6740 -0.5648 0.4761
vn -0.2176 -0.8424 0.4931
vn 0.1358 -0.9286 0.3453
vn 0.6118 -0.7784 0.1408
vn 0.9307 -0.3658 -0.0000
vn 0.9999 -0.0140 -0.0025
vn 0.9300 0.3445 0.1281
vn 0.9512 0.2664 0.1559
vn 0.9843 0.1350 0.1138
vn 0.9310 -0.2353 -0.2791
vn 0.5524 -0.4211 -0.7194
vn 0.8897 -0.1591 -0.4280
vn 0.8786 -0.0850 -0.4699
vn 0.4631 -0.0000 -0.8863
vn 0.7122 0.1249 -0.6907
vn 0.9866 -0.0568 0.1529
vn 0.9055 -0.2143 0.3662
vn 0.9055 -0.1479 0.3977
vn 0.9055 0.2143 0.3662
vn 0.9865 0.1056 0.1253
vn 0.9055 0.2735 0.3243
vn 0.9865 0.1253 0.1056
vn 0.7129 -0.5362 -0.4520
vn 0.7128 -0.6053 -0.3543
vn 0.4629 -0.7650 -0.4478
vn 0.8785 -0.4479 -0.1665
vn 0.4630 -0.8308 -0.3089
vn 0.8786 -0.4699 -0.0850
vn 0.8895 -0.4496 -0.0813
vn 0.5522 -0.8337 -0.0000
vn 0.8895 -0.4569 -0.0000
vn 0.9317 -0.3575 0.0647
vn 0.5522 -0.8204 0.1484
vn 0.9314 -0.3412 0.1268
vn 0.9844 0.1651 -0.0614
vn 0.9512 0.2664 -0.1559
vn 0.9843 0.1522 -0.0891
vn 0.9512 0.2359 -0.1989
vn 0.9298 0.2814 -0.2372
vn 0.9298 0.2372 -0.2814
vn 0.9999 -0.0089 0.0105
vn 0.9308 -0.1847 0.3154
vn 0.9999 -0.0070 0.0120
vn 0.9308 -0.1274 0.3427
vn 0.6120 -0.2756 0.7413
vn 0.1358 -0.1763 0.9749
vn 0.6118 -0.1408 0.7784
vn 0.1357 -0.0000 0.9907
vn -0.2175 -0.0000 0.9761
vn -0.2175 0.1737 0.9605
vn -0.6737 0.1315 0.7272
vn -0.9521 0.1066 0.2867
vn -0.6739 0.2575 0.6926
vn -0.9521 0.1545 0.2639
vn -0.9985 0.0274 0.0469
vn -0.9985 0.0350 0.0415
vn -0.9988 -0.0313 -0.0371
vn -0.9988 -0.0371 -0.0313
vn -0.9357 -0.2698 -0.2275
vn -0.9358 -0.3043 -0.1781
vn -0.4365 -0.7764 -0.4545
vn -0.4368 -0.8432 -0.3135
vn -0.1116 -0.9315 -0.3463
vn -0.1116 -0.9779 -0.1769
vn -0.6574 -0.7415 -0.1341
vn -0.6573 -0.7536 -0.0000
vn -0.9853 -0.1708 -0.0000
vn -0.9853 -0.1680 -0.0304
vn -0.9853 -0.1680 0.0304
vn -0.6574 -0.7415 0.1341
vn -0.9853 -0.1599 0.0594
vn -0.6577 -0.7061 0.2625
vn -0.9854 -0.1471 0.0861
vn -0.6579 -0.6500 0.3804
vn -0.9854 -0.1303 0.1098
vn -0.6580 -0.5757 0.4854
vn -0.9854 -0.1098 0.1303
vn -0.9854 -0.0861 0.1471
vn -0.6580 -0.4854 0.5757
vn -0.1116 -0.7598 0.6405
vn -0.1116 -0.6405 0.7598
vn -0.6579 -0.3805 0.6500
vn -0.4365 -0.7764 0.4545
vn -0.4364 -0.6879 0.5800
vn -0.1116 -0.8576 0.5020
vn -0.9358 -0.3043 0.1781
vn -0.4367 -0.8432 0.3135
vn -0.9359 -0.3302 0.1228
vn -0.9988 -0.0477 0.0086
vn -0.9988 -0.0455 0.0169
vn -0.9360 -0.3463 0.0626
vn -0.9985 0.0536 -0.0097
vn -0.9988 -0.0485 -0.0000
vn -0.9985 0.0545 -0.0000
vn -0.9985 0.0536 0.0097
vn -0.9520 0.3011 0.0544
vn -0.9520 0.3061 -0.0000
vn -0.6739 0.6926 0.2575
vn -0.6737 0.7272 0.1315
vn -0.9521 0.2867 0.1066
vn -0.2176 0.9149 0.3401
vn -0.6740 0.6376 0.3732
vn -0.2176 0.8424 0.4931
vn 0.1358 0.8550 0.5005
vn 0.1358 0.7575 0.6386
vn -0.2176 0.7462 0.6291
vn 0.1358 0.6386 0.7575
vn 0.6122 0.5097 0.6045
vn 0.6122 0.6045 0.5097
vn 0.6121 0.3995 0.6825
vn 0.9308 0.1846 0.3154
vn 0.9308 0.2356 0.2794
vn 0.9999 0.0070 0.0120
vn 0.9999 0.0049 0.0132
vn 0.9308 0.1274 0.3427
vn 0.9999 0.0025 0.0141
vn 0.9301 -0.0654 -0.3615
vn 0.9300 -0.1281 -0.3445
vn 0.9301 -0.0000 -0.3674
vn 0.9510 -0.0000 -0.3093
vn 0.9510 -0.0550 -0.3043
vn 0.9510 0.0550 -0.3043
vn 0.9844 0.0313 -0.1732
vn 0.9844 -0.0000 -0.1760
vn 0.9844 0.0614 -0.1651
vn 0.9314 -0.1268 0.3412
vn 0.9317 -0.0647 0.3575
vn 0.9311 -0.1842 0.3147
vn 0.5524 -0.4211 0.7194
vn 0.5523 -0.2905 0.7814
vn 0.5524 -0.5373 0.6373
vn 0.8898 -0.2941 0.3489
vn 0.8898 -0.2306 0.3939
vn 0.8898 -0.3488 0.2941
vn 0.8781 -0.3657 0.3084
vn 0.8781 -0.3084 0.3657
vn 0.4628 -0.6778 0.5714
vn 0.4629 -0.7650 0.4478
vn 0.8783 -0.4127 0.2415
vn 0.4630 -0.8308 0.3089
vn 0.7125 -0.6577 0.2445
vn 0.7128 -0.6053 0.3543
vn 0.7122 -0.6907 0.1249
vn 0.9867 0.1601 -0.0290
vn 0.9866 0.1529 -0.0568
vn 0.9867 0.1627 -0.0000
vn 0.9054 0.4245 -0.0000
vn 0.9054 0.4177 -0.0756
vn 0.9054 0.4177 0.0756
vn 0.9055 0.3977 0.1479
vn 0.9867 0.1601 0.0290
vn 0.7122 -0.7020 -0.0000
vn 0.7122 -0.6907 -0.1249
vn 0.9866 0.1529 0.0568
vn 0.4631 -0.8721 0.1577
vn 0.4631 -0.8863 -0.0000
vn 0.8786 -0.4699 0.0850
vn 0.8785 -0.4479 0.1665
vn 0.8898 -0.3939 0.2306
vn 0.8897 -0.4280 0.1591
vn 0.5524 -0.7194 0.4211
vn 0.5524 -0.6373 0.5373
vn 0.9310 -0.2353 0.2791
vn 0.9310 -0.2791 0.2353
vn 0.9843 0.0891 -0.1522
vn 0.9843 0.1138 -0.1350
vn 0.9512 0.1559 -0.2664
vn 0.9511 0.1077 -0.2896
vn 0.9301 0.0654 -0.3615
vn 0.9300 0.1281 -0.3445
vn 0.9999 -0.0000 0.0143
vn 0.9999 -0.0025 0.0141
vn 0.9307 -0.0000 0.3658
vn 0.9307 0.0651 0.3600
vn 0.6120 0.2756 0.7413
vn 0.6118 0.1408 0.7784
vn 0.1358 0.3453 0.9286
vn 0.1358 0.5005 0.8550
vn -0.2176 0.6291 0.7462
vn -0.2176 0.4931 0.8424
vn -0.6740 0.5648 0.4761
vn -0.6740 0.4761 0.5648
vn -0.9521 0.2639 0.1545
vn -0.9521 0.2337 0.1970
vn -0.9985 0.0510 0.0190
vn -0.9985 0.0469 0.0274
vn -0.9988 -0.0477 -0.0086
vn -0.9988 -0.0455 -0.0169
vn -0.9360 -0.3520 -0.0000
vn -0.9360 -0.3463 -0.0627
vn -0.4369 -0.8995 -0.0000
vn -0.4370 -0.8851 0.1600
vn -0.1117 -0.9315 0.3463
vn -0.1116 -0.9779 0.1769
vn -0.1116 -0.9938 -0.0000
vn -0.4370 -0.8851 -0.1601
vn -0.9359 -0.3302 -0.1228
vn -0.9988 -0.0419 -0.0245
vn -0.9985 0.0415 0.0350
vn -0.9521 0.1970 0.2337
vn -0.6740 0.3732 0.6376
vn -0.2176 0.3401 0.9149
vn 0.1358 0.1763 0.9749
vn 0.6118 -0.0000 0.7910
vn 0.9307 -0.0651 0.3600
vn 0.9999 -0.0049 0.0132
vn 0.9299 0.1858 -0.3175
vn 0.9512 0.1989 -0.2359
vn 0.9843 0.1350 -0.1138
vn 0.9312 -0.3147 0.1842
vn 0.5523 -0.7814 0.2905
vn 0.8895 -0.4496 0.0813
vn 0.8786 -0.4775 -0.0000
vn 0.4631 -0.8722 -0.1577
vn 0.7125 -0.6577 -0.2445
vn 0.9865 0.1411 0.0826
vn 0.9055 0.3244 0.2735
vn 0.9055 0.3662 0.2143
vn 0.9055 0.3977 -0.1479
vn 0.9865 0.1411 -0.0826
vn 0.9055 0.3662 -0.2143
vn 0.9865 0.1253 -0.1056
vn 0.7129 -0.5362 0.4520
vn 0.7129 -0.4520 0.5362
vn 0.4628 -0.5714 0.6777
vn 0.8783 -0.2415 0.4127
vn 0.4629 -0.4478 0.7650
vn 0.8784 -0.1665 0.4479
vn 0.8897 -0.1591 0.4280
vn 0.5522 -0.1484 0.8204
vn 0.8895 -0.0813 0.4496
vn 0.9317 -0.0000 0.3632
vn 0.5522 -0.0000 0.8337
vn 0.9317 0.0647 0.3575
vn 0.9844 -0.0313 -0.1732
vn 0.9511 -0.1077 -0.2896
vn 0.9844 -0.0614 -0.1651
vn 0.9512 -0.1559 -0.2664
vn 0.9299 -0.1858 -0.3175
vn 0.9298 -0.2372 -0.2814
vn 0.9999 0.0089 0.0105
vn 0.9308 0.2794 0.2356
vn 0.9999 0.0105 0.0089
vn 0.9308 0.3154 0.1847
vn 0.6121 0.6824 0.3995
vn 0.1358 0.9286 0.3453
vn 0.6120 0.7413 0.2756
vn 0.1358 0.9749 0.1763
vn -0.2175 0.9605 0.1737
vn -0.2175 0.9761 -0.0000
vn -0.6736 0.7391 -0.0000
vn -0.9520 0.3011 -0.0544
vn -0.6737 0.7272 -0.1315
vn -0.9521 0.2867 -0.1066
vn -0.9985 0.0510 -0.0190
vn -0.9985 0.0469 -0.0274
vn -0.9988 -0.0419 0.0245
vn -0.9988 -0.0371 0.0313
vn -0.9357 -0.2698 0.2274
vn -0.9357 -0.2274 0.2698
vn -0.4364 -0.5800 0.6879
vn -0.4365 -0.4545 0.7764
vn -0.1116 -0.5020 0.8576
vn -0.1117 -0.3463 0.9315
vn -0.6577 -0.2625 0.7061
vn -0.6574 -0.1341 0.7415
vn -0.9853 -0.0304 0.1680
vn -0.9853 -0.0594 0.1599
vn -0.9853 -0.0000 0.1708
vn -0.6573 -0.0000 0.7536
vn -0.9853 0.0304 0.1680
vn -0.1116 -0.1769 0.9779
vn -0.4367 -0.3135 0.8432
vn -0.9358 -0.1781 0.3043
vn -0.9988 -0.0313 0.0371
vn -0.9985 0.0415 -0.0350
vn -0.9521 0.2639 -0.1545
vn -0.6739 0.6925 -0.2575
vn -0.2175 0.9605 -0.1737
vn 0.1357 0.9907 -0.0000
vn 0.6118 0.7784 0.1408
vn 0.9308 0.3427 0.1274
vn 0.9999 0.0120 0.0070
vn 0.9298 -0.2814 -0.2372
vn 0.9512 -0.1989 -0.2359
vn 0.9843 -0.0891 -0.1522
vn 0.9314 0.1268 0.3411
vn 0.5522 0.1484 0.8204
vn 0.8895 -0.0000 0.4569
vn 0.8786 -0.0850 0.4699
vn 0.4630 -0.3089 0.8308
vn 0.7128 -0.3543 0.6053
vn 0.9865 0.1056 -0.1252
vn 0.9055 0.3244 -0.2735
vn 0.9055 0.2735 -0.3243
vn -0.9853 0.1599 -0.0594
vn -0.9853 0.1680 -0.0304
vn -0.6574 0.7415 -0.1341
vn -0.1116 0.9938 -0.0000
vn -0.4370 0.8851 0.1601
vn -0.9359 0.3302 0.1228
vn -0.9988 0.0419 0.0245
vn -0.9985 -0.0415 -0.0350
vn -0.9521 -0.1970 -0.2337
vn -0.6740 -0.3732 -0.6376
vt 0.117960 0.761848
vt 0.117960 0.735572
vt 0.096651 0.735572
vt 0.161031 0.761848
vt 0.117960 0.710034
vt 0.161031 0.735572
vt 0.096651 0.710034
vt 0.096651 0.684865
vt 0.080692 0.684865
vt 0.080692 0.710034
vt 0.080692 0.659972
vt 0.059383 0.659972
vt 0.059383 0.684865
vt 0.059383 0.635079
vt 0.043605 0.635079
vt 0.043605 0.659972
vt 0.043605 0.610186
vt 0.015042 0.610186
vt 0.015042 0.635079
vt 0.015042 0.585017
vt 0.514854 0.837956
vt 0.521248 0.817030
vt 0.517546 0.813592
vt 0.506808 0.856333
vt 0.511519 0.833332
vt 0.506319 0.803218
vt 0.509776 0.785316
vt 0.521768 0.791718
vt 0.511581 0.765990
vt 0.501638 0.764331
vt 0.500139 0.780218
vt 0.501638 0.748147
vt 0.497997 0.748799
vt 0.497997 0.763679
vt 0.496682 0.734513
vt 0.483130 0.741686
vt 0.484017 0.751230
vt 0.481416 0.732734
vt 0.479091 0.734809
vt 0.480652 0.742990
vt 0.476889 0.727399
vt 0.472697 0.733090
vt 0.474472 0.739077
vt 0.470403 0.727814
vt 0.468843 0.730778
vt 0.470862 0.735521
vt 0.466426 0.726806
vt 0.460552 0.742812
vt 0.461654 0.744650
vt 0.455566 0.756150
vt 0.459298 0.741330
vt 0.463642 0.723605
vt 0.457891 0.740263
vt 0.460583 0.721353
vt 0.456392 0.739729
vt 0.457279 0.720167
vt 0.454831 0.739729
vt 0.453914 0.720167
vt 0.453363 0.740204
vt 0.451986 0.741152
vt 0.450701 0.721293
vt 0.453730 0.715899
vt 0.450120 0.717144
vt 0.447673 0.723428
vt 0.457921 0.705999
vt 0.453241 0.705999
vt 0.457493 0.715899
vt 0.458166 0.701079
vt 0.462541 0.707659
vt 0.463214 0.702857
vt 0.473982 0.681754
vt 0.466977 0.676656
vt 0.467894 0.706296
vt 0.475543 0.675292
vt 0.480315 0.688986
vt 0.482426 0.683176
vt 0.488453 0.693135
vt 0.495489 0.679501
vt 0.488177 0.667408
vt 0.511825 0.679916
vt 0.504330 0.662488
vt 0.501638 0.693728
vt 0.515191 0.675352
vt 0.517730 0.699597
vt 0.521431 0.696218
vt 0.043605 0.481389
vt 0.043605 0.456220
vt 0.015042 0.456220
vt 0.015042 0.431327
vt 0.525806 0.719041
vt 0.015042 0.481389
vt 0.059383 0.506927
vt 0.059383 0.481389
vt 0.043605 0.506927
vt 0.080692 0.506927
vt 0.059383 0.533203
vt 0.080692 0.533203
vt 0.096651 0.559479
vt 0.096651 0.533203
vt 0.080692 0.559479
vt 0.117960 0.559479
vt 0.096651 0.585017
vt 0.117960 0.585017
vt 0.117960 0.610186
vt 0.161031 0.610186
vt 0.161031 0.585017
vt 0.161031 0.635079
vt 0.173635 0.635079
vt 0.173635 0.610186
vt 0.173635 0.659972
vt 0.194944 0.659972
vt 0.194944 0.635079
vt 0.194944 0.684865
vt 0.217522 0.684865
vt 0.217522 0.659972
vt 0.217522 0.710034
vt 0.244181 0.710034
vt 0.244181 0.684865
vt 0.244181 0.735572
vt 0.269752 0.735572
vt 0.269752 0.710034
vt 0.387454 0.366994
vt 0.405221 0.385386
vt 0.407873 0.383132
vt 0.429279 0.398590
vt 0.269752 0.761848
vt 0.427120 0.401210
vt 0.454263 0.368251
vt 0.471720 0.376845
vt 0.453584 0.410537
vt 0.490227 0.382556
vt 0.497321 0.359448
vt 0.483503 0.355152
vt 0.511571 0.361597
vt 0.513607 0.342157
vt 0.503243 0.340585
vt 0.519097 0.290597
vt 0.524032 0.342157
vt 0.525883 0.361649
vt 0.534272 0.340690
vt 0.540009 0.359606
vt 0.544081 0.337808
vt 0.553581 0.355571
vt 0.553272 0.333459
vt 0.566227 0.349597
vt 0.561538 0.327695
vt 0.568694 0.320621
vt 0.577639 0.341685
vt 0.582142 0.369247
vt 0.597379 0.358662
vt 0.587447 0.331939
vt 0.583561 0.410904
vt 0.606941 0.399743
vt 0.565301 0.377264
vt 0.659300 0.496500
vt 0.694700 0.469600
vt 0.656800 0.490900
vt 0.558454 0.418449
vt 0.559441 0.421540
vt 0.585103 0.413838
vt 0.244181 0.863816
vt 0.244181 0.888617
vt 0.269752 0.888617
vt 0.269752 0.913602
vt 0.532668 0.425470
vt 0.269752 0.863816
vt 0.217522 0.863816
vt 0.244181 0.838923
vt 0.217522 0.838923
vt 0.217522 0.813754
vt 0.194944 0.813754
vt 0.194944 0.838923
vt 0.173635 0.788216
vt 0.173635 0.813754
vt 0.194944 0.788216
vt 0.161031 0.788216
vt 0.173635 0.761848
vt 0.173635 0.735572
vt 0.194944 0.761848
vt 0.173635 0.710034
vt 0.194944 0.735572
vt 0.161031 0.710034
vt 0.117960 0.684865
vt 0.161031 0.684865
vt 0.117960 0.659972
vt 0.096651 0.659972
vt 0.096651 0.635079
vt 0.080692 0.635079
vt 0.080692 0.610186
vt 0.059383 0.610186
vt 0.059383 0.585017
vt 0.043605 0.585017
vt 0.015042 0.559479
vt 0.043605 0.559479
vt 0.525714 0.793852
vt 0.528070 0.768836
vt 0.523971 0.768125
vt 0.015042 0.533203
vt 0.523971 0.744116
vt 0.511581 0.746310
vt 0.509837 0.727518
vt 0.500231 0.732675
vt 0.497447 0.718152
vt 0.494143 0.721175
vt 0.490502 0.708963
vt 0.478969 0.724554
vt 0.475848 0.717262
vt 0.474044 0.720760
vt 0.470678 0.715188
vt 0.467711 0.723309
vt 0.464621 0.719752
vt 0.466793 0.710742
vt 0.461195 0.717262
vt 0.472147 0.711157
vt 0.485852 0.698115
vt 0.493500 0.704873
vt 0.506472 0.709852
vt 0.521829 0.721116
vt 0.528070 0.743405
vt 0.015042 0.506927
vt 0.043605 0.533203
vt 0.059383 0.559479
vt 0.080692 0.585017
vt 0.096651 0.610186
vt 0.117960 0.635079
vt 0.161031 0.659972
vt 0.173635 0.684865
vt 0.194944 0.710034
vt 0.217522 0.735572
vt 0.244181 0.761848
vt 0.217522 0.761848
vt 0.244181 0.788216
vt 0.269752 0.788216
vt 0.452042 0.413419
vt 0.478321 0.421488
vt 0.479308 0.418397
vt 0.269752 0.813754
vt 0.505711 0.422274
vt 0.509227 0.385386
vt 0.528412 0.385386
vt 0.532360 0.422274
vt 0.547227 0.382661
vt 0.505402 0.425470
vt 0.244181 0.813754
vt 0.269752 0.838923
vt 0.217522 0.788216
vt 0.161031 0.813754
vt 0.117960 0.788216
vt 0.117960 0.813754
vt 0.096651 0.788216
vt 0.096651 0.761848
vt 0.080692 0.735572
vt 0.080692 0.761848
vt 0.059383 0.735572
vt 0.059383 0.710034
vt 0.043605 0.684865
vt 0.043605 0.710034
vt 0.015042 0.659972
vt 0.015042 0.684865
vt 0.497263 0.871746
vt 0.503902 0.850701
vt 0.486495 0.883839
vt 0.494908 0.865225
vt 0.501363 0.819402
vt 0.495152 0.833570
vt 0.497294 0.794919
vt 0.493225 0.808257
vt 0.493990 0.791896
vt 0.496590 0.778321
vt 0.483986 0.761189
vt 0.483068 0.771029
vt 0.481447 0.751704
vt 0.481447 0.760774
vt 0.475696 0.745657
vt 0.476338 0.752593
vt 0.472453 0.740915
vt 0.473554 0.746784
vt 0.462571 0.746784
vt 0.463306 0.749274
vt 0.463795 0.751941
vt 0.474135 0.753008
vt 0.464070 0.754787
vt 0.474135 0.759529
vt 0.476338 0.759885
vt 0.480590 0.769725
vt 0.475665 0.767058
vt 0.479000 0.777965
vt 0.481294 0.780099
vt 0.478816 0.788339
vt 0.490227 0.804107
vt 0.488086 0.819935
vt 0.485516 0.814837
vt 0.482028 0.829716
vt 0.487780 0.845485
vt 0.484751 0.876666
vt 0.479458 0.854851
vt 0.474717 0.892257
vt 0.473646 0.884610
vt 0.015042 0.710034
vt 0.462174 0.896643
vt 0.043605 0.735572
vt 0.015042 0.735572
vt 0.043605 0.761848
vt 0.059383 0.761848
vt 0.080692 0.788216
vt 0.059383 0.788216
vt 0.096651 0.813754
vt 0.080692 0.813754
vt 0.096651 0.838923
vt 0.117960 0.838923
vt 0.161031 0.838923
vt 0.161031 0.863816
vt 0.117960 0.863816
vt 0.161031 0.888617
vt 0.173635 0.888617
vt 0.173635 0.863816
vt 0.173635 0.913602
vt 0.194944 0.913602
vt 0.194944 0.888617
vt 0.194944 0.938679
vt 0.217522 0.938679
vt 0.217522 0.913602
vt 0.217522 0.964309
vt 0.244181 0.964309
vt 0.244181 0.938679
vt 0.244181 0.990585
vt 0.269752 0.990585
vt 0.269752 0.964309
vt 0.649321 0.368723
vt 0.663694 0.347554
vt 0.660301 0.346244
vt 0.244181 0.075822
vt 0.269752 0.102097
vt 0.269752 0.075822
vt 0.630691 0.387324
vt 0.646236 0.366889
vt 0.669554 0.324394
vt 0.627360 0.315119
vt 0.620697 0.330839
vt 0.600155 0.309094
vt 0.602684 0.296989
vt 0.630691 0.298981
vt 0.602746 0.284833
vt 0.579860 0.286405
vt 0.579798 0.295260
vt 0.578132 0.277707
vt 0.600340 0.272834
vt 0.574678 0.269376
vt 0.595590 0.261306
vt 0.569558 0.261568
vt 0.562834 0.254547
vt 0.588558 0.250565
vt 0.621129 0.251350
vt 0.611691 0.237046
vt 0.579243 0.240871
vt 0.669616 0.257167
vt 0.660733 0.235841
vt 0.627545 0.266703
vt 0.673256 0.256328
vt 0.674119 0.279384
vt 0.677882 0.279069
vt 0.244181 0.152805
vt 0.244181 0.177790
vt 0.269752 0.177790
vt 0.269752 0.202590
vt 0.677882 0.302229
vt 0.269752 0.152805
vt 0.217522 0.152805
vt 0.244181 0.127728
vt 0.217522 0.127728
vt 0.217522 0.102097
vt 0.194944 0.102097
vt 0.194944 0.127728
vt 0.173635 0.075822
vt 0.173635 0.102097
vt 0.194944 0.075822
vt 0.161031 0.075822
vt 0.173635 0.964309
vt 0.173635 0.990585
vt 0.194944 0.990585
vt 0.161031 0.964309
vt 0.161031 0.990585
vt 0.117960 0.964309
vt 0.117960 0.938679
vt 0.161031 0.938679
vt 0.117960 0.913602
vt 0.096651 0.913602
vt 0.096651 0.938679
vt 0.096651 0.888617
vt 0.080692 0.888617
vt 0.080692 0.913602
vt 0.059383 0.888617
vt 0.059383 0.863816
vt 0.080692 0.863816
vt 0.059383 0.838923
vt 0.043605 0.838923
vt 0.043605 0.863816
vt 0.043605 0.813754
vt 0.015042 0.813754
vt 0.015042 0.838923
vt 0.424147 0.883483
vt 0.436109 0.892138
vt 0.437210 0.884432
vt 0.015042 0.788216
vt 0.413348 0.871094
vt 0.425921 0.876251
vt 0.449386 0.888759
vt 0.450518 0.864751
vt 0.440514 0.861194
vt 0.460644 0.864751
vt 0.459696 0.845485
vt 0.451374 0.845485
vt 0.459359 0.838431
vt 0.466732 0.835881
vt 0.467711 0.842699
vt 0.473615 0.830961
vt 0.467650 0.806301
vt 0.463030 0.809561
vt 0.471902 0.801558
vt 0.470434 0.797527
vt 0.466579 0.801796
vt 0.473829 0.792014
vt 0.470219 0.784960
vt 0.467466 0.789347
vt 0.472514 0.779684
vt 0.470709 0.777194
vt 0.468659 0.781937
vt 0.472361 0.771859
vt 0.463214 0.763441
vt 0.462480 0.765872
vt 0.463764 0.760715
vt 0.473523 0.765931
vt 0.464040 0.757810
vt 0.474349 0.773697
vt 0.476705 0.785434
vt 0.475634 0.795512
vt 0.479917 0.823848
vt 0.475175 0.837363
vt 0.470342 0.861313
vt 0.461776 0.888759
vt 0.449019 0.896643
vt 0.043605 0.788216
vt 0.015042 0.761848
vt 0.059383 0.813754
vt 0.080692 0.838923
vt 0.096651 0.863816
vt 0.117960 0.888617
vt 0.161031 0.913602
vt 0.173635 0.938679
vt 0.194944 0.964309
vt 0.217522 0.990585
vt 0.217522 0.075822
vt 0.244181 0.102097
vt 0.269752 0.127728
vt 0.673194 0.325232
vt 0.674119 0.301967
vt 0.630752 0.282685
vt 0.461501 0.768006
vt 0.460399 0.769784
vt 0.466212 0.785849
vt 0.464376 0.792844
vt 0.463428 0.788932
vt 0.462357 0.804819
vt 0.461011 0.795215
vt 0.457891 0.806360
vt 0.458105 0.811280
vt 0.452965 0.811280
vt 0.451680 0.838371
vt 0.443145 0.842580
vt 0.444124 0.835704
vt 0.431275 0.854495
vt 0.435558 0.837067
vt 0.422923 0.844951
vt 0.415734 0.864632
vt 0.403864 0.855444
vt 0.406770 0.849872
vt 0.015042 0.863816
vt 0.395910 0.837008
vt 0.043605 0.888617
vt 0.015042 0.888617
vt 0.043605 0.913602
vt 0.059383 0.913602
vt 0.080692 0.938679
vt 0.059383 0.938679
vt 0.080692 0.964309
vt 0.096651 0.964309
vt 0.117960 0.990585
vt 0.096651 0.990585
vt 0.117960 0.102097
vt 0.117960 0.075822
vt 0.096651 0.075822
vt 0.161031 0.102097
vt 0.161031 0.127728
vt 0.173635 0.127728
vt 0.194944 0.152805
vt 0.173635 0.152805
vt 0.194944 0.177790
vt 0.217522 0.177790
vt 0.217522 0.202590
vt 0.244181 0.202590
vt 0.244181 0.227483
vt 0.269752 0.227483
vt 0.269752 0.252652
vt 0.664187 0.234531
vt 0.650739 0.214200
vt 0.647593 0.215982
vt 0.630321 0.198061
vt 0.599291 0.224103
vt 0.583931 0.212942
vt 0.567769 0.232539
vt 0.554753 0.226042
vt 0.545006 0.243700
vt 0.554444 0.248469
vt 0.534951 0.240609
vt 0.540873 0.221745
vt 0.524587 0.239037
vt 0.526623 0.219597
vt 0.514162 0.239037
vt 0.512311 0.219545
vt 0.503922 0.240452
vt 0.498185 0.221588
vt 0.494113 0.243386
vt 0.484922 0.247735
vt 0.484613 0.225623
vt 0.490967 0.198480
vt 0.472892 0.203930
vt 0.472029 0.231596
vt 0.505896 0.158920
vt 0.479740 0.162745
vt 0.509782 0.195756
vt 0.505525 0.155723
vt 0.532483 0.158920
vt 0.532792 0.155723
vt 0.244181 0.356372
vt 0.244181 0.381542
vt 0.269752 0.381542
vt 0.269752 0.406434
vt 0.559873 0.159706
vt 0.269752 0.356372
vt 0.217522 0.356372
vt 0.244181 0.330834
vt 0.217522 0.330834
vt 0.217522 0.304558
vt 0.194944 0.304558
vt 0.194944 0.330834
vt 0.173635 0.278191
vt 0.173635 0.304558
vt 0.194944 0.278191
vt 0.161031 0.278191
vt 0.173635 0.252652
vt 0.161031 0.252652
vt 0.117960 0.252652
vt 0.117960 0.227483
vt 0.161031 0.227483
vt 0.117960 0.202590
vt 0.096651 0.202590
vt 0.096651 0.227483
vt 0.096651 0.177790
vt 0.080692 0.177790
vt 0.080692 0.202590
vt 0.059383 0.177790
vt 0.059383 0.152805
vt 0.080692 0.152805
vt 0.059383 0.127728
vt 0.043605 0.127728
vt 0.043605 0.152805
vt 0.043605 0.102097
vt 0.015042 0.102097
vt 0.015042 0.127728
vt 0.385386 0.718507
vt 0.383061 0.743523
vt 0.387130 0.744235
vt 0.015042 0.075822
vt 0.389883 0.695329
vt 0.389363 0.720641
vt 0.387130 0.768243
vt 0.399551 0.766050
vt 0.399520 0.746369
vt 0.401294 0.784841
vt 0.410900 0.779684
vt 0.409463 0.764212
vt 0.413654 0.794208
vt 0.416958 0.791184
vt 0.414449 0.777846
vt 0.420629 0.803396
vt 0.432132 0.787805
vt 0.429684 0.779625
vt 0.434243 0.784960
vt 0.437057 0.791599
vt 0.435252 0.795097
vt 0.440453 0.797172
vt 0.443420 0.789050
vt 0.440698 0.784545
vt 0.446510 0.792607
vt 0.447459 0.788754
vt 0.444705 0.785553
vt 0.450518 0.791007
vt 0.453210 0.772096
vt 0.451833 0.771029
vt 0.454740 0.772630
vt 0.456269 0.772630
vt 0.453822 0.792192
vt 0.449937 0.795097
vt 0.453638 0.796460
vt 0.457187 0.792192
vt 0.444308 0.801618
vt 0.448591 0.804700
vt 0.443206 0.806064
vt 0.438954 0.801203
vt 0.425279 0.814244
vt 0.430816 0.823373
vt 0.422679 0.819224
vt 0.417600 0.807486
vt 0.404629 0.802507
vt 0.409463 0.818631
vt 0.389271 0.791244
vt 0.393371 0.812762
vt 0.385325 0.793319
vt 0.383061 0.768954
vt 0.043605 0.990585
vt 0.043605 0.964309
vt 0.015042 0.964309
vt 0.015042 0.938679
vt 0.015042 0.990585
vt 0.059383 0.102097
vt 0.059383 0.075822
vt 0.043605 0.075822
vt 0.059383 0.990585
vt 0.080692 0.102097
vt 0.080692 0.127728
vt 0.096651 0.152805
vt 0.096651 0.127728
vt 0.117960 0.152805
vt 0.117960 0.177790
vt 0.161031 0.202590
vt 0.161031 0.177790
vt 0.173635 0.227483
vt 0.173635 0.202590
vt 0.194944 0.252652
vt 0.194944 0.227483
vt 0.217522 0.278191
vt 0.217522 0.252652
vt 0.244181 0.304558
vt 0.244181 0.278191
vt 0.269752 0.330834
vt 0.269752 0.304558
vt 0.611074 0.179984
vt 0.586214 0.167775
vt 0.584610 0.170657
vt 0.558947 0.162797
vt 0.528967 0.195808
vt 0.548029 0.198638
vt 0.566473 0.204297
vt 0.608915 0.182604
vt 0.633035 0.195808
vt 0.269752 0.278191
vt 0.244181 0.252652
vt 0.217522 0.227483
vt 0.194944 0.202590
vt 0.173635 0.177790
vt 0.161031 0.152805
vt 0.117960 0.127728
vt 0.096651 0.102097
vt 0.080692 0.075822
vt 0.080692 0.990585
vt 0.059383 0.964309
vt 0.043605 0.938679
vt 0.015042 0.913602
vt 0.389669 0.816141
vt 0.399275 0.832443
vt 0.415612 0.832858
vt 0.428675 0.829183
vt 0.437149 0.830606
vt 0.447887 0.809502
vt 0.453179 0.806360
vt 0.457401 0.796460
vt 0.460430 0.791066
vt 0.459114 0.771207
vt 0.457738 0.772156
vt 0.450548 0.769547
vt 0.442288 0.781522
vt 0.449447 0.767710
vt 0.440239 0.776779
vt 0.438434 0.779269
vt 0.436629 0.773282
vt 0.432009 0.777550
vt 0.428002 0.770674
vt 0.430449 0.769369
vt 0.427115 0.761129
vt 0.413103 0.763560
vt 0.409463 0.748029
vt 0.413134 0.748681
vt 0.401356 0.727044
vt 0.410962 0.732142
vt 0.404813 0.709141
vt 0.393585 0.698767
vt 0.396247 0.674403
vt 0.399612 0.678968
vt 0.015042 0.152805
vt 0.404323 0.656026
vt 0.043605 0.177790
vt 0.015042 0.177790
vt 0.043605 0.202590
vt 0.059383 0.202590
vt 0.080692 0.227483
vt 0.059383 0.227483
vt 0.080692 0.252652
vt 0.096651 0.252652
vt 0.117960 0.278191
vt 0.096651 0.278191
vt 0.117960 0.304558
vt 0.161031 0.304558
vt 0.161031 0.330834
vt 0.173635 0.330834
vt 0.194944 0.356372
vt 0.173635 0.356372
vt 0.194944 0.381542
vt 0.217522 0.381542
vt 0.217522 0.406434
vt 0.244181 0.406434
vt 0.244181 0.431327
vt 0.269752 0.431327
vt 0.269752 0.456220
vt 0.478753 0.159653
vt 0.453091 0.167356
vt 0.454633 0.170290
vt 0.431253 0.181451
vt 0.456052 0.211947
vt 0.440815 0.222479
vt 0.460617 0.239508
vt 0.450746 0.249255
vt 0.469500 0.260573
vt 0.476655 0.253446
vt 0.463948 0.268590
vt 0.443097 0.260311
vt 0.460246 0.277130
vt 0.438039 0.272100
vt 0.458396 0.285933
vt 0.435509 0.284204
vt 0.458396 0.294789
vt 0.435448 0.296361
vt 0.460123 0.303487
vt 0.463516 0.311818
vt 0.437854 0.308360
vt 0.407503 0.298509
vt 0.410711 0.314491
vt 0.442604 0.319888
vt 0.364075 0.279226
vt 0.364075 0.301810
vt 0.407503 0.282213
vt 0.360312 0.278964
vt 0.368640 0.256748
vt 0.365000 0.255962
vt 0.244181 0.559479
vt 0.244181 0.585017
vt 0.269752 0.585017
vt 0.269752 0.610186
vt 0.374500 0.233587
vt 0.269752 0.559479
vt 0.217522 0.559479
vt 0.244181 0.533203
vt 0.217522 0.533203
vt 0.217522 0.506927
vt 0.194944 0.506927
vt 0.194944 0.533203
vt 0.173635 0.481389
vt 0.173635 0.506927
vt 0.194944 0.481389
vt 0.161031 0.481389
vt 0.173635 0.456220
vt 0.161031 0.456220
vt 0.117960 0.456220
vt 0.117960 0.431327
vt 0.161031 0.431327
vt 0.117960 0.406434
vt 0.096651 0.406434
vt 0.096651 0.431327
vt 0.096651 0.381542
vt 0.080692 0.381542
vt 0.080692 0.406434
vt 0.059383 0.381542
vt 0.059383 0.356372
vt 0.080692 0.356372
vt 0.059383 0.330834
vt 0.043605 0.330834
vt 0.043605 0.356372
vt 0.043605 0.304558
vt 0.015042 0.304558
vt 0.015042 0.330834
vt 0.462082 0.615657
vt 0.448958 0.615657
vt 0.449325 0.623600
vt 0.015042 0.278191
vt 0.474992 0.620221
vt 0.461715 0.623600
vt 0.437485 0.627750
vt 0.440759 0.651047
vt 0.450457 0.647609
vt 0.431642 0.657508
vt 0.435925 0.674996
vt 0.443420 0.669661
vt 0.429072 0.682643
vt 0.431183 0.688452
vt 0.437485 0.681398
vt 0.425615 0.697463
vt 0.435466 0.716847
vt 0.439229 0.710801
vt 0.437271 0.720345
vt 0.434396 0.726925
vt 0.432315 0.724020
vt 0.432101 0.734394
vt 0.436751 0.738662
vt 0.438587 0.732616
vt 0.435466 0.745302
vt 0.437608 0.746428
vt 0.438740 0.740500
vt 0.436996 0.752830
vt 0.447061 0.754549
vt 0.447367 0.751645
vt 0.447061 0.757573
vt 0.447306 0.760418
vt 0.436965 0.759351
vt 0.434763 0.752475
vt 0.434763 0.759766
vt 0.437547 0.765576
vt 0.430510 0.742634
vt 0.429654 0.751585
vt 0.428032 0.741330
vt 0.429807 0.732260
vt 0.420874 0.708252
vt 0.417141 0.720463
vt 0.417876 0.704102
vt 0.423015 0.692424
vt 0.423321 0.666874
vt 0.415979 0.678790
vt 0.426350 0.635693
vt 0.416193 0.647134
vt 0.424606 0.628520
vt 0.436384 0.620103
vt 0.043605 0.278191
vt 0.043605 0.252652
vt 0.015042 0.252652
vt 0.015042 0.227483
vt 0.059383 0.304558
vt 0.059383 0.278191
vt 0.080692 0.304558
vt 0.080692 0.330834
vt 0.096651 0.356372
vt 0.096651 0.330834
vt 0.117960 0.356372
vt 0.117960 0.381542
vt 0.161031 0.406434
vt 0.161031 0.381542
vt 0.173635 0.431327
vt 0.173635 0.406434
vt 0.194944 0.456220
vt 0.194944 0.431327
vt 0.217522 0.481389
vt 0.217522 0.456220
vt 0.244181 0.506927
vt 0.244181 0.481389
vt 0.269752 0.533203
vt 0.269752 0.506927
vt 0.407503 0.193817
vt 0.388873 0.212471
vt 0.391958 0.214305
vt 0.377893 0.234950
vt 0.410834 0.266074
vt 0.417558 0.250355
vt 0.427675 0.235526
vt 0.410156 0.196123
vt 0.429156 0.178779
vt 0.269752 0.481389
vt 0.244181 0.456220
vt 0.217522 0.431327
vt 0.194944 0.406434
vt 0.173635 0.381542
vt 0.161031 0.356372
vt 0.117960 0.330834
vt 0.096651 0.304558
vt 0.080692 0.278191
vt 0.059383 0.252652
vt 0.043605 0.227483
vt 0.015042 0.202590
vt 0.413837 0.640613
vt 0.407199 0.661658
vt 0.409738 0.692958
vt 0.413837 0.717440
vt 0.414510 0.734039
vt 0.427115 0.751170
vt 0.429654 0.760655
vt 0.435405 0.766702
vt 0.438648 0.771444
vt 0.448529 0.765576
vt 0.447795 0.763086
vt 0.447887 0.748918
vt 0.440392 0.735165
vt 0.448652 0.746487
vt 0.442472 0.730422
vt 0.440912 0.727399
vt 0.443635 0.722953
vt 0.440698 0.714832
vt 0.443451 0.706059
vt 0.444552 0.710564
vt 0.448070 0.702798
vt 0.444399 0.676478
vt 0.451405 0.666874
vt 0.451742 0.673929
vt 0.460613 0.647609
vt 0.459757 0.666874
vt 0.470587 0.651165
vt 0.473891 0.627928
vt 0.486954 0.628876
vt 0.485179 0.636108
vt 0.015042 0.356372
vt 0.497783 0.641266
vt 0.043605 0.381542
vt 0.015042 0.381542
vt 0.043605 0.406434
vt 0.059383 0.406434
vt 0.080692 0.431327
vt 0.059383 0.431327
vt 0.080692 0.456220
vt 0.096651 0.456220
vt 0.117960 0.481389
vt 0.096651 0.481389
vt 0.117960 0.506927
vt 0.161031 0.506927
vt 0.161031 0.533203
vt 0.173635 0.533203
vt 0.194944 0.559479
vt 0.173635 0.559479
vt 0.194944 0.585017
vt 0.217522 0.585017
vt 0.217522 0.610186
vt 0.244181 0.610186
vt 0.244181 0.635079
vt 0.269752 0.635079
vt 0.269752 0.659972
vt 0.360312 0.302125
vt 0.364938 0.324865
vt 0.368578 0.324027
vt 0.377461 0.345353
vt 0.417065 0.329843
vt 0.426503 0.344148
vt 0.449636 0.330577
vt 0.458951 0.340271
vt 0.475422 0.326647
vt 0.468636 0.319626
vt 0.483750 0.332725
vt 0.470425 0.348654
vt 0.493250 0.337441
vt 0.438964 0.357090
vt 0.390600 0.365212
vt 0.374006 0.346663
vt 0.269752 0.684865
vt 0.244181 0.659972
vt 0.217522 0.635079
vt 0.194944 0.610186
vt 0.173635 0.585017
vt 0.161031 0.559479
vt 0.117960 0.533203
vt 0.096651 0.506927
vt 0.080692 0.481389
vt 0.059383 0.456220
vt 0.043605 0.431327
vt 0.015042 0.406434
vt 0.507237 0.656915
vt 0.495397 0.647727
vt 0.479826 0.657864
vt 0.467956 0.669779
vt 0.459420 0.673988
vt 0.452996 0.701079
vt 0.448743 0.707541
vt 0.446724 0.719515
vt 0.444919 0.726510
vt 0.449600 0.744353
vt 0.450732 0.742575
vt 0.577947 0.304063
vt 0.574308 0.312604
vt 0.595097 0.320831
vt 0.610519 0.345668
vt 0.628038 0.385071
vt 0.609038 0.402415
vt 0.244181 0.913602
vt 0.269752 0.938679
vt 0.217522 0.888617
vt 0.194944 0.863816
vt 0.173635 0.838923
s 1
g off
g LowTire.001_Tire
usemtl Tire
f 2/1/1 1/2/2 5/3/3
f 1/2/2 2/1/1 6/4/4
f 4/5/5 1/2/2 3/6/6
f 1/2/2 6/4/4 3/6/6
f 1/2/2 4/5/5 7/7/7
f 1/2/2 7/7/7 5/3/3
f 7/7/7 8/8/8 10/9/9
f 4/5/5 8/8/8 7/7/7
f 5/3/3 7/7/7 9/10/10
f 7/7/7 10/9/9 9/10/10
f 8/8/8 11/11/11 10/9/9
f 10/9/9 11/11/11 13/12/12
f 9/10/10 10/9/9 12/13/13
f 10/9/9 13/12/12 12/13/13
f 11/11/11 14/14/14 13/12/12
f 13/12/12 14/14/14 16/15/15
f 12/13/13 13/12/12 15/16/16
f 13/12/12 16/15/15 15/16/16
f 16/15/15 17/17/17 19/18/18
f 14/14/14 17/17/17 16/15/15
f 15/16/16 16/15/15 18/19/19
f 16/15/15 19/18/18 18/19/19
f 17/17/17 20/20/20 19/18/18
f 19/21/18 20/22/20 22/23/21
f 18/24/19 19/21/18 21/25/22
f 19/21/18 22/23/21 21/25/22
f 21/25/22 22/23/21 23/26/23
f 22/23/21 25/27/24 23/26/23
f 20/22/20 24/28/25 22/23/21
f 22/23/21 24/28/25 25/27/24
f 25/27/24 26/29/26 28/30/27
f 24/28/25 26/29/26 25/27/24
f 23/26/23 25/27/24 27/31/28
f 25/27/24 28/30/27 27/31/28
f 26/29/26 29/32/29 28/30/27
f 28/30/27 29/32/29 31/33/30
f 27/31/28 28/30/27 30/34/31
f 28/30/27 31/33/30 30/34/31
f 31/33/30 32/35/32 34/36/33
f 29/32/29 32/35/32 31/33/30
f 30/34/31 31/33/30 33/37/34
f 31/33/30 34/36/33 33/37/34
f 32/35/32 35/38/35 34/36/33
f 34/36/33 35/38/35 37/39/36
f 33/37/34 34/36/33 36/40/37
f 34/36/33 37/39/36 36/40/37
f 35/38/35 38/41/38 37/39/36
f 37/39/36 38/41/38 40/42/39
f 36/40/37 37/39/36 39/43/40
f 37/39/36 40/42/39 39/43/40
f 40/42/39 41/44/41 43/45/42
f 38/41/38 41/44/41 40/42/39
f 39/43/40 40/42/39 42/46/43
f 40/42/39 43/45/42 42/46/43
f 41/44/41 44/47/44 43/45/42
f 43/45/42 44/47/44 46/48/45
f 42/46/43 43/45/42 45/49/46
f 43/45/42 46/48/45 45/49/46
f 46/48/45 47/50/47 45/49/46
f 48/51/48 47/50/47 46/48/45
f 44/47/44 48/51/48 46/48/45
f 44/47/44 49/52/49 48/51/48
f 49/52/49 50/53/50 48/51/48
f 50/53/50 47/50/47 48/51/48
f 49/52/49 51/54/51 50/53/50
f 51/54/51 52/55/52 50/53/50
f 52/55/52 47/50/47 50/53/50
f 51/54/51 53/56/53 52/55/52
f 53/56/53 54/57/54 52/55/52
f 54/57/54 47/50/47 52/55/52
f 53/56/53 55/58/55 54/57/54
f 55/58/55 56/59/56 54/57/54
f 56/59/56 47/50/47 54/57/54
f 57/60/57 47/50/47 56/59/56
f 58/61/58 57/60/57 56/59/56
f 55/58/55 58/61/58 56/59/56
f 61/62/59 59/63/60 58/61/58
f 59/63/60 60/64/61 58/61/58
f 58/61/58 60/64/61 57/60/57
f 61/62/59 58/61/58 55/58/55
f 64/65/62 62/66/63 61/62/59
f 62/66/63 59/63/60 61/62/59
f 63/67/64 61/62/59 55/58/55
f 64/65/62 61/62/59 63/67/64
f 66/68/65 62/66/63 64/65/62
f 65/69/66 64/65/62 63/67/64
f 67/70/67 64/65/62 65/69/66
f 67/70/67 66/68/65 64/65/62
f 70/71/68 68/72/69 67/70/67
f 68/72/69 66/68/65 67/70/67
f 69/73/70 67/70/67 65/69/66
f 70/71/68 67/70/67 69/73/70
f 72/74/71 68/72/69 70/71/68
f 71/75/72 70/71/68 69/73/70
f 73/76/73 70/71/68 71/75/72
f 73/76/73 72/74/71 70/71/68
f 74/77/74 73/76/73 71/75/72
f 76/78/75 73/76/73 74/77/74
f 76/78/75 75/79/76 73/76/73
f 75/79/76 72/74/71 73/76/73
f 79/80/77 77/81/78 76/78/75
f 77/81/78 75/79/76 76/78/75
f 78/82/79 76/78/75 74/77/74
f 79/80/77 76/78/75 78/82/79
f 81/83/80 77/81/78 79/80/77
f 80/84/81 79/80/77 78/82/79
f 82/85/82 79/80/77 80/84/81
f 82/85/82 81/83/80 79/80/77
f 85/86/83 83/87/84 82/88/82
f 83/87/84 81/89/80 82/88/82
f 84/90/85 82/85/82 80/84/81
f 85/86/83 82/88/82 84/91/85
f 88/92/86 86/93/87 85/86/83
f 86/93/87 83/87/84 85/86/83
f 87/94/88 85/86/83 84/91/85
f 88/92/86 85/86/83 87/94/88
f 90/95/89 86/93/87 88/92/86
f 89/96/90 88/92/86 87/94/88
f 91/97/91 88/92/86 89/96/90
f 91/97/91 90/95/89 88/92/86
f 94/98/92 92/99/93 91/97/91
f 92/99/93 90/95/89 91/97/91
f 93/100/94 91/97/91 89/96/90
f 94/98/92 91/97/91 93/100/94
f 96/101/95 92/99/93 94/98/92
f 95/102/96 94/98/92 93/100/94
f 97/103/97 94/98/92 95/102/96
f 97/103/97 96/101/95 94/98/92
f 98/104/98 97/103/97 95/102/96
f 97/103/97 98/104/98 100/105/99
f 96/101/95 97/103/97 99/106/100
f 97/103/97 100/105/99 99/106/100
f 100/105/99 101/107/101 103/108/102
f 98/104/98 101/107/101 100/105/99
f 99/106/100 100/105/99 102/109/103
f 100/105/99 103/108/102 102/109/103
f 101/107/101 104/110/104 103/108/102
f 103/108/102 104/110/104 106/111/105
f 102/109/103 103/108/102 105/112/106
f 103/108/102 106/111/105 105/112/106
f 104/110/104 107/113/107 106/111/105
f 106/111/105 107/113/107 109/114/108
f 105/112/106 106/111/105 108/115/109
f 106/111/105 109/114/108 108/115/109
f 109/114/108 110/116/110 112/117/111
f 107/113/107 110/116/110 109/114/108
f 108/115/109 109/114/108 111/118/112
f 109/114/108 112/117/111 111/118/112
f 110/116/110 113/119/113 112/117/111
f 112/117/111 113/119/113 115/120/114
f 111/118/112 112/117/111 114/121/115
f 112/117/111 115/120/114 114/121/115
f 114/122/115 115/123/114 116/124/116
f 115/123/114 118/125/117 116/124/116
f 113/119/113 117/126/118 115/120/114
f 115/123/114 117/127/118 118/125/117
f 116/124/116 118/125/117 119/128/119
f 118/125/117 121/129/120 119/128/119
f 118/125/117 120/130/121 121/129/120
f 117/127/118 120/130/121 118/125/117
f 121/129/120 122/131/122 124/132/123
f 120/130/121 122/131/122 121/129/120
f 119/128/119 121/129/120 123/133/124
f 121/129/120 124/132/123 123/133/124
f 122/131/122 125/134/125 124/132/123
f 124/132/123 125/134/125 127/135/126
f 123/133/124 124/132/123 126/136/127
f 124/132/123 127/135/126 126/136/127
f 127/135/126 128/137/128 126/136/127
f 129/138/129 128/137/128 127/135/126
f 125/134/125 129/138/129 127/135/126
f 125/134/125 130/139/130 129/138/129
f 130/139/130 131/140/131 129/138/129
f 131/140/131 128/137/128 129/138/129
f 130/139/130 132/141/132 131/140/131
f 132/141/132 133/142/133 131/140/131
f 133/142/133 128/137/128 131/140/131
f 132/141/132 134/143/134 133/142/133
f 134/143/134 135/144/135 133/142/133
f 135/144/135 128/137/128 133/142/133
f 134/143/134 136/145/136 135/144/135
f 136/145/136 137/146/137 135/144/135
f 137/146/137 128/137/128 135/144/135
f 138/147/138 128/137/128 137/146/137
f 139/148/139 138/147/138 137/146/137
f 136/145/136 139/148/139 137/146/137
f 142/149/140 140/150/141 139/148/139
f 140/150/141 141/151/142 139/148/139
f 139/148/139 141/151/142 138/147/138
f 142/149/140 139/148/139 136/145/136
f 145/152/143 143/153/144 142/149/140
f 143/153/144 140/150/141 142/149/140
f 144/154/145 142/149/140 136/145/136
f 145/152/143 142/149/140 144/154/145
f 147/155/146 143/156/144 145/157/143
f 146/158/147 145/152/143 144/154/145
f 148/159/148 145/152/143 146/158/147
f 148/159/148 147/160/146 145/152/143
f 151/161/149 149/162/150 148/163/148
f 149/162/150 147/164/146 148/163/148
f 150/165/151 148/159/148 146/158/147
f 151/161/149 148/163/148 150/166/151
f 153/167/152 149/162/150 151/161/149
f 152/168/153 151/161/149 150/166/151
f 154/169/154 151/161/149 152/168/153
f 154/169/154 153/167/152 151/161/149
f 155/170/155 154/169/154 152/168/153
f 157/171/156 154/169/154 155/170/155
f 157/171/156 156/172/157 154/169/154
f 156/172/157 153/167/152 154/169/154
f 160/173/158 158/174/159 157/171/156
f 158/174/159 156/172/157 157/171/156
f 159/175/160 157/171/156 155/170/155
f 160/173/158 157/171/156 159/175/160
f 161/176/161 158/174/159 160/173/158
f 162/177/162 160/173/158 159/175/160
f 6/4/4 161/176/161 160/173/158
f 6/4/4 160/173/158 162/177/162
f 3/6/6 6/4/4 162/177/162
f 164/178/163 162/177/162 163/179/164
f 162/177/162 159/175/160 163/179/164
f 3/6/6 162/177/162 164/178/163
f 165/180/165 164/178/163 166/181/166
f 167/182/167 164/178/163 165/180/165
f 164/178/163 163/179/164 166/181/166
f 167/182/167 3/6/6 164/178/163
f 4/5/5 3/6/6 167/182/167
f 169/183/168 4/5/5 167/182/167
f 168/184/169 167/182/167 165/180/165
f 169/183/168 167/182/167 168/184/169
f 4/5/5 169/183/168 8/8/8
f 170/185/170 169/183/168 168/184/169
f 169/183/168 170/185/170 171/186/171
f 169/183/168 171/186/171 8/8/8
f 171/186/171 172/187/172 173/188/173
f 170/185/170 172/187/172 171/186/171
f 8/8/8 171/186/171 11/11/11
f 171/186/171 173/188/173 11/11/11
f 173/188/173 174/189/174 175/190/175
f 172/187/172 174/189/174 173/188/173
f 11/11/11 173/188/173 14/14/14
f 173/188/173 175/190/175 14/14/14
f 174/189/174 176/191/176 175/190/175
f 175/190/175 176/191/176 177/192/177
f 14/14/14 175/190/175 17/17/17
f 175/190/175 177/192/177 17/17/17
f 17/17/17 177/192/177 20/20/20
f 177/192/177 179/193/178 20/20/20
f 176/191/176 178/194/179 177/192/177
f 177/192/177 178/194/179 179/193/178
f 179/195/178 180/196/180 181/197/181
f 178/194/179 180/198/180 179/193/178
f 20/22/20 179/195/178 24/28/25
f 179/195/178 181/197/181 24/28/25
f 180/196/180 182/199/182 181/197/181
f 181/197/181 182/199/182 183/200/183
f 24/28/25 181/197/181 26/29/26
f 181/197/181 183/200/183 26/29/26
f 183/200/183 184/201/184 185/202/185
f 182/199/182 184/201/184 183/200/183
f 26/29/26 183/200/183 29/32/29
f 183/200/183 185/202/185 29/32/29
f 184/201/184 186/203/186 185/202/185
f 185/202/185 186/203/186 187/204/187
f 29/32/29 185/202/185 32/35/32
f 185/202/185 187/204/187 32/35/32
f 186/203/186 188/205/188 187/204/187
f 187/204/187 188/205/188 189/206/189
f 32/35/32 187/204/187 35/38/35
f 187/204/187 189/206/189 35/38/35
f 189/206/189 190/207/190 191/208/191
f 188/205/188 190/207/190 189/206/189
f 35/38/35 189/206/189 38/41/38
f 189/206/189 191/208/191 38/41/38
f 190/207/190 192/209/192 191/208/191
f 191/208/191 192/209/192 193/210/193
f 38/41/38 191/208/191 41/44/41
f 191/208/191 193/210/193 41/44/41
f 41/44/41 193/210/193 44/47/44
f 193/210/193 49/52/49 44/47/44
f 192/209/192 194/211/194 193/210/193
f 193/210/193 194/211/194 49/52/49
f 192/209/192 195/212/195 194/211/194
f 195/212/195 196/213/196 194/211/194
f 194/211/194 196/213/196 51/54/51
f 194/211/194 51/54/51 49/52/49
f 195/212/195 65/69/66 196/213/196
f 65/69/66 63/67/64 196/213/196
f 196/213/196 63/67/64 53/56/53
f 196/213/196 53/56/53 51/54/51
f 69/73/70 65/69/66 195/212/195
f 197/214/197 195/212/195 192/209/192
f 197/214/197 69/73/70 195/212/195
f 190/207/190 197/214/197 192/209/192
f 198/215/198 197/214/197 190/207/190
f 198/215/198 71/75/72 197/214/197
f 71/75/72 69/73/70 197/214/197
f 199/216/199 74/77/74 198/215/198
f 74/77/74 71/75/72 198/215/198
f 188/205/188 198/215/198 190/207/190
f 199/216/199 198/215/198 188/205/188
f 78/82/79 74/77/74 199/216/199
f 186/203/186 199/216/199 188/205/188
f 200/217/200 199/216/199 186/203/186
f 200/217/200 78/82/79 199/216/199
f 201/218/201 80/84/81 200/217/200
f 80/84/81 78/82/79 200/217/200
f 184/201/184 200/217/200 186/203/186
f 201/218/201 200/217/200 184/201/184
f 202/219/202 84/90/85 201/218/201
f 84/90/85 80/84/81 201/218/201
f 182/199/182 201/218/201 184/201/184
f 202/219/202 201/218/201 182/199/182
f 87/94/88 84/91/85 202/220/202
f 180/196/180 202/219/202 182/199/182
f 203/221/203 202/220/202 180/198/180
f 203/221/203 87/94/88 202/220/202
f 204/222/204 89/96/90 203/221/203
f 89/96/90 87/94/88 203/221/203
f 178/194/179 203/221/203 180/198/180
f 204/222/204 203/221/203 178/194/179
f 93/100/94 89/96/90 204/222/204
f 176/191/176 204/222/204 178/194/179
f 205/223/205 204/222/204 176/191/176
f 205/223/205 93/100/94 204/222/204
f 174/189/174 205/223/205 176/191/176
f 206/224/206 205/223/205 174/189/174
f 206/224/206 95/102/96 205/223/205
f 95/102/96 93/100/94 205/223/205
f 207/225/207 98/104/98 206/224/206
f 98/104/98 95/102/96 206/224/206
f 172/187/172 206/224/206 174/189/174
f 207/225/207 206/224/206 172/187/172
f 98/104/98 207/225/207 101/107/101
f 207/225/207 208/226/208 101/107/101
f 170/185/170 207/225/207 172/187/172
f 207/225/207 170/185/170 208/226/208
f 208/226/208 168/184/169 209/227/209
f 170/185/170 168/184/169 208/226/208
f 101/107/101 208/226/208 104/110/104
f 208/226/208 209/227/209 104/110/104
f 209/227/209 165/180/165 210/228/210
f 168/184/169 165/180/165 209/227/209
f 104/110/104 209/227/209 107/113/107
f 209/227/209 210/228/210 107/113/107
f 165/180/165 166/181/166 210/228/210
f 210/228/210 166/181/166 211/229/211
f 107/113/107 210/228/210 110/116/110
f 210/228/210 211/229/211 110/116/110
f 110/116/110 211/229/211 113/119/113
f 211/229/211 213/230/212 113/119/113
f 166/181/166 212/231/213 211/229/211
f 211/229/211 212/231/213 213/230/212
f 213/230/212 214/232/214 215/233/215
f 212/231/213 214/232/214 213/230/212
f 113/119/113 213/230/212 117/126/118
f 213/230/212 215/233/215 117/126/118
f 215/234/215 216/235/216 217/236/217
f 214/232/214 216/237/216 215/233/215
f 117/127/118 215/234/215 120/130/121
f 215/234/215 217/236/217 120/130/121
f 216/235/216 218/238/218 217/236/217
f 217/236/217 218/238/218 219/239/219
f 120/130/121 217/236/217 122/131/122
f 217/236/217 219/239/219 122/131/122
f 122/131/122 219/239/219 125/134/125
f 219/239/219 130/139/130 125/134/125
f 218/238/218 220/240/220 219/239/219
f 219/239/219 220/240/220 130/139/130
f 218/238/218 221/241/221 220/240/220
f 221/241/221 222/242/222 220/240/220
f 220/240/220 222/242/222 132/141/132
f 220/240/220 132/141/132 130/139/130
f 221/241/221 146/158/147 222/242/222
f 146/158/147 144/154/145 222/242/222
f 222/242/222 144/154/145 134/143/134
f 222/242/222 134/143/134 132/141/132
f 150/165/151 146/158/147 221/241/221
f 223/243/223 221/241/221 218/238/218
f 223/243/223 150/165/151 221/241/221
f 216/235/216 223/243/223 218/238/218
f 224/244/224 223/245/223 216/237/216
f 224/244/224 152/168/153 223/245/223
f 152/168/153 150/166/151 223/245/223
f 225/246/225 155/170/155 224/244/224
f 155/170/155 152/168/153 224/244/224
f 214/232/214 224/244/224 216/237/216
f 225/246/225 224/244/224 214/232/214
f 159/175/160 155/170/155 225/246/225
f 212/231/213 225/246/225 214/232/214
f 163/179/164 159/175/160 225/246/225
f 163/179/164 225/246/225 212/231/213
f 166/181/166 163/179/164 212/231/213
f 2/1/1 161/176/161 6/4/4
f 161/176/161 226/247/226 158/174/159
f 227/248/227 226/247/226 161/176/161
f 2/1/1 227/248/227 161/176/161
f 228/249/228 227/248/227 229/250/229
f 227/248/227 228/249/228 226/247/226
f 227/248/227 230/251/230 229/250/229
f 227/248/227 2/1/1 230/251/230
f 230/251/230 5/3/3 232/252/231
f 2/1/1 5/3/3 230/251/230
f 229/250/229 230/251/230 231/253/232
f 230/251/230 232/252/231 231/253/232
f 231/253/232 232/252/231 233/254/233
f 232/252/231 9/10/10 234/255/234
f 5/3/3 9/10/10 232/252/231
f 232/252/231 234/255/234 233/254/233
f 234/255/234 12/13/13 236/256/235
f 9/10/10 12/13/13 234/255/234
f 233/254/233 234/255/234 235/257/236
f 234/255/234 236/256/235 235/257/236
f 12/13/13 15/16/16 236/256/235
f 236/256/235 15/16/16 238/258/237
f 235/257/236 236/256/235 237/259/238
f 236/256/235 238/258/237 237/259/238
f 15/16/16 18/19/19 238/258/237
f 238/260/237 18/24/19 240/261/239
f 237/262/238 238/260/237 239/263/240
f 238/260/237 240/261/239 239/263/240
f 240/261/239 21/25/22 242/264/241
f 18/24/19 21/25/22 240/261/239
f 239/263/240 240/261/239 241/265/242
f 240/261/239 242/264/241 241/265/242
f 21/25/22 23/26/23 242/264/241
f 242/264/241 23/26/23 244/266/243
f 241/265/242 242/264/241 243/267/244
f 242/264/241 244/266/243 243/267/244
f 243/267/244 244/266/243 245/268/245
f 244/266/243 246/269/246 245/268/245
f 23/26/23 27/31/28 244/266/243
f 244/266/243 27/31/28 246/269/246
f 246/269/246 30/34/31 248/270/247
f 27/31/28 30/34/31 246/269/246
f 245/268/245 246/269/246 247/271/248
f 246/269/246 248/270/247 247/271/248
f 30/34/31 33/37/34 248/270/247
f 248/270/247 33/37/34 250/272/249
f 247/271/248 248/270/247 249/273/250
f 248/270/247 250/272/249 249/273/250
f 250/272/249 36/40/37 252/274/251
f 33/37/34 36/40/37 250/272/249
f 249/273/250 250/272/249 251/275/252
f 250/272/249 252/274/251 251/275/252
f 36/40/37 39/43/40 252/274/251
f 252/274/251 39/43/40 254/276/253
f 251/275/252 252/274/251 253/277/254
f 252/274/251 254/276/253 253/277/254
f 39/43/40 42/46/43 254/276/253
f 254/276/253 42/46/43 256/278/255
f 253/277/254 254/276/253 255/279/256
f 254/276/253 256/278/255 255/279/256
f 45/49/46 47/50/47 256/278/255
f 42/46/43 45/49/46 256/278/255
f 256/278/255 47/50/47 255/279/256
f 255/279/256 47/50/47 257/280/257
f 253/277/254 255/279/256 257/280/257
f 259/281/258 253/277/254 257/280/257
f 257/280/257 47/50/47 258/282/259
f 259/281/258 257/280/257 258/282/259
f 251/275/252 253/277/254 259/281/258
f 260/283/260 259/281/258 258/282/259
f 261/284/261 259/281/258 260/283/260
f 261/284/261 251/275/252 259/281/258
f 263/285/262 249/273/250 261/284/261
f 249/273/250 251/275/252 261/284/261
f 262/286/263 261/284/261 260/283/260
f 263/285/262 261/284/261 262/286/263
f 247/271/248 249/273/250 263/285/262
f 264/287/264 263/285/262 262/286/263
f 265/288/265 263/285/262 264/287/264
f 265/288/265 247/271/248 263/285/262
f 266/289/266 265/288/265 264/287/264
f 267/290/267 265/288/265 266/289/266
f 267/290/267 245/268/245 265/288/265
f 245/268/245 247/271/248 265/288/265
f 269/291/268 243/267/244 267/290/267
f 243/267/244 245/268/245 267/290/267
f 268/292/269 267/290/267 266/289/266
f 269/291/268 267/290/267 268/292/269
f 241/265/242 243/267/244 269/291/268
f 270/293/270 269/291/268 268/292/269
f 271/294/271 269/291/268 270/293/270
f 271/294/271 241/265/242 269/291/268
f 273/295/272 239/263/240 271/294/271
f 239/263/240 241/265/242 271/294/271
f 272/296/273 271/294/271 270/293/270
f 273/295/272 271/294/271 272/296/273
f 275/297/274 237/262/238 273/295/272
f 237/262/238 239/263/240 273/295/272
f 274/298/275 273/295/272 272/296/273
f 275/297/274 273/295/272 274/298/275
f 235/257/236 237/259/238 275/299/274
f 276/300/276 275/297/274 274/298/275
f 277/301/277 235/257/236 275/299/274
f 277/301/277 275/299/274 276/302/276
f 278/303/278 277/301/277 276/302/276
f 279/304/279 277/301/277 278/303/278
f 233/254/233 235/257/236 277/301/277
f 279/304/279 233/254/233 277/301/277
f 281/305/280 231/253/232 279/304/279
f 231/253/232 233/254/233 279/304/279
f 280/306/281 279/304/279 278/303/278
f 281/305/280 279/304/279 280/306/281
f 283/307/282 229/250/229 281/305/280
f 229/250/229 231/253/232 281/305/280
f 282/308/283 281/305/280 280/306/281
f 283/307/282 281/305/280 282/308/283
f 228/249/228 229/250/229 283/307/282
f 284/309/284 283/307/282 282/308/283
f 285/310/285 283/307/282 284/309/284
f 285/310/285 228/249/228 283/307/282
f 228/249/228 285/310/285 286/311/286
f 285/310/285 288/312/287 286/311/286
f 287/313/288 285/310/285 284/309/284
f 285/310/285 287/313/288 288/312/287
f 288/312/287 289/314/289 291/315/290
f 287/313/288 289/314/289 288/312/287
f 286/311/286 288/312/287 290/316/291
f 288/312/287 291/315/290 290/316/291
f 289/314/289 292/317/292 291/315/290
f 291/315/290 292/317/292 294/318/293
f 290/316/291 291/315/290 293/319/294
f 291/315/290 294/318/293 293/319/294
f 294/318/293 295/320/295 297/321/296
f 292/317/292 295/320/295 294/318/293
f 293/319/294 294/318/293 296/322/297
f 294/318/293 297/321/296 296/322/297
f 295/320/295 298/323/298 297/321/296
f 297/321/296 298/323/298 300/324/299
f 296/322/297 297/321/296 299/325/300
f 297/321/296 300/324/299 299/325/300
f 298/323/298 301/326/301 300/324/299
f 300/324/299 301/326/301 303/327/302
f 299/325/300 300/324/299 302/328/303
f 300/324/299 303/327/302 302/328/303
f 303/329/302 304/330/304 306/331/305
f 301/332/301 304/333/304 303/334/302
f 302/335/303 303/329/302 305/336/306
f 303/329/302 306/331/305 305/336/306
f 304/330/304 307/337/307 306/331/305
f 306/331/305 307/337/307 309/338/308
f 305/336/306 306/331/305 308/339/309
f 306/331/305 309/338/308 308/339/309
f 308/339/309 309/338/308 310/340/310
f 309/338/308 312/341/311 310/340/310
f 307/337/307 311/342/312 309/338/308
f 309/338/308 311/342/312 312/341/311
f 312/341/311 313/343/313 315/344/314
f 311/342/312 313/343/313 312/341/311
f 310/340/310 312/341/311 314/345/315
f 312/341/311 315/344/314 314/345/315
f 313/343/313 316/346/316 315/344/314
f 316/346/316 128/137/128 315/344/314
f 315/344/314 128/137/128 314/345/315
f 313/343/313 317/347/317 316/346/316
f 317/347/317 318/348/318 316/346/316
f 318/348/318 128/137/128 316/346/316
f 317/347/317 319/349/319 318/348/318
f 319/349/319 320/350/320 318/348/318
f 320/350/320 128/137/128 318/348/318
f 321/351/321 128/137/128 320/350/320
f 322/352/322 321/351/321 320/350/320
f 319/349/319 322/352/322 320/350/320
f 325/353/323 323/354/324 322/352/322
f 323/354/324 324/355/325 322/352/322
f 322/352/322 324/355/325 321/351/321
f 325/353/323 322/352/322 319/349/319
f 328/356/326 326/357/327 325/353/323
f 326/357/327 323/354/324 325/353/323
f 327/358/328 325/353/323 319/349/319
f 328/356/326 325/353/323 327/358/328
f 330/359/329 326/357/327 328/356/326
f 329/360/330 328/356/326 327/358/328
f 331/361/331 328/356/326 329/360/330
f 331/361/331 330/359/329 328/356/326
f 334/362/332 332/363/333 331/364/331
f 332/363/333 330/365/329 331/364/331
f 333/366/334 331/361/331 329/360/330
f 334/362/332 331/364/331 333/367/334
f 336/368/335 332/363/333 334/362/332
f 335/369/336 334/362/332 333/367/334
f 337/370/337 334/362/332 335/369/336
f 337/370/337 336/368/335 334/362/332
f 338/371/338 337/370/337 335/369/336
f 340/372/339 337/370/337 338/371/338
f 340/372/339 339/373/340 337/370/337
f 339/373/340 336/368/335 337/370/337
f 343/374/341 341/375/342 340/372/339
f 341/375/342 339/373/340 340/372/339
f 342/376/343 340/372/339 338/371/338
f 343/374/341 340/372/339 342/376/343
f 345/377/344 341/375/342 343/374/341
f 344/378/345 343/379/341 342/380/343
f 346/381/346 343/379/341 344/378/345
f 346/381/346 345/382/344 343/379/341
f 347/383/347 345/382/344 346/381/346
f 349/384/348 347/383/347 346/381/346
f 348/385/349 346/381/346 344/378/345
f 349/384/348 346/381/346 348/385/349
f 350/386/350 349/384/348 348/385/349
f 349/384/348 350/386/350 352/387/351
f 347/383/347 349/384/348 351/388/352
f 349/384/348 352/387/351 351/388/352
f 350/386/350 353/389/353 352/387/351
f 352/387/351 353/389/353 355/390/354
f 351/388/352 352/387/351 354/391/355
f 352/387/351 355/390/354 354/391/355
f 354/391/355 355/390/354 356/392/356
f 355/390/354 358/393/357 356/392/356
f 353/389/353 357/394/358 355/390/354
f 355/390/354 357/394/358 358/393/357
f 358/393/357 359/395/359 361/396/360
f 357/394/358 359/395/359 358/393/357
f 356/392/356 358/393/357 360/397/361
f 358/393/357 361/396/360 360/397/361
f 359/395/359 362/398/362 361/396/360
f 361/396/360 362/398/362 364/399/363
f 360/397/361 361/396/360 363/400/364
f 361/396/360 364/399/363 363/400/364
f 364/401/363 365/402/365 367/403/366
f 362/398/362 365/404/365 364/399/363
f 363/405/364 364/401/363 366/406/367
f 364/401/363 367/403/366 366/406/367
f 365/402/365 368/407/368 367/403/366
f 367/403/366 368/407/368 370/408/369
f 366/406/367 367/403/366 369/409/370
f 367/403/366 370/408/369 369/409/370
f 368/407/368 371/410/371 370/408/369
f 370/408/369 371/410/371 373/411/372
f 369/409/370 370/408/369 372/412/373
f 370/408/369 373/411/372 372/412/373
f 372/412/373 373/411/372 374/413/374
f 373/411/372 376/414/375 374/413/374
f 373/411/372 375/415/376 376/414/375
f 371/410/371 375/415/376 373/411/372
f 376/414/375 377/416/377 379/417/378
f 375/415/376 377/416/377 376/414/375
f 374/413/374 376/414/375 378/418/379
f 376/414/375 379/417/378 378/418/379
f 377/416/377 380/419/380 379/417/378
f 379/417/378 380/419/380 382/420/381
f 378/418/379 379/417/378 381/421/382
f 379/417/378 382/420/381 381/421/382
f 380/419/380 383/422/383 382/420/381
f 382/420/381 383/422/383 385/423/384
f 381/421/382 382/420/381 384/424/385
f 382/420/381 385/423/384 384/424/385
f 385/423/384 386/425/386 388/426/387
f 383/422/383 386/425/386 385/423/384
f 384/424/385 385/423/384 387/427/388
f 385/423/384 388/426/387 387/427/388
f 386/425/386 389/428/389 388/426/387
f 388/426/387 389/428/389 391/429/390
f 387/427/388 388/426/387 390/430/391
f 388/426/387 391/429/390 390/430/391
f 391/429/390 47/50/47 390/430/391
f 392/431/392 47/50/47 391/429/390
f 389/428/389 392/431/392 391/429/390
f 389/428/389 393/432/393 392/431/392
f 393/432/393 394/433/394 392/431/392
f 394/433/394 47/50/47 392/431/392
f 393/432/393 260/283/260 394/433/394
f 260/283/260 258/282/259 394/433/394
f 258/282/259 47/50/47 394/433/394
f 262/286/263 260/283/260 393/432/393
f 395/434/395 393/432/393 389/428/389
f 395/434/395 262/286/263 393/432/393
f 386/425/386 395/434/395 389/428/389
f 396/435/396 395/434/395 386/425/386
f 396/435/396 264/287/264 395/434/395
f 264/287/264 262/286/263 395/434/395
f 397/436/397 266/289/266 396/435/396
f 266/289/266 264/287/264 396/435/396
f 383/422/383 396/435/396 386/425/386
f 397/436/397 396/435/396 383/422/383
f 268/292/269 266/289/266 397/436/397
f 380/419/380 397/436/397 383/422/383
f 398/437/398 397/436/397 380/419/380
f 398/437/398 268/292/269 397/436/397
f 399/438/399 270/293/270 398/437/398
f 270/293/270 268/292/269 398/437/398
f 377/416/377 398/437/398 380/419/380
f 399/438/399 398/437/398 377/416/377
f 400/439/400 272/296/273 399/438/399
f 272/296/273 270/293/270 399/438/399
f 375/415/376 399/438/399 377/416/377
f 400/439/400 399/438/399 375/415/376
f 274/298/275 272/296/273 400/439/400
f 371/410/371 400/439/400 375/415/376
f 401/440/401 274/298/275 400/439/400
f 401/440/401 400/439/400 371/410/371
f 368/407/368 401/440/401 371/410/371
f 402/441/402 401/440/401 368/407/368
f 276/300/276 274/298/275 401/440/401
f 402/441/402 276/300/276 401/440/401
f 403/442/403 278/303/278 402/443/402
f 278/303/278 276/302/276 402/443/402
f 365/402/365 402/441/402 368/407/368
f 403/442/403 402/443/402 365/404/365
f 404/444/404 280/306/281 403/442/403
f 280/306/281 278/303/278 403/442/403
f 362/398/362 403/442/403 365/404/365
f 404/444/404 403/442/403 362/398/362
f 282/308/283 280/306/281 404/444/404
f 359/395/359 404/444/404 362/398/362
f 405/445/405 404/444/404 359/395/359
f 405/445/405 282/308/283 404/444/404
f 406/446/406 284/309/284 405/445/405
f 284/309/284 282/308/283 405/445/405
f 357/394/358 405/445/405 359/395/359
f 406/446/406 405/445/405 357/394/358
f 287/313/288 284/309/284 406/446/406
f 353/389/353 406/446/406 357/394/358
f 407/447/407 406/446/406 353/389/353
f 407/447/407 287/313/288 406/446/406
f 350/386/350 407/447/407 353/389/353
f 407/447/407 350/386/350 408/448/408
f 287/313/288 407/447/407 289/314/289
f 407/447/407 408/448/408 289/314/289
f 408/448/408 348/385/349 409/449/409
f 350/386/350 348/385/349 408/448/408
f 289/314/289 408/448/408 292/317/292
f 408/448/408 409/449/409 292/317/292
f 348/385/349 344/378/345 409/449/409
f 409/449/409 344/378/345 410/450/410
f 292/317/292 409/449/409 295/320/295
f 409/449/409 410/450/410 295/320/295
f 344/378/345 342/380/343 410/450/410
f 410/450/410 342/380/343 411/451/411
f 295/320/295 410/450/410 298/323/298
f 410/450/410 411/451/411 298/323/298
f 411/452/411 338/371/338 412/453/412
f 342/376/343 338/371/338 411/452/411
f 298/323/298 411/451/411 301/326/301
f 411/452/411 412/453/412 301/332/301
f 338/371/338 335/369/336 412/453/412
f 412/453/412 335/369/336 413/454/413
f 301/332/301 412/453/412 304/333/304
f 412/453/412 413/454/413 304/333/304
f 304/330/304 413/455/413 307/337/307
f 413/455/413 414/456/414 307/337/307
f 335/369/336 333/367/334 413/454/413
f 413/455/413 333/366/334 414/456/414
f 414/456/414 329/360/330 415/457/415
f 333/366/334 329/360/330 414/456/414
f 307/337/307 414/456/414 311/342/312
f 414/456/414 415/457/415 311/342/312
f 329/360/330 327/358/328 415/457/415
f 415/457/415 327/358/328 317/347/317
f 311/342/312 415/457/415 313/343/313
f 415/457/415 317/347/317 313/343/313
f 390/430/391 47/50/47 416/458/416
f 387/427/388 390/430/391 416/458/416
f 416/458/416 47/50/47 417/459/417
f 418/460/418 416/458/416 417/459/417
f 418/460/418 387/427/388 416/458/416
f 420/461/419 384/424/385 418/460/418
f 384/424/385 387/427/388 418/460/418
f 419/462/420 418/460/418 417/459/417
f 420/461/419 418/460/418 419/462/420
f 422/463/421 381/421/382 420/461/419
f 381/421/382 384/424/385 420/461/419
f 421/464/422 420/461/419 419/462/420
f 422/463/421 420/461/419 421/464/422
f 378/418/379 381/421/382 422/463/421
f 423/465/423 422/463/421 421/464/422
f 424/466/424 378/418/379 422/463/421
f 424/466/424 422/463/421 423/465/423
f 425/467/425 424/466/424 423/465/423
f 426/468/426 424/466/424 425/467/425
f 374/413/374 378/418/379 424/466/424
f 426/468/426 374/413/374 424/466/424
f 428/469/427 372/412/373 426/468/426
f 372/412/373 374/413/374 426/468/426
f 427/470/428 426/468/426 425/467/425
f 428/469/427 426/468/426 427/470/428
f 430/471/429 369/409/370 428/469/427
f 369/409/370 372/412/373 428/469/427
f 429/472/430 428/469/427 427/470/428
f 430/471/429 428/469/427 429/472/430
f 366/406/367 369/409/370 430/471/429
f 431/473/431 430/471/429 429/472/430
f 432/474/432 430/471/429 431/473/431
f 432/474/432 366/406/367 430/471/429
f 434/475/433 363/405/364 432/474/432
f 363/405/364 366/406/367 432/474/432
f 433/476/434 432/474/432 431/473/431
f 434/475/433 432/474/432 433/476/434
f 360/397/361 363/400/364 434/477/433
f 435/478/435 434/475/433 433/476/434
f 436/479/436 434/477/433 435/480/435
f 436/479/436 360/397/361 434/477/433
f 437/481/437 436/479/436 435/480/435
f 438/482/438 436/479/436 437/481/437
f 438/482/438 356/392/356 436/479/436
f 356/392/356 360/397/361 436/479/436
f 440/483/439 354/391/355 438/482/438
f 354/391/355 356/392/356 438/482/438
f 439/484/440 438/482/438 437/481/437
f 440/483/439 438/482/438 439/484/440
f 351/388/352 354/391/355 440/483/439
f 441/485/441 440/483/439 439/484/440
f 442/486/442 440/483/439 441/485/441
f 442/486/442 351/388/352 440/483/439
f 347/383/347 351/388/352 442/486/442
f 444/487/443 347/383/347 442/486/442
f 443/488/444 442/486/442 441/485/441
f 444/487/443 442/486/442 443/488/444
f 445/489/445 444/490/443 443/491/444
f 444/490/443 445/489/445 446/492/446
f 347/383/347 444/487/443 345/382/344
f 444/490/443 446/492/446 345/377/344
f 446/492/446 447/493/447 448/494/448
f 445/489/445 447/493/447 446/492/446
f 345/377/344 446/492/446 341/375/342
f 446/492/446 448/494/448 341/375/342
f 341/375/342 448/494/448 339/373/340
f 448/494/448 450/495/449 339/373/340
f 447/493/447 449/496/450 448/494/448
f 448/494/448 449/496/450 450/495/449
f 450/495/449 451/497/451 452/498/452
f 449/496/450 451/497/451 450/495/449
f 339/373/340 450/495/449 336/368/335
f 450/495/449 452/498/452 336/368/335
f 451/497/451 453/499/453 452/498/452
f 452/498/452 453/499/453 454/500/454
f 336/368/335 452/498/452 332/363/333
f 452/498/452 454/500/454 332/363/333
f 454/500/454 455/501/455 456/502/456
f 453/499/453 455/501/455 454/500/454
f 332/363/333 454/500/454 330/365/329
f 454/500/454 456/502/456 330/365/329
f 455/501/455 457/503/457 456/502/456
f 456/504/456 457/505/457 458/506/458
f 330/359/329 456/504/456 326/357/327
f 456/504/456 458/506/458 326/357/327
f 457/505/457 459/507/459 458/506/458
f 458/506/458 459/507/459 460/508/460
f 326/357/327 458/506/458 323/354/324
f 458/506/458 460/508/460 323/354/324
f 460/508/460 461/509/461 462/510/462
f 459/507/459 461/509/461 460/508/460
f 323/354/324 460/508/460 324/355/325
f 460/508/460 462/510/462 324/355/325
f 461/509/461 463/511/463 462/510/462
f 462/510/462 463/511/463 465/512/464
f 324/355/325 462/510/462 464/513/465
f 462/510/462 465/512/464 464/513/465
f 465/512/464 128/137/128 464/513/465
f 466/514/466 128/137/128 465/512/464
f 463/511/463 466/514/466 465/512/464
f 463/511/463 467/515/467 466/514/466
f 467/515/467 468/516/468 466/514/466
f 468/516/468 128/137/128 466/514/466
f 467/515/467 469/517/469 468/516/468
f 469/517/469 470/518/470 468/516/468
f 470/518/470 128/137/128 468/516/468
f 469/517/469 471/519/471 470/518/470
f 471/519/471 472/520/472 470/518/470
f 472/520/472 128/137/128 470/518/470
f 471/519/471 473/521/473 472/520/472
f 473/521/473 474/522/474 472/520/472
f 474/522/474 128/137/128 472/520/472
f 475/523/475 128/137/128 474/522/474
f 476/524/476 475/523/475 474/522/474
f 473/521/473 476/524/476 474/522/474
f 479/525/477 477/526/478 476/524/476
f 477/526/478 478/527/479 476/524/476
f 476/524/476 478/527/479 475/523/475
f 479/525/477 476/524/476 473/521/473
f 482/528/480 480/529/481 479/525/477
f 480/529/481 477/526/478 479/525/477
f 481/530/482 479/525/477 473/521/473
f 482/528/480 479/525/477 481/530/482
f 484/531/483 480/529/481 482/528/480
f 483/532/484 482/528/480 481/530/482
f 485/533/485 482/528/480 483/532/484
f 485/533/485 484/531/483 482/528/480
f 488/534/486 486/535/487 485/536/485
f 486/535/487 484/537/483 485/536/485
f 487/538/488 485/533/485 483/532/484
f 488/534/486 485/536/485 487/539/488
f 490/540/489 486/535/487 488/534/486
f 489/541/490 488/534/486 487/539/488
f 491/542/491 488/534/486 489/541/490
f 491/542/491 490/540/489 488/534/486
f 492/543/492 491/542/491 489/541/490
f 494/544/493 491/542/491 492/543/492
f 494/544/493 493/545/494 491/542/491
f 493/545/494 490/540/489 491/542/491
f 497/546/495 495/547/496 494/544/493
f 495/547/496 493/545/494 494/544/493
f 496/548/497 494/544/493 492/543/492
f 497/546/495 494/544/493 496/548/497
f 499/549/498 495/547/496 497/546/495
f 498/550/499 497/546/495 496/548/497
f 500/551/500 497/546/495 498/550/499
f 500/551/500 499/549/498 497/546/495
f 501/552/501 499/549/498 500/551/500
f 503/553/502 501/552/501 500/551/500
f 502/554/503 500/551/500 498/550/499
f 503/553/502 500/551/500 502/554/503
f 504/555/504 503/553/502 502/554/503
f 503/553/502 504/555/504 506/556/505
f 501/552/501 503/553/502 505/557/506
f 503/553/502 506/556/505 505/557/506
f 504/555/504 507/558/507 506/556/505
f 506/556/505 507/558/507 509/559/508
f 505/557/506 506/556/505 508/560/509
f 506/556/505 509/559/508 508/560/509
f 508/560/509 509/559/508 510/561/510
f 509/559/508 512/562/511 510/561/510
f 507/558/507 511/563/512 509/559/508
f 509/559/508 511/563/512 512/562/511
f 512/562/511 513/564/513 515/565/514
f 511/563/512 513/564/513 512/562/511
f 510/561/510 512/562/511 514/566/515
f 512/562/511 515/565/514 514/566/515
f 513/564/513 516/567/516 515/565/514
f 515/565/514 516/567/516 518/568/517
f 514/566/515 515/565/514 517/569/518
f 515/565/514 518/568/517 517/569/518
f 518/570/517 519/571/519 521/572/520
f 516/567/516 519/573/519 518/568/517
f 517/574/518 518/570/517 520/575/521
f 518/570/517 521/572/520 520/575/521
f 519/571/519 522/576/522 521/572/520
f 521/572/520 522/576/522 524/577/523
f 520/575/521 521/572/520 523/578/524
f 521/572/520 524/577/523 523/578/524
f 522/576/522 525/579/525 524/577/523
f 524/577/523 525/579/525 527/580/526
f 523/578/524 524/577/523 526/581/527
f 524/577/523 527/580/526 526/581/527
f 527/580/526 528/582/528 530/583/529
f 525/579/525 528/582/528 527/580/526
f 526/581/527 527/580/526 529/584/530
f 527/580/526 530/583/529 529/584/530
f 528/582/528 531/585/531 530/583/529
f 530/583/529 531/585/531 533/586/532
f 529/584/530 530/583/529 532/587/533
f 530/583/529 533/586/532 532/587/533
f 532/587/533 533/586/532 534/588/534
f 533/586/532 536/589/535 534/588/534
f 531/585/531 535/590/536 533/586/532
f 533/586/532 535/590/536 536/589/535
f 536/589/535 537/591/537 539/592/538
f 535/590/536 537/591/537 536/589/535
f 534/588/534 536/589/535 538/593/539
f 536/589/535 539/592/538 538/593/539
f 537/591/537 540/594/540 539/592/538
f 539/592/538 540/594/540 542/595/541
f 538/593/539 539/592/538 541/596/542
f 539/592/538 542/595/541 541/596/542
f 542/595/541 543/597/543 545/598/544
f 540/594/540 543/597/543 542/595/541
f 541/596/542 542/595/541 544/599/545
f 542/595/541 545/598/544 544/599/545
f 543/597/543 546/600/546 545/598/544
f 546/600/546 47/50/47 545/598/544
f 545/598/544 47/50/47 544/599/545
f 547/601/547 47/50/47 546/600/546
f 548/602/548 547/601/547 546/600/546
f 543/597/543 548/602/548 546/600/546
f 551/603/549 549/604/550 548/602/548
f 549/604/550 550/605/551 548/602/548
f 548/602/548 550/605/551 547/601/547
f 551/603/549 548/602/548 543/597/543
f 553/606/552 552/607/553 551/603/549
f 552/607/553 549/604/550 551/603/549
f 540/594/540 551/603/549 543/597/543
f 553/606/552 551/603/549 540/594/540
f 554/608/554 552/607/553 553/606/552
f 537/591/537 553/606/552 540/594/540
f 555/609/555 553/606/552 537/591/537
f 555/609/555 554/608/554 553/606/552
f 557/610/556 556/611/557 555/609/555
f 556/611/557 554/608/554 555/609/555
f 535/590/536 555/609/555 537/591/537
f 557/610/556 555/609/555 535/590/536
f 558/612/558 556/611/557 557/610/556
f 531/585/531 557/610/556 535/590/536
f 559/613/559 557/610/556 531/585/531
f 559/613/559 558/612/558 557/610/556
f 528/582/528 559/613/559 531/585/531
f 561/614/560 559/613/559 528/582/528
f 561/614/560 560/615/561 559/613/559
f 560/615/561 558/612/558 559/613/559
f 563/616/562 562/617/563 561/614/560
f 562/617/563 560/615/561 561/614/560
f 525/579/525 561/614/560 528/582/528
f 563/616/562 561/614/560 525/579/525
f 564/618/564 562/617/563 563/616/562
f 522/576/522 563/616/562 525/579/525
f 565/619/565 563/616/562 522/576/522
f 565/619/565 564/618/564 563/616/562
f 567/620/566 566/621/567 565/622/565
f 566/621/567 564/623/564 565/622/565
f 519/571/519 565/619/565 522/576/522
f 567/620/566 565/622/565 519/624/519
f 569/625/568 568/626/569 567/627/566
f 568/628/569 566/621/567 567/620/566
f 516/567/516 567/627/566 519/573/519
f 569/625/568 567/627/566 516/567/516
f 570/629/570 568/626/569 569/625/568
f 513/564/513 569/625/568 516/567/516
f 571/630/571 569/625/568 513/564/513
f 571/630/571 570/629/570 569/625/568
f 573/631/572 572/632/573 571/630/571
f 572/632/573 570/629/570 571/630/571
f 511/563/512 571/630/571 513/564/513
f 573/631/572 571/630/571 511/563/512
f 574/633/574 572/632/573 573/631/572
f 507/558/507 573/631/572 511/563/512
f 575/634/575 573/631/572 507/558/507
f 575/634/575 574/633/574 573/631/572
f 504/555/504 575/634/575 507/558/507
f 575/634/575 504/555/504 577/635/576
f 574/633/574 575/634/575 576/636/577
f 575/634/575 577/635/576 576/636/577
f 577/635/576 502/554/503 579/637/578
f 504/555/504 502/554/503 577/635/576
f 576/636/577 577/635/576 578/638/579
f 577/635/576 579/637/578 578/638/579
f 502/554/503 498/550/499 579/637/578
f 579/637/578 498/550/499 581/639/580
f 578/638/579 579/637/578 580/640/581
f 579/637/578 581/639/580 580/640/581
f 498/550/499 496/548/497 581/639/580
f 581/639/580 496/548/497 583/641/582
f 580/640/581 581/639/580 582/642/583
f 581/639/580 583/641/582 582/642/583
f 583/641/582 492/543/492 585/643/584
f 496/548/497 492/543/492 583/641/582
f 582/642/583 583/641/582 584/644/585
f 583/641/582 585/643/584 584/644/585
f 492/543/492 489/541/490 585/643/584
f 585/643/584 489/541/490 587/645/586
f 584/644/585 585/643/584 586/646/587
f 585/643/584 587/645/586 586/646/587
f 586/647/587 587/648/586 588/649/588
f 587/648/586 589/650/589 588/649/588
f 489/541/490 487/539/488 587/645/586
f 587/648/586 487/538/488 589/650/589
f 589/650/589 483/532/484 591/651/590
f 487/538/488 483/532/484 589/650/589
f 588/649/588 589/650/589 590/652/591
f 589/650/589 591/651/590 590/652/591
f 483/532/484 481/530/482 591/651/590
f 591/651/590 481/530/482 471/519/471
f 590/652/591 591/651/590 469/517/469
f 591/651/590 471/519/471 469/517/469
f 592/653/592 590/652/591 467/515/467
f 588/649/588 590/652/591 592/653/592
f 590/652/591 469/517/469 467/515/467
f 461/509/461 592/653/592 463/511/463
f 593/654/593 592/653/592 461/509/461
f 592/653/592 467/515/467 463/511/463
f 593/654/593 588/649/588 592/653/592
f 594/655/594 586/647/587 593/654/593
f 586/647/587 588/649/588 593/654/593
f 459/507/459 593/654/593 461/509/461
f 594/655/594 593/654/593 459/507/459
f 584/644/585 586/646/587 594/656/594
f 457/505/457 594/655/594 459/507/459
f 595/657/595 594/656/594 457/503/457
f 595/657/595 584/644/585 594/656/594
f 596/658/596 582/642/583 595/657/595
f 582/642/583 584/644/585 595/657/595
f 455/501/455 595/657/595 457/503/457
f 596/658/596 595/657/595 455/501/455
f 597/659/597 580/640/581 596/658/596
f 580/640/581 582/642/583 596/658/596
f 453/499/453 596/658/596 455/501/455
f 597/659/597 596/658/596 453/499/453
f 578/638/579 580/640/581 597/659/597
f 451/497/451 597/659/597 453/499/453
f 598/660/598 597/659/597 451/497/451
f 598/660/598 578/638/579 597/659/597
f 599/661/599 576/636/577 598/660/598
f 576/636/577 578/638/579 598/660/598
f 449/496/450 598/660/598 451/497/451
f 599/661/599 598/660/598 449/496/450
f 574/633/574 576/636/577 599/661/599
f 600/662/600 574/633/574 599/661/599
f 447/493/447 599/661/599 449/496/450
f 600/662/600 599/661/599 447/493/447
f 445/489/445 600/662/600 447/493/447
f 600/662/600 445/489/445 601/663/601
f 574/633/574 600/662/600 572/632/573
f 600/662/600 601/663/601 572/632/573
f 601/663/601 443/491/444 602/664/602
f 445/489/445 443/491/444 601/663/601
f 572/632/573 601/663/601 570/629/570
f 601/663/601 602/664/602 570/629/570
f 443/488/444 441/485/441 602/665/602
f 602/665/602 441/485/441 603/666/603
f 570/629/570 602/664/602 568/626/569
f 602/665/602 603/666/603 568/628/569
f 441/485/441 439/484/440 603/666/603
f 603/666/603 439/484/440 604/667/604
f 568/628/569 603/666/603 566/621/567
f 603/666/603 604/667/604 566/621/567
f 604/667/604 437/481/437 605/668/605
f 439/484/440 437/481/437 604/667/604
f 566/621/567 604/667/604 564/623/564
f 604/667/604 605/668/605 564/623/564
f 437/481/437 435/480/435 605/668/605
f 605/669/605 435/478/435 606/670/606
f 564/618/564 605/669/605 562/617/563
f 605/669/605 606/670/606 562/617/563
f 562/617/563 606/670/606 560/615/561
f 606/670/606 607/671/607 560/615/561
f 435/478/435 433/476/434 606/670/606
f 606/670/606 433/476/434 607/671/607
f 607/671/607 431/473/431 608/672/608
f 433/476/434 431/473/431 607/671/607
f 560/615/561 607/671/607 558/612/558
f 607/671/607 608/672/608 558/612/558
f 431/473/431 429/472/430 608/672/608
f 608/672/608 429/472/430 609/673/609
f 558/612/558 608/672/608 556/611/557
f 608/672/608 609/673/609 556/611/557
f 609/673/609 427/470/428 610/674/610
f 429/472/430 427/470/428 609/673/609
f 556/611/557 609/673/609 554/608/554
f 609/673/609 610/674/610 554/608/554
f 427/470/428 425/467/425 610/674/610
f 610/674/610 425/467/425 611/675/611
f 554/608/554 610/674/610 552/607/553
f 610/674/610 611/675/611 552/607/553
f 425/467/425 423/465/423 611/675/611
f 611/675/611 423/465/423 612/676/612
f 552/607/553 611/675/611 549/604/550
f 611/675/611 612/676/612 549/604/550
f 612/676/612 421/464/422 613/677/613
f 423/465/423 421/464/422 612/676/612
f 549/604/550 612/676/612 550/605/551
f 612/676/612 613/677/613 550/605/551
f 613/677/613 419/462/420 615/678/614
f 421/464/422 419/462/420 613/677/613
f 550/605/551 613/677/613 614/679/615
f 613/677/613 615/678/614 614/679/615
f 419/462/420 417/459/417 615/678/614
f 417/459/417 47/50/47 615/678/614
f 615/678/614 47/50/47 614/679/615
f 614/679/615 47/50/47 547/601/547
f 550/605/551 614/679/615 547/601/547
f 544/599/545 47/50/47 616/680/616
f 541/596/542 544/599/545 616/680/616
f 618/681/617 541/596/542 616/680/616
f 616/680/616 47/50/47 617/682/618
f 618/681/617 616/680/616 617/682/618
f 538/593/539 541/596/542 618/681/617
f 619/683/619 618/681/617 617/682/618
f 620/684/620 618/681/617 619/683/619
f 620/684/620 538/593/539 618/681/617
f 621/685/621 620/684/620 619/683/619
f 622/686/622 620/684/620 621/685/621
f 622/686/622 534/588/534 620/684/620
f 534/588/534 538/593/539 620/684/620
f 624/687/623 532/587/533 622/686/622
f 532/587/533 534/588/534 622/686/622
f 623/688/624 622/686/622 621/685/621
f 624/687/623 622/686/622 623/688/624
f 529/584/530 532/587/533 624/687/623
f 625/689/625 624/687/623 623/688/624
f 626/690/626 624/687/623 625/689/625
f 626/690/626 529/584/530 624/687/623
f 628/691/627 526/581/527 626/690/626
f 526/581/527 529/584/530 626/690/626
f 627/692/628 626/690/626 625/689/625
f 628/691/627 626/690/626 627/692/628
f 630/693/629 523/578/524 628/691/627
f 523/578/524 526/581/527 628/691/627
f 629/694/630 628/691/627 627/692/628
f 630/693/629 628/691/627 629/694/630
f 520/575/521 523/578/524 630/693/629
f 631/695/631 630/693/629 629/694/630
f 632/696/632 630/693/629 631/695/631
f 632/696/632 520/575/521 630/693/629
f 634/697/633 517/574/518 632/696/632
f 517/574/518 520/575/521 632/696/632
f 633/698/634 632/696/632 631/695/631
f 634/697/633 632/696/632 633/698/634
f 514/566/515 517/569/518 634/699/633
f 635/700/635 634/697/633 633/698/634
f 636/701/636 634/699/633 635/702/635
f 636/701/636 514/566/515 634/699/633
f 637/703/637 636/701/636 635/702/635
f 638/704/638 636/701/636 637/703/637
f 638/704/638 510/561/510 636/701/636
f 510/561/510 514/566/515 636/701/636
f 640/705/639 508/560/509 638/704/638
f 508/560/509 510/561/510 638/704/638
f 639/706/640 638/704/638 637/703/637
f 640/705/639 638/704/638 639/706/640
f 505/557/506 508/560/509 640/705/639
f 641/707/641 640/705/639 639/706/640
f 642/708/642 640/705/639 641/707/641
f 642/708/642 505/557/506 640/705/639
f 501/552/501 505/557/506 642/708/642
f 644/709/643 501/552/501 642/708/642
f 643/710/644 642/708/642 641/707/641
f 644/709/643 642/708/642 643/710/644
f 645/711/645 644/709/643 643/710/644
f 644/709/643 645/711/645 646/712/646
f 501/552/501 644/709/643 499/549/498
f 644/709/643 646/712/646 499/549/498
f 646/712/646 647/713/647 648/714/648
f 645/711/645 647/713/647 646/712/646
f 499/549/498 646/712/646 495/547/496
f 646/712/646 648/714/648 495/547/496
f 495/547/496 648/714/648 493/545/494
f 648/714/648 650/715/649 493/545/494
f 647/713/647 649/716/650 648/714/648
f 648/714/648 649/716/650 650/715/649
f 650/715/649 651/717/651 652/718/652
f 649/716/650 651/717/651 650/715/649
f 493/545/494 650/715/649 490/540/489
f 650/715/649 652/718/652 490/540/489
f 651/717/651 653/719/653 652/718/652
f 652/718/652 653/719/653 654/720/654
f 490/540/489 652/718/652 486/535/487
f 652/718/652 654/720/654 486/535/487
f 654/720/654 655/721/655 656/722/656
f 653/719/653 655/721/655 654/720/654
f 486/535/487 654/720/654 484/537/483
f 654/720/654 656/722/656 484/537/483
f 655/721/655 657/723/657 656/722/656
f 656/724/656 657/725/657 658/726/658
f 484/531/483 656/724/656 480/529/481
f 656/724/656 658/726/658 480/529/481
f 657/725/657 659/727/659 658/726/658
f 658/726/658 659/727/659 660/728/660
f 480/529/481 658/726/658 477/526/478
f 658/726/658 660/728/660 477/526/478
f 660/728/660 661/729/661 662/730/662
f 659/727/659 661/729/661 660/728/660
f 477/526/478 660/728/660 478/527/479
f 660/728/660 662/730/662 478/527/479
f 661/729/661 663/731/663 662/730/662
f 662/730/662 663/731/663 665/732/664
f 478/527/479 662/730/662 664/733/665
f 662/730/662 665/732/664 664/733/665
f 665/732/664 128/137/128 664/733/665
f 666/734/666 128/137/128 665/732/664
f 663/731/663 666/734/666 665/732/664
f 663/731/663 667/735/667 666/734/666
f 667/735/667 668/736/668 666/734/666
f 668/736/668 128/137/128 666/734/666
f 667/735/667 669/737/669 668/736/668
f 669/737/669 670/738/670 668/736/668
f 670/738/670 128/137/128 668/736/668
f 669/737/669 671/739/671 670/738/670
f 671/739/671 672/740/672 670/738/670
f 672/740/672 128/137/128 670/738/670
f 671/739/671 673/741/673 672/740/672
f 673/741/673 674/742/674 672/740/672
f 674/742/674 128/137/128 672/740/672
f 675/743/675 128/137/128 674/742/674
f 676/744/676 675/743/675 674/742/674
f 673/741/673 676/744/676 674/742/674
f 679/745/677 677/746/678 676/744/676
f 677/746/678 678/747/679 676/744/676
f 676/744/676 678/747/679 675/743/675
f 679/745/677 676/744/676 673/741/673
f 682/748/680 680/749/681 679/745/677
f 680/749/681 677/746/678 679/745/677
f 681/750/682 679/745/677 673/741/673
f 682/748/680 679/745/677 681/750/682
f 684/751/683 680/749/681 682/748/680
f 683/752/684 682/748/680 681/750/682
f 685/753/685 682/748/680 683/752/684
f 685/753/685 684/751/683 682/748/680
f 688/754/686 686/755/687 685/756/685
f 686/755/687 684/757/683 685/756/685
f 687/758/688 685/753/685 683/752/684
f 688/754/686 685/756/685 687/759/688
f 690/760/689 686/755/687 688/754/686
f 689/761/690 688/754/686 687/759/688
f 691/762/691 688/754/686 689/761/690
f 691/762/691 690/760/689 688/754/686
f 692/763/692 691/762/691 689/761/690
f 694/764/693 691/762/691 692/763/692
f 694/764/693 693/765/694 691/762/691
f 693/765/694 690/760/689 691/762/691
f 697/766/695 695/767/696 694/764/693
f 695/767/696 693/765/694 694/764/693
f 696/768/697 694/764/693 692/763/692
f 697/766/695 694/764/693 696/768/697
f 699/769/698 695/767/696 697/766/695
f 698/770/699 697/766/695 696/768/697
f 700/771/700 697/766/695 698/770/699
f 700/771/700 699/769/698 697/766/695
f 701/772/701 699/769/698 700/771/700
f 703/773/702 701/772/701 700/771/700
f 702/774/703 700/771/700 698/770/699
f 703/773/702 700/771/700 702/774/703
f 704/775/704 703/773/702 702/774/703
f 703/773/702 704/775/704 706/776/705
f 701/772/701 703/773/702 705/777/706
f 703/773/702 706/776/705 705/777/706
f 704/775/704 707/778/707 706/776/705
f 706/776/705 707/778/707 709/779/708
f 705/777/706 706/776/705 708/780/709
f 706/776/705 709/779/708 708/780/709
f 708/780/709 709/779/708 710/781/710
f 709/779/708 712/782/711 710/781/710
f 707/778/707 711/783/712 709/779/708
f 709/779/708 711/783/712 712/782/711
f 712/782/711 713/784/713 715/785/714
f 711/783/712 713/784/713 712/782/711
f 710/781/710 712/782/711 714/786/715
f 712/782/711 715/785/714 714/786/715
f 713/784/713 716/787/716 715/785/714
f 715/785/714 716/787/716 718/788/717
f 714/786/715 715/785/714 717/789/718
f 715/785/714 718/788/717 717/789/718
f 718/790/717 719/791/719 721/792/720
f 716/787/716 719/793/719 718/788/717
f 717/794/718 718/790/717 720/795/721
f 718/790/717 721/792/720 720/795/721
f 719/791/719 722/796/722 721/792/720
f 721/792/720 722/796/722 724/797/723
f 720/795/721 721/792/720 723/798/724
f 721/792/720 724/797/723 723/798/724
f 722/796/722 725/799/725 724/797/723
f 724/797/723 725/799/725 727/800/726
f 723/798/724 724/797/723 726/801/727
f 724/797/723 727/800/726 726/801/727
f 727/800/726 728/802/728 730/803/729
f 725/799/725 728/802/728 727/800/726
f 726/801/727 727/800/726 729/804/730
f 727/800/726 730/803/729 729/804/730
f 728/802/728 731/805/731 730/803/729
f 730/803/729 731/805/731 733/806/732
f 729/804/730 730/803/729 732/807/733
f 730/803/729 733/806/732 732/807/733
f 732/807/733 733/806/732 734/808/734
f 733/806/732 736/809/735 734/808/734
f 731/805/731 735/810/736 733/806/732
f 733/806/732 735/810/736 736/809/735
f 736/809/735 737/811/737 739/812/738
f 735/810/736 737/811/737 736/809/735
f 734/808/734 736/809/735 738/813/739
f 736/809/735 739/812/738 738/813/739
f 737/811/737 740/814/740 739/812/738
f 739/812/738 740/814/740 742/815/741
f 738/813/739 739/812/738 741/816/742
f 739/812/738 742/815/741 741/816/742
f 742/815/741 743/817/743 745/818/744
f 740/814/740 743/817/743 742/815/741
f 741/816/742 742/815/741 744/819/745
f 742/815/741 745/818/744 744/819/745
f 743/817/743 746/820/746 745/818/744
f 746/820/746 47/50/47 745/818/744
f 745/818/744 47/50/47 744/819/745
f 747/821/747 47/50/47 746/820/746
f 748/822/748 747/821/747 746/820/746
f 743/817/743 748/822/748 746/820/746
f 751/823/749 749/824/750 748/822/748
f 749/824/750 750/825/751 748/822/748
f 748/822/748 750/825/751 747/821/747
f 751/823/749 748/822/748 743/817/743
f 753/826/752 752/827/753 751/823/749
f 752/827/753 749/824/750 751/823/749
f 740/814/740 751/823/749 743/817/743
f 753/826/752 751/823/749 740/814/740
f 754/828/754 752/827/753 753/826/752
f 737/811/737 753/826/752 740/814/740
f 755/829/755 753/826/752 737/811/737
f 755/829/755 754/828/754 753/826/752
f 757/830/756 756/831/757 755/829/755
f 756/831/757 754/828/754 755/829/755
f 735/810/736 755/829/755 737/811/737
f 757/830/756 755/829/755 735/810/736
f 758/832/758 756/831/757 757/830/756
f 731/805/731 757/830/756 735/810/736
f 759/833/759 757/830/756 731/805/731
f 759/833/759 758/832/758 757/830/756
f 728/802/728 759/833/759 731/805/731
f 761/834/760 759/833/759 728/802/728
f 761/834/760 760/835/761 759/833/759
f 760/835/761 758/832/758 759/833/759
f 763/836/762 762/837/763 761/834/760
f 762/837/763 760/835/761 761/834/760
f 725/799/725 761/834/760 728/802/728
f 763/836/762 761/834/760 725/799/725
f 764/838/764 762/837/763 763/836/762
f 722/796/722 763/836/762 725/799/725
f 765/839/765 763/836/762 722/796/722
f 765/839/765 764/838/764 763/836/762
f 767/840/766 766/841/767 765/842/765
f 766/841/767 764/843/764 765/842/765
f 719/791/719 765/839/765 722/796/722
f 767/840/766 765/842/765 719/793/719
f 769/844/768 768/845/769 767/840/766
f 768/845/769 766/841/767 767/840/766
f 716/787/716 767/840/766 719/793/719
f 769/844/768 767/840/766 716/787/716
f 770/846/770 768/845/769 769/844/768
f 713/784/713 769/844/768 716/787/716
f 771/847/771 769/844/768 713/784/713
f 771/847/771 770/846/770 769/844/768
f 773/848/772 772/849/773 771/847/771
f 772/849/773 770/846/770 771/847/771
f 711/783/712 771/847/771 713/784/713
f 773/848/772 771/847/771 711/783/712
f 774/850/774 772/849/773 773/848/772
f 707/778/707 773/848/772 711/783/712
f 775/851/775 773/848/772 707/778/707
f 775/851/775 774/850/774 773/848/772
f 704/775/704 775/851/775 707/778/707
f 775/851/775 704/775/704 777/852/776
f 774/850/774 775/851/775 776/853/777
f 775/851/775 777/852/776 776/853/777
f 777/852/776 702/774/703 779/854/778
f 704/775/704 702/774/703 777/852/776
f 776/853/777 777/852/776 778/855/779
f 777/852/776 779/854/778 778/855/779
f 702/774/703 698/770/699 779/854/778
f 779/854/778 698/770/699 781/856/780
f 778/855/779 779/854/778 780/857/781
f 779/854/778 781/856/780 780/857/781
f 698/770/699 696/768/697 781/856/780
f 781/856/780 696/768/697 783/858/782
f 780/857/781 781/856/780 782/859/783
f 781/856/780 783/858/782 782/859/783
f 783/858/782 692/763/692 785/860/784
f 696/768/697 692/763/692 783/858/782
f 782/859/783 783/858/782 784/861/785
f 783/858/782 785/860/784 784/861/785
f 692/763/692 689/761/690 785/860/784
f 785/860/784 689/761/690 787/862/786
f 784/861/785 785/860/784 786/863/787
f 785/860/784 787/862/786 786/863/787
f 786/864/787 787/865/786 788/866/788
f 787/865/786 789/867/789 788/866/788
f 689/761/690 687/759/688 787/862/786
f 787/865/786 687/758/688 789/867/789
f 789/867/789 683/752/684 791/868/790
f 687/758/688 683/752/684 789/867/789
f 788/866/788 789/867/789 790/869/791
f 789/867/789 791/868/790 790/869/791
f 683/752/684 681/750/682 791/868/790
f 791/868/790 681/750/682 671/739/671
f 790/869/791 791/868/790 669/737/669
f 791/868/790 671/739/671 669/737/669
f 792/870/792 790/869/791 667/735/667
f 788/866/788 790/869/791 792/870/792
f 790/869/791 669/737/669 667/735/667
f 661/729/661 792/870/792 663/731/663
f 793/871/793 792/870/792 661/729/661
f 792/870/792 667/735/667 663/731/663
f 793/871/793 788/866/788 792/870/792
f 794/872/794 786/864/787 793/871/793
f 786/864/787 788/866/788 793/871/793
f 659/727/659 793/871/793 661/729/661
f 794/872/794 793/871/793 659/727/659
f 784/861/785 786/863/787 794/873/794
f 657/725/657 794/872/794 659/727/659
f 795/874/795 794/873/794 657/723/657
f 795/874/795 784/861/785 794/873/794
f 796/875/796 782/859/783 795/874/795
f 782/859/783 784/861/785 795/874/795
f 655/721/655 795/874/795 657/723/657
f 796/875/796 795/874/795 655/721/655
f 797/876/797 780/857/781 796/875/796
f 780/857/781 782/859/783 796/875/796
f 653/719/653 796/875/796 655/721/655
f 797/876/797 796/875/796 653/719/653
f 778/855/779 780/857/781 797/876/797
f 651/717/651 797/876/797 653/719/653
f 798/877/798 797/876/797 651/717/651
f 798/877/798 778/855/779 797/876/797
f 799/878/799 776/853/777 798/877/798
f 776/853/777 778/855/779 798/877/798
f 649/716/650 798/877/798 651/717/651
f 799/878/799 798/877/798 649/716/650
f 774/850/774 776/853/777 799/878/799
f 800/879/800 774/850/774 799/878/799
f 647/713/647 799/878/799 649/716/650
f 800/879/800 799/878/799 647/713/647
f 645/711/645 800/879/800 647/713/647
f 800/879/800 645/711/645 801/880/801
f 774/850/774 800/879/800 772/849/773
f 800/879/800 801/880/801 772/849/773
f 801/880/801 643/710/644 802/881/802
f 645/711/645 643/710/644 801/880/801
f 772/849/773 801/880/801 770/846/770
f 801/880/801 802/881/802 770/846/770
f 643/710/644 641/707/641 802/881/802
f 802/881/802 641/707/641 803/882/803
f 770/846/770 802/881/802 768/845/769
f 802/881/802 803/882/803 768/845/769
f 641/707/641 639/706/640 803/882/803
f 803/882/803 639/706/640 804/883/804
f 768/845/769 803/882/803 766/841/767
f 803/882/803 804/883/804 766/841/767
f 804/883/804 637/703/637 805/884/805
f 639/706/640 637/703/637 804/883/804
f 766/841/767 804/883/804 764/843/764
f 804/883/804 805/884/805 764/843/764
f 637/703/637 635/702/635 805/884/805
f 805/885/805 635/700/635 806/886/806
f 764/838/764 805/885/805 762/837/763
f 805/885/805 806/886/806 762/837/763
f 762/837/763 806/886/806 760/835/761
f 806/886/806 807/887/807 760/835/761
f 635/700/635 633/698/634 806/886/806
f 806/886/806 633/698/634 807/887/807
f 807/887/807 631/695/631 808/888/808
f 633/698/634 631/695/631 807/887/807
f 760/835/761 807/887/807 758/832/758
f 807/887/807 808/888/808 758/832/758
f 631/695/631 629/694/630 808/888/808
f 808/888/808 629/694/630 809/889/809
f 758/832/758 808/888/808 756/831/757
f 808/888/808 809/889/809 756/831/757
f 809/889/809 627/692/628 810/890/810
f 629/694/630 627/692/628 809/889/809
f 756/831/757 809/889/809 754/828/754
f 809/889/809 810/890/810 754/828/754
f 627/692/628 625/689/625 810/890/810
f 810/890/810 625/689/625 811/891/811
f 754/828/754 810/890/810 752/827/753
f 810/890/810 811/891/811 752/827/753
f 625/689/625 623/688/624 811/891/811
f 811/891/811 623/688/624 812/892/812
f 752/827/753 811/891/811 749/824/750
f 811/891/811 812/892/812 749/824/750
f 812/892/812 621/685/621 813/893/813
f 623/688/624 621/685/621 812/892/812
f 749/824/750 812/892/812 750/825/751
f 812/892/812 813/893/813 750/825/751
f 621/685/621 619/683/619 813/893/813
f 813/893/813 619/683/619 815/894/814
f 750/825/751 813/893/813 814/895/815
f 813/893/813 815/894/814 814/895/815
f 815/894/814 47/50/47 814/895/815
f 617/682/618 47/50/47 815/894/814
f 619/683/619 617/682/618 815/894/814
f 814/895/815 47/50/47 747/821/747
f 750/825/751 814/895/815 747/821/747
f 744/819/745 47/50/47 816/896/816
f 741/816/742 744/819/745 816/896/816
f 818/897/817 741/816/742 816/896/816
f 816/896/816 47/50/47 817/898/818
f 818/897/817 816/896/816 817/898/818
f 738/813/739 741/816/742 818/897/817
f 819/899/819 818/897/817 817/898/818
f 820/900/820 818/897/817 819/899/819
f 820/900/820 738/813/739 818/897/817
f 821/901/821 820/900/820 819/899/819
f 822/902/822 820/900/820 821/901/821
f 822/902/822 734/808/734 820/900/820
f 734/808/734 738/813/739 820/900/820
f 824/903/823 732/807/733 822/902/822
f 732/807/733 734/808/734 822/902/822
f 823/904/824 822/902/822 821/901/821
f 824/903/823 822/902/822 823/904/824
f 729/804/730 732/807/733 824/903/823
f 825/905/825 824/903/823 823/904/824
f 826/906/826 824/903/823 825/905/825
f 826/906/826 729/804/730 824/903/823
f 828/907/827 726/801/727 826/906/826
f 726/801/727 729/804/730 826/906/826
f 827/908/828 826/906/826 825/905/825
f 828/907/827 826/906/826 827/908/828
f 830/909/829 723/798/724 828/907/827
f 723/798/724 726/801/727 828/907/827
f 829/910/830 828/907/827 827/908/828
f 830/909/829 828/907/827 829/910/830
f 720/795/721 723/798/724 830/909/829
f 831/911/831 830/909/829 829/910/830
f 832/912/832 830/909/829 831/911/831
f 832/912/832 720/795/721 830/909/829
f 834/913/833 717/794/718 832/912/832
f 717/794/718 720/795/721 832/912/832
f 833/914/834 832/912/832 831/911/831
f 834/913/833 832/912/832 833/914/834
f 714/786/715 717/789/718 834/915/833
f 835/916/835 834/913/833 833/914/834
f 836/917/836 834/915/833 835/918/835
f 836/917/836 714/786/715 834/915/833
f 837/919/837 836/917/836 835/918/835
f 838/920/838 836/917/836 837/919/837
f 838/920/838 710/781/710 836/917/836
f 710/781/710 714/786/715 836/917/836
f 840/921/839 708/780/709 838/920/838
f 708/780/709 710/781/710 838/920/838
f 839/922/840 838/920/838 837/919/837
f 840/921/839 838/920/838 839/922/840
f 705/777/706 708/780/709 840/921/839
f 841/923/841 840/921/839 839/922/840
f 842/924/842 840/921/839 841/923/841
f 842/924/842 705/777/706 840/921/839
f 701/772/701 705/777/706 842/924/842
f 844/925/843 701/772/701 842/924/842
f 843/926/844 842/924/842 841/923/841
f 844/925/843 842/924/842 843/926/844
f 845/927/845 844/925/843 843/926/844
f 844/925/843 845/927/845 846/928/846
f 701/772/701 844/925/843 699/769/698
f 844/925/843 846/928/846 699/769/698
f 846/928/846 847/929/847 848/930/848
f 845/927/845 847/929/847 846/928/846
f 699/769/698 846/928/846 695/767/696
f 846/928/846 848/930/848 695/767/696
f 695/767/696 848/930/848 693/765/694
f 848/930/848 850/931/849 693/765/694
f 847/929/847 849/932/850 848/930/848
f 848/930/848 849/932/850 850/931/849
f 850/931/849 851/933/851 852/934/852
f 849/932/850 851/933/851 850/931/849
f 693/765/694 850/931/849 690/760/689
f 850/931/849 852/934/852 690/760/689
f 851/933/851 853/935/853 852/934/852
f 852/934/852 853/935/853 854/936/854
f 690/760/689 852/934/852 686/755/687
f 852/934/852 854/936/854 686/755/687
f 854/936/854 855/937/855 856/938/856
f 853/935/853 855/937/855 854/936/854
f 686/755/687 854/936/854 684/757/683
f 854/936/854 856/938/856 684/757/683
f 855/937/855 857/939/857 856/938/856
f 856/940/856 857/941/857 858/942/858
f 684/751/683 856/940/856 680/749/681
f 856/940/856 858/942/858 680/749/681
f 857/941/857 859/943/859 858/942/858
f 858/942/858 859/943/859 860/944/860
f 680/749/681 858/942/858 677/746/678
f 858/942/858 860/944/860 677/746/678
f 860/944/860 861/945/861 862/946/862
f 859/943/859 861/945/861 860/944/860
f 677/746/678 860/944/860 678/747/679
f 860/944/860 862/946/862 678/747/679
f 861/945/861 863/947/863 862/946/862
f 862/946/862 863/947/863 865/948/864
f 678/747/679 862/946/862 864/949/865
f 862/946/862 865/948/864 864/949/865
f 865/948/864 128/137/128 864/949/865
f 866/950/866 128/137/128 865/948/864
f 863/947/863 866/950/866 865/948/864
f 863/947/863 867/951/867 866/950/866
f 867/951/867 868/952/868 866/950/866
f 868/952/868 128/137/128 866/950/866
f 126/136/127 128/137/128 868/952/868
f 123/133/124 126/136/127 868/952/868
f 867/951/867 123/133/124 868/952/868
f 119/128/119 123/133/124 867/951/867
f 869/953/869 867/951/867 863/947/863
f 869/953/869 119/128/119 867/951/867
f 861/945/861 869/953/869 863/947/863
f 870/954/870 869/953/869 861/945/861
f 870/954/870 116/124/116 869/953/869
f 116/124/116 119/128/119 869/953/869
f 871/955/871 114/122/115 870/954/870
f 114/122/115 116/124/116 870/954/870
f 859/943/859 870/954/870 861/945/861
f 871/955/871 870/954/870 859/943/859
f 111/118/112 114/121/115 871/956/871
f 857/941/857 871/955/871 859/943/859
f 872/957/872 871/956/871 857/939/857
f 872/957/872 111/118/112 871/956/871
f 873/958/873 108/115/109 872/957/872
f 108/115/109 111/118/112 872/957/872
f 855/937/855 872/957/872 857/939/857
f 873/958/873 872/957/872 855/937/855
f 874/959/874 105/112/106 873/958/873
f 105/112/106 108/115/109 873/958/873
f 853/935/853 873/958/873 855/937/855
f 874/959/874 873/958/873 853/935/853
f 102/109/103 105/112/106 874/959/874
f 851/933/851 874/959/874 853/935/853
f 875/960/875 874/959/874 851/933/851
f 875/960/875 102/109/103 874/959/874
f 876/961/876 99/106/100 875/960/875
f 99/106/100 102/109/103 875/960/875
f 849/932/850 875/960/875 851/933/851
f 876/961/876 875/960/875 849/932/850
f 96/101/95 99/106/100 876/961/876
f 877/962/877 96/101/95 876/961/876
f 847/929/847 876/961/876 849/932/850
f 877/962/877 876/961/876 847/929/847
f 845/927/845 877/962/877 847/929/847
f 877/962/877 845/927/845 878/963/878
f 96/101/95 877/962/877 92/99/93
f 877/962/877 878/963/878 92/99/93
f 878/963/878 843/926/844 879/964/879
f 845/927/845 843/926/844 878/963/878
f 92/99/93 878/963/878 90/95/89
f 878/963/878 879/964/879 90/95/89
f 843/926/844 841/923/841 879/964/879
f 879/964/879 841/923/841 880/965/880
f 90/95/89 879/964/879 86/93/87
f 879/964/879 880/965/880 86/93/87
f 841/923/841 839/922/840 880/965/880
f 880/965/880 839/922/840 881/966/881
f 86/93/87 880/965/880 83/87/84
f 880/965/880 881/966/881 83/87/84
f 881/966/881 837/919/837 882/967/882
f 839/922/840 837/919/837 881/966/881
f 83/87/84 881/966/881 81/89/80
f 881/966/881 882/967/882 81/89/80
f 837/919/837 835/918/835 882/967/882
f 882/968/882 835/916/835 883/969/883
f 81/83/80 882/968/882 77/81/78
f 882/968/882 883/969/883 77/81/78
f 77/81/78 883/969/883 75/79/76
f 883/969/883 884/970/884 75/79/76
f 835/916/835 833/914/834 883/969/883
f 883/969/883 833/914/834 884/970/884
f 884/970/884 831/911/831 885/971/885
f 833/914/834 831/911/831 884/970/884
f 75/79/76 884/970/884 72/74/71
f 884/970/884 885/971/885 72/74/71
f 831/911/831 829/910/830 885/971/885
f 885/971/885 829/910/830 886/972/886
f 72/74/71 885/971/885 68/72/69
f 885/971/885 886/972/886 68/72/69
f 886/972/886 827/908/828 887/973/887
f 829/910/830 827/908/828 886/972/886
f 68/72/69 886/972/886 66/68/65
f 886/972/886 887/973/887 66/68/65
f 827/908/828 825/905/825 887/973/887
f 887/973/887 825/905/825 888/974/888
f 66/68/65 887/973/887 62/66/63
f 887/973/887 888/974/888 62/66/63
f 825/905/825 823/904/824 888/974/888
f 888/974/888 823/904/824 889/975/889
f 62/66/63 888/974/888 59/63/60
f 888/974/888 889/975/889 59/63/60
f 889/975/889 821/901/821 890/976/890
f 823/904/824 821/901/821 889/975/889
f 59/63/60 889/975/889 60/64/61
f 889/975/889 890/976/890 60/64/61
f 821/901/821 819/899/819 890/976/890
f 890/976/890 819/899/819 892/977/891
f 60/64/61 890/976/890 891/978/892
f 890/976/890 892/977/891 891/978/892
f 892/977/891 47/50/47 891/978/892
f 817/898/818 47/50/47 892/977/891
f 819/899/819 817/898/818 892/977/891
f 891/978/892 47/50/47 57/60/57
f 60/64/61 891/978/892 57/60/57
f 864/949/865 128/137/128 675/743/675
f 678/747/679 864/949/865 675/743/675
f 681/750/682 673/741/673 671/739/671
f 664/733/665 128/137/128 475/523/475
f 478/527/479 664/733/665 475/523/475
f 481/530/482 473/521/473 471/519/471
f 464/513/465 128/137/128 321/351/321
f 324/355/325 464/513/465 321/351/321
f 327/358/328 319/349/319 317/347/317
f 314/345/315 128/137/128 893/979/893
f 310/340/310 314/345/315 893/979/893
f 893/979/893 128/137/128 894/980/894
f 895/981/895 893/979/893 894/980/894
f 895/981/895 310/340/310 893/979/893
f 896/982/896 308/339/309 895/981/895
f 308/339/309 310/340/310 895/981/895
f 141/151/142 895/981/895 894/980/894
f 896/982/896 895/981/895 141/151/142
f 305/336/306 308/339/309 896/982/896
f 140/150/141 896/982/896 141/151/142
f 897/983/897 896/982/896 140/150/141
f 897/983/897 305/336/306 896/982/896
f 898/984/898 302/335/303 897/983/897
f 302/335/303 305/336/306 897/983/897
f 143/153/144 897/983/897 140/150/141
f 898/984/898 897/983/897 143/153/144
f 899/985/899 299/325/300 898/986/898
f 299/325/300 302/328/303 898/986/898
f 147/160/146 898/984/898 143/153/144
f 899/985/899 898/986/898 147/164/146
f 296/322/297 299/325/300 899/985/899
f 149/162/150 899/985/899 147/164/146
f 900/987/900 899/985/899 149/162/150
f 900/987/900 296/322/297 899/985/899
f 901/988/901 293/319/294 900/987/900
f 293/319/294 296/322/297 900/987/900
f 153/167/152 900/987/900 149/162/150
f 901/988/901 900/987/900 153/167/152
f 290/316/291 293/319/294 901/988/901
f 156/172/157 901/988/901 153/167/152
f 902/989/902 901/988/901 156/172/157
f 902/989/902 290/316/291 901/988/901
f 158/174/159 902/989/902 156/172/157
f 226/247/226 902/989/902 158/174/159
f 226/247/226 286/311/286 902/989/902
f 286/311/286 290/316/291 902/989/902
f 894/980/894 128/137/128 138/147/138
f 141/151/142 894/980/894 138/147/138
f 228/249/228 286/311/286 226/247/226
f 144/154/145 136/145/136 134/143/134
f 63/67/64 55/58/55 53/56/53
